v 49.84694 7.43119 1974.38073
v 49.25915 11.09831 1971.40682
v 52.71625 7.86981 1977.88191
v 75.49443 -7.86157 1954.77009
v 42.50871 8.16672 1978.45435
v 40.91585 14.77726 1973.52254
v 46.85838 9.66195 1984.60472
v 47.18390 16.41923 1982.29051
v 43.73678 19.32555 1976.24338
v 43.73678 19.32555 1976.24338
v 53.64370 12.43405 1976.64082
v 51.13667 14.44932 1972.58627
v 51.13667 14.44932 1972.58627
v 79.62790 -3.02915 1956.32410
v 77.53831 -0.93535 1952.49081
v 77.53831 -0.93535 1952.49081
v 78.90648 -7.59334 1958.42957
v 101.32916 -18.43844 1928.87950
v 98.91334 -16.45836 1926.01275
v 98.91334 -16.45836 1926.01275
v 101.06562 -22.60239 1930.44960
v 130.43064 -37.18750 1893.19813
v 128.19615 -35.33551 1890.21420
v 128.19615 -35.33551 1890.21420
v 130.20125 -40.97960 1894.11902
v 162.35861 -58.56668 1852.26250
v 159.79984 -57.46378 1848.71149
v 159.79984 -57.46378 1848.71149
v 161.58724 -61.17285 1852.12648
v 198.11368 -84.85769 1796.22710
v 196.23387 -83.69967 1795.10546
v 196.23387 -83.69967 1795.10546
v 198.59621 -89.70174 1799.41523
v 203.62934 -87.90123 1792.59527
v 204.24461 -97.89281 1797.69778
v 201.09624 -85.76445 1788.96749
v 201.09624 -85.76445 1788.96749
v 203.55427 -87.31340 1788.83123
v 203.80569 -86.90299 1785.06792
v 203.30518 -91.11701 1791.94605
v 201.94989 -85.90095 1786.25643
v 201.94989 -85.90095 1786.25643
v 203.10900 -86.75128 1783.71453
v 203.10900 -86.75128 1783.71453
v 200.98719 -88.26216 1785.97152
v 201.54452 -87.32352 1783.19681
v 199.46444 -87.83872 1788.55133
v 200.96481 -90.15797 1788.40303
v 199.58708 -91.74924 1791.65578
v 202.73283 -89.23829 1785.33316
v 205.11174 -90.02715 1777.74024
v 203.11400 -89.33455 1786.68797
v 205.60494 -88.93062 1778.12290
v 206.57575 -87.20554 1777.92490
v 208.83167 -90.54869 1773.00441
v 205.28626 -87.32553 1777.02808
v 205.28626 -87.32553 1777.02808
v 204.61431 -87.49685 1776.74818
v 195.82051 -89.39512 1796.93556
v 194.98873 -86.14826 1795.48836
v 158.53630 -62.49635 1849.99025
v 157.59839 -59.28412 1848.04535
v 127.15393 -41.36356 1892.18760
v 125.48873 -38.03759 1889.49931
v 97.55966 -23.16332 1927.76465
v 96.99434 -19.03615 1925.97413
v 74.94342 -4.46722 1951.49052
v -9.90908 -82.73752 2057.26957
v 23.48624 -2.02572 2128.50738
v -6.28601 -86.48438 2060.36043
v -16.38299 -82.19922 2059.32999
v -39.33143 -152.05027 1987.44226
v -36.43121 -155.25612 1990.51368
v -46.00949 -152.35177 1989.87043
v -45.21432 -163.96157 1973.99735
v -40.96149 -168.50604 1976.32229
v -51.14412 -163.86488 1973.90032
v -47.47139 -176.94785 1969.46669
v -53.08833 -169.37703 1978.43182
v -53.08833 -169.37703 1978.43182
v -45.65501 -171.82234 1979.78199
v -40.74370 -157.55320 1995.07833
v -47.19045 -154.70731 1994.29631
v -47.19045 -154.70731 1994.29631
v -10.36470 -89.46750 2065.04130
v 23.15697 -11.93431 2139.10842
v -16.93385 -86.67004 2064.38231
v -16.93385 -86.67004 2064.38231
v 14.88739 -6.84683 2137.16793
v 14.88739 -6.84683 2137.16793
v 14.38756 -1.22030 2131.42872
v 29.17552 -8.15008 2132.44247
v 17.51652 39.77104 2216.33554
v 23.80052 43.58960 2218.12487
v 20.22487 32.45104 2211.11321
v 10.26358 60.77788 2179.58307
v 13.47779 64.03250 2180.42207
v 12.21372 57.69997 2176.04184
v 1.16312 77.17437 2159.47056
v 3.69776 78.52376 2159.21545
v 2.67065 73.67274 2156.28600
v -5.39597 88.77531 2141.00599
v -2.44393 90.65305 2141.78634
v -3.70567 85.66298 2137.93612
v -22.18685 122.93402 2092.53335
v -19.31415 123.90163 2092.45276
v -20.12566 119.59779 2089.06078
v -40.13775 154.62667 2049.11566
v -36.75964 155.26944 2048.99669
v -37.94231 151.93996 2045.51578
v -40.32181 159.88865 2039.23845
v -33.50991 151.94324 2044.02518
v -34.17569 153.90973 2046.69881
v -34.17569 153.90973 2046.69881
v -16.54858 122.91478 2090.75022
v -16.54858 122.91478 2090.75022
v -16.41184 120.42942 2088.61160
v 1.00781 87.83862 2138.13853
v 1.00781 87.83862 2138.13853
v 0.63450 85.68050 2137.22563
v 7.75917 76.99701 2157.62997
v 7.75917 76.99701 2157.62997
v 6.43333 73.63594 2155.31063
v 19.17869 61.28346 2176.88990
v 19.17869 61.28346 2176.88990
v 17.41790 57.32912 2174.00098
v 31.29197 39.35428 2213.62734
v 31.29197 39.35428 2213.62734
v 29.38123 32.49414 2209.39946
v 12.22460 26.53339 2311.47623
v 11.58021 27.35707 2319.76295
v 17.77942 28.66030 2309.61394
v 0.87200 35.58095 2308.70390
v 0.71201 39.30826 2313.30347
v 3.60992 38.40132 2307.66845
v -15.74175 49.41037 2304.30436
v -32.33354 66.59079 2304.16107
v -15.88209 51.08806 2307.67059
v -13.23819 52.07516 2302.62566
v -30.37248 68.38937 2303.27392
v -11.94327 55.18389 2305.37653
v 5.12790 42.24931 2310.39882
v -29.02875 71.12515 2305.57775
v -13.94242 54.54139 2308.97832
v -13.94242 54.54139 2308.97832
v 2.42829 41.54593 2314.35966
v 2.42829 41.54593 2314.35966
v -30.62472 70.80548 2309.17764
v -30.62472 70.80548 2309.17764
v -32.36354 67.99670 2306.89001
v -91.86547 119.65987 2312.54864
v -91.86547 119.65987 2312.54864
v -90.44506 120.47401 2308.85625
v -93.72953 116.84034 2311.24115
v -101.14244 125.91797 2312.25109
v -101.14244 125.91797 2312.25109
v -103.45413 127.45306 2312.64806
v -103.45413 127.45306 2312.64806
v -103.45413 127.45306 2312.64806
v -103.45413 127.45306 2312.64806
v -99.10747 126.89614 2307.96170
v -102.06582 122.10397 2309.82852
v -108.46879 124.69253 2305.66263
v -101.47911 120.15492 2306.43868
v -105.25407 126.07813 2312.25967
v -105.25407 126.07813 2312.25967
v -107.33430 126.60596 2311.88989
v -107.33430 126.60596 2311.88989
v -108.22836 132.56283 2317.50631
v -109.81320 131.66222 2316.91980
v -106.84673 133.57329 2318.13741
v -106.84673 133.57329 2318.13741
v -112.74144 136.43199 2322.19172
v -107.99576 133.93095 2315.95278
v -107.17532 133.67547 2317.03663
v -109.11740 132.72710 2316.49971
v -107.51529 128.10183 2310.68873
v -107.51529 128.10183 2310.68873
v -107.51529 128.10183 2310.68873
v -105.49153 130.22007 2309.90124
v -105.49153 130.22007 2309.90124
v -107.95674 126.42413 2306.13351
v -107.95674 126.42413 2306.13351
v -106.64482 128.73417 2303.35140
v -121.82578 129.27771 2293.30516
v -121.82578 129.27771 2293.30516
v -123.12686 125.86027 2293.68138
v -120.23866 130.65830 2291.24665
v -137.70574 133.66830 2276.81422
v -137.70574 133.66830 2276.81422
v -135.40703 135.12488 2274.27459
v -137.61614 132.35387 2275.64406
v -167.24093 141.16791 2247.22719
v -167.24093 141.16791 2247.22719
v -165.81233 142.00762 2245.57614
v -167.97386 140.14760 2247.29300
v -193.94265 142.73889 2223.29211
v -193.94265 142.73889 2223.29211
v -192.38853 143.72046 2221.51232
v -194.11528 141.71851 2222.61047
v -195.20979 142.68321 2220.90721
v -193.20199 140.70994 2221.01951
v -192.62943 142.10692 2220.88194
v -165.79175 139.79110 2244.62724
v -166.82951 137.90309 2244.59338
v -136.48811 132.93901 2273.54217
v -136.63650 131.50936 2274.19281
v -120.47604 127.45376 2289.18934
v -107.10566 124.82801 2300.72308
v -121.49718 125.27061 2290.20762
v -107.87532 122.27336 2301.93329
v -100.43480 123.34979 2305.52268
v -92.09839 118.55391 2307.34754
v -93.41434 115.74076 2308.42376
v -103.47280 129.46397 2310.81104
v -103.47280 129.46397 2310.81104
v 15.71956 34.45987 2322.17073
v 15.71956 34.45987 2322.17073
v 22.01082 35.41651 2314.68248
v 71.96697 41.08820 2398.03410
v 74.01823 33.09341 2392.32326
v 66.64106 47.05956 2393.97240
v 66.64106 47.05956 2393.97240
v 78.59407 44.98705 2388.77583
v 79.48320 40.76042 2386.06739
v 74.33277 47.47000 2387.52866
v 74.33277 47.47000 2387.52866
v 109.42882 64.66432 2373.73900
v 141.42126 84.55236 2360.39782
v 111.04053 60.98202 2371.64021
v 106.32018 66.87709 2371.93775
v 106.32018 66.87709 2371.93775
v 137.49680 87.01783 2357.58901
v 137.49680 87.01783 2357.58901
v 105.28293 64.05964 2367.09952
v 137.38322 83.67833 2353.18804
v 108.36464 60.99839 2366.72497
v 74.06866 44.22454 2383.37350
v 75.52473 41.38559 2383.23140
v 62.86532 39.87510 2385.72264
v 68.07005 32.09390 2384.12285
v 140.61365 81.21355 2353.13439
v 142.85398 80.42054 2357.17940
v 202.00533 117.74557 2322.83401
v 204.41951 116.84546 2326.18093
v 199.41688 121.24482 2322.99256
v 267.90515 148.97716 2282.48382
v 270.35677 147.72999 2285.30550
v 266.69231 151.02977 2282.82332
v 305.96846 165.31543 2257.65896
v 308.29310 164.08573 2261.00039
v 304.15601 168.43751 2257.51066
v 310.26110 167.89094 2256.94060
v 307.69163 168.16065 2263.93652
v 305.03792 169.36052 2261.28817
v 305.03792 169.36052 2261.28817
v 266.39479 153.72445 2285.42948
v 266.39479 153.72445 2285.42948
v 269.66056 151.74931 2288.59711
v 198.81777 125.44149 2326.69806
v 198.81777 125.44149 2326.69806
v 203.34363 121.86339 2330.37233
v 70.65278 24.51107 2649.73545
v 67.27889 17.45298 2643.30339
v 66.80898 34.80544 2647.86029
v 136.87004 49.65458 2605.82423
v 136.19067 42.21837 2600.05546
v 135.87016 53.79435 2604.53296
v 221.18796 56.36872 2573.28892
v 220.13474 52.01542 2567.59071
v 218.98915 61.97746 2570.70184
v 297.37669 78.79761 2543.96558
v 295.83162 75.67161 2540.87067
v 296.65083 80.70187 2544.00015
v 339.28975 87.72796 2535.19011
v 337.96227 84.93322 2529.52099
v 338.50634 91.69576 2534.82747
v 381.96018 100.08262 2536.12328
v 381.93968 96.39034 2533.43916
v 382.29448 100.97077 2536.62491
v 436.38685 105.40207 2546.32425
v 435.76398 103.01359 2542.15097
v 436.03805 107.14023 2546.14830
v 471.41135 107.67905 2553.46775
v 471.53863 103.66829 2549.75438
v 470.87026 110.48408 2553.41268
v 485.01518 105.62935 2555.49908
v 470.44981 108.92767 2549.05295
v 470.44981 108.92767 2549.05295
v 471.08334 104.83202 2548.73419
v 435.20954 103.91490 2538.90681
v 435.26998 106.42055 2541.57639
v 435.26998 106.42055 2541.57639
v 380.75563 99.04662 2530.81155
v 381.17009 99.81826 2532.86433
v 381.17009 99.81826 2532.86433
v 337.33675 84.04641 2526.17741
v 336.86849 90.66220 2529.15573
v 336.86849 90.66220 2529.15573
v 293.41161 78.55804 2537.59575
v 293.54912 81.24155 2538.77878
v 293.54912 81.24155 2538.77878
v 217.71340 55.61733 2564.10980
v 215.98850 63.72929 2565.52529
v 215.98850 63.72929 2565.52529
v 132.16847 47.53160 2595.05391
v 131.72187 53.29587 2597.29671
v 131.72187 53.29587 2597.29671
v 61.82730 18.87069 2636.59096
v 64.12601 30.48419 2642.06910
v 64.12601 30.48419 2642.06910
v 301.54657 77.89032 2495.21327
v 301.54657 77.89032 2495.21327
v 325.97306 76.43063 2440.85741
v 325.97306 76.43063 2440.85741
v 299.68008 75.70215 2492.84101
v 324.73531 74.60575 2439.08143
v 302.24809 71.78435 2493.79516
v 326.29636 71.46403 2440.20581
v 304.05629 72.31850 2497.11466
v 328.35257 71.52618 2442.02232
v 304.17675 75.66516 2498.20852
v 327.87314 74.47994 2442.07835
v 263.12014 71.64696 2534.38306
v 263.12014 71.64696 2534.38306
v 262.19767 68.53256 2531.79812
v 263.89891 65.44523 2532.57751
v 265.90556 65.07087 2535.99143
v 266.06306 68.96963 2537.78124
v 241.03351 69.27934 2559.58247
v 241.03351 69.27934 2559.58247
v 239.58576 65.68475 2556.03099
v 241.40361 61.73361 2557.02972
v 243.82645 62.38526 2560.97817
v 243.19261 66.84534 2561.85246
v 285.54413 66.93631 2516.30831
v 283.40361 67.86071 2513.91459
v 285.44983 71.73177 2518.14246
v 282.60893 70.52639 2511.89208
v 282.55853 74.27946 2514.77957
v 282.55853 74.27946 2514.77957
v 328.16353 76.22653 2437.16598
v 328.16353 76.22653 2437.16598
v 327.65043 74.30118 2437.18386
v 328.85975 72.18257 2437.71982
v 329.71177 71.77189 2438.07244
v 329.63184 74.45911 2438.29823
v 329.75882 74.27362 2437.55984
v 318.79503 72.33329 2461.41744
v 316.88911 71.90864 2459.67388
v 315.46843 75.04344 2458.59385
v 316.87635 76.92628 2460.39987
v 316.87635 76.92628 2460.39987
v 319.17775 75.35025 2462.07380
v 71.02881 -1.03973 2779.85764
v 70.53334 3.38752 2776.89219
v 74.79258 -0.86700 2783.62799
v 107.90626 -23.93010 2732.08523
v 60.48740 1.08978 2790.12418
v 58.81675 9.16445 2785.70557
v 66.15416 2.37253 2797.34612
v 66.97516 10.39354 2795.81356
v 62.68879 14.26986 2789.60848
v 62.68879 14.26986 2789.60848
v 76.31243 4.44929 2782.68576
v 73.16668 7.15888 2778.65219
v 73.16668 7.15888 2778.65219
v 113.70827 -18.71669 2733.62947
v 111.13195 -15.97169 2729.72131
v 111.13195 -15.97169 2729.72131
v 112.41218 -24.04258 2735.74257
v 145.64773 -41.33687 2676.34106
v 142.54019 -38.65312 2674.01004
v 142.54019 -38.65312 2674.01004
v 145.04313 -46.26605 2677.53339
v 188.45023 -69.33746 2601.77159
v 185.60120 -66.83902 2599.12872
v 185.60120 -66.83902 2599.12872
v 187.95229 -73.84124 2602.09608
v 235.51972 -101.07740 2517.05551
v 232.23801 -99.44467 2513.51690
v 232.23801 -99.44467 2513.51690
v 234.37664 -104.09725 2516.47139
v 288.92189 -139.71192 2406.33273
v 286.41033 -138.05555 2406.04734
v 286.41033 -138.05555 2406.04734
v 289.22051 -145.53355 2409.31129
v 296.81611 -144.32439 2397.00341
v 297.01036 -156.31141 2401.16715
v 293.60563 -141.45350 2393.65506
v 293.60563 -141.45350 2393.65506
v 297.00789 -143.70255 2391.63852
v 297.65108 -143.34488 2386.04212
v 296.31895 -148.16047 2395.22672
v 294.99683 -141.82028 2389.12439
v 294.99683 -141.82028 2389.12439
v 296.78205 -143.08910 2384.45926
v 296.78205 -143.08910 2384.45926
v 293.60437 -144.51951 2388.49902
v 294.61682 -143.54816 2384.36604
v 291.29571 -143.70696 2393.28694
v 293.33791 -146.73457 2391.53671
v 291.12417 -148.35152 2396.62480
v 296.06444 -145.98161 2386.30104
v 299.93239 -147.49624 2373.49343
v 296.49380 -146.12164 2388.07464
v 300.62491 -146.24344 2374.13049
v 302.04642 -144.32341 2373.83938
v 305.47047 -148.82360 2364.27903
v 300.30683 -144.29075 2373.17300
v 300.30683 -144.29075 2373.17300
v 299.38322 -144.39979 2373.07048
v 285.53298 -144.79767 2407.23562
v 284.57081 -140.79882 2406.53968
v 230.23202 -105.27138 2514.55355
v 229.15749 -101.31057 2513.16595
v 183.82443 -73.88004 2600.76976
v 181.79163 -69.68866 2598.70934
v 140.32504 -46.46606 2675.28367
v 139.78617 -41.45814 2674.20387
v 107.47712 -19.84468 2728.56212
v 190.61214 102.63207 2914.95204
v 86.07798 34.42283 2973.86193
v 189.19510 99.48964 2910.01177
v 187.35275 108.79130 2915.57074
v 289.65062 163.33103 2866.73880
v 287.95087 160.77986 2862.41746
v 286.29678 169.87859 2866.43529
v 308.12961 174.83672 2858.91867
v 307.93399 171.39441 2853.31964
v 307.44714 180.90232 2859.61556
v 317.84171 181.52708 2847.29171
v 304.45960 183.73738 2853.05595
v 304.45960 183.73738 2853.05595
v 304.89740 176.59633 2849.51901
v 283.36686 165.12983 2859.30991
v 282.28182 171.05731 2863.00278
v 282.28182 171.05731 2863.00278
v 184.78413 103.77530 2906.16083
v 78.45089 35.88831 2961.10988
v 183.56925 109.82250 2909.78408
v 183.56925 109.82250 2909.78408
v 77.50963 43.23381 2967.54098
v 77.50963 43.23381 2967.54098
v 81.45028 43.06143 2974.77388
v 84.94111 29.70070 2966.10713
v 37.56882 -28.73737 3036.83996
v 47.99342 -31.46974 3041.57448
v 27.61525 -30.23535 3044.83771
v 25.75498 -87.56402 3013.31210
v 32.43837 -90.06652 3014.84752
v 21.13863 -90.08142 3017.58552
v 20.62465 -121.98415 2991.15348
v 23.85255 -124.12655 2993.17074
v 15.48661 -123.60141 2995.20969
v 13.56388 -151.45336 2975.23975
v 18.50466 -152.87535 2977.40579
v 9.08028 -153.29006 2979.24614
v -0.62295 -231.82802 2931.44250
v 2.59061 -233.56558 2934.11517
v -5.37933 -234.09541 2936.02180
v -14.39957 -303.77531 2888.09061
v -11.17628 -305.46245 2891.56961
v -18.44766 -306.74398 2892.38143
v -16.62131 -319.83110 2884.07564
v -16.18143 -309.92863 2897.48669
v -12.45801 -307.99901 2895.43867
v -12.45801 -307.99901 2895.43867
v 2.32338 -235.72356 2937.95514
v 2.32338 -235.72356 2937.95514
v -1.95128 -236.43522 2939.75425
v 15.25461 -156.19081 2983.23941
v 15.25461 -156.19081 2983.23941
v 11.90529 -155.50800 2984.25245
v 24.09715 -126.12210 2998.88349
v 24.09715 -126.12210 2998.88349
v 17.59609 -125.92117 2999.57705
v 31.09467 -93.98643 3023.24843
v 31.09467 -93.98643 3023.24843
v 23.16402 -93.88291 3023.82779
v 45.66596 -35.96085 3053.04074
v 45.66596 -35.96085 3053.04074
v 33.41261 -35.18043 3055.39060
v 62.30078 -35.92748 3125.36955
v 62.94367 -26.50025 3119.39096
v 65.08447 -33.30619 3135.82444
v 77.19399 -57.86252 3110.59737
v 82.42941 -54.38729 3108.21700
v 81.22955 -57.79549 3116.15944
v 99.89835 -90.76005 3089.30206
v 127.28360 -120.18937 3066.05792
v 102.15923 -87.60653 3087.32319
v 103.77486 -91.69203 3094.85507
v 129.85380 -120.19433 3070.08934
v 108.08593 -88.56816 3095.82758
v 86.62749 -54.89269 3117.64264
v 133.63673 -117.36375 3071.34438
v 107.03672 -85.81580 3090.28339
v 107.03672 -85.81580 3090.28339
v 85.52797 -52.43675 3110.74305
v 85.52797 -52.43675 3110.74305
v 133.03134 -114.35181 3066.50901
v 133.03134 -114.35181 3066.50901
v 129.17683 -117.56539 3064.59665
v 211.99591 -209.13716 2975.54708
v 211.99591 -209.13716 2975.54708
v 213.36661 -212.76720 2980.25203
v 208.06028 -211.22615 2972.82839
v 222.31026 -223.84270 2962.04853
v 222.31026 -223.84270 2962.04853
v 224.80677 -226.88642 2958.39000
v 224.80677 -226.88642 2958.39000
v 224.80677 -226.88642 2958.39000
v 224.80677 -226.88642 2958.39000
v 223.91304 -227.64246 2968.13726
v 216.88011 -225.69528 2961.33518
v 221.71949 -239.89001 2954.12827
v 214.17050 -228.20786 2963.99260
v 222.95599 -228.59600 2955.48272
v 222.95599 -228.59600 2955.48272
v 223.98147 -231.75280 2952.47626
v 223.98147 -231.75280 2952.47626
v 232.54865 -229.15404 2948.71664
v 231.40271 -231.16158 2946.36607
v 233.87574 -227.38640 2950.73462
v 233.87574 -227.38640 2950.73462
v 238.42014 -230.59566 2939.33249
v 234.69763 -231.71727 2950.30594
v 234.14820 -229.23706 2950.90508
v 232.96212 -231.55735 2947.94250
v 226.33480 -234.40944 2953.20964
v 226.33480 -234.40944 2953.20964
v 226.33480 -234.40944 2953.20964
v 229.36971 -234.40869 2957.34096
v 229.36971 -234.40869 2957.34096
v 224.22533 -239.75241 2954.98800
v 224.22533 -239.75241 2954.98800
v 227.77548 -243.24147 2959.24282
v 230.88402 -273.72354 2941.19692
v 230.88402 -273.72354 2941.19692
v 225.86419 -272.64565 2938.23051
v 232.95762 -275.40615 2945.27078
v 240.33310 -315.61926 2926.72944
v 240.33310 -315.61926 2926.72944
v 242.48815 -317.15912 2932.25479
v 238.44783 -316.22604 2927.34408
v 256.82342 -391.74247 2899.02711
v 256.82342 -391.74247 2899.02711
v 258.07035 -392.75345 2902.49324
v 255.36239 -391.87145 2897.61782
v 263.70704 -453.78762 2871.26064
v 263.70704 -453.78762 2871.26064
v 265.16426 -454.90757 2875.03409
v 262.24959 -454.24196 2871.20962
v 263.93729 -458.25958 2870.68725
v 260.77431 -454.64021 2873.46172
v 262.82102 -455.01375 2874.72939
v 254.82327 -392.60706 2902.68946
v 252.10065 -392.68446 2900.68817
v 239.37880 -318.00345 2930.55749
v 237.20068 -316.46881 2929.64745
v 228.34371 -276.37962 2945.54830
v 222.17783 -244.77784 2959.38039
v 225.09423 -274.90607 2942.86966
v 218.33186 -242.54675 2956.91633
v 218.92504 -230.13674 2966.83764
v 210.77323 -215.42075 2978.16610
v 206.60467 -213.82557 2974.85948
v 227.96574 -230.48888 2959.87320
v 227.96574 -230.48888 2959.87320
v 72.98311 -23.00924 3125.89288
v 72.98311 -23.00924 3125.89288
v 74.38551 -26.07871 3140.76996
v 4.80674 -17.40319 3450.60873
v 8.03132 -23.41109 3457.30639
v 0.00816 -7.02520 3454.49877
v -140.35527 -60.18039 3386.98030
v -139.56881 -68.10648 3390.43570
v -143.49751 -56.59939 3388.09967
v -283.09292 -126.14249 3300.99678
v -284.09526 -131.24926 3304.52585
v -287.11677 -121.03730 3303.74813
v -424.34418 -172.27900 3221.53449
v -423.09457 -175.00234 3224.63942
v -424.83786 -170.19744 3222.14603
v -492.23790 -197.53662 3175.77410
v -494.04448 -201.16159 3179.43931
v -494.60772 -193.87831 3176.36108
v -554.11059 -216.65193 3125.60630
v -553.93964 -220.73582 3126.90234
v -554.70616 -215.95550 3124.96686
v -616.28360 -246.02705 3059.77726
v -617.80751 -249.21355 3062.10756
v -617.33156 -244.42737 3060.04643
v -654.85787 -265.64163 3017.34757
v -655.64477 -270.49857 3018.84675
v -656.35133 -262.98440 3017.68231
v -668.35761 -275.96480 3001.42384
v -658.94008 -265.70213 3019.75489
v -658.94008 -265.70213 3019.75489
v -656.95655 -269.63198 3019.57512
v -620.98563 -249.37697 3063.70521
v -620.32533 -246.30097 3062.49475
v -620.32533 -246.30097 3062.49475
v -557.04683 -218.77605 3128.82710
v -556.12832 -217.61483 3127.60091
v -556.12832 -217.61483 3127.60091
v -495.88177 -202.78350 3181.34093
v -497.35728 -195.84261 3180.19271
v -497.35728 -195.84261 3180.19271
v -425.46383 -172.25239 3228.15776
v -426.49713 -169.67429 3227.32782
v -426.49713 -169.67429 3227.32782
v -287.20555 -127.99267 3308.03704
v -289.77355 -119.57118 3308.67100
v -289.77355 -119.57118 3308.67100
v -143.46129 -62.93689 3396.08407
v -145.04494 -57.00237 3395.24293
v -145.04494 -57.00237 3395.24293
v 7.18636 -21.12737 3465.55662
v 0.93211 -11.01089 3459.90896
v 0.93211 -11.01089 3459.90896
v -476.86285 -195.28432 3232.85866
v -476.86285 -195.28432 3232.85866
v -559.86130 -235.03585 3223.03224
v -559.86130 -235.03585 3223.03224
v -475.20724 -196.72735 3235.99267
v -558.68077 -236.38026 3225.21663
v -474.52918 -201.34892 3233.17599
v -557.15913 -239.59766 3223.40727
v -473.93107 -200.84737 3229.97451
v -557.99484 -240.25296 3220.46614
v -475.53140 -197.74832 3229.12240
v -559.56811 -237.47213 3220.67833
v -385.45388 -158.16860 3264.40883
v -385.45388 -158.16860 3264.40883
v -384.49150 -161.11229 3266.63709
v -383.52597 -164.51932 3264.77528
v -382.39786 -164.86414 3261.41381
v -383.77655 -161.06108 3260.23293
v -331.19255 -134.76595 3281.53324
v -331.19255 -134.76595 3281.53324
v -330.16071 -138.12311 3284.72686
v -328.47345 -142.23334 3282.75275
v -328.11543 -141.81240 3278.63336
v -329.82704 -137.36244 3278.59259
v -427.78406 -184.78806 3245.32104
v -428.15539 -183.49336 3248.44193
v -429.48005 -180.05605 3244.31634
v -431.16182 -181.55578 3249.72439
v -431.08973 -177.29196 3248.43597
v -431.08973 -177.29196 3248.43597
v -566.08468 -238.19077 3221.77124
v -566.08468 -238.19077 3221.77124
v -563.97116 -239.40846 3222.55445
v -563.35992 -241.77513 3221.22884
v -563.77053 -242.56395 3220.18766
v -565.47636 -240.21210 3219.91825
v -566.22201 -240.74584 3220.03531
v -527.54092 -225.24935 3224.89953
v -526.54815 -224.96709 3227.68450
v -528.19699 -221.83532 3229.32029
v -529.60455 -220.54940 3226.92633
v -529.60455 -220.54940 3226.92633
v -529.65152 -222.77693 3223.92774
v 115.98423 -452.85624 3332.84998
v 118.97650 -455.85573 3332.01241
v 115.00258 -452.08445 3336.87067
v 120.59925 -456.93877 3335.21438
v 120.59925 -456.93877 3335.21438
v 117.96620 -454.89600 3338.38105
v 93.87065 -493.92277 3319.01073
v 96.65161 -497.21980 3317.81268
v 92.52466 -493.47010 3323.26984
v 98.09633 -499.17614 3321.21205
v 98.09633 -499.17614 3321.21205
v 95.59113 -496.95554 3324.01657
v 73.42321 -539.06208 3297.99414
v 76.72538 -540.96931 3298.32888
v 72.26507 -539.71726 3301.64766
v 77.77927 -543.11258 3300.26674
v 77.77927 -543.11258 3300.26674
v 75.22964 -542.17964 3302.46949
v 47.69323 -599.32059 3271.42549
v 50.90062 -600.98064 3270.27225
v 46.61776 -600.27671 3274.23000
v 51.69187 -603.19823 3273.08869
v 51.69187 -603.19823 3273.08869
v 49.31392 -601.99952 3275.38157
v 16.10051 -670.56972 3249.10998
v 18.85678 -672.27340 3248.68655
v 16.25894 -669.89577 3252.91777
v 19.58680 -672.81067 3251.30463
v 19.58680 -672.81067 3251.30463
v 18.09841 -670.19063 3254.56929
v -24.50482 -755.36311 3235.40878
v -21.71123 -756.54638 3235.34322
v -25.53235 -754.12709 3238.56020
v -20.22403 -757.73561 3236.97877
v -20.22403 -757.73561 3236.97877
v -21.74323 -757.55668 3238.43026
v -30.28834 -783.47641 3231.17614
v -28.15299 -784.33049 3231.30369
v -29.54436 -783.32013 3232.16510
v -28.23422 -784.40589 3231.99058
v -28.23422 -784.40589 3231.99058
v -28.52460 -784.13004 3233.42133
v -32.53507 -791.27389 3230.97682
v -26.58445 -765.15055 3239.06851
v -34.40337 -759.57566 3238.27243
v -28.30572 -763.83376 3234.21335
v -25.39549 -767.38536 3234.00521
v -24.27533 -767.87180 3236.19342
v -24.27533 -767.87180 3236.19342
v -26.26109 -774.91689 3232.74589
v -28.12734 -771.77495 3234.92813
v -26.32220 -775.24942 3234.34210
v -26.32220 -775.24942 3234.34210
v -26.57017 -774.08242 3235.50034
v -28.04113 -773.13411 3233.96587
v -26.44528 -769.51808 3237.20646
v -27.83852 -768.47255 3234.03835
v -26.54729 -771.33012 3233.49142
v -29.13098 -765.72961 3237.20479
v -24.96195 -771.56627 3235.25858
v -24.96195 -771.56627 3235.25858
v 119.66383 -442.07975 3333.84991
v 125.28315 -446.56190 3332.49426
v 118.77175 -440.19556 3341.01343
v 127.34947 -447.16442 3337.83126
v 127.34947 -447.16442 3337.83126
v 123.62422 -443.86247 3342.49711
v 116.99053 -402.52486 3359.21669
v 118.07135 -388.06349 3370.42284
v 118.45758 -395.52602 3355.60393
v 121.98696 -388.39614 3361.47952
v 121.98696 -388.39614 3361.47952
v 114.84262 -397.78277 3365.73935
v 133.34662 -418.24180 3354.92539
v 136.37611 -411.64568 3360.99267
v 136.99041 -414.09686 3354.62689
v 137.81257 -411.09318 3356.70638
v 137.81257 -411.09318 3356.70638
v 133.89514 -415.99771 3359.02238
v 185.43051 -460.83823 3343.02616
v 187.20067 -455.62828 3347.39304
v 186.81300 -458.31087 3342.52572
v 188.17514 -454.12546 3344.38014
v 188.17514 -454.12546 3344.38014
v 185.61658 -459.36948 3345.91746
v 274.45042 -527.47655 3312.17313
v 276.61437 -523.57477 3316.75625
v 275.76444 -525.20108 3311.24783
v 277.01560 -521.78526 3313.62247
v 277.01560 -521.78526 3313.62247
v 276.02091 -526.92521 3315.06872
v 159.53793 -438.55956 3348.33217
v 161.31033 -435.04992 3351.06945
v 161.31033 -435.04992 3351.06945
v 158.36614 -440.18701 3353.15585
v 157.80930 -441.55633 3349.06435
v 160.33742 -436.08218 3354.57921
v 290.66071 -550.30560 3305.59015
v 295.68264 -547.49072 3309.09014
v 293.40199 -547.49030 3304.66843
v 294.61932 -546.43875 3305.72414
v 294.61932 -546.43875 3305.72414
v 292.38686 -550.51780 3307.95336
v 319.03306 -609.60042 3296.90552
v 321.43062 -608.06096 3299.62230
v 320.55438 -609.37703 3295.86124
v 321.84938 -608.37585 3295.91560
v 321.84938 -608.37585 3295.91560
v 320.20456 -610.02266 3297.97554
v 345.80377 -672.32388 3286.43417
v 348.82578 -670.18521 3288.82480
v 348.75450 -671.11236 3285.38799
v 349.14854 -670.31169 3286.52167
v 349.14854 -670.31169 3286.52167
v 346.76909 -671.06700 3288.19466
v 366.73191 -725.00539 3275.03228
v 368.89374 -723.57094 3276.93820
v 368.35891 -724.57212 3274.06383
v 369.18184 -723.72556 3274.40739
v 369.18184 -723.72556 3274.40739
v 367.58295 -724.45458 3276.23582
v 369.97622 -727.42808 3274.29128
v 306.86414 -574.53352 3300.55523
v 306.86414 -574.53352 3300.55523
v 304.71233 -575.72711 3297.67966
v 304.10349 -576.82478 3302.56414
v 306.90593 -574.59766 3303.41792
v 302.89051 -577.08144 3300.24099
v 288.69465 -534.43092 3312.74724
v 286.35976 -538.28597 3310.96029
v 286.54057 -536.17233 3307.18803
v 289.41160 -532.79972 3308.76207
v 289.41160 -532.79972 3308.76207
v 284.24147 -538.67376 3308.18391
v 296.39786 -540.01641 3308.04753
v 296.39786 -540.01641 3308.04753
v 295.96233 -541.65465 3304.99411
v 295.96233 -541.65465 3304.99411
v 295.96233 -541.65465 3304.99411
v 294.50896 -540.33560 3303.94530
v 294.50896 -540.33560 3303.94530
v 294.27683 -536.82452 3309.03840
v 294.27683 -536.82452 3309.03840
v 292.53471 -537.57435 3305.32074
v 292.53471 -537.57435 3305.32074
v 292.49236 -535.10457 3307.34372
v 292.49236 -535.10457 3307.34372
v 292.49236 -535.10457 3307.34372
v 292.49236 -535.10457 3307.34372
v 301.76765 -537.24295 3305.13382
v 301.50288 -538.04791 3303.38144
v 301.05224 -538.47444 3302.11115
v 300.97431 -535.27832 3305.26352
v 300.74039 -536.07500 3303.64490
v 300.67754 -533.86807 3305.03774
v 300.67754 -533.86807 3305.03774
v 307.66752 -536.91322 3299.65734
v 52.37132 -51.44086 3538.89179
v 62.00285 -50.74392 3547.81008
v 62.00285 -50.74392 3547.81008
v 61.31030 -43.38116 3535.84456
v 70.08386 -39.69632 3540.79914
v 54.22156 -55.47944 3549.61514
v 90.57533 -223.41363 3461.86018
v 101.22716 -223.60659 3467.28849
v 101.22716 -223.60659 3467.28849
v 98.29922 -219.33368 3455.62410
v 104.39855 -220.61522 3462.10933
v 91.86329 -226.38533 3465.33608
v 114.00148 -402.50942 3355.29661
v 123.37957 -405.53227 3363.54160
v 123.37957 -405.53227 3363.54160
v 121.39466 -400.57954 3351.58348
v 125.58380 -402.05511 3355.58772
v 116.88825 -405.61968 3360.69918
v 133.42580 -579.49114 3269.95158
v 140.00262 -578.58193 3274.22619
v 140.00262 -578.58193 3274.22619
v 137.68658 -576.00325 3268.57281
v 141.70402 -576.67190 3272.17221
v 133.31838 -579.94431 3272.08948
v 136.29071 -675.01718 3236.63259
v 143.07746 -676.38654 3240.65375
v 143.07746 -676.38654 3240.65375
v 143.76399 -674.62629 3234.75051
v 147.99166 -675.19087 3234.15470
v 135.94756 -676.26297 3240.73195
v 128.73575 -764.69845 3207.40151
v 132.28112 -765.14554 3207.79347
v 132.28112 -765.14554 3207.79347
v 132.52045 -763.55696 3204.86093
v 134.66381 -765.11985 3207.56817
v 127.97962 -765.61213 3207.67426
v 116.69147 -853.67197 3157.27425
v 121.50797 -855.41677 3158.71382
v 121.50797 -855.41677 3158.71382
v 121.74167 -853.38223 3156.06976
v 124.98289 -855.07584 3156.97718
v 116.44694 -854.47687 3158.72765
v 108.60635 -909.73145 3124.31908
v 113.01062 -911.70585 3125.77534
v 113.01062 -911.70585 3125.77534
v 113.57087 -909.22374 3121.35506
v 114.37009 -909.93577 3122.48683
v 107.96660 -910.92980 3126.65892
v 106.98898 -929.78805 3109.58028
v 107.70962 -294.38064 3419.24477
v 108.86905 -290.61222 3424.37124
v 108.45495 -291.43542 3418.85900
v 108.87387 -288.02323 3421.71741
v 108.87387 -288.02323 3421.71741
v 109.05179 -293.87242 3422.25981
v 127.98710 -310.68245 3412.32324
v 132.08033 -306.82164 3416.68963
v 129.95753 -306.70282 3412.21261
v 130.86808 -305.43455 3413.51461
v 130.86808 -305.43455 3413.51461
v 129.64545 -310.78795 3414.75940
v 167.68229 -359.41628 3400.32911
v 169.58749 -357.58728 3403.42259
v 169.07144 -358.45888 3399.59049
v 170.07089 -357.01197 3399.95527
v 170.07089 -357.01197 3399.95527
v 168.87175 -359.66206 3401.44372
v 206.62811 -411.81403 3385.97846
v 208.99329 -409.09702 3388.93199
v 209.14710 -409.36542 3385.56862
v 209.33707 -408.64831 3386.79528
v 209.33707 -408.64831 3386.79528
v 207.25280 -410.56639 3387.93468
v 237.88865 -455.82518 3371.25587
v 239.60021 -454.01832 3373.54016
v 239.33126 -454.63386 3370.63098
v 239.91846 -453.56393 3371.18125
v 239.91846 -453.56393 3371.18125
v 238.56300 -455.22004 3372.57934
v 241.47551 -457.02669 3370.69559
v 148.55392 -328.72075 3406.67248
v 148.55392 -328.72075 3406.67248
v 146.80484 -330.08292 3403.50962
v 146.44429 -332.39549 3407.87172
v 148.59204 -329.35178 3409.36089
v 145.37224 -332.59830 3405.48348
v 122.63231 -296.69392 3420.86744
v 121.28535 -301.04095 3418.35189
v 121.01454 -298.06909 3415.10940
v 122.97259 -293.98596 3417.43660
v 122.97259 -293.98596 3417.43660
v 119.39107 -301.59450 3415.39335
v 131.12764 -298.78095 3416.79454
v 131.12764 -298.78095 3416.79454
v 131.09268 -299.97239 3413.64717
v 131.09268 -299.97239 3413.64717
v 131.09268 -299.97239 3413.64717
v 129.44247 -298.91706 3412.63103
v 129.44247 -298.91706 3412.63103
v 128.42889 -296.46641 3417.84883
v 128.42889 -296.46641 3417.84883
v 126.97309 -297.06764 3414.01052
v 126.97309 -297.06764 3414.01052
v 126.38347 -294.98589 3416.23187
v 126.38347 -294.98589 3416.23187
v 126.38347 -294.98589 3416.23187
v 126.38347 -294.98589 3416.23187
v 135.59301 -293.54247 3415.17448
v 135.52931 -294.09429 3413.38396
v 135.20502 -294.42346 3412.07027
v 134.41668 -291.84559 3415.44390
v 134.37878 -292.40578 3413.78450
v 133.83077 -290.46994 3415.37595
v 133.83077 -290.46994 3415.37595
v 141.10400 -290.08391 3410.89773
v 75.64904 73.71146 3621.90557
v 79.68152 72.01403 3617.16270
v 69.04592 72.04196 3617.81788
v 97.13292 166.60573 3585.73365
v 72.52354 54.91585 3635.98132
v 79.37499 50.36148 3628.57985
v 61.08203 49.84213 3629.15683
v 63.12962 43.95692 3619.32516
v 73.17729 43.75358 3619.23647
v 73.17729 43.75358 3619.23647
v 69.63825 68.65938 3610.05616
v 76.44664 68.12158 3610.26621
v 76.44664 68.12158 3610.26621
v 92.07507 163.42790 3573.17019
v 98.35471 163.07485 3572.63756
v 98.35471 163.07485 3572.63756
v 90.08992 165.78120 3580.95312
v 127.10050 262.60567 3540.66730
v 132.08450 260.40879 3541.29267
v 132.08450 260.40879 3541.29267
v 125.64859 265.91027 3546.90337
v 172.00784 391.02077 3495.26167
v 177.11508 389.47660 3495.66531
v 177.11508 389.47660 3495.66531
v 171.44904 394.84057 3500.69237
v 224.13136 535.89469 3445.62173
v 230.37846 535.84158 3447.25943
v 230.37846 535.84158 3447.25943
v 225.17172 538.76936 3450.10519
v 298.33350 717.50605 3388.28588
v 300.61233 714.63329 3389.73761
v 300.61233 714.63329 3389.73761
v 294.25031 720.44808 3394.74273
v 302.02311 736.20760 3380.47314
v 295.98749 743.98559 3393.80670
v 308.17544 734.78413 3380.77474
v 308.17544 734.78413 3380.77474
v 307.62053 741.09161 3378.19576
v 313.11065 746.74249 3375.54979
v 303.76253 741.47648 3384.66525
v 311.92398 740.53496 3378.19004
v 311.92398 740.53496 3378.19004
v 315.42328 747.55061 3376.00160
v 315.42328 747.55061 3376.00160
v 313.22402 742.98316 3382.65133
v 316.98895 746.78397 3379.26245
v 309.90666 735.97741 3386.02567
v 309.93122 741.96172 3386.09028
v 305.92453 737.11157 3391.95538
v 313.62325 748.12412 3380.42498
v 324.20546 764.81348 3373.70038
v 311.43370 746.74344 3380.47099
v 323.20404 763.35734 3371.65904
v 322.75152 762.61580 3367.73777
v 329.84775 778.72652 3365.54074
v 324.68331 762.19672 3369.78650
v 324.68331 762.19672 3369.78650
v 325.42825 761.84696 3371.07062
v 299.12829 719.56676 3398.21863
v 301.04363 715.73251 3395.11156
v 229.96460 539.33847 3456.20823
v 232.68320 536.16744 3453.10855
v 175.74996 393.70549 3505.74040
v 179.88166 390.40041 3503.46875
v 131.31824 265.50272 3552.64711
v 133.46688 261.31377 3547.83940
v 101.66317 165.84533 3581.11858
v 300.27300 46.46374 3564.42118
v 300.27300 46.46374 3564.42118
v 406.42422 72.35806 3491.74547
v 406.42422 72.35806 3491.74547
v 295.52621 42.77777 3558.91109
v 403.66137 68.70480 3484.84778
v 300.13275 37.98538 3559.92365
v 406.49813 63.12738 3487.15305
v 303.81492 39.23684 3566.96033
v 411.33970 63.83722 3493.85929
v 305.05124 44.04369 3570.09172
v 410.71206 69.27351 3495.47243
v 190.29015 22.86250 3642.88068
v 190.29015 22.86250 3642.88068
v 187.60464 18.17540 3636.71160
v 190.42350 14.28739 3637.55798
v 194.22600 14.29822 3644.56034
v 195.55062 19.88354 3649.27292
v 125.74831 12.67835 3688.93099
v 125.74831 12.67835 3688.93099
v 121.87035 7.16055 3680.62854
v 124.58353 2.06221 3681.70619
v 129.64672 3.66792 3690.08708
v 129.49738 9.82598 3693.03656
v 92.28599 18.29243 3710.03294
v 92.28599 18.29243 3710.03294
v 84.54183 6.50084 3687.95991
v 94.73354 -9.94997 3692.28458
v 104.79324 -3.89014 3714.88452
v 97.82349 9.87832 3725.50488
v 249.82771 24.44217 3604.80952
v 245.58938 25.13656 3600.05713
v 250.85413 31.22905 3609.84349
v 245.24607 28.77608 3596.55261
v 245.66200 34.03810 3603.49178
v 245.66200 34.03810 3603.49178
v 417.96875 74.68682 3485.13198
v 417.96875 74.68682 3485.13198
v 415.53956 70.61455 3483.29616
v 418.23423 67.03271 3484.48753
v 420.54683 66.62624 3486.00411
v 420.97205 71.72564 3488.28769
v 422.18369 71.71832 3486.52315
v 357.15139 52.28616 3530.59173
v 352.60242 50.93719 3523.98372
v 350.18462 56.57031 3521.93618
v 353.50513 60.43032 3529.13690
v 353.50513 60.43032 3529.13690
v 358.75320 58.15280 3534.65390
v 103.66446 17.07060 3702.32034
v 103.66446 17.07060 3702.32034
v 109.56028 4.94350 3704.48041
v 109.36063 -1.68762 3700.93369
v 101.70753 -3.43734 3693.50362
v 95.69450 5.56131 3690.60779
v -91.05331 16.90096 3700.70744
v 18.52477 -7.35292 3786.11875
v -92.88748 20.37428 3704.92482
v -86.73209 23.30407 3696.23089
v -191.73528 29.86730 3621.83785
v -192.89738 33.40445 3625.50926
v -187.72742 37.49473 3617.22302
v -209.89132 31.30905 3606.73904
v -213.19233 34.24198 3610.92854
v -207.82091 35.57927 3601.44615
v -223.12970 39.62073 3599.65491
v -207.99284 46.12904 3601.19247
v -207.99284 46.12904 3601.19247
v -211.48615 43.94548 3608.06394
v -189.63090 43.03207 3623.80266
v -185.71059 44.68849 3618.20340
v -185.71059 44.68849 3618.20340
v -90.16258 30.52217 3703.35674
v 19.05196 11.62684 3789.84928
v -86.14106 32.43148 3697.70885
v -86.14106 32.43148 3697.70885
v 24.49542 11.61917 3782.42087
v 24.49542 11.61917 3782.42087
v 24.65748 1.62964 3779.85120
v 14.72492 -2.58823 3792.17792
v 87.77639 -23.07673 3881.69265
v 84.08319 -14.51717 3871.26327
v 93.47068 -21.50476 3891.92557
v 129.27622 -34.60553 3859.89189
v 127.38943 -30.06013 3852.56410
v 132.99091 -33.14038 3863.84845
v 152.85419 -46.58785 3843.90235
v 152.47098 -43.30615 3840.13915
v 156.29825 -45.67538 3848.75822
v 174.30753 -55.84130 3833.31919
v 172.63454 -51.81765 3828.29976
v 177.55604 -54.63241 3837.43358
v 230.29122 -79.09596 3799.54004
v 229.65921 -75.42276 3796.10825
v 233.92013 -77.51879 3803.80869
v 281.03667 -103.37508 3769.57464
v 280.35176 -99.12706 3766.30521
v 284.73565 -101.56161 3772.77088
v 291.80792 -104.34318 3763.10587
v 285.38579 -96.30065 3769.97948
v 282.41843 -96.45841 3766.99400
v 282.41843 -96.45841 3766.99400
v 230.99329 -72.39021 3796.00787
v 230.99329 -72.39021 3796.00787
v 233.51607 -72.87864 3800.07052
v 176.10641 -48.47524 3830.84583
v 176.10641 -48.47524 3830.84583
v 177.35261 -49.36806 3834.56373
v 153.41027 -38.72787 3839.97130
v 153.41027 -38.72787 3839.97130
v 156.52779 -41.17183 3846.40527
v 130.21034 -23.91028 3853.46222
v 130.21034 -23.91028 3853.46222
v 134.10378 -27.05780 3861.19270
v 87.66825 -6.49985 3873.38066
v 87.66825 -6.49985 3873.38066
v 93.28149 -10.42960 3885.89430
v 89.48322 27.70117 3935.24146
v 90.76090 18.74244 3937.81352
v 80.92924 26.76287 3938.35354
v 104.06881 38.36267 3906.28576
v 103.88110 33.58436 3903.33652
v 99.51469 38.20170 3905.24507
v 125.28327 54.40972 3862.88786
v 146.09614 65.92624 3817.11888
v 125.37566 50.82663 3862.18691
v 121.05896 55.10212 3861.41157
v 142.86682 65.95532 3816.60724
v 118.76850 51.51277 3860.19206
v 96.76193 34.57491 3903.25475
v 140.54844 62.80965 3815.73248
v 122.00032 48.53169 3860.51393
v 122.00032 48.53169 3860.51393
v 101.04116 31.59069 3902.95887
v 101.04116 31.59069 3902.95887
v 143.13596 59.62503 3816.11514
v 143.13596 59.62503 3816.11514
v 146.04115 62.97658 3816.59365
v 222.90972 96.32120 3669.94929
v 222.90972 96.32120 3669.94929
v 220.47856 99.76088 3668.58935
v 226.05726 98.63191 3670.82214
v 235.15889 102.68996 3648.98014
v 235.15889 102.68996 3648.98014
v 238.24409 103.73942 3644.04917
v 238.24409 103.73942 3644.04917
v 238.24409 103.73942 3644.04917
v 238.24409 103.73942 3644.04917
v 231.77117 106.46332 3647.84980
v 237.06269 105.62179 3651.85761
v 245.60213 114.35297 3637.65264
v 236.37310 108.94419 3653.50461
v 241.08425 105.10536 3643.46504
v 241.08425 105.10536 3643.46504
v 243.97621 106.79480 3639.83583
v 243.97621 106.79480 3639.83583
v 244.49643 101.50284 3633.34465
v 246.92461 103.01266 3632.25675
v 242.34477 100.07188 3634.04012
v 242.34477 100.07188 3634.04012
v 250.59187 99.19185 3624.63808
v 243.81071 103.26130 3630.85008
v 242.73539 101.52475 3632.86567
v 245.69285 103.18305 3631.41274
v 243.88680 108.40721 3636.82246
v 243.88680 108.40721 3636.82246
v 243.88680 108.40721 3636.82246
v 240.51300 108.31656 3635.99348
v 240.51300 108.31656 3635.99348
v 244.56552 113.68199 3636.11913
v 244.56552 113.68199 3636.11913
v 242.06692 116.29301 3633.00276
v 263.34757 136.65554 3607.15270
v 263.34757 136.65554 3607.15270
v 265.89257 136.66672 3610.52489
v 260.66741 138.19489 3606.10580
v 284.53472 165.11443 3571.40183
v 284.53472 165.11443 3571.40183
v 280.78088 166.79066 3570.89806
v 284.57999 166.26674 3572.73364
v 324.13045 216.74991 3506.45041
v 324.13045 216.74991 3506.45041
v 321.80536 217.86818 3506.19006
v 325.38638 217.00796 3506.98829
v 361.06932 259.74146 3456.65860
v 361.06932 259.74146 3456.65860
v 358.52826 260.94580 3456.28786
v 361.46885 260.52034 3457.50570
v 362.77148 263.18839 3453.79162
v 360.23885 261.69688 3459.23257
v 359.14052 261.65000 3457.91554
v 322.13238 218.72380 3508.83269
v 323.98584 219.19152 3510.15186
v 282.71070 168.04898 3572.19839
v 283.23165 167.26130 3574.39065
v 261.48584 140.36748 3609.20453
v 243.30565 119.17879 3636.49249
v 263.43358 139.60209 3611.54318
v 244.97008 118.01264 3639.78696
v 234.20900 109.67579 3649.81937
v 223.14087 102.26189 3668.34879
v 225.63666 101.54376 3671.23199
v 237.78519 106.02807 3640.16461
v 237.78519 106.02807 3640.16461
v 83.58454 14.25439 3934.41010
v 83.58454 14.25439 3934.41010
v 73.84425 19.16525 3937.02602
v 28.96287 47.80934 4279.20103
v 33.68592 51.84049 4290.08579
v 39.44697 43.95897 4266.76846
v -27.47975 189.31119 4179.23927
v -26.86837 196.20675 4188.79271
v -23.73026 189.16477 4173.66314
v -121.75363 342.99633 4095.25919
v -119.36127 349.01071 4100.67701
v -115.12297 342.68916 4088.10806
v -200.00336 480.24392 3995.81409
v -197.72097 482.26431 4000.60177
v -198.23357 479.04074 3993.63732
v -248.15872 546.98467 3948.17066
v -244.74806 552.44648 3951.56121
v -245.23500 546.00108 3942.94763
v -300.69825 602.44673 3897.84884
v -300.91003 606.07696 3902.40169
v -301.01830 602.19723 3896.45863
v -376.64002 663.04135 3851.34387
v -374.74662 667.57262 3854.04468
v -375.34317 662.62400 3849.05505
v -426.28625 701.42704 3823.23861
v -426.32073 706.55763 3827.83580
v -424.33634 700.50085 3819.59510
v -446.45014 717.52799 3816.33377
v -422.26771 705.45828 3820.88661
v -422.26771 705.45828 3820.88661
v -424.70598 707.09193 3826.21002
v -372.00505 670.74239 3852.22292
v -372.34536 667.29492 3849.34568
v -372.34536 667.29492 3849.34568
v -296.88096 607.46956 3898.71430
v -298.12938 605.42470 3897.88389
v -298.12938 605.42470 3897.88389
v -242.62354 555.80968 3952.34227
v -240.65536 550.88168 3944.03744
v -240.65536 550.88168 3944.03744
v -191.61111 482.76129 3997.34354
v -191.24037 481.23643 3993.71576
v -191.24037 481.23643 3993.71576
v -112.84237 349.69330 4096.32778
v -107.77121 344.85328 4086.37524
v -107.77121 344.85328 4086.37524
v -16.71322 196.43934 4182.76262
v -14.77149 192.52791 4175.45319
v -14.77149 192.52791 4175.45319
v 44.95219 52.61349 4290.26842
v 44.08931 47.87887 4273.36502
v 44.08931 47.87887 4273.36502
v -181.76183 546.15378 3979.66146
v -181.76183 546.15378 3979.66146
v -188.19126 646.45618 3947.10159
v -188.19126 646.45618 3947.10159
v -179.00705 546.75955 3983.55603
v -186.42300 647.14301 3950.16360
v -184.60163 549.42429 3987.50854
v -190.41827 648.16189 3953.82118
v -188.45382 547.72460 3986.32002
v -194.05782 648.69750 3952.68297
v -187.73320 546.22501 3981.72379
v -192.18275 647.70329 3948.81034
v -152.25375 446.36342 4029.64067
v -152.25375 446.36342 4029.64067
v -151.05650 448.59636 4034.08289
v -155.04563 450.22562 4037.45317
v -159.59859 448.76286 4037.44936
v -159.03836 446.40300 4032.23228
v -136.10780 385.57699 4057.39355
v -136.10780 385.57699 4057.39355
v -133.92884 388.33675 4062.64830
v -138.55186 389.93374 4067.23833
v -143.49246 388.27911 4065.59229
v -141.17464 385.92538 4059.90648
v -175.41066 499.47271 4013.91459
v -170.95050 499.44338 4013.52692
v -174.15214 496.63299 4007.61175
v -167.74148 500.61500 4009.70411
v -167.50959 496.63219 4005.17797
v -167.50959 496.63219 4005.17797
v -189.38705 653.99730 3944.63325
v -189.38705 653.99730 3944.63325
v -189.52686 653.46044 3947.80779
v -192.32115 654.63388 3950.08898
v -193.81642 655.39032 3950.12927
v -192.67610 654.75255 3946.38348
v -192.55885 655.85315 3946.33746
v -190.51060 611.74166 3964.53500
v -187.26370 611.35328 3966.10165
v -183.48193 610.47053 3962.35919
v -185.46933 609.97111 3959.09166
v -185.46933 609.97111 3959.09166
v -190.06544 611.16779 3960.08444
v -156.17101 -93.31279 4112.17833
v -160.09063 -94.97653 4112.61177
v -156.27371 -89.16294 4113.42955
v -163.15976 -92.64121 4114.60209
v -163.15976 -92.64121 4114.60209
v -160.86312 -88.66839 4114.88295
v -155.09130 -76.26269 4067.60168
v -158.87100 -78.01376 4067.56735
v -155.13848 -71.52653 4068.49432
v -162.33401 -75.04811 4069.03696
v -162.33401 -75.04811 4069.03696
v -159.92616 -71.56757 4069.36646
v -155.23294 -65.55728 4019.30332
v -159.21646 -66.73221 4021.02661
v -155.84296 -61.10243 4019.51599
v -161.95153 -64.81138 4021.50345
v -161.95153 -64.81138 4021.50345
v -160.00772 -61.38686 4020.87736
v -157.26645 -50.91073 3956.65526
v -160.52800 -53.51491 3957.83639
v -157.82388 -47.19762 3956.43330
v -163.37760 -50.56453 3958.42075
v -163.37760 -50.56453 3958.42075
v -161.46539 -47.26894 3958.10604
v -161.76079 -24.25069 3885.31804
v -164.90833 -25.85103 3886.41500
v -162.81970 -21.02480 3887.32767
v -166.71641 -23.67377 3887.75730
v -166.71641 -23.67377 3887.75730
v -165.11509 -20.58734 3889.28080
v -168.90438 21.57960 3803.22385
v -171.91999 20.09704 3804.76832
v -168.41806 24.76898 3804.33440
v -174.39948 21.08826 3805.96685
v -174.39948 21.08826 3805.96685
v -173.49528 23.40027 3805.45115
v -177.94442 31.94637 3782.16243
v -180.28210 30.96127 3783.44083
v -178.83067 32.32243 3783.22649
v -180.48730 31.69005 3783.61320
v -180.48730 31.69005 3783.61320
v -180.57351 33.12682 3784.10554
v -180.23323 36.16714 3776.20745
v -173.73842 30.06325 3797.90211
v -163.72417 32.44688 3794.37852
v -169.89543 26.15086 3795.29309
v -174.26151 25.34015 3795.62378
v -176.22933 26.83394 3797.12653
v -176.22933 26.83394 3797.12653
v -177.22534 27.54327 3790.46822
v -174.64711 29.66838 3791.53490
v -177.89763 29.21014 3790.88616
v -177.89763 29.21014 3790.88616
v -177.43869 30.02975 3791.77189
v -175.13964 29.21278 3790.49969
v -175.62099 29.84830 3794.96121
v -172.78029 27.40613 3793.14494
v -175.26622 27.09702 3792.43326
v -171.24575 30.22361 3794.84773
v -177.35143 27.79088 3794.26432
v -177.35143 27.79088 3794.26432
v -153.74498 -98.84763 4121.15049
v -160.54831 -102.19709 4122.65778
v -154.38138 -92.21528 4124.32146
v -164.45816 -98.32800 4126.10817
v -164.45816 -98.32800 4126.10817
v -161.04603 -92.68604 4126.79672
v -138.37472 -87.95886 4150.09165
v -135.17128 -83.53239 4163.06543
v -134.56269 -94.94895 4153.48101
v -135.66454 -94.43466 4162.37259
v -135.66454 -94.43466 4162.37259
v -136.15182 -82.15908 4153.52440
v -159.52484 -97.03659 4152.93169
v -160.55717 -95.80941 4161.22627
v -160.26527 -101.29412 4157.85885
v -160.02664 -101.00674 4160.92348
v -160.02664 -101.00674 4160.92348
v -160.15418 -94.38468 4156.19183
v -223.38633 -127.06290 4166.61358
v -223.52485 -126.07867 4172.50490
v -223.01202 -129.39905 4168.83039
v -222.51047 -130.12436 4172.85156
v -222.51047 -130.12436 4172.85156
v -223.72161 -125.01459 4168.69593
v -325.58239 -190.57915 4189.02254
v -326.84869 -189.16558 4194.62061
v -325.14340 -193.17518 4190.88221
v -325.14584 -193.04980 4194.61966
v -325.14584 -193.04980 4194.61966
v -327.60614 -189.10743 4191.71047
v -190.82683 -113.12098 4160.14814
v -191.34660 -113.03698 4164.49022
v -191.34660 -113.03698 4164.49022
v -192.35590 -107.19322 4160.30836
v -191.24147 -110.16078 4157.50504
v -192.27295 -108.70040 4164.59227
v -349.73115 -199.06150 4187.07895
v -353.66964 -200.16715 4193.91394
v -350.21764 -202.80740 4190.34576
v -351.04018 -203.01814 4192.28029
v -351.04018 -203.01814 4192.28029
v -352.12612 -197.90949 4189.27240
v -403.57023 -204.02004 4174.62492
v -405.69842 -203.63684 4178.41148
v -404.39385 -206.10051 4175.51804
v -404.97041 -207.28640 4177.08492
v -404.97041 -207.28640 4177.08492
v -405.16698 -203.63681 4175.75264
v -457.31390 -208.31235 4158.38766
v -459.53655 -208.87606 4162.84943
v -458.81701 -211.71644 4160.92348
v -459.09977 -211.21134 4162.11081
v -459.09977 -211.21134 4162.11081
v -458.04769 -207.76860 4160.51579
v -500.23699 -213.33270 4142.47942
v -501.94573 -213.51616 4145.69950
v -501.06156 -215.49056 4143.59665
v -501.41752 -216.03189 4144.82737
v -501.41752 -216.03189 4144.82737
v -501.07121 -212.97322 4143.92185
v -504.08840 -215.28897 4143.45360
v -375.16731 -205.56031 4185.01472
v -375.16731 -205.56031 4185.01472
v -373.00557 -206.38585 4181.53954
v -374.74602 -200.97405 4182.44553
v -376.21039 -202.87050 4186.16390
v -373.06070 -202.25541 4180.42421
v -341.77208 -196.94097 4196.77734
v -341.28350 -195.62675 4192.19351
v -338.99754 -200.08577 4191.93363
v -340.13689 -201.77762 4196.59901
v -340.13689 -201.77762 4196.59901
v -338.74214 -196.68204 4189.20946
v -349.82681 -204.41470 4197.99614
v -349.82681 -204.41470 4197.99614
v -349.31612 -206.38619 4195.56379
v -349.31612 -206.38619 4195.56379
v -349.31612 -206.38619 4195.56379
v -346.99368 -206.89622 4194.69595
v -346.99368 -206.89622 4194.69595
v -346.59868 -203.25957 4198.41051
v -346.59868 -203.25957 4198.41051
v -344.25777 -205.31633 4195.15276
v -344.25777 -205.31633 4195.15276
v -343.55378 -204.30632 4197.23415
v -343.55378 -204.30632 4197.23415
v -343.55378 -204.30632 4197.23415
v -343.55378 -204.30632 4197.23415
v -351.90719 -211.77222 4202.50559
v -351.52727 -212.94419 4201.16901
v -350.94464 -213.67975 4200.07992
v -350.19517 -211.85441 4202.97003
v -349.88248 -212.92423 4201.71595
v -349.09117 -212.39530 4203.38917
v -349.09117 -212.39530 4203.38917
v -354.91121 -220.98242 4205.11341
v 48.45918 -6.84089 4356.57167
v 37.57725 -5.13117 4368.08825
v 37.57725 -5.13117 4368.08825
v 46.27224 -18.67693 4366.61720
v 39.10910 -21.23988 4377.44188
v 41.01982 3.52326 4360.20517
v -52.38881 -40.61227 4264.98890
v -63.44609 -42.53472 4275.43592
v -63.44609 -42.53472 4275.43592
v -54.63710 -53.15322 4270.70093
v -62.75792 -50.63916 4277.42243
v -56.30079 -37.09111 4265.83099
v -134.47914 -89.66038 4146.17634
v -146.95632 -87.02681 4155.26342
v -146.95632 -87.02681 4155.26342
v -138.48093 -98.80437 4151.50928
v -144.23230 -97.27880 4155.63154
v -140.48848 -85.34069 4148.97585
v -219.19392 -116.86317 4033.86116
v -225.77046 -117.56528 4041.22448
v -225.77046 -117.56528 4041.22448
v -220.45548 -122.30323 4038.49220
v -225.47986 -121.34544 4042.74225
v -220.07675 -114.61061 4034.39665
v -262.73257 -114.47149 3972.37492
v -270.65247 -114.70181 3978.60026
v -270.65247 -114.70181 3978.60026
v -268.26906 -121.37140 3977.69523
v -271.99131 -124.54026 3980.47924
v -264.51474 -109.92037 3973.09589
v -295.54349 -103.46717 3907.42660
v -298.95341 -105.29536 3910.13360
v -298.95341 -105.29536 3910.13360
v -297.29062 -108.80735 3909.98054
v -300.90016 -107.10566 3911.92842
v -295.49086 -102.36523 3906.46076
v -317.03097 -109.39650 3830.92833
v -322.59548 -110.60206 3834.37085
v -322.59548 -110.60206 3834.37085
v -320.78123 -114.00532 3834.56421
v -324.78994 -114.68043 3836.58242
v -317.75707 -107.56531 3830.89614
v -329.67943 -114.09189 3781.78811
v -335.02293 -114.92147 3784.79242
v -335.02293 -114.92147 3784.79242
v -332.63922 -120.38065 3784.76453
v -334.09750 -119.58290 3785.47192
v -330.58441 -111.01631 3781.59428
v -334.29372 -119.39659 3764.02402
v -91.49854 -65.64946 4223.92035
v -92.16367 -63.00505 4228.87754
v -90.38915 -67.60862 4225.90351
v -89.84624 -66.47179 4229.17938
v -89.84624 -66.47179 4229.17938
v -93.39140 -63.89678 4226.45426
v -115.42936 -79.59829 4228.47605
v -118.29419 -79.65992 4235.48079
v -114.89339 -82.50170 4232.07712
v -115.41845 -82.35693 4233.98399
v -115.41845 -82.35693 4233.98399
v -117.73252 -78.37243 4230.70192
v -172.03248 -99.16282 4229.15316
v -173.70875 -98.20487 4232.85675
v -172.44419 -101.14150 4230.45206
v -172.62891 -102.00465 4232.14626
v -172.62891 -102.00465 4232.14626
v -173.56285 -98.81545 4230.40581
v -229.20452 -119.07757 4226.36318
v -230.73943 -118.88946 4230.84021
v -229.87594 -122.05672 4229.46787
v -230.06158 -121.29679 4230.48830
v -230.06158 -121.29679 4230.48830
v -229.71855 -118.11899 4228.29771
v -275.07812 -137.34809 4221.80748
v -276.32612 -137.01439 4225.02184
v -275.44588 -139.34273 4223.31715
v -275.54786 -139.61583 4224.56360
v -275.54786 -139.61583 4224.56360
v -275.77221 -136.77828 4223.18792
v -278.61392 -139.81862 4223.76633
v -140.99164 -91.89652 4232.85437
v -140.99164 -91.89652 4232.85437
v -139.16926 -93.19791 4229.49171
v -141.61102 -87.98975 4229.74205
v -142.28348 -89.15649 4233.63209
v -139.99455 -89.44652 4227.83327
v -106.07845 -73.20914 4235.07595
v -106.45714 -73.05560 4230.71575
v -103.49406 -77.03535 4230.76630
v -103.71870 -77.67510 4235.39162
v -103.71870 -77.67510 4235.39162
v -104.13636 -74.36983 4227.74696
v -113.10418 -81.92705 4239.01272
v -113.10418 -81.92705 4239.01272
v -112.65898 -84.42081 4237.09249
v -112.65898 -84.42081 4237.09249
v -112.65898 -84.42081 4237.09249
v -110.32391 -84.67055 4235.94427
v -110.32391 -84.67055 4235.94427
v -109.88490 -79.99947 4238.53636
v -109.88490 -79.99947 4238.53636
v -107.66637 -82.41624 4235.53324
v -107.66637 -82.41624 4235.53324
v -106.77461 -80.70978 4237.06007
v -106.77461 -80.70978 4237.06007
v -106.77461 -80.70978 4237.06007
v -106.77461 -80.70978 4237.06007
v -113.49836 -88.38415 4244.63034
v -113.13848 -89.82071 4243.56985
v -112.59563 -90.71773 4242.61379
v -111.65313 -87.97961 4244.70901
v -111.36445 -89.30681 4243.71719
v -110.37439 -88.16642 4244.94648
v -110.37439 -88.16642 4244.94648
v -114.86080 -97.37400 4249.06397
v 252.33799 -63.08140 4463.13143
v 119.04176 -26.72428 4599.78008
v 247.51467 -56.71848 4457.66926
v 259.91371 -60.51311 4469.32268
v 372.92683 -105.44866 4340.62481
v 368.82967 -99.44461 4336.35569
v 381.03771 -101.83184 4346.02451
v 395.65742 -114.56198 4319.15617
v 390.84125 -108.67823 4311.69462
v 403.97990 -114.50650 4322.98803
v 408.66625 -111.58657 4299.70312
v 407.09835 -104.86398 4319.55671
v 407.09835 -104.86398 4319.55671
v 397.23074 -101.78328 4312.34264
v 373.47245 -91.82355 4338.88912
v 381.40112 -94.48071 4346.40026
v 381.40112 -94.48071 4346.40026
v 252.14094 -48.49571 4459.18226
v 118.76602 -6.35057 4593.20164
v 260.19576 -50.95599 4466.78448
v 260.19576 -50.95599 4466.78448
v 128.69138 -11.93627 4604.21133
v 128.69138 -11.93627 4604.21133
v 129.64693 -23.11454 4608.56533
v 112.13970 -17.75718 4590.27290
v 142.24346 -17.23177 5049.48616
v 119.27046 7.97959 5034.37281
v 130.68889 -30.12323 5034.70707
v 119.58449 -15.20559 5019.90080
v 119.58449 -15.20559 5019.90080
v 134.69885 -2.15656 5052.43921
v 168.83194 -13.56796 5026.15547
v 158.57872 1.90250 5013.41105
v 162.27879 -14.60898 5011.44791
v 157.53411 -9.77592 5006.66332
v 157.53411 -9.77592 5006.66332
v 165.42324 -2.79409 5024.17803
v 242.70695 0.15587 4951.36356
v 235.48359 10.89011 4941.24317
v 239.62007 -1.71264 4943.75801
v 233.86672 2.21527 4934.74722
v 233.86672 2.21527 4934.74722
v 240.41699 7.67859 4950.17862
v 394.84593 -1.32666 4860.38160
v 389.82835 10.90405 4851.83287
v 392.12814 -4.30559 4853.10125
v 387.46548 1.40871 4845.97445
v 387.46548 1.40871 4845.97445
v 394.71492 7.47817 4857.87058
v 203.48737 -9.27026 4982.68986
v 198.01551 -2.34703 4975.22545
v 198.01551 -2.34703 4975.22545
v 206.33842 4.58295 4990.45992
v 208.31560 -6.60447 4991.33301
v 199.83335 7.59841 4980.98850
v 438.96243 1.04304 4861.78446
v 437.22349 12.43732 4848.42920
v 436.19785 -1.36175 4850.55399
v 435.20066 1.80002 4846.80319
v 435.20066 1.80002 4846.80319
v 440.11191 8.82126 4859.94482
v 545.62688 22.87903 4899.51038
v 544.44528 31.16914 4893.43405
v 546.16797 20.71430 4895.27941
v 545.34066 21.12354 4890.84196
v 545.34066 21.12354 4890.84196
v 546.85915 26.79208 4898.42081
v 656.75175 40.45936 4945.48130
v 655.01070 47.89513 4936.84483
v 656.56209 38.63012 4936.51676
v 655.49600 41.65513 4934.98468
v 655.49600 41.65513 4934.98468
v 655.26819 45.35744 4942.33418
v 749.36593 46.96565 4985.79025
v 748.25668 52.88446 4979.89893
v 749.64035 44.97090 4981.01807
v 748.77727 45.99668 4978.02258
v 748.77727 45.99668 4978.02258
v 748.92795 50.58009 4983.77132
v 754.88245 47.98954 4982.69892
v 485.13794 8.47375 4866.56761
v 485.13794 8.47375 4866.56761
v 485.93256 -0.29326 4871.43040
v 487.03584 13.66941 4877.58875
v 485.11565 16.59917 4868.32905
v 486.88188 6.53932 4879.18139
v 413.23996 12.11220 4842.73863
v 417.95191 7.64058 4853.26862
v 415.00521 -3.94603 4846.92812
v 411.33466 0.48174 4835.97660
v 411.33466 0.48174 4835.97660
v 417.52729 -1.23077 4856.72474
v 426.22912 6.17154 4833.32014
v 426.22912 6.17154 4833.32014
v 428.65038 -1.86916 4835.22320
v 428.65038 -1.86916 4835.22320
v 428.65038 -1.86916 4835.22320
v 425.89051 -6.33717 4835.36434
v 425.89051 -6.33717 4835.36434
v 420.13699 6.12383 4832.86047
v 420.13699 6.12383 4832.86047
v 420.51774 -4.99956 4835.57606
v 420.51774 -4.99956 4835.57606
v 416.61495 -0.55938 4832.61108
v 416.61495 -0.55938 4832.61108
v 416.61495 -0.55938 4832.61108
v 416.61495 -0.55938 4832.61108
v 425.06394 -0.28931 4815.40442
v 426.23889 -4.98022 4816.29562
v 426.70894 -8.61104 4817.21449
v 421.61790 -1.37215 4813.74884
v 422.78987 -5.67261 4814.64100
v 419.30917 -2.88862 4811.79142
v 419.30917 -2.88862 4811.79142
v 428.05636 -12.43860 4799.05605
v 295.38327 -1.19400 4908.10156
v 299.34779 1.45890 4912.22429
v 292.50047 3.44571 4908.40244
v 298.89619 6.72814 4915.57121
v 294.29245 8.57123 4912.04309
v 294.29245 8.57123 4912.04309
v 310.62233 19.52778 4853.89042
v 315.16001 22.18067 4857.32174
v 307.03002 24.39003 4851.57061
v 313.52973 28.03971 4858.07705
v 309.26183 28.88011 4856.03237
v 309.26183 28.88011 4856.03237
v 346.01367 45.47905 4785.55918
v 348.64745 46.22683 4788.39445
v 344.28209 47.27184 4786.60393
v 348.99020 49.20956 4790.18497
v 344.70499 51.55712 4787.26482
v 344.70499 51.55712 4787.26482
v 326.32464 32.00081 4818.00604
v 329.00891 33.81015 4821.40398
v 325.34003 39.93446 4820.52326
v 325.34003 39.93446 4820.52326
v 323.91059 36.27138 4817.47437
v 329.93305 37.33487 4823.27986
v 375.22659 74.74154 4726.57585
v 378.81103 76.06669 4728.90091
v 373.59786 77.78426 4727.19336
v 379.16166 81.06819 4731.50301
v 375.69624 82.08632 4730.31139
v 375.69624 82.08632 4730.31139
v 379.62741 94.18993 4651.10397
v 383.68881 94.85246 4653.79047
v 377.04957 97.81372 4651.84355
v 383.48106 100.75913 4655.98440
v 379.22943 102.49822 4654.44708
v 379.22943 102.49822 4654.44708
v 392.61135 109.42437 4583.68444
v 394.35431 110.46498 4585.23273
v 390.49503 112.91127 4583.44555
v 394.41136 113.63065 4586.30800
v 391.81492 114.44028 4585.17408
v 391.81492 114.44028 4585.17408
v 412.57966 123.34371 4486.06777
v 414.52828 124.28854 4487.35046
v 410.16853 125.70292 4485.76927
v 414.38165 127.85468 4487.84351
v 412.09677 129.44572 4487.54025
v 412.09677 129.44572 4487.54025
v 412.86436 124.06681 4480.36194
v 268.93204 411.22842 4777.09818
v 271.44480 411.19367 4771.89827
v 263.61567 408.04669 4776.73674
v 268.67601 407.59376 4767.91286
v 268.67601 407.59376 4767.91286
v 263.39671 405.83718 4770.62654
v 252.67619 468.37083 4753.48043
v 255.33497 469.02603 4748.27385
v 246.66214 465.49556 4752.90823
v 251.88801 465.94778 4743.33143
v 251.88801 465.94778 4743.33143
v 247.20424 464.29005 4746.32931
v 244.92899 532.93586 4727.51093
v 246.68920 530.91240 4722.75162
v 239.41487 531.11768 4725.83723
v 244.57262 529.59067 4718.59694
v 244.57262 529.59067 4718.59694
v 240.12718 529.30254 4720.45898
v 234.15881 616.42814 4690.96518
v 237.67805 615.65584 4687.28161
v 229.61523 615.47691 4689.30292
v 234.27710 613.83158 4682.80792
v 234.27710 613.83158 4682.80792
v 229.96044 613.14797 4684.80110
v 209.69509 708.10294 4644.17791
v 211.95605 707.10689 4640.42139
v 205.56302 704.16737 4642.97009
v 209.30403 704.47338 4637.99715
v 209.30403 704.47338 4637.99715
v 205.07365 701.26539 4640.47623
v 162.86135 808.44158 4584.44071
v 164.90687 806.77307 4581.07328
v 158.68816 805.78440 4585.06393
v 163.83612 804.74842 4577.83079
v 163.83612 804.74842 4577.83079
v 160.89615 804.68649 4578.44448
v 153.47503 834.67573 4558.83312
v 154.84624 833.21172 4556.22959
v 152.99132 833.04679 4557.98101
v 153.94120 832.72022 4555.86863
v 153.94120 832.72022 4555.86863
v 152.09997 831.53552 4555.69792
v 149.17710 841.65269 4551.72825
v 153.47961 813.07727 4573.07148
v 149.67276 817.21646 4585.54411
v 158.19450 818.08645 4578.20034
v 159.70878 817.90680 4572.12734
v 157.91164 815.27984 4569.68355
v 157.91164 815.27984 4569.68355
v 157.92190 824.44453 4564.82506
v 154.82453 822.20691 4568.70222
v 155.87428 823.28749 4563.71403
v 155.87428 823.28749 4563.71403
v 154.69089 821.75595 4564.65721
v 155.57478 823.82560 4567.56449
v 154.32242 817.30884 4568.91680
v 157.23264 820.69969 4572.67380
v 158.00884 821.81627 4568.74514
v 153.32571 817.33048 4575.19627
v 157.18734 818.99893 4566.44917
v 157.18734 818.99893 4566.44917
v 274.50418 400.43756 4786.14140
v 279.35454 399.46777 4777.57740
v 265.92985 393.69977 4785.44474
v 274.60432 393.28557 4772.77040
v 274.60432 393.28557 4772.77040
v 267.05468 390.38080 4776.98612
v 255.64113 355.81255 4820.66107
v 248.20918 335.97180 4830.82533
v 263.50790 353.39901 4829.29182
v 261.96933 340.66883 4831.92682
v 261.96933 340.66883 4831.92682
v 247.72279 348.98117 4824.44668
v 269.26649 354.94846 4792.86861
v 266.89810 342.81814 4795.17221
v 274.10430 349.44302 4795.04013
v 273.35995 345.01630 4796.83256
v 273.35995 345.01630 4796.83256
v 265.65310 349.44171 4793.01596
v 313.08305 346.01995 4711.96938
v 311.18667 337.36435 4714.45465
v 315.69755 343.68441 4714.06651
v 316.07467 338.25114 4716.91322
v 316.07467 338.25114 4716.91322
v 310.32407 342.38192 4712.09097
v 402.46126 336.27835 4585.82878
v 400.20210 327.89329 4586.43293
v 405.43392 334.53572 4587.89730
v 404.84366 329.21448 4589.69784
v 404.84366 329.21448 4589.69784
v 400.56106 331.98556 4583.88758
v 292.39154 350.31760 4753.73650
v 291.84675 344.15784 4755.08356
v 291.84675 344.15784 4755.08356
v 285.15735 348.07447 4750.39864
v 289.05195 353.04245 4751.24836
v 286.53237 342.53770 4752.91586
v 416.26921 341.97521 4551.18418
v 417.34377 332.70857 4548.97881
v 420.62926 338.63950 4552.81353
v 420.76960 335.98089 4552.59705
v 420.76960 335.98089 4552.59705
v 414.87160 338.49016 4548.52057
v 430.56735 361.38859 4467.20171
v 429.91224 355.91540 4465.86084
v 433.16436 360.83838 4466.84504
v 434.53512 359.03117 4467.00239
v 434.53512 359.03117 4467.00239
v 430.15519 359.66927 4465.33823
v 444.46081 385.91775 4381.37531
v 444.92179 379.81388 4380.41449
v 448.60446 383.50025 4381.08969
v 447.87067 381.65221 4381.15644
v 447.87067 381.65221 4381.15644
v 443.62524 382.72858 4381.23369
v 457.88732 410.20349 4311.70559
v 457.95390 405.72235 4310.81486
v 460.55511 409.36315 4311.47289
v 461.13238 407.81042 4311.66124
v 461.13238 407.81042 4311.66124
v 457.37395 408.04580 4311.11813
v 460.69422 409.50450 4306.92863
v 427.77255 347.16931 4514.20069
v 427.77255 347.16931 4514.20069
v 428.93991 352.35319 4515.83099
v 422.28976 349.23303 4512.65049
v 424.40808 344.63158 4512.70151
v 423.91673 352.52079 4514.38427
v 411.50996 327.53500 4567.16919
v 410.34010 333.56002 4565.38105
v 415.65761 335.44129 4569.48757
v 417.37017 329.43174 4570.43743
v 417.37017 329.43174 4570.43743
v 411.69053 338.12797 4567.85297
v 421.70039 328.38145 4557.44934
v 421.70039 328.38145 4557.44934
v 424.38239 332.48785 4557.39784
v 424.38239 332.48785 4557.39784
v 424.38239 332.48785 4557.39784
v 424.83306 333.88171 4560.47678
v 424.83306 333.88171 4560.47678
v 419.81015 327.39452 4562.15191
v 419.81015 327.39452 4562.15191
v 422.46813 332.69075 4564.39495
v 422.46813 332.69075 4564.39495
v 420.87770 329.40504 4566.24460
v 420.87770 329.40504 4566.24460
v 420.87770 329.40504 4566.24460
v 420.87770 329.40504 4566.24460
v 430.62481 324.52643 4558.06828
v 432.19700 326.81254 4558.20322
v 433.17023 328.60023 4558.67004
v 430.46185 323.89429 4560.82010
v 431.90518 326.02945 4560.87685
v 430.95228 323.48356 4562.74986
v 430.95228 323.48356 4562.74986
v 442.19849 323.99070 4556.77176
v 107.23172 36.07316 5179.31890
v 105.10448 19.25142 5168.67495
v 105.10448 19.25142 5168.67495
v 121.12088 25.92616 5183.38013
v 123.95132 11.52888 5178.69329
v 94.78331 27.42610 5168.14232
v 172.52305 177.18321 4993.46209
v 175.07890 163.11128 4982.75805
v 175.07890 163.11128 4982.75805
v 187.80351 173.39692 4995.45288
v 184.88683 163.06645 4986.34720
v 168.51056 174.80302 4987.44488
v 257.73945 361.91246 4824.78952
v 254.93765 348.21194 4810.43577
v 254.93765 348.21194 4810.43577
v 269.03746 357.50806 4823.35138
v 267.36438 351.18040 4816.64085
v 252.76160 356.50119 4816.49923
v 315.23776 530.02506 4651.11685
v 316.07315 519.88125 4645.22552
v 316.07315 519.88125 4645.22552
v 321.65152 525.34169 4652.61507
v 320.58299 519.02544 4647.14432
v 312.47091 528.50258 4649.63913
v 324.77376 616.15729 4556.76889
v 325.31807 607.46306 4548.25926
v 325.31807 607.46306 4548.25926
v 333.45979 611.00918 4552.63138
v 337.55526 608.16675 4549.16954
v 319.22537 613.59179 4553.60794
v 322.62653 704.21630 4474.73288
v 325.01763 701.02495 4471.42506
v 325.01763 701.02495 4471.42506
v 329.21681 702.43436 4474.48301
v 327.31134 699.11224 4469.81049
v 321.35570 705.20467 4474.11871
v 341.57294 814.33314 4406.99244
v 343.36731 809.89605 4400.76494
v 343.36731 809.89605 4400.76494
v 347.37170 810.77862 4404.19245
v 348.47644 808.16835 4399.44172
v 339.37901 813.75629 4405.54953
v 354.70822 885.36835 4365.34548
v 356.05648 881.42145 4359.15232
v 356.05648 881.42145 4359.15232
v 362.58432 883.31586 4363.71422
v 361.68602 882.04861 4361.76538
v 351.00079 884.59593 4363.31463
v 363.96793 912.27728 4350.94452
v 213.40361 243.81855 4921.03767
v 209.60702 235.91772 4921.96465
v 215.48352 241.68329 4924.02220
v 213.61589 236.66738 4926.19514
v 213.61589 236.66738 4926.19514
v 211.15413 239.64712 4919.15703
v 233.25846 242.19930 4890.97786
v 232.87636 232.33420 4890.22160
v 236.40087 238.10214 4894.10162
v 236.06354 235.36079 4894.23704
v 236.06354 235.36079 4894.23704
v 231.75350 238.64326 4888.45015
v 264.61899 248.05354 4812.27112
v 263.19963 242.50019 4811.43761
v 266.99078 246.89446 4812.69646
v 267.89507 244.79620 4813.42602
v 267.89507 244.79620 4813.42602
v 264.22888 246.16966 4810.57310
v 296.88990 258.92469 4731.10342
v 296.32491 252.54157 4731.00853
v 300.33386 255.55715 4732.23066
v 299.28911 253.85782 4732.30696
v 299.28911 253.85782 4732.30696
v 295.53145 255.86715 4731.10676
v 325.91474 271.70187 4665.29703
v 325.27897 267.05104 4664.97564
v 328.27649 270.25020 4665.89308
v 328.48558 268.58336 4666.40759
v 328.48558 268.58336 4666.40759
v 325.12850 269.55965 4664.84261
v 329.21061 269.78594 4661.56626
v 251.27375 240.27196 4858.11377
v 251.27375 240.27196 4858.11377
v 253.06448 245.46053 4859.39598
v 246.83152 243.33698 4854.90799
v 247.92045 238.24266 4856.05812
v 248.67298 246.52533 4856.63080
v 223.35467 230.67690 4906.63862
v 223.71596 236.78344 4903.91970
v 228.31498 238.06125 4909.07478
v 228.60485 231.74736 4911.13615
v 228.60485 231.74736 4911.13615
v 225.41532 241.41842 4906.12745
v 234.65645 228.10616 4900.00296
v 234.65645 228.10616 4900.00296
v 237.93946 231.66722 4900.21038
v 237.93946 231.66722 4900.21038
v 237.93946 231.66722 4900.21038
v 238.09601 233.36852 4903.11861
v 238.09601 233.36852 4903.11861
v 231.90579 228.11395 4904.10328
v 231.90579 228.11395 4904.10328
v 234.99906 233.17346 4906.36349
v 234.99906 233.17346 4906.36349
v 232.57986 230.43332 4908.07819
v 232.57986 230.43332 4908.07819
v 232.57986 230.43332 4908.07819
v 232.57986 230.43332 4908.07819
v 242.11887 222.37429 4903.45621
v 243.99199 224.36085 4903.74947
v 245.15638 226.01564 4904.25491
v 241.37621 222.12084 4906.11744
v 243.11356 223.97344 4906.31819
v 241.42385 221.84598 4908.14400
v 241.42385 221.84598 4908.14400
v 253.00235 219.18094 4905.41410
v 17.87797 -40.72139 5218.66655
v 10.45612 -40.09693 5222.93234
v 20.41658 -31.10075 5217.92316
v -72.30210 -54.72555 5110.59570
v 41.53185 -44.40055 5240.80849
v 30.20977 -43.43884 5250.17929
v 47.03790 -27.37967 5242.31768
v 38.12983 -19.82493 5251.27411
v 29.29828 -28.70375 5256.21128
v 29.29828 -28.70375 5256.21128
v 13.78564 -24.54224 5222.89085
v 8.21797 -30.67281 5226.73941
v 8.21797 -30.67281 5226.73941
v -78.65516 -39.30698 5112.88023
v -84.54332 -44.41565 5116.27722
v -84.54332 -44.41565 5116.27722
v -70.37462 -44.37136 5108.58965
v -179.68929 -69.99260 5002.85482
v -182.60199 -74.39734 5007.97367
v -182.60199 -74.39734 5007.97367
v -173.73571 -74.53763 4997.65444
v -313.30335 -106.66394 4860.33154
v -316.79425 -111.16824 4864.67743
v -316.79425 -111.16824 4864.67743
v -309.10996 -111.49499 4854.91800
v -463.80535 -150.61496 4700.15192
v -467.70182 -157.51141 4703.05395
v -467.70182 -157.51141 4703.05395
v -461.55247 -155.87761 4696.73967
v -655.56455 -217.57266 4503.26157
v -655.04187 -220.04354 4507.95746
v -655.04187 -220.04354 4507.95746
v -646.94482 -219.84452 4497.29538
v -673.67017 -219.39716 4481.23217
v -658.64646 -226.67098 4467.83257
v -678.22450 -224.78695 4485.91232
v -678.22450 -224.78695 4485.91232
v -682.69670 -223.83508 4477.64397
v -692.28482 -228.07744 4473.03391
v -673.25467 -225.66479 4475.07429
v -686.26332 -227.54361 4480.36146
v -686.26332 -227.54361 4480.36146
v -694.20147 -230.71846 4473.04869
v -694.20147 -230.71846 4473.04869
v -684.09169 -232.91200 4477.62012
v -692.14737 -234.53987 4474.62273
v -675.17972 -230.85378 4484.95340
v -677.49834 -232.45823 4477.25582
v -666.44186 -232.33099 4481.38523
v -688.60418 -232.79935 4471.28201
v -710.92784 -241.15705 4455.00135
v -686.09232 -230.52144 4472.04018
v -711.43192 -238.25046 4456.49910
v -714.50287 -234.51105 4457.41320
v -729.19422 -243.22787 4440.06109
v -714.07002 -237.77726 4458.76265
v -714.07002 -237.77726 4458.76265
v -713.35495 -239.38498 4459.50365
v -647.54903 -226.77666 4500.54741
v -650.70003 -225.02045 4506.50978
v -460.13427 -165.21098 4697.97134
v -464.24517 -164.35002 4703.45259
v -307.59957 -119.10577 4858.16050
v -312.10503 -120.14045 4864.43615
v -173.04736 -84.11857 5000.56648
v -177.89450 -81.11696 5007.16782
v -80.40824 -54.88902 5113.88063
v 247.98496 361.79495 5205.97506
v 247.98496 361.79495 5205.97506
v 310.61527 531.39848 5121.92249
v 310.61527 531.39848 5121.92249
v 254.98724 356.23160 5205.50632
v 319.20862 528.98246 5120.41616
v 259.27258 362.15857 5212.67843
v 322.68861 532.03803 5129.49562
v 252.85411 365.67736 5217.35191
v 317.27430 537.23884 5134.66024
v 246.19390 366.95766 5214.13803
v 310.98691 536.31097 5129.23384
v 177.53033 185.49377 5291.72182
v 177.53033 185.49377 5291.72182
v 186.41326 182.93616 5292.11330
v 189.67515 186.44303 5297.87493
v 184.39749 190.05787 5304.06523
v 175.70446 191.11931 5301.22328
v 132.97042 82.27521 5337.51011
v 132.97042 82.27521 5337.51011
v 144.17824 78.51356 5337.03709
v 148.27657 81.73324 5344.48195
v 140.67388 86.88775 5349.96319
v 132.69739 86.34856 5344.80667
v 102.73677 30.17581 5345.43943
v 102.73677 30.17581 5345.43943
v 130.55456 23.98503 5340.83748
v 143.34713 36.18953 5365.69357
v 120.57571 45.13469 5378.02792
v 97.85804 33.56330 5369.31515
v 221.65439 279.08960 5262.85648
v 224.27355 274.34462 5257.64608
v 211.56855 279.72975 5258.77237
v 224.05301 274.97730 5250.16975
v 213.52246 274.17925 5249.52078
v 213.52246 274.17925 5249.52078
v 316.73524 549.48914 5114.46810
v 316.73524 549.48914 5114.46810
v 321.37913 546.25136 5117.75970
v 324.04798 549.51710 5123.42167
v 323.57571 552.37317 5125.39482
v 317.22355 552.74063 5121.03796
v 319.01383 554.89010 5119.66801
v 284.16139 450.86160 5175.19569
v 290.11142 446.00657 5170.92896
v 286.44741 443.48118 5162.03308
v 277.52787 446.62192 5163.58566
v 277.52787 446.62192 5163.58566
v 275.84404 452.49519 5171.48304
v 112.88149 48.07138 5341.44163
v 112.88149 48.07138 5341.44163
v 122.86237 55.04379 5358.76417
v 131.69700 55.20858 5363.97505
v 138.05747 46.15386 5359.25055
v 131.42720 38.99243 5345.17193
v 73.81494 44.94111 5770.65039
v 69.22408 41.97019 5763.37194
v 83.36725 41.82924 5764.38618
v 30.05271 164.69961 5709.40828
v 71.68917 40.45531 5783.79107
v 90.33632 35.24914 5776.40724
v 62.50396 35.44646 5770.04957
v 77.14494 27.15230 5753.10612
v 75.50466 35.94847 5754.59862
v 93.93170 24.94655 5758.32319
v 93.93170 24.94655 5758.32319
v 84.91278 37.69638 5754.15087
v 84.91278 37.69638 5754.15087
v 40.57182 160.44284 5693.53867
v 40.57182 160.44284 5693.53867
v 31.87552 161.20584 5692.10052
v 40.01724 165.69860 5702.78358
v -2.84390 245.21954 5653.24688
v -2.84390 245.21954 5653.24688
v -51.77452 329.48998 5609.72404
v -51.77452 329.48998 5609.72404
v -13.13226 244.79353 5654.95777
v -3.84555 248.83974 5660.59351
v -54.21434 329.70420 5617.89131
v -11.74159 249.94394 5666.70799
v -59.66423 333.30005 5619.63797
v -14.55006 246.81072 5661.87429
v 23.91057 163.63487 5701.53761
v -63.38367 331.01940 5616.70685
v -61.15161 328.45578 5611.24325
v -132.41354 477.34654 5526.99804
v -127.02292 473.04076 5518.65196
v -128.19119 480.64271 5531.45361
v -197.41412 608.31034 5453.42731
v -190.58202 604.62451 5443.69936
v -192.05387 612.15389 5456.90060
v -270.61141 728.99997 5383.77380
v -267.38656 727.23019 5378.36885
v -269.23662 731.31347 5386.48033
v -391.54410 902.05860 5295.73011
v -388.13996 901.26467 5289.49165
v -389.43380 903.87738 5298.55919
v -394.71883 913.79368 5294.34443
v -382.55507 901.38936 5288.37347
v -382.55507 901.38936 5288.37347
v -383.01498 903.98729 5296.13113
v -262.52878 731.40383 5381.74248
v -262.50750 728.70970 5378.58009
v -262.50750 728.70970 5378.58009
v -183.40059 610.47089 5452.75784
v -181.99132 606.50551 5443.42756
v -181.99132 606.50551 5443.42756
v -122.02629 479.33778 5527.51303
v -120.26133 474.46012 5519.19746
v -120.26133 474.46012 5519.19746
v 135.05258 -74.33030 5842.78107
v 149.40111 -47.02329 5853.85418
v 126.15994 -56.65660 5835.26802
v 137.46108 -39.47778 5835.54554
v 137.46108 -39.47778 5835.54554
v 142.12318 -69.60770 5854.59900
v 155.14490 -84.36054 5807.59192
v 166.50435 -68.99946 5809.06820
v 156.63840 -70.99925 5800.20857
v 159.86484 -64.47242 5801.08404
v 159.86484 -64.47242 5801.08404
v 162.25131 -80.48248 5811.49483
v 216.71101 -106.93934 5703.04918
v 224.96037 -95.50925 5703.14789
v 216.63930 -100.27856 5698.63892
v 220.18729 -90.64716 5696.62428
v 220.18729 -90.64716 5696.62428
v 221.64419 -104.41181 5705.86681
v 301.92146 -186.85554 5528.42855
v 311.57419 -178.12945 5528.70083
v 301.08529 -180.67381 5523.69833
v 305.72611 -172.97374 5522.94254
v 305.72611 -172.97374 5522.94254
v 309.01301 -185.44950 5529.12092
v 185.16666 -90.48215 5751.36471
v 190.48150 -81.92546 5751.24454
v 190.48150 -81.92546 5751.24454
v 193.72319 -97.08753 5759.56154
v 186.13449 -99.16820 5755.64194
v 196.47929 -86.57259 5757.42865
v 319.75633 -224.83073 5500.36240
v 331.57670 -216.30864 5494.40908
v 320.57953 -216.50982 5492.73920
v 323.68052 -213.68696 5491.40024
v 323.68052 -213.68696 5491.40024
v 326.37540 -224.85739 5500.41389
v 363.48593 -334.99599 5464.08367
v 370.95290 -330.80339 5462.54587
v 363.48483 -333.19026 5459.77354
v 364.88813 -330.13248 5456.97880
v 364.88813 -330.13248 5456.97880
v 367.11419 -335.47366 5463.53865
v 403.19100 -453.29237 5429.99935
v 410.65165 -447.26163 5426.58663
v 404.67101 -448.35269 5422.57595
v 406.93781 -446.65194 5422.98079
v 406.93781 -446.65194 5422.98079
v 407.16577 -450.38867 5429.96931
v 429.78072 -552.90782 5400.77782
v 435.50876 -548.86407 5398.64349
v 429.97473 -550.59022 5396.27409
v 431.34707 -548.27243 5394.81211
v 431.34707 -548.27243 5394.81211
v 432.86356 -551.48065 5400.54846
v 433.57953 -555.92126 5394.92321
v 340.92623 -266.36565 5475.02565
v 340.92623 -266.36565 5475.02565
v 333.35906 -269.58323 5475.73614
v 341.85314 -273.85694 5483.88624
v 346.20279 -267.32206 5478.79124
v 336.15381 -274.54150 5483.15620
v 324.15068 -193.04535 5506.09016
v 319.33403 -202.60417 5509.84001
v 311.91561 -196.68965 5503.48902
v 317.22689 -187.78481 5498.69156
v 317.22689 -187.78481 5498.69156
v 311.68360 -204.04406 5510.24389
v 327.76916 -198.96255 5488.19208
v 327.76916 -198.96255 5488.19208
v 322.28267 -201.98072 5485.69679
v 322.28267 -201.98072 5485.69679
v 322.28267 -201.98072 5485.69679
v 317.98452 -199.70679 5486.37104
v 317.98452 -199.70679 5486.37104
v 325.59252 -193.57832 5491.94145
v 325.59252 -193.57832 5491.94145
v 316.86059 -195.29310 5490.56339
v 316.86059 -195.29310 5490.56339
v 319.53853 -190.44305 5492.17892
v 319.53853 -190.44305 5492.17892
v 319.53853 -190.44305 5492.17892
v 319.53853 -190.44305 5492.17892
v 328.41265 -188.41402 5473.06967
v 325.19263 -189.85781 5471.60339
v 322.46190 -190.72656 5470.94488
v 326.86788 -184.62072 5473.78969
v 323.92749 -186.06435 5472.43977
v 325.53509 -181.62405 5473.37675
v 325.53509 -181.62405 5473.37675
v 326.02268 -182.18063 5454.69999
v 249.37448 -128.34597 5633.13770
v 251.45477 -133.89714 5634.45616
v 251.53440 -126.09580 5636.67822
v 254.00689 -135.32214 5638.92031
v 254.73222 -129.56910 5639.81152
v 254.73222 -129.56910 5639.81152
v 287.35903 -112.44510 5586.43198
v 289.87589 -118.11177 5586.82156
v 290.25099 -108.20241 5588.46569
v 293.23873 -117.16577 5590.22617
v 292.89407 -112.48080 5591.75873
v 292.89407 -112.48080 5591.75873
v 341.19761 -106.05410 5516.56008
v 341.81857 -109.78851 5517.21573
v 341.50314 -105.15765 5519.07301
v 343.52133 -111.04465 5519.25611
v 344.53502 -105.88608 5520.55502
v 344.53502 -105.88608 5520.55502
v 313.71737 -106.65082 5551.35298
v 314.94135 -110.73219 5552.72436
v 318.25253 -107.19674 5556.30493
v 318.25253 -107.19674 5556.30493
v 316.05411 -104.35127 5553.81680
v 317.22540 -112.52676 5554.59642
v 392.10731 -99.44159 5459.15413
v 393.66433 -103.70897 5458.93526
v 393.48784 -98.41023 5461.62748
v 396.56344 -105.41311 5462.19492
v 396.37521 -101.86020 5463.90438
v 396.37521 -101.86020 5463.90438
v 431.90432 -63.07551 5402.76718
v 433.04801 -67.93457 5402.31514
v 433.30735 -61.31117 5406.14843
v 436.51944 -68.95453 5405.89714
v 436.66533 -64.55766 5408.07819
v 436.66533 -64.55766 5408.07819
v 469.31750 -38.21650 5345.64590
v 470.22623 -40.51559 5345.98160
v 471.10850 -36.32011 5347.90850
v 472.18221 -41.15078 5347.70870
v 472.15191 -38.36083 5348.81496
v 472.15191 -38.36083 5348.81496
v 518.06939 -3.17134 5259.77325
v 519.07134 -5.50239 5259.73415
v 518.95690 -0.98942 5261.85989
v 521.42543 -5.65748 5261.26003
v 521.80898 -3.57591 5263.03339
v 521.80898 -3.57591 5263.03339
v 520.52236 -0.37791 5255.32436
v 153.43840 -90.79988 5938.74264
v 150.21169 -78.09211 5925.86040
v 167.54596 -85.44285 5953.25994
v 298.39647 -205.91247 5855.50261
v 295.68321 -198.82865 5840.27100
v 305.22293 -204.53927 5860.19516
v 415.03799 -357.54979 5744.45629
v 416.22993 -350.77152 5733.53338
v 424.84614 -353.52901 5750.68331
v 543.03157 -499.97136 5664.70528
v 541.91095 -494.10146 5658.76913
v 545.09473 -499.16855 5667.84000
v 598.38390 -581.40373 5624.94802
v 601.49735 -574.60606 5616.27913
v 603.82593 -580.93578 5630.27191
v 645.40684 -671.01049 5599.81060
v 644.03796 -668.22743 5592.14354
v 646.17908 -672.25397 5601.16863
v 678.24614 -787.02933 5564.93855
v 680.33755 -782.62293 5557.79600
v 680.65000 -786.80336 5567.25693
v 696.97499 -861.64469 5541.72230
v 696.71786 -858.46406 5532.33814
v 700.54913 -861.45395 5545.70293
v 701.22218 -889.24021 5528.18012
v 704.20468 -857.61708 5539.19315
v 704.20468 -857.61708 5539.19315
v 699.43249 -857.35565 5533.07819
v 685.73880 -779.96117 5555.76849
v 685.51064 -782.42677 5561.89299
v 685.51064 -782.42677 5561.89299
v 650.54840 -665.23808 5593.63317
v 649.03921 -667.48881 5596.53568
v 649.03921 -667.48881 5596.53568
v 604.50506 -571.16014 5611.96709
v 609.16001 -574.09513 5624.11022
v 609.16001 -574.09513 5624.11022
v 548.74647 -488.35504 5661.01646
v 550.90892 -490.18374 5665.59362
v 550.90892 -490.18374 5665.59362
v 424.34645 -345.13927 5736.44400
v 432.35338 -345.16817 5749.90797
v 432.35338 -345.16817 5749.90797
v 307.13958 -189.69907 5845.15619
v 311.66154 -191.97832 5855.37291
v 311.66154 -191.97832 5855.37291
v 157.62058 -63.86116 5925.31013
v 167.72179 -75.37440 5943.86339
v 167.72179 -75.37440 5943.86339
v 613.28685 -480.14772 5603.91331
v 613.28685 -480.14772 5603.91331
v 705.45256 -497.30736 5516.25252
v 705.45256 -497.30736 5516.25252
v 612.21790 -474.35713 5600.29030
v 704.50962 -493.22921 5513.15022
v 607.31912 -478.73533 5593.95981
v 699.71251 -495.95231 5508.96978
v 604.72000 -484.40874 5596.64726
v 698.75073 -501.10710 5509.11045
v 607.91558 -486.36976 5601.97020
v 702.41988 -501.15156 5513.34381
v 521.52663 -423.89700 5678.28369
v 521.52663 -423.89700 5678.28369
v 520.16127 -419.56258 5672.33515
v 516.02638 -422.38599 5667.69314
v 512.17914 -428.21106 5669.15607
v 515.19072 -430.82410 5675.92812
v 466.70729 -393.49881 5725.62218
v 466.70729 -393.49881 5725.62218
v 465.64910 -387.40844 5718.48297
v 460.09278 -390.30653 5712.89444
v 457.22306 -397.60211 5715.84558
v 461.72053 -398.29960 5723.05059
v 556.76532 -456.71624 5629.86898
v 559.84509 -451.38711 5630.38921
v 560.77427 -459.14683 5638.06152
v 565.80305 -449.52229 5632.20024
v 566.91885 -452.30013 5640.24448
v 566.91885 -452.30013 5640.24448
v 711.95447 -499.49768 5509.64832
v 711.95447 -499.49768 5509.64832
v 708.88293 -497.85456 5507.75719
v 706.07448 -499.87620 5504.53186
v 705.63221 -501.64080 5503.58725
v 708.98545 -502.49082 5507.28989
v 709.85770 -502.26158 5506.09207
v 665.64643 -493.40075 5541.57019
v 666.11266 -488.46829 5540.91215
v 670.94064 -486.04786 5544.99674
v 672.04571 -490.50146 5548.03991
v 672.04571 -490.50146 5548.03991
v 669.19053 -495.52655 5545.72535
v 493.94512 496.19561 5760.83231
v 496.80054 496.94824 5754.47130
v 485.78215 495.55236 5758.18777
v 491.48238 496.05283 5747.20669
v 491.48238 496.05283 5747.20669
v 484.16889 495.69395 5749.24421
v 495.48215 571.35403 5764.29558
v 498.81303 572.74896 5758.34370
v 486.54026 571.43098 5761.52945
v 492.78110 573.06731 5750.15545
v 492.78110 573.06731 5750.15545
v 486.29045 572.42399 5752.64072
v 510.86390 651.03978 5769.71722
v 511.95264 649.93697 5762.68387
v 502.93112 652.38357 5766.23297
v 508.41206 651.13842 5756.59657
v 508.41206 651.13842 5756.59657
v 502.72411 652.21834 5758.49009
v 529.59436 755.55569 5772.98880
v 533.53089 754.50826 5768.14127
v 523.26792 757.33107 5770.08867
v 528.11414 755.91511 5761.28292
v 528.11414 755.91511 5761.28292
v 522.43435 756.47926 5763.11350
v 533.53542 878.73721 5767.54189
v 535.76237 878.07620 5762.39729
v 526.51662 877.08616 5763.46397
v 531.10248 877.52843 5757.65991
v 531.10248 877.52843 5757.65991
v 524.50854 875.27812 5758.60548
v 511.59912 1026.15714 5749.78161
v 513.29470 1024.75977 5744.71092
v 505.18525 1025.14601 5748.74210
v 510.85967 1024.40667 5739.40468
v 510.85967 1024.40667 5739.40468
v 507.11060 1025.48611 5739.96305
v 508.85701 1067.13557 5732.84388
v 509.82583 1065.97495 5728.80888
v 507.49880 1066.01179 5730.78823
v 508.43722 1066.02991 5728.01495
v 508.43722 1066.02991 5728.01495
v 505.57244 1065.73927 5726.99356
v 505.80144 1078.98736 5727.86808
v 500.76973 1039.59274 5737.80441
v 498.46143 1040.91167 5755.59330
v 509.24605 1040.59279 5747.44368
v 510.70416 1041.99338 5739.84957
v 507.14028 1041.06009 5735.14080
v 507.14028 1041.06009 5735.14080
v 510.66643 1052.29473 5734.51233
v 506.02275 1049.98267 5737.84304
v 507.48622 1052.48404 5732.32222
v 507.48622 1052.48404 5732.32222
v 505.39279 1051.10955 5732.52249
v 507.58511 1051.72265 5737.42676
v 503.34334 1045.10987 5735.17895
v 508.73983 1045.81070 5742.04302
v 509.93890 1048.07687 5737.84971
v 502.49541 1043.22743 5742.96618
v 507.55429 1046.43655 5733.26826
v 507.55429 1046.43655 5733.26826
v 497.16455 479.10243 5766.03985
v 502.39682 479.07269 5755.06401
v 483.31910 476.45935 5760.68115
v 493.40570 476.76376 5745.12959
v 493.40570 476.76376 5745.12959
v 482.80495 475.72064 5748.22950
v 456.63321 429.09285 5781.55708
v 439.48895 408.36880 5782.04632
v 466.27057 419.68003 5791.34750
v 459.14638 406.34015 5787.00113
v 459.14638 406.34015 5787.00113
v 443.88759 424.35500 5781.77214
v 471.86100 432.32819 5747.16997
v 463.90349 420.11711 5742.71727
v 475.89469 423.59674 5746.89627
v 473.20783 418.72513 5746.46521
v 473.20783 418.72513 5746.46521
v 464.93894 428.31063 5743.88075
v 518.82172 433.22140 5643.51368
v 512.93546 424.28702 5641.37411
v 521.33113 428.81054 5644.89651
v 519.72896 421.98369 5645.24937
v 519.72896 421.98369 5645.24937
v 513.77422 430.73189 5641.34932
v 620.75531 429.05867 5485.58760
v 614.39228 421.28167 5481.24075
v 623.96961 425.09970 5487.30659
v 621.10603 419.23496 5486.36532
v 621.10603 419.23496 5486.36532
v 616.39547 426.27451 5480.51214
v 496.91743 431.53757 5696.95663
v 493.73066 424.96240 5694.95487
v 493.73066 424.96240 5694.95487
v 486.49341 433.87786 5691.04481
v 493.61652 436.83472 5695.27435
v 486.10353 426.60260 5690.98330
v 638.50665 441.52877 5446.55228
v 635.85520 432.34897 5438.37261
v 642.80093 435.45189 5446.86031
v 641.85297 432.73956 5445.02306
v 641.85297 432.73956 5445.02306
v 635.08028 439.61111 5441.08343
v 659.33585 486.47207 5354.13551
v 656.11589 481.66755 5349.18213
v 662.40662 484.82791 5353.51515
v 663.41537 482.27286 5352.72026
v 663.41537 482.27286 5352.72026
v 657.96387 485.60372 5350.76904
v 681.66578 537.55081 5262.42733
v 679.63618 531.43382 5257.63893
v 685.93967 533.24032 5260.87904
v 684.23086 531.66163 5259.82475
v 684.23086 531.66163 5259.82475
v 679.25119 534.72185 5260.31303
v 704.37437 582.49831 5190.70053
v 702.52395 578.20475 5186.93781
v 707.42261 580.47670 5190.06681
v 707.52412 578.54211 5189.41498
v 707.52412 578.54211 5189.41498
v 702.77447 580.74576 5188.65967
v 707.35657 582.27223 5184.49020
v 652.94081 455.44302 5404.16813
v 652.94081 455.44302 5404.16813
v 656.71480 459.60185 5409.34086
v 646.68179 460.70948 5403.14007
v 647.47065 454.97769 5400.59948
v 650.25717 462.66839 5407.34529
v 627.43407 422.89969 5457.65686
v 628.33965 430.30500 5458.92906
v 636.20943 428.19941 5465.47365
v 635.94919 420.87278 5463.19675
v 635.94919 420.87278 5463.19675
v 632.14624 433.42829 5464.79702
v 640.18661 422.67379 5446.62523
v 640.18661 422.67379 5446.62523
v 645.33633 425.65334 5449.15056
v 645.33633 425.65334 5449.15056
v 645.33633 425.65334 5449.15056
v 646.70247 425.71080 5453.84264
v 646.70247 425.71080 5453.84264
v 637.66718 420.76933 5451.79653
v 637.66718 420.76933 5451.79653
v 643.43745 424.11509 5457.88670
v 643.43745 424.11509 5457.88670
v 640.14894 420.78844 5458.15420
v 640.14894 420.78844 5458.15420
v 640.14894 420.78844 5458.15420
v 640.14894 420.78844 5458.15420
v 650.03985 414.31144 5445.63007
v 653.01895 415.87159 5447.24464
v 655.04462 417.07507 5448.94218
v 649.75011 412.70009 5448.67802
v 652.49580 414.19512 5450.09756
v 650.33489 411.32075 5450.87051
v 650.33489 411.32075 5450.87051
v 664.54685 408.84033 5444.36598
v 156.68459 34.94424 6030.82275
v 146.20723 22.69387 6007.45440
v 146.20723 22.69387 6007.45440
v 170.48945 16.50428 6030.67970
v 167.77219 2.17527 6016.46566
v 136.38023 36.10938 6011.03687
v 286.95652 219.39802 5886.41453
v 283.62232 207.80277 5864.87246
v 283.62232 207.80277 5864.87246
v 305.06772 207.61704 5887.53843
v 296.40025 201.81656 5869.89021
v 280.42105 221.10295 5877.26593
v 462.14932 432.81341 5790.44294
v 451.86758 425.48200 5764.25838
v 451.86758 425.48200 5764.25838
v 474.67411 423.55427 5786.69405
v 469.43474 420.37615 5774.47701
v 452.95703 432.71714 5776.60704
v 594.56319 644.02217 5676.78213
v 590.99221 635.44559 5663.47075
v 590.99221 635.44559 5663.47075
v 600.91376 635.65177 5676.24664
v 596.53592 631.73455 5665.61842
v 590.28459 644.31119 5673.87581
v 636.53910 763.57526 5610.69918
v 633.02767 757.61098 5594.96450
v 633.02767 757.61098 5594.96450
v 645.22827 755.79321 5602.99063
v 649.05047 752.26825 5597.22614
v 628.15034 764.72974 5604.91467
v 665.18551 885.91993 5560.43768
v 666.68987 882.77555 5554.55923
v 666.68987 882.77555 5554.55923
v 672.86026 881.10441 5559.45206
v 668.71786 880.34976 5551.54514
v 663.93131 887.76022 5560.18353
v 731.02820 1015.64264 5542.30118
v 731.05210 1012.60138 5532.00769
v 731.05210 1012.60138 5532.00769
v 736.77719 1010.34093 5537.03833
v 736.78160 1008.93915 5529.62971
v 727.88149 1016.62111 5540.03239
v 774.80865 1098.12427 5533.21266
v 774.46896 1095.78133 5523.22769
v 774.46896 1095.78133 5523.22769
v 783.92428 1092.95154 5530.41792
v 782.11343 1092.80646 5527.18496
v 769.60301 1099.83146 5530.00689
v 796.96971 1126.84703 5531.73399
v 362.36304 296.01178 5837.93831
v 354.25591 289.32860 5834.19228
v 364.33107 291.72146 5840.51609
v 359.98479 286.62661 5840.14559
v 359.98479 286.62661 5840.14559
v 357.61085 293.49253 5832.99017
v 385.09899 296.41572 5800.63629
v 380.42873 286.75589 5793.82467
v 387.61526 289.56267 5802.28662
v 386.04456 286.85597 5800.81129
v 386.04456 286.85597 5800.81129
v 381.51455 294.42427 5795.28904
v 422.44810 317.47541 5707.75366
v 418.25002 312.75442 5703.34101
v 425.02773 315.01654 5707.73458
v 425.35573 312.16481 5707.45373
v 425.35573 312.16481 5707.45373
v 421.04650 316.36545 5704.49686
v 462.89909 344.18699 5614.82763
v 459.49674 337.93625 5610.89373
v 465.97368 338.69544 5614.43710
v 463.92965 337.41108 5613.46483
v 463.92965 337.41108 5613.46483
v 459.87988 341.68300 5612.94127
v 501.01751 368.57322 5542.00220
v 498.23481 364.21874 5538.80882
v 503.47328 365.75416 5542.02223
v 503.07739 363.75153 5541.68844
v 503.07739 363.75153 5541.68844
v 499.08358 366.91383 5540.12060
v 504.18603 366.47445 5536.40461
v 405.16362 298.42225 5759.54723
v 405.16362 298.42225 5759.54723
v 409.71440 302.42577 5764.32514
v 400.54560 304.85475 5757.10773
v 399.88348 298.68338 5755.58662
v 404.35320 306.61541 5761.25288
v 368.63989 283.30886 5812.76751
v 371.47778 290.43332 5813.01546
v 378.24506 287.64829 5820.46938
v 376.11014 280.25490 5819.31591
v 376.11014 280.25490 5819.31591
v 375.74154 293.56197 5818.61448
v 381.59034 277.89193 5803.62225
v 381.59034 277.89193 5803.62225
v 387.29846 279.93336 5806.18143
v 387.29846 279.93336 5806.18143
v 387.29846 279.93336 5806.18143
v 388.40538 280.50819 5810.82630
v 388.40538 280.50819 5810.82630
v 378.34561 277.63796 5808.58183
v 378.34561 277.63796 5808.58183
v 384.57522 280.53093 5814.57853
v 384.57522 280.53093 5814.57853
v 380.44506 278.20244 5814.95333
v 380.44506 278.20244 5814.95333
v 380.44506 278.20244 5814.95333
v 380.44506 278.20244 5814.95333
v 388.97502 267.21713 5804.96502
v 392.22458 268.26939 5806.61678
v 394.44196 269.23251 5808.29525
v 388.09571 266.29952 5808.09116
v 391.10917 267.31271 5809.54027
v 388.17692 265.23015 5810.45914
v 388.17692 265.23015 5810.45914
v 401.70282 258.11264 5806.14519
v 247.87287 172.81529 6193.16959
v 158.21837 13.87151 6282.59945
v 251.67507 166.56092 6187.52241
v 237.86134 176.52415 6188.56907
v 332.65799 321.36118 6122.17379
v 335.25029 315.65654 6116.91236
v 322.63634 325.12993 6115.92770
v 347.70891 349.61879 6110.51798
v 353.58083 344.03598 6104.61235
v 340.80732 355.76236 6107.14579
v 358.83588 362.96386 6093.00327
v 337.91500 354.00927 6094.44857
v 337.91500 354.00927 6094.44857
v 346.98811 345.62224 6094.31171
v 327.27224 315.00912 6107.56826
v 318.49867 321.48921 6108.49047
v 318.49867 321.48921 6108.49047
v 244.34158 165.79416 6177.20890
v 154.26061 4.28341 6259.91535
v 235.33595 172.25745 6177.89602
v 235.33595 172.25745 6177.89602
v 142.92350 13.25161 6263.92555
v 142.92350 13.25161 6263.92555
v 144.08742 19.03140 6276.18837
v 165.27951 5.34399 6274.03545
v 179.96836 -93.29403 6516.58201
v 173.10984 -88.95955 6503.04890
v 193.54358 -82.38271 6525.41876
v 193.54358 -82.38271 6525.41876
v 195.38443 -92.60332 6505.60427
v 191.44681 -90.38641 6498.90184
v 200.60691 -85.79007 6512.04443
v 200.60691 -85.79007 6512.04443
v 241.22126 -120.00409 6475.49915
v 285.66450 -150.82830 6445.37783
v 237.51760 -119.48298 6468.83774
v 246.56400 -114.11096 6479.92897
v 246.56400 -114.11096 6479.92897
v 292.43252 -142.77107 6450.30546
v 292.43252 -142.77107 6450.30546
v 247.02057 -107.14592 6475.29602
v 291.61417 -137.46569 6444.40746
v 242.53775 -110.54553 6468.62602
v 199.69033 -80.55943 6506.58226
v 195.34209 -82.04750 6502.22206
v 190.59399 -67.53674 6517.82084
v 179.88415 -71.93558 6503.56770
v 287.74557 -141.48095 6438.31110
v 282.38517 -148.80002 6437.74939
v 375.20289 -195.34558 6375.77724
v 370.37629 -202.12910 6374.42446
v 380.58832 -192.42480 6382.09200
v 464.40062 -243.77568 6296.11206
v 459.55691 -250.00048 6294.03973
v 467.30706 -242.74145 6299.62254
v 514.77319 -269.90917 6247.53046
v 509.43393 -276.52895 6245.98885
v 519.86516 -267.65764 6252.36559
v 519.50800 -275.19786 6244.15588
v 512.89916 -279.36339 6252.37131
v 517.49527 -273.04980 6254.76599
v 517.49527 -273.04980 6254.76599
v 468.92637 -245.47233 6304.18730
v 468.92637 -245.47233 6304.18730
v 462.57666 -253.08704 6300.73500
v 383.46827 -196.11162 6389.11772
v 383.46827 -196.11162 6389.11772
v 374.06582 -205.79334 6383.08859
v 133.42330 -109.57862 6696.19465
v 153.89673 -100.16599 6698.44198
v 132.43017 -125.96993 6707.52287
v 147.16077 -277.23235 6447.50834
v 164.47940 -269.40531 6442.12532
v 147.37007 -285.02470 6449.78952
v 138.14364 -419.18612 6152.80247
v 153.31620 -416.43572 6149.11318
v 140.72847 -429.72797 6157.57132
v 117.60688 -576.93839 5889.05382
v 127.19324 -572.98464 5889.93454
v 116.69369 -579.53292 5891.61539
v 94.56144 -649.44291 5751.55449
v 108.73032 -649.17165 5748.97718
v 92.92182 -656.14069 5754.16660
v 49.47910 -718.26285 5622.93625
v 57.47519 -714.53041 5619.48586
v 47.57302 -719.68645 5622.59245
v -17.72697 -777.23378 5467.24224
v -7.33152 -776.83026 5464.20336
v -18.40749 -780.18034 5468.38474
v -61.24356 -812.47187 5367.51652
v -51.12621 -809.46463 5362.42867
v -62.80351 -816.99920 5369.54498
v -74.50543 -821.67721 5327.52132
v -52.83001 -818.53020 5365.80229
v -52.83001 -818.53020 5365.80229
v -49.65106 -812.18660 5362.88214
v -1.25824 -781.42220 5462.47196
v -8.37016 -783.07080 5465.60526
v -8.37016 -783.07080 5465.60526
v 61.53914 -720.91210 5620.63885
v 56.64137 -720.50238 5621.73986
v 56.64137 -720.50238 5621.73986
v 116.39144 -650.56288 5747.08652
v 106.02574 -658.70929 5752.80762
v 106.02574 -658.70929 5752.80762
v 133.32894 -579.12022 5894.21749
v 128.91178 -582.81678 5895.50114
v 128.91178 -582.81678 5895.50114
v 159.31791 -424.09015 6153.28121
v 151.87213 -435.26542 6161.37743
v 151.87213 -435.26542 6161.37743
v 173.43266 -280.04766 6449.80812
v 165.11619 -287.49105 6454.52404
v 165.11619 -287.49105 6454.52404
v 170.22984 -104.06516 6708.05836
v 149.05922 -121.56513 6708.75883
v 149.05922 -121.56513 6708.75883
v 209.72124 -633.75461 5822.33572
v 209.72124 -633.75461 5822.33572
v 296.98908 -718.31876 5686.92923
v 296.98908 -718.31876 5686.92923
v 217.45779 -630.34004 5825.14429
v 302.79315 -715.60264 5688.51233
v 216.48723 -625.06741 5817.69180
v 301.71406 -710.42311 5684.46779
v 208.19333 -624.38238 5815.85789
v 296.49711 -710.82038 5680.14193
v 203.46712 -629.35686 5817.19589
v 294.56010 -715.56211 5682.12605
v 168.89815 -536.44031 5982.99170
v 168.89815 -536.44031 5982.99170
v 176.98854 -532.63825 5982.51724
v 176.42708 -528.09364 5977.66876
v 168.47125 -525.88373 5975.19064
v 161.94993 -531.12912 5977.26440
v 139.30018 -479.74819 6078.47691
v 139.30018 -479.74819 6078.47691
v 150.04748 -475.56019 6078.48358
v 149.61295 -469.34235 6073.38762
v 139.51902 -468.86027 6070.37020
v 134.98785 -475.24905 6073.95840
v 189.67488 -572.85309 5893.25428
v 195.34281 -574.78172 5897.35222
v 182.59650 -579.38915 5896.28792
v 197.91275 -580.94597 5897.97306
v 189.53243 -584.48488 5901.87550
v 189.53243 -584.48488 5901.87550
v 302.57004 -724.46400 5676.07975
v 302.57004 -724.46400 5676.07975
v 304.38530 -720.39372 5677.39105
v 303.96444 -717.32044 5673.93589
v 302.90681 -717.13793 5671.63706
v 300.52114 -721.65579 5672.53637
v 301.99361 -722.27693 5671.30327
v 265.81550 -680.22633 5731.09436
v 271.04199 -679.26073 5734.98297
v 271.92855 -684.53544 5738.64222
v 265.88625 -687.51216 5736.57751
v 265.88625 -687.51216 5736.57751
v 261.97717 -685.37992 5731.09245
v -60.87352 451.50569 6350.45004
v -57.56055 456.54359 6346.66777
v -58.45380 444.83930 6348.72484
v -52.19010 454.16018 6342.87930
v -52.19010 454.16018 6342.87930
v -52.92341 446.61096 6343.57643
v -117.06294 460.10402 6294.98959
v -114.48412 465.50536 6290.98415
v -115.05514 452.84164 6292.57345
v -109.38275 462.93324 6285.69508
v -109.38275 462.93324 6285.69508
v -110.22204 455.95095 6286.93199
v -178.25010 481.31227 6238.44481
v -173.11871 484.75108 6235.54754
v -176.74312 475.38692 6234.76219
v -170.05485 483.82062 6230.96609
v -170.05485 483.82062 6230.96609
v -171.79352 477.98955 6230.63707
v -256.05670 509.18716 6162.04548
v -252.43467 514.47397 6160.56919
v -255.28467 504.58473 6158.50401
v -248.96681 512.11011 6155.23243
v -248.96681 512.11011 6155.23243
v -250.29635 506.25157 6155.26485
v -341.27450 528.63604 6065.20319
v -337.67986 532.49192 6063.10749
v -337.28153 523.43637 6063.57336
v -334.15821 529.83874 6060.49633
v -334.15821 529.83874 6060.49633
v -332.88056 523.13989 6062.11185
v -435.24408 531.32862 5940.64045
v -431.14662 534.58309 5939.09836
v -433.62653 525.65658 5940.23943
v -427.49530 534.21742 5936.23829
v -427.49530 534.21742 5936.23829
v -428.47538 530.66599 5935.36282
v -454.01740 539.54214 5899.77407
v -450.70720 541.77451 5898.54813
v -451.87795 538.90598 5899.38164
v -450.19931 540.78382 5897.94111
v -450.19931 540.78382 5897.94111
v -449.24539 538.47092 5897.33410
v -459.31262 539.85184 5887.69817
v -437.02000 527.16476 5922.79148
v -448.96030 518.71389 5931.28681
v -444.06486 531.62003 5928.09629
v -440.39583 535.88545 5923.01226
v -436.65695 534.19292 5920.81547
v -436.65695 534.19292 5920.81547
v -444.46778 538.94544 5912.21046
v -444.70537 533.17821 5915.36093
v -443.11845 536.81892 5910.56824
v -443.11845 536.81892 5910.56824
v -442.17646 534.65450 5911.53097
v -445.75495 534.97076 5913.94997
v -439.44454 531.11947 5917.37938
v -444.42892 533.69898 5921.10491
v -443.48973 536.58640 5917.19294
v -442.91109 527.29452 5922.99509
v -439.36741 535.85964 5915.71808
v -439.36741 535.85964 5915.71808
v -51.96466 450.67534 6366.67776
v -45.30559 459.50174 6361.19652
v -46.20211 439.51133 6364.46190
v -37.11730 454.53027 6356.68278
v -37.11730 454.53027 6356.68278
v -37.89584 443.47608 6358.17289
v -24.17535 401.91430 6409.58548
v -8.94515 383.54397 6424.08609
v -23.88044 406.22097 6423.04850
v -11.32235 399.70949 6430.20487
v -11.32235 399.70949 6430.20487
v -20.42182 389.50849 6412.12225
v -5.65811 428.86302 6389.75573
v 6.18733 421.74554 6395.91169
v 0.62937 431.71585 6396.66748
v 4.49844 428.83900 6399.90473
v 4.49844 428.83900 6399.90473
v -0.46089 423.20058 6390.37704
v 56.48153 510.08177 6336.85923
v 64.45436 504.40872 6341.96854
v 58.69225 511.40690 6341.22658
v 63.43612 509.02992 6346.49086
v 63.43612 509.02992 6346.49086
v 59.80954 505.91719 6337.10384
v 153.96582 661.32623 6263.36718
v 162.50023 656.14355 6266.33978
v 155.61561 663.23221 6267.63964
v 160.52280 660.26592 6271.34085
v 160.52280 660.26592 6271.34085
v 159.29258 658.82254 6262.31098
v 25.23429 470.20549 6365.28587
v 31.32440 467.24558 6368.92033
v 31.32440 467.24558 6368.92033
v 27.63268 462.96823 6359.27868
v 22.60382 468.35613 6360.00156
v 32.91061 461.81357 6364.77375
v 168.65061 693.33529 6234.17091
v 180.43889 692.82275 6236.47213
v 172.65925 696.51586 6239.39419
v 175.78751 696.00153 6240.37552
v 175.78751 696.00153 6240.37552
v 173.56436 691.93554 6232.32508
v 193.14918 751.22905 6151.24655
v 199.80747 749.50933 6151.91078
v 194.59951 754.11195 6152.45581
v 196.89119 755.04768 6154.07133
v 196.89119 755.04768 6154.07133
v 195.92211 751.08498 6149.94144
v 212.74340 810.94295 6064.15796
v 220.19616 810.11772 6066.02859
v 216.64086 814.97735 6067.01374
v 218.49641 813.60173 6067.48295
v 218.49641 813.60173 6067.48295
v 216.18393 809.15904 6064.93807
v 224.27997 863.06059 5992.71631
v 229.77760 862.23316 5993.76917
v 226.01071 865.88520 5994.20452
v 227.80213 865.99886 5995.33796
v 227.80213 865.99886 5995.33796
v 226.87083 862.12474 5992.79022
v 228.19725 868.05135 5989.77709
v 184.51007 723.65272 6201.72596
v 184.51007 723.65272 6201.72596
v 178.15785 725.73316 6201.72787
v 181.60664 718.82451 6196.54274
v 187.27541 719.83439 6199.61405
v 177.44446 720.82561 6197.68047
v 175.53258 676.96285 6253.44515
v 169.38795 678.16997 6248.56043
v 166.52384 682.83957 6254.49276
v 173.21375 682.60384 6258.82864
v 173.21375 682.60384 6258.82864
v 163.34477 679.91161 6249.73869
v 182.08148 692.74771 6248.79456
v 182.08148 692.74771 6248.79456
v 178.17295 696.93083 6248.38209
v 178.17295 696.93083 6248.38209
v 178.17295 696.93083 6248.38209
v 175.15697 696.49708 6251.03188
v 175.15697 696.49708 6251.03188
v 180.32388 688.32368 6252.83909
v 180.32388 688.32368 6252.83909
v 173.90803 691.82706 6254.15421
v 173.90803 691.82706 6254.15421
v 176.25536 688.31301 6256.53458
v 176.25536 688.31301 6256.53458
v 176.25536 688.31301 6256.53458
v 176.25536 688.31301 6256.53458
v 188.33177 701.29013 6255.57947
v 186.09253 703.63587 6255.54991
v 184.09376 705.02901 6255.74875
v 187.60136 699.73385 6258.45098
v 185.53905 701.92707 6258.34274
v 187.20415 699.32389 6260.75935
v 187.20415 699.32389 6260.75935
v 192.49651 714.56182 6260.44559
v 115.01756 -10.47251 6818.99786
v 138.76960 -13.05487 6814.60714
v 138.76960 -13.05487 6814.60714
v 127.82383 0.28667 6834.33247
v 147.07127 1.32759 6837.26883
v 127.27773 -21.94585 6805.37271
v 67.55197 183.25403 6611.27567
v 89.42417 186.69277 6608.05750
v 89.42417 186.69277 6608.05750
v 74.62309 198.28568 6622.61534
v 90.11140 196.02424 6616.58764
v 72.27473 180.72015 6604.35343
v -32.59189 404.20902 6412.11700
v -10.62548 403.38284 6402.44246
v -10.62548 403.38284 6402.44246
v -24.08373 416.12375 6418.33591
v -13.99218 415.35619 6413.59472
v -23.55476 400.71696 6403.75948
v -118.50505 591.75044 6200.93346
v -103.91864 592.31865 6199.88203
v -103.91864 592.31865 6199.88203
v -112.40208 596.88312 6207.64494
v -102.80210 596.25286 6204.41914
v -116.73963 588.87875 6198.71950
v -164.79364 668.02162 6077.32248
v -150.57576 669.81858 6072.95370
v -150.57576 669.81858 6072.95370
v -154.73413 677.99044 6079.88453
v -148.75731 683.22659 6079.79202
v -161.70049 662.48864 6072.48449
v -222.43509 726.52185 5958.96292
v -216.57264 729.69675 5958.29773
v -216.57264 729.69675 5958.29773
v -218.65478 733.44266 5962.83388
v -213.03025 732.39648 5958.69827
v -223.55074 725.65991 5957.29733
v -306.80040 808.60531 5856.03333
v -298.20555 812.02531 5852.73647
v -298.20555 812.02531 5852.73647
v -299.93346 815.24289 5857.75661
v -294.31230 817.78097 5854.78020
v -305.97013 806.62686 5853.74737
v -362.03721 861.68164 5792.10472
v -354.12198 864.73167 5788.40733
v -354.12198 864.73167 5788.40733
v -356.92847 870.55296 5795.39633
v -354.74142 870.03541 5793.56861
v -361.06846 858.21992 5788.55419
v -382.58576 885.95223 5771.41762
v 39.86048 279.25077 6533.29849
v 47.30165 272.35851 6535.59780
v 41.26114 279.65444 6538.17558
v 45.31584 275.19470 6541.46004
v 45.31584 275.19470 6541.46004
v 44.93255 276.36743 6532.07254
v 61.94104 313.88947 6514.75191
v 73.29873 310.95767 6517.97771
v 65.73891 314.84982 6521.13438
v 68.66135 313.62835 6522.25065
v 68.66135 313.62835 6522.25065
v 66.83846 312.29120 6513.01384
v 103.25339 384.56190 6451.40696
v 109.55182 381.74969 6452.20995
v 104.93292 386.68039 6453.52173
v 107.14315 386.76590 6455.58071
v 107.14315 386.76590 6455.58071
v 106.13236 384.32324 6450.34361
v 140.41582 458.75514 6384.00745
v 147.48445 456.33385 6386.31773
v 144.48570 461.12624 6388.28611
v 146.09136 459.44348 6388.54408
v 146.09136 459.44348 6388.54408
v 143.50387 456.36511 6384.60684
v 166.81620 523.22638 6329.15258
v 172.03839 521.32243 6330.47533
v 168.73471 525.17551 6331.55251
v 170.39578 524.70565 6332.86476
v 170.39578 524.70565 6332.86476
v 169.25350 521.93385 6329.21076
v 171.68961 527.95678 6327.99864
v 85.33125 347.61137 6492.65671
v 85.33125 347.61137 6492.65671
v 79.30702 350.53673 6492.63573
v 82.40703 344.94537 6485.96573
v 87.81172 344.19274 6489.79282
v 78.41575 347.16105 6487.24461
v 64.42311 292.77870 6529.85334
v 59.04426 296.11450 6524.80698
v 56.14388 299.35732 6531.65102
v 62.25309 296.97081 6536.47518
v 62.25309 296.97081 6536.47518
v 53.14772 298.37775 6525.87652
v 73.51704 307.47879 6530.22337
v 73.51704 307.47879 6530.22337
v 70.23984 312.06113 6530.60007
v 70.23984 312.06113 6530.60007
v 70.23984 312.06113 6530.60007
v 66.89175 311.46276 6532.80354
v 66.89175 311.46276 6532.80354
v 70.73355 302.64556 6532.82166
v 70.73355 302.64556 6532.82166
v 64.68391 306.55739 6534.47485
v 64.68391 306.55739 6534.47485
v 66.27963 302.33738 6536.07082
v 66.27963 302.33738 6536.07082
v 66.27963 302.33738 6536.07082
v 66.27963 302.33738 6536.07082
v 80.06562 312.62770 6539.82258
v 78.15757 315.15324 6540.22741
v 76.33614 316.70386 6540.61747
v 78.81075 310.57525 6542.14954
v 77.06591 312.95151 6542.45138
v 78.10087 309.67027 6544.26956
v 78.10087 309.67027 6544.26956
v 85.38461 322.95701 6548.63596
vt 0.240110 0.767539
vt 0.248478 0.767210
vt 0.231595 0.767829
vt 0.240662 0.698462
vt 0.240655 0.785039
vt 0.250321 0.784082
vt 0.230696 0.785460
vt 0.220717 0.784496
vt 0.210871 0.782047
vt 0.260392 0.782673
vt 0.223221 0.767530
vt 0.215185 0.766109
vt 0.256479 0.766776
vt 0.225138 0.698229
vt 0.217345 0.697320
vt 0.256392 0.697874
vt 0.232903 0.698807
vt 0.226045 0.627224
vt 0.218246 0.627698
vt 0.257017 0.628260
vt 0.233915 0.626736
vt 0.227565 0.534669
vt 0.219804 0.535019
vt 0.258590 0.535678
vt 0.235363 0.534315
vt 0.229403 0.430236
vt 0.221543 0.430329
vt 0.260392 0.430970
vt 0.237201 0.429852
vt 0.233917 0.297784
vt 0.227282 0.297436
vt 0.258868 0.298026
vt 0.240396 0.297902
vt 0.235102 0.284160
vt 0.241518 0.287927
vt 0.229427 0.281413
vt 0.257690 0.282266
vt 0.235523 0.278631
vt 0.236201 0.272091
vt 0.240568 0.282899
vt 0.230615 0.275753
vt 0.256679 0.276786
vt 0.231954 0.270090
vt 0.255771 0.271145
vt 0.251565 0.277649
vt 0.251019 0.271698
vt 0.252114 0.283172
vt 0.246505 0.280517
vt 0.246329 0.286235
vt 0.246366 0.273280
vt 0.246616 0.258882
vt 0.240901 0.275495
vt 0.242347 0.259059
vt 0.238077 0.257739
vt 0.244920 0.246591
vt 0.233998 0.255327
vt 0.254782 0.256333
vt 0.250525 0.257853
vt 0.246424 0.298077
vt 0.252505 0.298275
vt 0.244642 0.429937
vt 0.252544 0.430558
vt 0.243096 0.534628
vt 0.250822 0.535357
vt 0.241671 0.627075
vt 0.249313 0.627917
vt 0.248529 0.697821
vt 0.557635 0.652654
vt 0.553334 0.537783
vt 0.566496 0.652113
vt 0.548748 0.653204
vt 0.561418 0.756747
vt 0.568787 0.756235
vt 0.553889 0.757318
vt 0.562741 0.772925
vt 0.568052 0.773095
vt 0.557888 0.774943
vt 0.566211 0.785460
vt 0.552143 0.779721
vt 0.579919 0.779620
vt 0.573612 0.775479
vt 0.576329 0.756102
vt 0.546465 0.757981
vt 0.584046 0.756962
vt 0.575406 0.651959
vt 0.573920 0.537473
vt 0.539817 0.653530
vt 0.584307 0.652192
vt 0.533032 0.539125
vt 0.584307 0.537551
vt 0.543188 0.538446
vt 0.563624 0.537449
vt 0.511839 0.541452
vt 0.522294 0.540865
vt 0.501507 0.541071
vt 0.511378 0.589103
vt 0.521378 0.588730
vt 0.501513 0.589428
vt 0.510666 0.619078
vt 0.518236 0.618731
vt 0.502972 0.619343
vt 0.510312 0.645092
vt 0.517423 0.644733
vt 0.503273 0.645509
vt 0.511013 0.715301
vt 0.518493 0.714914
vt 0.503555 0.715478
vt 0.509921 0.773023
vt 0.515069 0.773743
vt 0.505037 0.773327
vt 0.507484 0.785460
vt 0.500052 0.774210
vt 0.494514 0.776503
vt 0.520358 0.776482
vt 0.488551 0.715094
vt 0.526043 0.714972
vt 0.495928 0.715230
vt 0.489396 0.645233
vt 0.524431 0.644959
vt 0.496257 0.645481
vt 0.487033 0.619502
vt 0.525895 0.619259
vt 0.495024 0.619251
vt 0.482239 0.589345
vt 0.531267 0.589391
vt 0.491981 0.589226
vt 0.480264 0.540484
vt 0.532802 0.540302
vt 0.490740 0.540302
vt 0.413166 0.360117
vt 0.423160 0.358609
vt 0.403503 0.358296
vt 0.413355 0.384255
vt 0.420740 0.384969
vt 0.405683 0.383415
vt 0.413496 0.419545
vt 0.414644 0.455197
vt 0.419773 0.419688
vt 0.407234 0.419410
vt 0.407882 0.455165
vt 0.400938 0.419752
vt 0.398119 0.383963
vt 0.401273 0.455498
vt 0.394540 0.420429
vt 0.426164 0.419497
vt 0.390946 0.385885
vt 0.428111 0.384939
vt 0.394494 0.455981
vt 0.428158 0.454975
vt 0.421330 0.455271
vt 0.399210 0.576974
vt 0.430310 0.576138
vt 0.405346 0.576615
vt 0.424213 0.577194
vt 0.398780 0.593924
vt 0.431496 0.593042
vt 0.397414 0.597681
vt 0.433118 0.596550
vt 0.449175 0.501670
vt 0.449843 0.477582
vt 0.405015 0.594271
vt 0.425342 0.593779
vt 0.424947 0.608143
vt 0.418439 0.593952
vt 0.430701 0.599178
vt 0.450351 0.497841
vt 0.430413 0.602934
vt 0.450171 0.493759
vt 0.440867 0.494771
vt 0.441642 0.491992
vt 0.439582 0.497438
vt 0.440426 0.481597
vt 0.433348 0.489096
vt 0.442391 0.486563
vt 0.441879 0.484033
vt 0.442189 0.489187
vt 0.397489 0.607117
vt 0.432394 0.605972
vt 0.449760 0.489810
vt 0.399812 0.604292
vt 0.449980 0.485639
vt 0.399408 0.610078
vt 0.431000 0.609182
vt 0.405695 0.609465
vt 0.403114 0.637651
vt 0.429250 0.636716
vt 0.424075 0.636357
vt 0.408331 0.637790
vt 0.406457 0.672421
vt 0.428610 0.671616
vt 0.410890 0.672263
vt 0.424162 0.671438
vt 0.410592 0.735564
vt 0.428976 0.734897
vt 0.414270 0.735208
vt 0.425453 0.734969
vt 0.415409 0.783775
vt 0.427759 0.783247
vt 0.417921 0.781151
vt 0.424876 0.781230
vt 0.421680 0.785460
vt 0.422520 0.780358
vt 0.420316 0.780265
vt 0.417953 0.735030
vt 0.421700 0.735000
vt 0.415315 0.671939
vt 0.419700 0.671565
vt 0.413680 0.637622
vt 0.412122 0.609093
vt 0.418906 0.636896
vt 0.418634 0.608445
vt 0.411527 0.594111
vt 0.411648 0.577096
vt 0.418027 0.577603
vt 0.399807 0.600495
vt 0.450351 0.481459
vt 0.384203 0.358245
vt 0.433118 0.356772
vt 0.393851 0.356259
vt 0.470163 0.783805
vt 0.461231 0.784916
vt 0.433348 0.779905
vt 0.480034 0.781420
vt 0.468476 0.773300
vt 0.460686 0.773597
vt 0.438655 0.771245
vt 0.475676 0.772212
vt 0.468077 0.733023
vt 0.469042 0.696086
vt 0.461335 0.732672
vt 0.441151 0.733080
vt 0.474665 0.733867
vt 0.442116 0.696214
vt 0.475658 0.697127
vt 0.447939 0.733631
vt 0.448840 0.696571
vt 0.454675 0.733184
vt 0.445532 0.772770
vt 0.452980 0.773200
vt 0.442553 0.784121
vt 0.452092 0.785460
vt 0.455592 0.696002
vt 0.462265 0.695543
vt 0.457651 0.622720
vt 0.464513 0.622646
vt 0.450858 0.623195
vt 0.460162 0.545042
vt 0.466781 0.545473
vt 0.453449 0.545110
vt 0.462758 0.508359
vt 0.466770 0.508898
vt 0.458470 0.507359
vt 0.464738 0.501900
vt 0.471043 0.508320
vt 0.453487 0.503691
vt 0.476121 0.504418
vt 0.446996 0.545059
vt 0.480034 0.546144
vt 0.473508 0.546118
vt 0.444077 0.623130
vt 0.477967 0.624132
vt 0.471250 0.623357
vt 0.190103 0.216564
vt 0.180224 0.217192
vt 0.200229 0.214919
vt 0.190378 0.324133
vt 0.180051 0.324304
vt 0.200480 0.323875
vt 0.188980 0.442738
vt 0.181255 0.443238
vt 0.196787 0.442293
vt 0.188160 0.552817
vt 0.182138 0.551910
vt 0.194070 0.552924
vt 0.187859 0.609527
vt 0.182089 0.608884
vt 0.193802 0.609764
vt 0.187206 0.665437
vt 0.183160 0.664648
vt 0.191251 0.665823
vt 0.187844 0.731283
vt 0.183078 0.730520
vt 0.191935 0.731582
vt 0.187815 0.770046
vt 0.183473 0.769726
vt 0.191586 0.770318
vt 0.185698 0.785460
vt 0.175443 0.771116
vt 0.196067 0.771164
vt 0.179731 0.769792
vt 0.178958 0.730363
vt 0.174328 0.731073
vt 0.196452 0.730964
vt 0.178965 0.664574
vt 0.174929 0.665372
vt 0.195258 0.665352
vt 0.176253 0.608732
vt 0.170402 0.609437
vt 0.199800 0.609380
vt 0.175951 0.551486
vt 0.169872 0.552243
vt 0.199946 0.552155
vt 0.173533 0.443111
vt 0.165639 0.442719
vt 0.204743 0.442741
vt 0.169780 0.324173
vt 0.159635 0.324048
vt 0.210640 0.324029
vt 0.170036 0.215943
vt 0.160008 0.214540
vt 0.210482 0.214540
vt 0.284391 0.579156
vt 0.323679 0.579500
vt 0.287299 0.475220
vt 0.322536 0.475971
vt 0.315844 0.579163
vt 0.315071 0.478730
vt 0.308006 0.578924
vt 0.308469 0.479735
vt 0.300171 0.579018
vt 0.301999 0.479514
vt 0.292276 0.579212
vt 0.295066 0.478109
vt 0.283684 0.686865
vt 0.322627 0.687164
vt 0.314894 0.686550
vt 0.307104 0.685849
vt 0.299274 0.686019
vt 0.291497 0.686731
vt 0.281337 0.751692
vt 0.323955 0.752141
vt 0.315774 0.753397
vt 0.306990 0.753059
vt 0.298080 0.753223
vt 0.289400 0.753161
vt 0.299694 0.632470
vt 0.307513 0.632273
vt 0.291893 0.632921
vt 0.315352 0.632692
vt 0.284083 0.632925
vt 0.323158 0.633236
vt 0.295586 0.464648
vt 0.314371 0.466096
vt 0.310752 0.471746
vt 0.307186 0.473064
vt 0.303859 0.472453
vt 0.299996 0.470319
vt 0.305086 0.465936
vt 0.300584 0.527594
vt 0.308450 0.527615
vt 0.316395 0.527784
vt 0.284840 0.527529
vt 0.324245 0.527907
vt 0.292683 0.527665
vt 0.240110 0.767539
vt 0.248478 0.767210
vt 0.231595 0.767829
vt 0.240662 0.698462
vt 0.240655 0.785039
vt 0.250321 0.784082
vt 0.230696 0.785460
vt 0.220717 0.784496
vt 0.210871 0.782047
vt 0.260392 0.782673
vt 0.223221 0.767530
vt 0.215185 0.766109
vt 0.256479 0.766776
vt 0.225138 0.698229
vt 0.217345 0.697320
vt 0.256392 0.697874
vt 0.232903 0.698807
vt 0.226045 0.627224
vt 0.218246 0.627698
vt 0.257017 0.628260
vt 0.233915 0.626736
vt 0.227565 0.534669
vt 0.219804 0.535019
vt 0.258590 0.535678
vt 0.235363 0.534315
vt 0.229403 0.430236
vt 0.221543 0.430329
vt 0.260392 0.430970
vt 0.237201 0.429852
vt 0.233917 0.297784
vt 0.227282 0.297436
vt 0.258868 0.298026
vt 0.240396 0.297902
vt 0.235102 0.284160
vt 0.241518 0.287927
vt 0.229427 0.281413
vt 0.257690 0.282266
vt 0.235523 0.278631
vt 0.236201 0.272091
vt 0.240568 0.282899
vt 0.230615 0.275753
vt 0.256679 0.276786
vt 0.231954 0.270090
vt 0.255771 0.271145
vt 0.251565 0.277649
vt 0.251019 0.271698
vt 0.252114 0.283172
vt 0.246505 0.280517
vt 0.246329 0.286235
vt 0.246366 0.273280
vt 0.246616 0.258882
vt 0.240901 0.275495
vt 0.242347 0.259059
vt 0.238077 0.257739
vt 0.244920 0.246591
vt 0.233998 0.255327
vt 0.254782 0.256333
vt 0.250525 0.257853
vt 0.246424 0.298077
vt 0.252505 0.298275
vt 0.244642 0.429937
vt 0.252544 0.430558
vt 0.243096 0.534628
vt 0.250822 0.535357
vt 0.241671 0.627075
vt 0.249313 0.627917
vt 0.248529 0.697821
vt 0.557635 0.652654
vt 0.553334 0.537783
vt 0.566496 0.652113
vt 0.548748 0.653204
vt 0.561418 0.756747
vt 0.568787 0.756235
vt 0.553889 0.757318
vt 0.562741 0.772925
vt 0.568052 0.773095
vt 0.557888 0.774943
vt 0.566211 0.785460
vt 0.552143 0.779721
vt 0.579919 0.779620
vt 0.573612 0.775479
vt 0.576329 0.756102
vt 0.546465 0.757981
vt 0.584046 0.756962
vt 0.575406 0.651959
vt 0.573920 0.537473
vt 0.539817 0.653530
vt 0.584307 0.652192
vt 0.533032 0.539125
vt 0.584307 0.537551
vt 0.543188 0.538446
vt 0.563624 0.537449
vt 0.511839 0.541452
vt 0.522294 0.540865
vt 0.501507 0.541071
vt 0.511378 0.589103
vt 0.521378 0.588730
vt 0.501513 0.589428
vt 0.510666 0.619078
vt 0.518236 0.618731
vt 0.502972 0.619343
vt 0.510312 0.645092
vt 0.517423 0.644733
vt 0.503273 0.645509
vt 0.511013 0.715301
vt 0.518493 0.714914
vt 0.503555 0.715478
vt 0.509921 0.773023
vt 0.515069 0.773743
vt 0.505037 0.773327
vt 0.507484 0.785460
vt 0.500052 0.774210
vt 0.494514 0.776503
vt 0.520358 0.776482
vt 0.488551 0.715094
vt 0.526043 0.714972
vt 0.495928 0.715230
vt 0.489396 0.645233
vt 0.524431 0.644959
vt 0.496257 0.645481
vt 0.487033 0.619502
vt 0.525895 0.619259
vt 0.495024 0.619251
vt 0.482239 0.589345
vt 0.531267 0.589391
vt 0.491981 0.589226
vt 0.480264 0.540484
vt 0.532802 0.540302
vt 0.490740 0.540302
vt 0.413166 0.360117
vt 0.423160 0.358609
vt 0.403503 0.358296
vt 0.413355 0.384255
vt 0.420740 0.384969
vt 0.405683 0.383415
vt 0.413496 0.419545
vt 0.414644 0.455197
vt 0.419773 0.419688
vt 0.407234 0.419410
vt 0.407882 0.455165
vt 0.400938 0.419752
vt 0.398119 0.383963
vt 0.401273 0.455498
vt 0.394540 0.420429
vt 0.426164 0.419497
vt 0.390946 0.385885
vt 0.428111 0.384939
vt 0.394494 0.455981
vt 0.428158 0.454975
vt 0.421330 0.455271
vt 0.399210 0.576974
vt 0.430310 0.576138
vt 0.405346 0.576615
vt 0.424213 0.577194
vt 0.398780 0.593924
vt 0.431496 0.593042
vt 0.397414 0.597681
vt 0.433118 0.596550
vt 0.449175 0.501670
vt 0.449843 0.477582
vt 0.405015 0.594271
vt 0.425342 0.593779
vt 0.424947 0.608143
vt 0.418439 0.593952
vt 0.430701 0.599178
vt 0.450351 0.497841
vt 0.430413 0.602934
vt 0.450171 0.493759
vt 0.440867 0.494771
vt 0.441642 0.491992
vt 0.439582 0.497438
vt 0.440426 0.481597
vt 0.433348 0.489096
vt 0.442391 0.486563
vt 0.441879 0.484033
vt 0.442189 0.489187
vt 0.397489 0.607117
vt 0.432394 0.605972
vt 0.449760 0.489810
vt 0.399812 0.604292
vt 0.449980 0.485639
vt 0.399408 0.610078
vt 0.431000 0.609182
vt 0.405695 0.609465
vt 0.403114 0.637651
vt 0.429250 0.636716
vt 0.424075 0.636357
vt 0.408331 0.637790
vt 0.406457 0.672421
vt 0.428610 0.671616
vt 0.410890 0.672263
vt 0.424162 0.671438
vt 0.410592 0.735564
vt 0.428976 0.734897
vt 0.414270 0.735208
vt 0.425453 0.734969
vt 0.415409 0.783775
vt 0.427759 0.783247
vt 0.417921 0.781151
vt 0.424876 0.781230
vt 0.421680 0.785460
vt 0.422520 0.780358
vt 0.420316 0.780265
vt 0.417953 0.735030
vt 0.421700 0.735000
vt 0.415315 0.671939
vt 0.419700 0.671565
vt 0.413680 0.637622
vt 0.412122 0.609093
vt 0.418906 0.636896
vt 0.418634 0.608445
vt 0.411527 0.594111
vt 0.411648 0.577096
vt 0.418027 0.577603
vt 0.399807 0.600495
vt 0.450351 0.481459
vt 0.384203 0.358245
vt 0.433118 0.356772
vt 0.393851 0.356259
vt 0.190103 0.216564
vt 0.180224 0.217192
vt 0.200229 0.214919
vt 0.190378 0.324133
vt 0.180051 0.324304
vt 0.200480 0.323875
vt 0.188980 0.442738
vt 0.181255 0.443238
vt 0.196787 0.442293
vt 0.188160 0.552817
vt 0.182138 0.551910
vt 0.194070 0.552924
vt 0.187859 0.609527
vt 0.182089 0.608884
vt 0.193802 0.609764
vt 0.187206 0.665437
vt 0.183160 0.664648
vt 0.191251 0.665823
vt 0.187844 0.731283
vt 0.183078 0.730520
vt 0.191935 0.731582
vt 0.187815 0.770046
vt 0.183473 0.769726
vt 0.191586 0.770318
vt 0.185698 0.785460
vt 0.175443 0.771116
vt 0.196067 0.771164
vt 0.179731 0.769792
vt 0.178958 0.730363
vt 0.174328 0.731073
vt 0.196452 0.730964
vt 0.178965 0.664574
vt 0.174929 0.665372
vt 0.195258 0.665352
vt 0.176253 0.608732
vt 0.170402 0.609437
vt 0.199800 0.609380
vt 0.175951 0.551486
vt 0.169872 0.552243
vt 0.199946 0.552155
vt 0.173533 0.443111
vt 0.165639 0.442719
vt 0.204743 0.442741
vt 0.169780 0.324173
vt 0.159635 0.324048
vt 0.210640 0.324029
vt 0.170036 0.215943
vt 0.160008 0.214540
vt 0.210482 0.214540
vt 0.284391 0.579156
vt 0.323679 0.579500
vt 0.287299 0.475220
vt 0.322536 0.475971
vt 0.315844 0.579163
vt 0.315071 0.478730
vt 0.308006 0.578924
vt 0.308469 0.479735
vt 0.300171 0.579018
vt 0.301999 0.479514
vt 0.292276 0.579212
vt 0.295066 0.478109
vt 0.283684 0.686865
vt 0.322627 0.687164
vt 0.314894 0.686550
vt 0.307104 0.685849
vt 0.299274 0.686019
vt 0.291497 0.686731
vt 0.281337 0.751692
vt 0.323955 0.752141
vt 0.315774 0.753397
vt 0.306990 0.753059
vt 0.298080 0.753223
vt 0.289400 0.753161
vt 0.299694 0.632470
vt 0.307513 0.632273
vt 0.291893 0.632921
vt 0.315352 0.632692
vt 0.284083 0.632925
vt 0.323158 0.633236
vt 0.295586 0.464648
vt 0.314371 0.466096
vt 0.310752 0.471746
vt 0.307186 0.473064
vt 0.303859 0.472453
vt 0.299996 0.470319
vt 0.305086 0.465936
vt 0.300584 0.527594
vt 0.308450 0.527615
vt 0.316395 0.527784
vt 0.284840 0.527529
vt 0.324245 0.527907
vt 0.292683 0.527665
vt 0.240110 0.767539
vt 0.248478 0.767210
vt 0.231595 0.767829
vt 0.215185 0.766109
vt 0.256479 0.766776
vt 0.223221 0.767530
vt 0.240662 0.698462
vt 0.248529 0.697821
vt 0.232903 0.698807
vt 0.217345 0.697320
vt 0.256392 0.697874
vt 0.225138 0.698229
vt 0.241671 0.627075
vt 0.249313 0.627917
vt 0.233915 0.626736
vt 0.218246 0.627698
vt 0.257017 0.628260
vt 0.226045 0.627224
vt 0.243096 0.534628
vt 0.250822 0.535357
vt 0.235363 0.534315
vt 0.219804 0.535019
vt 0.258590 0.535678
vt 0.227565 0.534669
vt 0.244642 0.429937
vt 0.252544 0.430558
vt 0.237201 0.429852
vt 0.221543 0.430329
vt 0.260392 0.430970
vt 0.229403 0.430236
vt 0.246424 0.298077
vt 0.252505 0.298275
vt 0.240396 0.297902
vt 0.227282 0.297436
vt 0.258868 0.298026
vt 0.233917 0.297784
vt 0.246616 0.258882
vt 0.250525 0.257853
vt 0.242347 0.259059
vt 0.233998 0.255327
vt 0.254782 0.256333
vt 0.238077 0.257739
vt 0.244920 0.246591
vt 0.235102 0.284160
vt 0.241518 0.287927
vt 0.246329 0.286235
vt 0.252114 0.283172
vt 0.229427 0.281413
vt 0.257690 0.282266
vt 0.251019 0.271698
vt 0.240901 0.275495
vt 0.231954 0.270090
vt 0.255771 0.271145
vt 0.236201 0.272091
vt 0.246366 0.273280
vt 0.235523 0.278631
vt 0.246505 0.280517
vt 0.251565 0.277649
vt 0.240568 0.282899
vt 0.230615 0.275753
vt 0.256679 0.276786
vt 0.240655 0.785039
vt 0.250321 0.784082
vt 0.230696 0.785460
vt 0.210871 0.782047
vt 0.260392 0.782673
vt 0.220717 0.784496
vt 0.413166 0.360117
vt 0.393851 0.356259
vt 0.423160 0.358609
vt 0.384203 0.358245
vt 0.433118 0.356772
vt 0.403503 0.358296
vt 0.413355 0.384255
vt 0.398119 0.383963
vt 0.420740 0.384969
vt 0.390946 0.385885
vt 0.428111 0.384939
vt 0.405683 0.383415
vt 0.414644 0.455197
vt 0.401273 0.455498
vt 0.421330 0.455271
vt 0.394494 0.455981
vt 0.428158 0.454975
vt 0.407882 0.455165
vt 0.418027 0.577603
vt 0.405346 0.576615
vt 0.424213 0.577194
vt 0.399210 0.576974
vt 0.430310 0.576138
vt 0.411648 0.577096
vt 0.419773 0.419688
vt 0.394540 0.420429
vt 0.426164 0.419497
vt 0.407234 0.419410
vt 0.413496 0.419545
vt 0.400938 0.419752
vt 0.418634 0.608445
vt 0.405695 0.609465
vt 0.424947 0.608143
vt 0.399408 0.610078
vt 0.431000 0.609182
vt 0.412122 0.609093
vt 0.419700 0.671565
vt 0.410890 0.672263
vt 0.424162 0.671438
vt 0.406457 0.672421
vt 0.428610 0.671616
vt 0.415315 0.671939
vt 0.421700 0.735000
vt 0.414270 0.735208
vt 0.425453 0.734969
vt 0.410592 0.735564
vt 0.428976 0.734897
vt 0.417953 0.735030
vt 0.422520 0.780358
vt 0.417921 0.781151
vt 0.424876 0.781230
vt 0.415409 0.783775
vt 0.427759 0.783247
vt 0.420316 0.780265
vt 0.421680 0.785460
vt 0.403114 0.637651
vt 0.429250 0.636716
vt 0.424075 0.636357
vt 0.413680 0.637622
vt 0.408331 0.637790
vt 0.418906 0.636896
vt 0.405015 0.594271
vt 0.411527 0.594111
vt 0.425342 0.593779
vt 0.398780 0.593924
vt 0.431496 0.593042
vt 0.418439 0.593952
vt 0.399812 0.604292
vt 0.449980 0.485639
vt 0.397489 0.607117
vt 0.432394 0.605972
vt 0.449760 0.489810
vt 0.430413 0.602934
vt 0.450171 0.493759
vt 0.399807 0.600495
vt 0.450351 0.481459
vt 0.430701 0.599178
vt 0.450351 0.497841
vt 0.397414 0.597681
vt 0.433118 0.596550
vt 0.449175 0.501670
vt 0.449843 0.477582
vt 0.442391 0.486563
vt 0.442189 0.489187
vt 0.441642 0.491992
vt 0.441879 0.484033
vt 0.440867 0.494771
vt 0.439582 0.497438
vt 0.440426 0.481597
vt 0.433348 0.489096
vt 0.190103 0.216564
vt 0.160008 0.214540
vt 0.210482 0.214540
vt 0.180224 0.217192
vt 0.170036 0.215943
vt 0.200229 0.214919
vt 0.190378 0.324133
vt 0.159635 0.324048
vt 0.210640 0.324029
vt 0.180051 0.324304
vt 0.169780 0.324173
vt 0.200480 0.323875
vt 0.188980 0.442738
vt 0.165639 0.442719
vt 0.204743 0.442741
vt 0.181255 0.443238
vt 0.173533 0.443111
vt 0.196787 0.442293
vt 0.188160 0.552817
vt 0.169872 0.552243
vt 0.199946 0.552155
vt 0.182138 0.551910
vt 0.175951 0.551486
vt 0.194070 0.552924
vt 0.187859 0.609527
vt 0.170402 0.609437
vt 0.199800 0.609380
vt 0.182089 0.608884
vt 0.176253 0.608732
vt 0.193802 0.609764
vt 0.187206 0.665437
vt 0.174929 0.665372
vt 0.195258 0.665352
vt 0.183160 0.664648
vt 0.178965 0.664574
vt 0.191251 0.665823
vt 0.187844 0.731283
vt 0.174328 0.731073
vt 0.196452 0.730964
vt 0.183078 0.730520
vt 0.178958 0.730363
vt 0.191935 0.731582
vt 0.187815 0.770046
vt 0.175443 0.771116
vt 0.196067 0.771164
vt 0.183473 0.769726
vt 0.179731 0.769792
vt 0.191586 0.770318
vt 0.185698 0.785460
vt 0.418027 0.577603
vt 0.405346 0.576615
vt 0.424213 0.577194
vt 0.399210 0.576974
vt 0.430310 0.576138
vt 0.411648 0.577096
vt 0.418634 0.608445
vt 0.405695 0.609465
vt 0.424947 0.608143
vt 0.399408 0.610078
vt 0.431000 0.609182
vt 0.412122 0.609093
vt 0.419700 0.671565
vt 0.410890 0.672263
vt 0.424162 0.671438
vt 0.406457 0.672421
vt 0.428610 0.671616
vt 0.415315 0.671939
vt 0.421700 0.735000
vt 0.414270 0.735208
vt 0.425453 0.734969
vt 0.410592 0.735564
vt 0.428976 0.734897
vt 0.417953 0.735030
vt 0.422520 0.780358
vt 0.417921 0.781151
vt 0.424876 0.781230
vt 0.415409 0.783775
vt 0.427759 0.783247
vt 0.420316 0.780265
vt 0.421680 0.785460
vt 0.403114 0.637651
vt 0.429250 0.636716
vt 0.424075 0.636357
vt 0.413680 0.637622
vt 0.408331 0.637790
vt 0.418906 0.636896
vt 0.405015 0.594271
vt 0.411527 0.594111
vt 0.425342 0.593779
vt 0.398780 0.593924
vt 0.431496 0.593042
vt 0.418439 0.593952
vt 0.399812 0.604292
vt 0.449980 0.485639
vt 0.397489 0.607117
vt 0.432394 0.605972
vt 0.449760 0.489810
vt 0.430413 0.602934
vt 0.450171 0.493759
vt 0.399807 0.600495
vt 0.450351 0.481459
vt 0.430701 0.599178
vt 0.450351 0.497841
vt 0.397414 0.597681
vt 0.433118 0.596550
vt 0.449175 0.501670
vt 0.449843 0.477582
vt 0.442391 0.486563
vt 0.442189 0.489187
vt 0.441642 0.491992
vt 0.441879 0.484033
vt 0.440867 0.494771
vt 0.439582 0.497438
vt 0.440426 0.481597
vt 0.433348 0.489096
vt 0.240110 0.767539
vt 0.248478 0.767210
vt 0.231595 0.767829
vt 0.240662 0.698462
vt 0.240655 0.785039
vt 0.250321 0.784082
vt 0.230696 0.785460
vt 0.220717 0.784496
vt 0.210871 0.782047
vt 0.260392 0.782673
vt 0.223221 0.767530
vt 0.215185 0.766109
vt 0.256479 0.766776
vt 0.225138 0.698229
vt 0.217345 0.697320
vt 0.256392 0.697874
vt 0.232903 0.698807
vt 0.226045 0.627224
vt 0.218246 0.627698
vt 0.257017 0.628260
vt 0.233915 0.626736
vt 0.227565 0.534669
vt 0.219804 0.535019
vt 0.258590 0.535678
vt 0.235363 0.534315
vt 0.229403 0.430236
vt 0.221543 0.430329
vt 0.260392 0.430970
vt 0.237201 0.429852
vt 0.233917 0.297784
vt 0.227282 0.297436
vt 0.258868 0.298026
vt 0.240396 0.297902
vt 0.235102 0.284160
vt 0.241518 0.287927
vt 0.229427 0.281413
vt 0.257690 0.282266
vt 0.235523 0.278631
vt 0.236201 0.272091
vt 0.240568 0.282899
vt 0.230615 0.275753
vt 0.256679 0.276786
vt 0.231954 0.270090
vt 0.255771 0.271145
vt 0.251565 0.277649
vt 0.251019 0.271698
vt 0.252114 0.283172
vt 0.246505 0.280517
vt 0.246329 0.286235
vt 0.246366 0.273280
vt 0.246616 0.258882
vt 0.240901 0.275495
vt 0.242347 0.259059
vt 0.238077 0.257739
vt 0.244920 0.246591
vt 0.233998 0.255327
vt 0.254782 0.256333
vt 0.250525 0.257853
vt 0.246424 0.298077
vt 0.252505 0.298275
vt 0.244642 0.429937
vt 0.252544 0.430558
vt 0.243096 0.534628
vt 0.250822 0.535357
vt 0.241671 0.627075
vt 0.249313 0.627917
vt 0.248529 0.697821
vt 0.284391 0.579156
vt 0.323679 0.579500
vt 0.287299 0.475220
vt 0.322536 0.475971
vt 0.315844 0.579163
vt 0.315071 0.478730
vt 0.308006 0.578924
vt 0.308469 0.479735
vt 0.300171 0.579018
vt 0.301999 0.479514
vt 0.292276 0.579212
vt 0.295066 0.478109
vt 0.283684 0.686865
vt 0.322627 0.687164
vt 0.314894 0.686550
vt 0.307104 0.685849
vt 0.299274 0.686019
vt 0.291497 0.686731
vt 0.281337 0.751692
vt 0.323955 0.752141
vt 0.315774 0.753397
vt 0.306990 0.753059
vt 0.298080 0.753223
vt 0.289400 0.753161
vt 0.263804 0.776654
vt 0.340167 0.778512
vt 0.324479 0.784159
vt 0.308424 0.784077
vt 0.295208 0.783109
vt 0.279256 0.782328
vt 0.299694 0.632470
vt 0.307513 0.632273
vt 0.291893 0.632921
vt 0.315352 0.632692
vt 0.284083 0.632925
vt 0.323158 0.633236
vt 0.295586 0.464648
vt 0.314371 0.466096
vt 0.310752 0.471746
vt 0.307186 0.473064
vt 0.303859 0.472453
vt 0.299996 0.470319
vt 0.305086 0.465936
vt 0.300584 0.527594
vt 0.308450 0.527615
vt 0.316395 0.527784
vt 0.284840 0.527529
vt 0.324245 0.527907
vt 0.292683 0.527665
vt 0.269924 0.768261
vt 0.334487 0.769656
vt 0.282709 0.772975
vt 0.296176 0.773773
vt 0.307999 0.774377
vt 0.321482 0.774369
vt 0.557635 0.652654
vt 0.553334 0.537783
vt 0.566496 0.652113
vt 0.548748 0.653204
vt 0.561418 0.756747
vt 0.568787 0.756235
vt 0.553889 0.757318
vt 0.562741 0.772925
vt 0.568052 0.773095
vt 0.557888 0.774943
vt 0.566211 0.785460
vt 0.552143 0.779721
vt 0.579919 0.779620
vt 0.573612 0.775479
vt 0.576329 0.756102
vt 0.546465 0.757981
vt 0.584046 0.756962
vt 0.575406 0.651959
vt 0.573920 0.537473
vt 0.539817 0.653530
vt 0.584307 0.652192
vt 0.533032 0.539125
vt 0.584307 0.537551
vt 0.543188 0.538446
vt 0.563624 0.537449
vt 0.511839 0.541452
vt 0.522294 0.540865
vt 0.501507 0.541071
vt 0.511378 0.589103
vt 0.521378 0.588730
vt 0.501513 0.589428
vt 0.510666 0.619078
vt 0.518236 0.618731
vt 0.502972 0.619343
vt 0.510312 0.645092
vt 0.517423 0.644733
vt 0.503273 0.645509
vt 0.511013 0.715301
vt 0.518493 0.714914
vt 0.503555 0.715478
vt 0.509921 0.773023
vt 0.515069 0.773743
vt 0.505037 0.773327
vt 0.507484 0.785460
vt 0.500052 0.774210
vt 0.494514 0.776503
vt 0.520358 0.776482
vt 0.488551 0.715094
vt 0.526043 0.714972
vt 0.495928 0.715230
vt 0.489396 0.645233
vt 0.524431 0.644959
vt 0.496257 0.645481
vt 0.487033 0.619502
vt 0.525895 0.619259
vt 0.495024 0.619251
vt 0.482239 0.589345
vt 0.531267 0.589391
vt 0.491981 0.589226
vt 0.480264 0.540484
vt 0.532802 0.540302
vt 0.490740 0.540302
vt 0.413166 0.360117
vt 0.423160 0.358609
vt 0.403503 0.358296
vt 0.413355 0.384255
vt 0.420740 0.384969
vt 0.405683 0.383415
vt 0.413496 0.419545
vt 0.414644 0.455197
vt 0.419773 0.419688
vt 0.407234 0.419410
vt 0.407882 0.455165
vt 0.400938 0.419752
vt 0.398119 0.383963
vt 0.401273 0.455498
vt 0.394540 0.420429
vt 0.426164 0.419497
vt 0.390946 0.385885
vt 0.428111 0.384939
vt 0.394494 0.455981
vt 0.428158 0.454975
vt 0.421330 0.455271
vt 0.399210 0.576974
vt 0.430310 0.576138
vt 0.405346 0.576615
vt 0.424213 0.577194
vt 0.398780 0.593924
vt 0.431496 0.593042
vt 0.397414 0.597681
vt 0.433118 0.596550
vt 0.449175 0.501670
vt 0.449843 0.477582
vt 0.405015 0.594271
vt 0.425342 0.593779
vt 0.424947 0.608143
vt 0.418439 0.593952
vt 0.430701 0.599178
vt 0.450351 0.497841
vt 0.430413 0.602934
vt 0.450171 0.493759
vt 0.440867 0.494771
vt 0.441642 0.491992
vt 0.439582 0.497438
vt 0.440426 0.481597
vt 0.433348 0.489096
vt 0.442391 0.486563
vt 0.441879 0.484033
vt 0.442189 0.489187
vt 0.397489 0.607117
vt 0.432394 0.605972
vt 0.449760 0.489810
vt 0.399812 0.604292
vt 0.449980 0.485639
vt 0.399408 0.610078
vt 0.431000 0.609182
vt 0.405695 0.609465
vt 0.403114 0.637651
vt 0.429250 0.636716
vt 0.424075 0.636357
vt 0.408331 0.637790
vt 0.406457 0.672421
vt 0.428610 0.671616
vt 0.410890 0.672263
vt 0.424162 0.671438
vt 0.410592 0.735564
vt 0.428976 0.734897
vt 0.414270 0.735208
vt 0.425453 0.734969
vt 0.415409 0.783775
vt 0.427759 0.783247
vt 0.417921 0.781151
vt 0.424876 0.781230
vt 0.421680 0.785460
vt 0.422520 0.780358
vt 0.420316 0.780265
vt 0.417953 0.735030
vt 0.421700 0.735000
vt 0.415315 0.671939
vt 0.419700 0.671565
vt 0.413680 0.637622
vt 0.412122 0.609093
vt 0.418906 0.636896
vt 0.418634 0.608445
vt 0.411527 0.594111
vt 0.411648 0.577096
vt 0.418027 0.577603
vt 0.399807 0.600495
vt 0.450351 0.481459
vt 0.384203 0.358245
vt 0.433118 0.356772
vt 0.393851 0.356259
vt 0.190103 0.216564
vt 0.180224 0.217192
vt 0.200229 0.214919
vt 0.190378 0.324133
vt 0.180051 0.324304
vt 0.200480 0.323875
vt 0.188980 0.442738
vt 0.181255 0.443238
vt 0.196787 0.442293
vt 0.188160 0.552817
vt 0.182138 0.551910
vt 0.194070 0.552924
vt 0.187859 0.609527
vt 0.182089 0.608884
vt 0.193802 0.609764
vt 0.187206 0.665437
vt 0.183160 0.664648
vt 0.191251 0.665823
vt 0.187844 0.731283
vt 0.183078 0.730520
vt 0.191935 0.731582
vt 0.187815 0.770046
vt 0.183473 0.769726
vt 0.191586 0.770318
vt 0.185698 0.785460
vt 0.175443 0.771116
vt 0.196067 0.771164
vt 0.179731 0.769792
vt 0.178958 0.730363
vt 0.174328 0.731073
vt 0.196452 0.730964
vt 0.178965 0.664574
vt 0.174929 0.665372
vt 0.195258 0.665352
vt 0.176253 0.608732
vt 0.170402 0.609437
vt 0.199800 0.609380
vt 0.175951 0.551486
vt 0.169872 0.552243
vt 0.199946 0.552155
vt 0.173533 0.443111
vt 0.165639 0.442719
vt 0.204743 0.442741
vt 0.169780 0.324173
vt 0.159635 0.324048
vt 0.210640 0.324029
vt 0.170036 0.215943
vt 0.160008 0.214540
vt 0.210482 0.214540
vt 0.284391 0.579156
vt 0.323679 0.579500
vt 0.287299 0.475220
vt 0.322536 0.475971
vt 0.315844 0.579163
vt 0.315071 0.478730
vt 0.308006 0.578924
vt 0.308469 0.479735
vt 0.300171 0.579018
vt 0.301999 0.479514
vt 0.292276 0.579212
vt 0.295066 0.478109
vt 0.283684 0.686865
vt 0.322627 0.687164
vt 0.314894 0.686550
vt 0.307104 0.685849
vt 0.299274 0.686019
vt 0.291497 0.686731
vt 0.281337 0.751692
vt 0.323955 0.752141
vt 0.315774 0.753397
vt 0.306990 0.753059
vt 0.298080 0.753223
vt 0.289400 0.753161
vt 0.299694 0.632470
vt 0.307513 0.632273
vt 0.291893 0.632921
vt 0.315352 0.632692
vt 0.284083 0.632925
vt 0.323158 0.633236
vt 0.295586 0.464648
vt 0.314371 0.466096
vt 0.310752 0.471746
vt 0.307186 0.473064
vt 0.303859 0.472453
vt 0.299996 0.470319
vt 0.305086 0.465936
vt 0.300584 0.527594
vt 0.308450 0.527615
vt 0.316395 0.527784
vt 0.284840 0.527529
vt 0.324245 0.527907
vt 0.292683 0.527665
vt 0.240110 0.767539
vt 0.248478 0.767210
vt 0.231595 0.767829
vt 0.215185 0.766109
vt 0.256479 0.766776
vt 0.223221 0.767530
vt 0.240662 0.698462
vt 0.248529 0.697821
vt 0.232903 0.698807
vt 0.217345 0.697320
vt 0.256392 0.697874
vt 0.225138 0.698229
vt 0.241671 0.627075
vt 0.249313 0.627917
vt 0.233915 0.626736
vt 0.218246 0.627698
vt 0.257017 0.628260
vt 0.226045 0.627224
vt 0.243096 0.534628
vt 0.250822 0.535357
vt 0.235363 0.534315
vt 0.219804 0.535019
vt 0.258590 0.535678
vt 0.227565 0.534669
vt 0.244642 0.429937
vt 0.252544 0.430558
vt 0.237201 0.429852
vt 0.221543 0.430329
vt 0.260392 0.430970
vt 0.229403 0.430236
vt 0.246424 0.298077
vt 0.252505 0.298275
vt 0.240396 0.297902
vt 0.227282 0.297436
vt 0.258868 0.298026
vt 0.233917 0.297784
vt 0.246616 0.258882
vt 0.250525 0.257853
vt 0.242347 0.259059
vt 0.233998 0.255327
vt 0.254782 0.256333
vt 0.238077 0.257739
vt 0.244920 0.246591
vt 0.235102 0.284160
vt 0.241518 0.287927
vt 0.246329 0.286235
vt 0.252114 0.283172
vt 0.229427 0.281413
vt 0.257690 0.282266
vt 0.251019 0.271698
vt 0.240901 0.275495
vt 0.231954 0.270090
vt 0.255771 0.271145
vt 0.236201 0.272091
vt 0.246366 0.273280
vt 0.235523 0.278631
vt 0.246505 0.280517
vt 0.251565 0.277649
vt 0.240568 0.282899
vt 0.230615 0.275753
vt 0.256679 0.276786
vt 0.240655 0.785039
vt 0.250321 0.784082
vt 0.230696 0.785460
vt 0.210871 0.782047
vt 0.260392 0.782673
vt 0.220717 0.784496
vt 0.413166 0.360117
vt 0.393851 0.356259
vt 0.423160 0.358609
vt 0.384203 0.358245
vt 0.433118 0.356772
vt 0.403503 0.358296
vt 0.413355 0.384255
vt 0.398119 0.383963
vt 0.420740 0.384969
vt 0.390946 0.385885
vt 0.428111 0.384939
vt 0.405683 0.383415
vt 0.414644 0.455197
vt 0.401273 0.455498
vt 0.421330 0.455271
vt 0.394494 0.455981
vt 0.428158 0.454975
vt 0.407882 0.455165
vt 0.418027 0.577603
vt 0.405346 0.576615
vt 0.424213 0.577194
vt 0.399210 0.576974
vt 0.430310 0.576138
vt 0.411648 0.577096
vt 0.419773 0.419688
vt 0.394540 0.420429
vt 0.426164 0.419497
vt 0.407234 0.419410
vt 0.413496 0.419545
vt 0.400938 0.419752
vt 0.418634 0.608445
vt 0.405695 0.609465
vt 0.424947 0.608143
vt 0.399408 0.610078
vt 0.431000 0.609182
vt 0.412122 0.609093
vt 0.419700 0.671565
vt 0.410890 0.672263
vt 0.424162 0.671438
vt 0.406457 0.672421
vt 0.428610 0.671616
vt 0.415315 0.671939
vt 0.421700 0.735000
vt 0.414270 0.735208
vt 0.425453 0.734969
vt 0.410592 0.735564
vt 0.428976 0.734897
vt 0.417953 0.735030
vt 0.422520 0.780358
vt 0.417921 0.781151
vt 0.424876 0.781230
vt 0.415409 0.783775
vt 0.427759 0.783247
vt 0.420316 0.780265
vt 0.421680 0.785460
vt 0.403114 0.637651
vt 0.429250 0.636716
vt 0.424075 0.636357
vt 0.413680 0.637622
vt 0.408331 0.637790
vt 0.418906 0.636896
vt 0.405015 0.594271
vt 0.411527 0.594111
vt 0.425342 0.593779
vt 0.398780 0.593924
vt 0.431496 0.593042
vt 0.418439 0.593952
vt 0.399812 0.604292
vt 0.449980 0.485639
vt 0.397489 0.607117
vt 0.432394 0.605972
vt 0.449760 0.489810
vt 0.430413 0.602934
vt 0.450171 0.493759
vt 0.399807 0.600495
vt 0.450351 0.481459
vt 0.430701 0.599178
vt 0.450351 0.497841
vt 0.397414 0.597681
vt 0.433118 0.596550
vt 0.449175 0.501670
vt 0.449843 0.477582
vt 0.442391 0.486563
vt 0.442189 0.489187
vt 0.441642 0.491992
vt 0.441879 0.484033
vt 0.440867 0.494771
vt 0.439582 0.497438
vt 0.440426 0.481597
vt 0.433348 0.489096
vt 0.190103 0.216564
vt 0.160008 0.214540
vt 0.210482 0.214540
vt 0.180224 0.217192
vt 0.170036 0.215943
vt 0.200229 0.214919
vt 0.190378 0.324133
vt 0.159635 0.324048
vt 0.210640 0.324029
vt 0.180051 0.324304
vt 0.169780 0.324173
vt 0.200480 0.323875
vt 0.188980 0.442738
vt 0.165639 0.442719
vt 0.204743 0.442741
vt 0.181255 0.443238
vt 0.173533 0.443111
vt 0.196787 0.442293
vt 0.188160 0.552817
vt 0.169872 0.552243
vt 0.199946 0.552155
vt 0.182138 0.551910
vt 0.175951 0.551486
vt 0.194070 0.552924
vt 0.187859 0.609527
vt 0.170402 0.609437
vt 0.199800 0.609380
vt 0.182089 0.608884
vt 0.176253 0.608732
vt 0.193802 0.609764
vt 0.187206 0.665437
vt 0.174929 0.665372
vt 0.195258 0.665352
vt 0.183160 0.664648
vt 0.178965 0.664574
vt 0.191251 0.665823
vt 0.187844 0.731283
vt 0.174328 0.731073
vt 0.196452 0.730964
vt 0.183078 0.730520
vt 0.178958 0.730363
vt 0.191935 0.731582
vt 0.187815 0.770046
vt 0.175443 0.771116
vt 0.196067 0.771164
vt 0.183473 0.769726
vt 0.179731 0.769792
vt 0.191586 0.770318
vt 0.185698 0.785460
vt 0.418027 0.577603
vt 0.405346 0.576615
vt 0.424213 0.577194
vt 0.399210 0.576974
vt 0.430310 0.576138
vt 0.411648 0.577096
vt 0.418634 0.608445
vt 0.405695 0.609465
vt 0.424947 0.608143
vt 0.399408 0.610078
vt 0.431000 0.609182
vt 0.412122 0.609093
vt 0.419700 0.671565
vt 0.410890 0.672263
vt 0.424162 0.671438
vt 0.406457 0.672421
vt 0.428610 0.671616
vt 0.415315 0.671939
vt 0.421700 0.735000
vt 0.414270 0.735208
vt 0.425453 0.734969
vt 0.410592 0.735564
vt 0.428976 0.734897
vt 0.417953 0.735030
vt 0.422520 0.780358
vt 0.417921 0.781151
vt 0.424876 0.781230
vt 0.415409 0.783775
vt 0.427759 0.783247
vt 0.420316 0.780265
vt 0.421680 0.785460
vt 0.403114 0.637651
vt 0.429250 0.636716
vt 0.424075 0.636357
vt 0.413680 0.637622
vt 0.408331 0.637790
vt 0.418906 0.636896
vt 0.405015 0.594271
vt 0.411527 0.594111
vt 0.425342 0.593779
vt 0.398780 0.593924
vt 0.431496 0.593042
vt 0.418439 0.593952
vt 0.399812 0.604292
vt 0.449980 0.485639
vt 0.397489 0.607117
vt 0.432394 0.605972
vt 0.449760 0.489810
vt 0.430413 0.602934
vt 0.450171 0.493759
vt 0.399807 0.600495
vt 0.450351 0.481459
vt 0.430701 0.599178
vt 0.450351 0.497841
vt 0.397414 0.597681
vt 0.433118 0.596550
vt 0.449175 0.501670
vt 0.449843 0.477582
vt 0.442391 0.486563
vt 0.442189 0.489187
vt 0.441642 0.491992
vt 0.441879 0.484033
vt 0.440867 0.494771
vt 0.439582 0.497438
vt 0.440426 0.481597
vt 0.433348 0.489096
vt 0.557635 0.652654
vt 0.553334 0.537783
vt 0.566496 0.652113
vt 0.548748 0.653204
vt 0.561418 0.756747
vt 0.568787 0.756235
vt 0.553889 0.757318
vt 0.562741 0.772925
vt 0.568052 0.773095
vt 0.557888 0.774943
vt 0.566211 0.785460
vt 0.552143 0.779721
vt 0.579919 0.779620
vt 0.573612 0.775479
vt 0.576329 0.756102
vt 0.546465 0.757981
vt 0.584046 0.756962
vt 0.575406 0.651959
vt 0.573920 0.537473
vt 0.539817 0.653530
vt 0.584307 0.652192
vt 0.533032 0.539125
vt 0.584307 0.537551
vt 0.543188 0.538446
vt 0.563624 0.537449
vt 0.413166 0.360117
vt 0.393851 0.356259
vt 0.423160 0.358609
vt 0.384203 0.358245
vt 0.433118 0.356772
vt 0.403503 0.358296
vt 0.413355 0.384255
vt 0.398119 0.383963
vt 0.420740 0.384969
vt 0.390946 0.385885
vt 0.428111 0.384939
vt 0.405683 0.383415
vt 0.414644 0.455197
vt 0.401273 0.455498
vt 0.421330 0.455271
vt 0.394494 0.455981
vt 0.428158 0.454975
vt 0.407882 0.455165
vt 0.418027 0.577603
vt 0.405346 0.576615
vt 0.424213 0.577194
vt 0.399210 0.576974
vt 0.430310 0.576138
vt 0.411648 0.577096
vt 0.419773 0.419688
vt 0.394540 0.420429
vt 0.426164 0.419497
vt 0.407234 0.419410
vt 0.413496 0.419545
vt 0.400938 0.419752
vt 0.418634 0.608445
vt 0.405695 0.609465
vt 0.424947 0.608143
vt 0.399408 0.610078
vt 0.431000 0.609182
vt 0.412122 0.609093
vt 0.419700 0.671565
vt 0.410890 0.672263
vt 0.424162 0.671438
vt 0.406457 0.672421
vt 0.428610 0.671616
vt 0.415315 0.671939
vt 0.421700 0.735000
vt 0.414270 0.735208
vt 0.425453 0.734969
vt 0.410592 0.735564
vt 0.428976 0.734897
vt 0.417953 0.735030
vt 0.422520 0.780358
vt 0.417921 0.781151
vt 0.424876 0.781230
vt 0.415409 0.783775
vt 0.427759 0.783247
vt 0.420316 0.780265
vt 0.421680 0.785460
vt 0.403114 0.637651
vt 0.429250 0.636716
vt 0.424075 0.636357
vt 0.413680 0.637622
vt 0.408331 0.637790
vt 0.418906 0.636896
vt 0.405015 0.594271
vt 0.411527 0.594111
vt 0.425342 0.593779
vt 0.398780 0.593924
vt 0.431496 0.593042
vt 0.418439 0.593952
vt 0.399812 0.604292
vt 0.449980 0.485639
vt 0.397489 0.607117
vt 0.432394 0.605972
vt 0.449760 0.489810
vt 0.430413 0.602934
vt 0.450171 0.493759
vt 0.399807 0.600495
vt 0.450351 0.481459
vt 0.430701 0.599178
vt 0.450351 0.497841
vt 0.397414 0.597681
vt 0.433118 0.596550
vt 0.449175 0.501670
vt 0.449843 0.477582
vt 0.442391 0.486563
vt 0.442189 0.489187
vt 0.441642 0.491992
vt 0.441879 0.484033
vt 0.440867 0.494771
vt 0.439582 0.497438
vt 0.440426 0.481597
vt 0.433348 0.489096
vt 0.356026 0.282617
vt 0.365464 0.282566
vt 0.346866 0.282739
vt 0.374375 0.282610
vt 0.338800 0.284377
vt 0.382332 0.283097
vt 0.358947 0.355687
vt 0.366654 0.355847
vt 0.351265 0.355481
vt 0.374275 0.355401
vt 0.343408 0.356074
vt 0.382079 0.354812
vt 0.362995 0.450539
vt 0.368302 0.451249
vt 0.357568 0.450071
vt 0.373685 0.451010
vt 0.352163 0.450805
vt 0.378995 0.450011
vt 0.360869 0.402448
vt 0.367470 0.403156
vt 0.347892 0.402530
vt 0.380655 0.401547
vt 0.354377 0.401764
vt 0.374100 0.402631
vt 0.365280 0.534018
vt 0.370872 0.534220
vt 0.359678 0.533410
vt 0.376385 0.533518
vt 0.354147 0.533466
vt 0.381833 0.532653
vt 0.367480 0.608334
vt 0.373001 0.608792
vt 0.362029 0.607403
vt 0.378507 0.607899
vt 0.356470 0.607592
vt 0.383973 0.606751
vt 0.370313 0.681086
vt 0.374078 0.681499
vt 0.366526 0.680472
vt 0.378115 0.680959
vt 0.362709 0.680726
vt 0.381781 0.680175
vt 0.373804 0.778664
vt 0.376974 0.778731
vt 0.370274 0.778874
vt 0.380150 0.778866
vt 0.366589 0.780802
vt 0.383845 0.779960
vt 0.375529 0.785460
vt 0.240110 0.767539
vt 0.248478 0.767210
vt 0.231595 0.767829
vt 0.215185 0.766109
vt 0.256479 0.766776
vt 0.223221 0.767530
vt 0.240662 0.698462
vt 0.248529 0.697821
vt 0.232903 0.698807
vt 0.217345 0.697320
vt 0.256392 0.697874
vt 0.225138 0.698229
vt 0.241671 0.627075
vt 0.249313 0.627917
vt 0.233915 0.626736
vt 0.218246 0.627698
vt 0.257017 0.628260
vt 0.226045 0.627224
vt 0.243096 0.534628
vt 0.250822 0.535357
vt 0.235363 0.534315
vt 0.219804 0.535019
vt 0.258590 0.535678
vt 0.227565 0.534669
vt 0.244642 0.429937
vt 0.252544 0.430558
vt 0.237201 0.429852
vt 0.221543 0.430329
vt 0.260392 0.430970
vt 0.229403 0.430236
vt 0.246424 0.298077
vt 0.252505 0.298275
vt 0.240396 0.297902
vt 0.227282 0.297436
vt 0.258868 0.298026
vt 0.233917 0.297784
vt 0.246616 0.258882
vt 0.250525 0.257853
vt 0.242347 0.259059
vt 0.233998 0.255327
vt 0.254782 0.256333
vt 0.238077 0.257739
vt 0.244920 0.246591
vt 0.235102 0.284160
vt 0.241518 0.287927
vt 0.246329 0.286235
vt 0.252114 0.283172
vt 0.229427 0.281413
vt 0.257690 0.282266
vt 0.251019 0.271698
vt 0.240901 0.275495
vt 0.231954 0.270090
vt 0.255771 0.271145
vt 0.236201 0.272091
vt 0.246366 0.273280
vt 0.235523 0.278631
vt 0.246505 0.280517
vt 0.251565 0.277649
vt 0.240568 0.282899
vt 0.230615 0.275753
vt 0.256679 0.276786
vt 0.240655 0.785039
vt 0.250321 0.784082
vt 0.230696 0.785460
vt 0.210871 0.782047
vt 0.260392 0.782673
vt 0.220717 0.784496
vt 0.413166 0.360117
vt 0.393851 0.356259
vt 0.423160 0.358609
vt 0.384203 0.358245
vt 0.433118 0.356772
vt 0.403503 0.358296
vt 0.413355 0.384255
vt 0.398119 0.383963
vt 0.420740 0.384969
vt 0.390946 0.385885
vt 0.428111 0.384939
vt 0.405683 0.383415
vt 0.414644 0.455197
vt 0.401273 0.455498
vt 0.421330 0.455271
vt 0.394494 0.455981
vt 0.428158 0.454975
vt 0.407882 0.455165
vt 0.418027 0.577603
vt 0.405346 0.576615
vt 0.424213 0.577194
vt 0.399210 0.576974
vt 0.430310 0.576138
vt 0.411648 0.577096
vt 0.419773 0.419688
vt 0.394540 0.420429
vt 0.426164 0.419497
vt 0.407234 0.419410
vt 0.413496 0.419545
vt 0.400938 0.419752
vt 0.418634 0.608445
vt 0.405695 0.609465
vt 0.424947 0.608143
vt 0.399408 0.610078
vt 0.431000 0.609182
vt 0.412122 0.609093
vt 0.419700 0.671565
vt 0.410890 0.672263
vt 0.424162 0.671438
vt 0.406457 0.672421
vt 0.428610 0.671616
vt 0.415315 0.671939
vt 0.421700 0.735000
vt 0.414270 0.735208
vt 0.425453 0.734969
vt 0.410592 0.735564
vt 0.428976 0.734897
vt 0.417953 0.735030
vt 0.422520 0.780358
vt 0.417921 0.781151
vt 0.424876 0.781230
vt 0.415409 0.783775
vt 0.427759 0.783247
vt 0.420316 0.780265
vt 0.421680 0.785460
vt 0.403114 0.637651
vt 0.429250 0.636716
vt 0.424075 0.636357
vt 0.413680 0.637622
vt 0.408331 0.637790
vt 0.418906 0.636896
vt 0.405015 0.594271
vt 0.411527 0.594111
vt 0.425342 0.593779
vt 0.398780 0.593924
vt 0.431496 0.593042
vt 0.418439 0.593952
vt 0.399812 0.604292
vt 0.449980 0.485639
vt 0.397489 0.607117
vt 0.432394 0.605972
vt 0.449760 0.489810
vt 0.430413 0.602934
vt 0.450171 0.493759
vt 0.399807 0.600495
vt 0.450351 0.481459
vt 0.430701 0.599178
vt 0.450351 0.497841
vt 0.397414 0.597681
vt 0.433118 0.596550
vt 0.449175 0.501670
vt 0.449843 0.477582
vt 0.442391 0.486563
vt 0.442189 0.489187
vt 0.441642 0.491992
vt 0.441879 0.484033
vt 0.440867 0.494771
vt 0.439582 0.497438
vt 0.440426 0.481597
vt 0.433348 0.489096
vt 0.190103 0.216564
vt 0.160008 0.214540
vt 0.210482 0.214540
vt 0.180224 0.217192
vt 0.170036 0.215943
vt 0.200229 0.214919
vt 0.190378 0.324133
vt 0.159635 0.324048
vt 0.210640 0.324029
vt 0.180051 0.324304
vt 0.169780 0.324173
vt 0.200480 0.323875
vt 0.188980 0.442738
vt 0.165639 0.442719
vt 0.204743 0.442741
vt 0.181255 0.443238
vt 0.173533 0.443111
vt 0.196787 0.442293
vt 0.188160 0.552817
vt 0.169872 0.552243
vt 0.199946 0.552155
vt 0.182138 0.551910
vt 0.175951 0.551486
vt 0.194070 0.552924
vt 0.187859 0.609527
vt 0.170402 0.609437
vt 0.199800 0.609380
vt 0.182089 0.608884
vt 0.176253 0.608732
vt 0.193802 0.609764
vt 0.187206 0.665437
vt 0.174929 0.665372
vt 0.195258 0.665352
vt 0.183160 0.664648
vt 0.178965 0.664574
vt 0.191251 0.665823
vt 0.187844 0.731283
vt 0.174328 0.731073
vt 0.196452 0.730964
vt 0.183078 0.730520
vt 0.178958 0.730363
vt 0.191935 0.731582
vt 0.187815 0.770046
vt 0.175443 0.771116
vt 0.196067 0.771164
vt 0.183473 0.769726
vt 0.179731 0.769792
vt 0.191586 0.770318
vt 0.185698 0.785460
vt 0.418027 0.577603
vt 0.405346 0.576615
vt 0.424213 0.577194
vt 0.399210 0.576974
vt 0.430310 0.576138
vt 0.411648 0.577096
vt 0.418634 0.608445
vt 0.405695 0.609465
vt 0.424947 0.608143
vt 0.399408 0.610078
vt 0.431000 0.609182
vt 0.412122 0.609093
vt 0.419700 0.671565
vt 0.410890 0.672263
vt 0.424162 0.671438
vt 0.406457 0.672421
vt 0.428610 0.671616
vt 0.415315 0.671939
vt 0.421700 0.735000
vt 0.414270 0.735208
vt 0.425453 0.734969
vt 0.410592 0.735564
vt 0.428976 0.734897
vt 0.417953 0.735030
vt 0.422520 0.780358
vt 0.417921 0.781151
vt 0.424876 0.781230
vt 0.415409 0.783775
vt 0.427759 0.783247
vt 0.420316 0.780265
vt 0.421680 0.785460
vt 0.403114 0.637651
vt 0.429250 0.636716
vt 0.424075 0.636357
vt 0.413680 0.637622
vt 0.408331 0.637790
vt 0.418906 0.636896
vt 0.405015 0.594271
vt 0.411527 0.594111
vt 0.425342 0.593779
vt 0.398780 0.593924
vt 0.431496 0.593042
vt 0.418439 0.593952
vt 0.399812 0.604292
vt 0.449980 0.485639
vt 0.397489 0.607117
vt 0.432394 0.605972
vt 0.449760 0.489810
vt 0.430413 0.602934
vt 0.450171 0.493759
vt 0.399807 0.600495
vt 0.450351 0.481459
vt 0.430701 0.599178
vt 0.450351 0.497841
vt 0.397414 0.597681
vt 0.433118 0.596550
vt 0.449175 0.501670
vt 0.449843 0.477582
vt 0.442391 0.486563
vt 0.442189 0.489187
vt 0.441642 0.491992
vt 0.441879 0.484033
vt 0.440867 0.494771
vt 0.439582 0.497438
vt 0.440426 0.481597
vt 0.433348 0.489096
vt 0.240110 0.767539
vt 0.248478 0.767210
vt 0.231595 0.767829
vt 0.240662 0.698462
vt 0.240655 0.785039
vt 0.250321 0.784082
vt 0.230696 0.785460
vt 0.220717 0.784496
vt 0.210871 0.782047
vt 0.260392 0.782673
vt 0.223221 0.767530
vt 0.215185 0.766109
vt 0.256479 0.766776
vt 0.225138 0.698229
vt 0.217345 0.697320
vt 0.256392 0.697874
vt 0.232903 0.698807
vt 0.226045 0.627224
vt 0.218246 0.627698
vt 0.257017 0.628260
vt 0.233915 0.626736
vt 0.227565 0.534669
vt 0.219804 0.535019
vt 0.258590 0.535678
vt 0.235363 0.534315
vt 0.229403 0.430236
vt 0.221543 0.430329
vt 0.260392 0.430970
vt 0.237201 0.429852
vt 0.233917 0.297784
vt 0.227282 0.297436
vt 0.258868 0.298026
vt 0.240396 0.297902
vt 0.235102 0.284160
vt 0.241518 0.287927
vt 0.229427 0.281413
vt 0.257690 0.282266
vt 0.235523 0.278631
vt 0.236201 0.272091
vt 0.240568 0.282899
vt 0.230615 0.275753
vt 0.256679 0.276786
vt 0.231954 0.270090
vt 0.255771 0.271145
vt 0.251565 0.277649
vt 0.251019 0.271698
vt 0.252114 0.283172
vt 0.246505 0.280517
vt 0.246329 0.286235
vt 0.246366 0.273280
vt 0.246616 0.258882
vt 0.240901 0.275495
vt 0.242347 0.259059
vt 0.238077 0.257739
vt 0.244920 0.246591
vt 0.233998 0.255327
vt 0.254782 0.256333
vt 0.250525 0.257853
vt 0.246424 0.298077
vt 0.252505 0.298275
vt 0.244642 0.429937
vt 0.252544 0.430558
vt 0.243096 0.534628
vt 0.250822 0.535357
vt 0.241671 0.627075
vt 0.249313 0.627917
vt 0.248529 0.697821
vt 0.284391 0.579156
vt 0.323679 0.579500
vt 0.287299 0.475220
vt 0.322536 0.475971
vt 0.315844 0.579163
vt 0.315071 0.478730
vt 0.308006 0.578924
vt 0.308469 0.479735
vt 0.300171 0.579018
vt 0.301999 0.479514
vt 0.292276 0.579212
vt 0.295066 0.478109
vt 0.283684 0.686865
vt 0.322627 0.687164
vt 0.314894 0.686550
vt 0.307104 0.685849
vt 0.299274 0.686019
vt 0.291497 0.686731
vt 0.281337 0.751692
vt 0.323955 0.752141
vt 0.315774 0.753397
vt 0.306990 0.753059
vt 0.298080 0.753223
vt 0.289400 0.753161
vt 0.263804 0.776654
vt 0.340167 0.778512
vt 0.324479 0.784159
vt 0.308424 0.784077
vt 0.295208 0.783109
vt 0.279256 0.782328
vt 0.299694 0.632470
vt 0.307513 0.632273
vt 0.291893 0.632921
vt 0.315352 0.632692
vt 0.284083 0.632925
vt 0.323158 0.633236
vt 0.295586 0.464648
vt 0.314371 0.466096
vt 0.310752 0.471746
vt 0.307186 0.473064
vt 0.303859 0.472453
vt 0.299996 0.470319
vt 0.305086 0.465936
vt 0.300584 0.527594
vt 0.308450 0.527615
vt 0.316395 0.527784
vt 0.284840 0.527529
vt 0.324245 0.527907
vt 0.292683 0.527665
vt 0.269924 0.768261
vt 0.334487 0.769656
vt 0.282709 0.772975
vt 0.296176 0.773773
vt 0.307999 0.774377
vt 0.321482 0.774369
vt 0.356026 0.282617
vt 0.365464 0.282566
vt 0.346866 0.282739
vt 0.358947 0.355687
vt 0.356191 0.276725
vt 0.346534 0.276770
vt 0.365702 0.276959
vt 0.374569 0.276713
vt 0.374375 0.282610
vt 0.337129 0.278477
vt 0.383973 0.277152
vt 0.338800 0.284377
vt 0.382332 0.283097
vt 0.343408 0.356074
vt 0.382079 0.354812
vt 0.374275 0.355401
vt 0.351265 0.355481
vt 0.347892 0.402530
vt 0.380655 0.401547
vt 0.352163 0.450805
vt 0.378995 0.450011
vt 0.374100 0.402631
vt 0.354377 0.401764
vt 0.357568 0.450071
vt 0.360869 0.402448
vt 0.362995 0.450539
vt 0.367470 0.403156
vt 0.366654 0.355847
vt 0.368302 0.451249
vt 0.373685 0.451010
vt 0.370872 0.534220
vt 0.376385 0.533518
vt 0.365280 0.534018
vt 0.373001 0.608792
vt 0.378507 0.607899
vt 0.367480 0.608334
vt 0.374078 0.681499
vt 0.378115 0.680959
vt 0.370313 0.681086
vt 0.376974 0.778731
vt 0.380150 0.778866
vt 0.373804 0.778664
vt 0.375529 0.785460
vt 0.366589 0.780802
vt 0.383845 0.779960
vt 0.370274 0.778874
vt 0.366526 0.680472
vt 0.362709 0.680726
vt 0.381781 0.680175
vt 0.362029 0.607403
vt 0.356470 0.607592
vt 0.383973 0.606751
vt 0.359678 0.533410
vt 0.354147 0.533466
vt 0.381833 0.532653
vt 0.413166 0.360117
vt 0.393851 0.356259
vt 0.423160 0.358609
vt 0.384203 0.358245
vt 0.433118 0.356772
vt 0.403503 0.358296
vt 0.413355 0.384255
vt 0.398119 0.383963
vt 0.420740 0.384969
vt 0.390946 0.385885
vt 0.428111 0.384939
vt 0.405683 0.383415
vt 0.414644 0.455197
vt 0.401273 0.455498
vt 0.421330 0.455271
vt 0.394494 0.455981
vt 0.428158 0.454975
vt 0.407882 0.455165
vt 0.418027 0.577603
vt 0.405346 0.576615
vt 0.424213 0.577194
vt 0.399210 0.576974
vt 0.430310 0.576138
vt 0.411648 0.577096
vt 0.419773 0.419688
vt 0.394540 0.420429
vt 0.426164 0.419497
vt 0.407234 0.419410
vt 0.413496 0.419545
vt 0.400938 0.419752
vt 0.418634 0.608445
vt 0.405695 0.609465
vt 0.424947 0.608143
vt 0.399408 0.610078
vt 0.431000 0.609182
vt 0.412122 0.609093
vt 0.419700 0.671565
vt 0.410890 0.672263
vt 0.424162 0.671438
vt 0.406457 0.672421
vt 0.428610 0.671616
vt 0.415315 0.671939
vt 0.421700 0.735000
vt 0.414270 0.735208
vt 0.425453 0.734969
vt 0.410592 0.735564
vt 0.428976 0.734897
vt 0.417953 0.735030
vt 0.422520 0.780358
vt 0.417921 0.781151
vt 0.424876 0.781230
vt 0.415409 0.783775
vt 0.427759 0.783247
vt 0.420316 0.780265
vt 0.421680 0.785460
vt 0.403114 0.637651
vt 0.429250 0.636716
vt 0.424075 0.636357
vt 0.413680 0.637622
vt 0.408331 0.637790
vt 0.418906 0.636896
vt 0.405015 0.594271
vt 0.411527 0.594111
vt 0.425342 0.593779
vt 0.398780 0.593924
vt 0.431496 0.593042
vt 0.418439 0.593952
vt 0.399812 0.604292
vt 0.449980 0.485639
vt 0.397489 0.607117
vt 0.432394 0.605972
vt 0.449760 0.489810
vt 0.430413 0.602934
vt 0.450171 0.493759
vt 0.399807 0.600495
vt 0.450351 0.481459
vt 0.430701 0.599178
vt 0.450351 0.497841
vt 0.397414 0.597681
vt 0.433118 0.596550
vt 0.449175 0.501670
vt 0.449843 0.477582
vt 0.442391 0.486563
vt 0.442189 0.489187
vt 0.441642 0.491992
vt 0.441879 0.484033
vt 0.440867 0.494771
vt 0.439582 0.497438
vt 0.440426 0.481597
vt 0.433348 0.489096
vt 0.356026 0.282617
vt 0.365464 0.282566
vt 0.346866 0.282739
vt 0.374375 0.282610
vt 0.338800 0.284377
vt 0.382332 0.283097
vt 0.358947 0.355687
vt 0.366654 0.355847
vt 0.351265 0.355481
vt 0.374275 0.355401
vt 0.343408 0.356074
vt 0.382079 0.354812
vt 0.362995 0.450539
vt 0.368302 0.451249
vt 0.357568 0.450071
vt 0.373685 0.451010
vt 0.352163 0.450805
vt 0.378995 0.450011
vt 0.360869 0.402448
vt 0.367470 0.403156
vt 0.347892 0.402530
vt 0.380655 0.401547
vt 0.354377 0.401764
vt 0.374100 0.402631
vt 0.365280 0.534018
vt 0.370872 0.534220
vt 0.359678 0.533410
vt 0.376385 0.533518
vt 0.354147 0.533466
vt 0.381833 0.532653
vt 0.367480 0.608334
vt 0.373001 0.608792
vt 0.362029 0.607403
vt 0.378507 0.607899
vt 0.356470 0.607592
vt 0.383973 0.606751
vt 0.370313 0.681086
vt 0.374078 0.681499
vt 0.366526 0.680472
vt 0.378115 0.680959
vt 0.362709 0.680726
vt 0.381781 0.680175
vt 0.373804 0.778664
vt 0.376974 0.778731
vt 0.370274 0.778874
vt 0.380150 0.778866
vt 0.366589 0.780802
vt 0.383845 0.779960
vt 0.375529 0.785460
vt 0.190103 0.216564
vt 0.180224 0.217192
vt 0.200229 0.214919
vt 0.190378 0.324133
vt 0.180051 0.324304
vt 0.200480 0.323875
vt 0.188980 0.442738
vt 0.181255 0.443238
vt 0.196787 0.442293
vt 0.188160 0.552817
vt 0.182138 0.551910
vt 0.194070 0.552924
vt 0.187859 0.609527
vt 0.182089 0.608884
vt 0.193802 0.609764
vt 0.187206 0.665437
vt 0.183160 0.664648
vt 0.191251 0.665823
vt 0.187844 0.731283
vt 0.183078 0.730520
vt 0.191935 0.731582
vt 0.187815 0.770046
vt 0.183473 0.769726
vt 0.191586 0.770318
vt 0.185698 0.785460
vt 0.175443 0.771116
vt 0.196067 0.771164
vt 0.179731 0.769792
vt 0.178958 0.730363
vt 0.174328 0.731073
vt 0.196452 0.730964
vt 0.178965 0.664574
vt 0.174929 0.665372
vt 0.195258 0.665352
vt 0.176253 0.608732
vt 0.170402 0.609437
vt 0.199800 0.609380
vt 0.175951 0.551486
vt 0.169872 0.552243
vt 0.199946 0.552155
vt 0.173533 0.443111
vt 0.165639 0.442719
vt 0.204743 0.442741
vt 0.169780 0.324173
vt 0.159635 0.324048
vt 0.210640 0.324029
vt 0.170036 0.215943
vt 0.160008 0.214540
vt 0.210482 0.214540
vt 0.284391 0.579156
vt 0.323679 0.579500
vt 0.287299 0.475220
vt 0.322536 0.475971
vt 0.315844 0.579163
vt 0.315071 0.478730
vt 0.308006 0.578924
vt 0.308469 0.479735
vt 0.300171 0.579018
vt 0.301999 0.479514
vt 0.292276 0.579212
vt 0.295066 0.478109
vt 0.283684 0.686865
vt 0.322627 0.687164
vt 0.314894 0.686550
vt 0.307104 0.685849
vt 0.299274 0.686019
vt 0.291497 0.686731
vt 0.281337 0.751692
vt 0.323955 0.752141
vt 0.315774 0.753397
vt 0.306990 0.753059
vt 0.298080 0.753223
vt 0.289400 0.753161
vt 0.299694 0.632470
vt 0.307513 0.632273
vt 0.291893 0.632921
vt 0.315352 0.632692
vt 0.284083 0.632925
vt 0.323158 0.633236
vt 0.295586 0.464648
vt 0.314371 0.466096
vt 0.310752 0.471746
vt 0.307186 0.473064
vt 0.303859 0.472453
vt 0.299996 0.470319
vt 0.305086 0.465936
vt 0.300584 0.527594
vt 0.308450 0.527615
vt 0.316395 0.527784
vt 0.284840 0.527529
vt 0.324245 0.527907
vt 0.292683 0.527665
vt 0.240110 0.767539
vt 0.248478 0.767210
vt 0.231595 0.767829
vt 0.215185 0.766109
vt 0.256479 0.766776
vt 0.223221 0.767530
vt 0.240662 0.698462
vt 0.248529 0.697821
vt 0.232903 0.698807
vt 0.217345 0.697320
vt 0.256392 0.697874
vt 0.225138 0.698229
vt 0.241671 0.627075
vt 0.249313 0.627917
vt 0.233915 0.626736
vt 0.218246 0.627698
vt 0.257017 0.628260
vt 0.226045 0.627224
vt 0.243096 0.534628
vt 0.250822 0.535357
vt 0.235363 0.534315
vt 0.219804 0.535019
vt 0.258590 0.535678
vt 0.227565 0.534669
vt 0.244642 0.429937
vt 0.252544 0.430558
vt 0.237201 0.429852
vt 0.221543 0.430329
vt 0.260392 0.430970
vt 0.229403 0.430236
vt 0.246424 0.298077
vt 0.252505 0.298275
vt 0.240396 0.297902
vt 0.227282 0.297436
vt 0.258868 0.298026
vt 0.233917 0.297784
vt 0.246616 0.258882
vt 0.250525 0.257853
vt 0.242347 0.259059
vt 0.233998 0.255327
vt 0.254782 0.256333
vt 0.238077 0.257739
vt 0.244920 0.246591
vt 0.235102 0.284160
vt 0.241518 0.287927
vt 0.246329 0.286235
vt 0.252114 0.283172
vt 0.229427 0.281413
vt 0.257690 0.282266
vt 0.251019 0.271698
vt 0.240901 0.275495
vt 0.231954 0.270090
vt 0.255771 0.271145
vt 0.236201 0.272091
vt 0.246366 0.273280
vt 0.235523 0.278631
vt 0.246505 0.280517
vt 0.251565 0.277649
vt 0.240568 0.282899
vt 0.230615 0.275753
vt 0.256679 0.276786
vt 0.240655 0.785039
vt 0.250321 0.784082
vt 0.230696 0.785460
vt 0.210871 0.782047
vt 0.260392 0.782673
vt 0.220717 0.784496
vt 0.413166 0.360117
vt 0.393851 0.356259
vt 0.423160 0.358609
vt 0.384203 0.358245
vt 0.433118 0.356772
vt 0.403503 0.358296
vt 0.413355 0.384255
vt 0.398119 0.383963
vt 0.420740 0.384969
vt 0.390946 0.385885
vt 0.428111 0.384939
vt 0.405683 0.383415
vt 0.414644 0.455197
vt 0.401273 0.455498
vt 0.421330 0.455271
vt 0.394494 0.455981
vt 0.428158 0.454975
vt 0.407882 0.455165
vt 0.418027 0.577603
vt 0.405346 0.576615
vt 0.424213 0.577194
vt 0.399210 0.576974
vt 0.430310 0.576138
vt 0.411648 0.577096
vt 0.419773 0.419688
vt 0.394540 0.420429
vt 0.426164 0.419497
vt 0.407234 0.419410
vt 0.413496 0.419545
vt 0.400938 0.419752
vt 0.418634 0.608445
vt 0.405695 0.609465
vt 0.424947 0.608143
vt 0.399408 0.610078
vt 0.431000 0.609182
vt 0.412122 0.609093
vt 0.419700 0.671565
vt 0.410890 0.672263
vt 0.424162 0.671438
vt 0.406457 0.672421
vt 0.428610 0.671616
vt 0.415315 0.671939
vt 0.421700 0.735000
vt 0.414270 0.735208
vt 0.425453 0.734969
vt 0.410592 0.735564
vt 0.428976 0.734897
vt 0.417953 0.735030
vt 0.422520 0.780358
vt 0.417921 0.781151
vt 0.424876 0.781230
vt 0.415409 0.783775
vt 0.427759 0.783247
vt 0.420316 0.780265
vt 0.421680 0.785460
vt 0.403114 0.637651
vt 0.429250 0.636716
vt 0.424075 0.636357
vt 0.413680 0.637622
vt 0.408331 0.637790
vt 0.418906 0.636896
vt 0.405015 0.594271
vt 0.411527 0.594111
vt 0.425342 0.593779
vt 0.398780 0.593924
vt 0.431496 0.593042
vt 0.418439 0.593952
vt 0.399812 0.604292
vt 0.449980 0.485639
vt 0.397489 0.607117
vt 0.432394 0.605972
vt 0.449760 0.489810
vt 0.430413 0.602934
vt 0.450171 0.493759
vt 0.399807 0.600495
vt 0.450351 0.481459
vt 0.430701 0.599178
vt 0.450351 0.497841
vt 0.397414 0.597681
vt 0.433118 0.596550
vt 0.449175 0.501670
vt 0.449843 0.477582
vt 0.442391 0.486563
vt 0.442189 0.489187
vt 0.441642 0.491992
vt 0.441879 0.484033
vt 0.440867 0.494771
vt 0.439582 0.497438
vt 0.440426 0.481597
vt 0.433348 0.489096
vt 0.190103 0.216564
vt 0.160008 0.214540
vt 0.210482 0.214540
vt 0.180224 0.217192
vt 0.170036 0.215943
vt 0.200229 0.214919
vt 0.190378 0.324133
vt 0.159635 0.324048
vt 0.210640 0.324029
vt 0.180051 0.324304
vt 0.169780 0.324173
vt 0.200480 0.323875
vt 0.188980 0.442738
vt 0.165639 0.442719
vt 0.204743 0.442741
vt 0.181255 0.443238
vt 0.173533 0.443111
vt 0.196787 0.442293
vt 0.188160 0.552817
vt 0.169872 0.552243
vt 0.199946 0.552155
vt 0.182138 0.551910
vt 0.175951 0.551486
vt 0.194070 0.552924
vt 0.187859 0.609527
vt 0.170402 0.609437
vt 0.199800 0.609380
vt 0.182089 0.608884
vt 0.176253 0.608732
vt 0.193802 0.609764
vt 0.187206 0.665437
vt 0.174929 0.665372
vt 0.195258 0.665352
vt 0.183160 0.664648
vt 0.178965 0.664574
vt 0.191251 0.665823
vt 0.187844 0.731283
vt 0.174328 0.731073
vt 0.196452 0.730964
vt 0.183078 0.730520
vt 0.178958 0.730363
vt 0.191935 0.731582
vt 0.187815 0.770046
vt 0.175443 0.771116
vt 0.196067 0.771164
vt 0.183473 0.769726
vt 0.179731 0.769792
vt 0.191586 0.770318
vt 0.185698 0.785460
vt 0.418027 0.577603
vt 0.405346 0.576615
vt 0.424213 0.577194
vt 0.399210 0.576974
vt 0.430310 0.576138
vt 0.411648 0.577096
vt 0.418634 0.608445
vt 0.405695 0.609465
vt 0.424947 0.608143
vt 0.399408 0.610078
vt 0.431000 0.609182
vt 0.412122 0.609093
vt 0.419700 0.671565
vt 0.410890 0.672263
vt 0.424162 0.671438
vt 0.406457 0.672421
vt 0.428610 0.671616
vt 0.415315 0.671939
vt 0.421700 0.735000
vt 0.414270 0.735208
vt 0.425453 0.734969
vt 0.410592 0.735564
vt 0.428976 0.734897
vt 0.417953 0.735030
vt 0.422520 0.780358
vt 0.417921 0.781151
vt 0.424876 0.781230
vt 0.415409 0.783775
vt 0.427759 0.783247
vt 0.420316 0.780265
vt 0.421680 0.785460
vt 0.403114 0.637651
vt 0.429250 0.636716
vt 0.424075 0.636357
vt 0.413680 0.637622
vt 0.408331 0.637790
vt 0.418906 0.636896
vt 0.405015 0.594271
vt 0.411527 0.594111
vt 0.425342 0.593779
vt 0.398780 0.593924
vt 0.431496 0.593042
vt 0.418439 0.593952
vt 0.399812 0.604292
vt 0.449980 0.485639
vt 0.397489 0.607117
vt 0.432394 0.605972
vt 0.449760 0.489810
vt 0.430413 0.602934
vt 0.450171 0.493759
vt 0.399807 0.600495
vt 0.450351 0.481459
vt 0.430701 0.599178
vt 0.450351 0.497841
vt 0.397414 0.597681
vt 0.433118 0.596550
vt 0.449175 0.501670
vt 0.449843 0.477582
vt 0.442391 0.486563
vt 0.442189 0.489187
vt 0.441642 0.491992
vt 0.441879 0.484033
vt 0.440867 0.494771
vt 0.439582 0.497438
vt 0.440426 0.481597
vt 0.433348 0.489096
vt 0.557635 0.652654
vt 0.553334 0.537783
vt 0.566496 0.652113
vt 0.548748 0.653204
vt 0.561418 0.756747
vt 0.568787 0.756235
vt 0.553889 0.757318
vt 0.562741 0.772925
vt 0.568052 0.773095
vt 0.557888 0.774943
vt 0.566211 0.785460
vt 0.552143 0.779721
vt 0.579919 0.779620
vt 0.573612 0.775479
vt 0.576329 0.756102
vt 0.546465 0.757981
vt 0.584046 0.756962
vt 0.575406 0.651959
vt 0.573920 0.537473
vt 0.539817 0.653530
vt 0.584307 0.652192
vt 0.533032 0.539125
vt 0.584307 0.537551
vt 0.543188 0.538446
vt 0.563624 0.537449
vt 0.470163 0.783805
vt 0.461231 0.784916
vt 0.433348 0.779905
vt 0.480034 0.781420
vt 0.468476 0.773300
vt 0.460686 0.773597
vt 0.438655 0.771245
vt 0.475676 0.772212
vt 0.468077 0.733023
vt 0.469042 0.696086
vt 0.461335 0.732672
vt 0.441151 0.733080
vt 0.474665 0.733867
vt 0.442116 0.696214
vt 0.475658 0.697127
vt 0.447939 0.733631
vt 0.448840 0.696571
vt 0.454675 0.733184
vt 0.445532 0.772770
vt 0.452980 0.773200
vt 0.442553 0.784121
vt 0.452092 0.785460
vt 0.455592 0.696002
vt 0.462265 0.695543
vt 0.457651 0.622720
vt 0.464513 0.622646
vt 0.450858 0.623195
vt 0.460162 0.545042
vt 0.466781 0.545473
vt 0.453449 0.545110
vt 0.462758 0.508359
vt 0.466770 0.508898
vt 0.458470 0.507359
vt 0.464738 0.501900
vt 0.471043 0.508320
vt 0.453487 0.503691
vt 0.476121 0.504418
vt 0.446996 0.545059
vt 0.480034 0.546144
vt 0.473508 0.546118
vt 0.444077 0.623130
vt 0.477967 0.624132
vt 0.471250 0.623357
vt 0.190103 0.216564
vt 0.180224 0.217192
vt 0.200229 0.214919
vt 0.190378 0.324133
vt 0.180051 0.324304
vt 0.200480 0.323875
vt 0.188980 0.442738
vt 0.181255 0.443238
vt 0.196787 0.442293
vt 0.188160 0.552817
vt 0.182138 0.551910
vt 0.194070 0.552924
vt 0.187859 0.609527
vt 0.182089 0.608884
vt 0.193802 0.609764
vt 0.187206 0.665437
vt 0.183160 0.664648
vt 0.191251 0.665823
vt 0.187844 0.731283
vt 0.183078 0.730520
vt 0.191935 0.731582
vt 0.187815 0.770046
vt 0.183473 0.769726
vt 0.191586 0.770318
vt 0.185698 0.785460
vt 0.175443 0.771116
vt 0.196067 0.771164
vt 0.179731 0.769792
vt 0.178958 0.730363
vt 0.174328 0.731073
vt 0.196452 0.730964
vt 0.178965 0.664574
vt 0.174929 0.665372
vt 0.195258 0.665352
vt 0.176253 0.608732
vt 0.170402 0.609437
vt 0.199800 0.609380
vt 0.175951 0.551486
vt 0.169872 0.552243
vt 0.199946 0.552155
vt 0.173533 0.443111
vt 0.165639 0.442719
vt 0.204743 0.442741
vt 0.169780 0.324173
vt 0.159635 0.324048
vt 0.210640 0.324029
vt 0.170036 0.215943
vt 0.160008 0.214540
vt 0.210482 0.214540
vt 0.284391 0.579156
vt 0.323679 0.579500
vt 0.287299 0.475220
vt 0.322536 0.475971
vt 0.315844 0.579163
vt 0.315071 0.478730
vt 0.308006 0.578924
vt 0.308469 0.479735
vt 0.300171 0.579018
vt 0.301999 0.479514
vt 0.292276 0.579212
vt 0.295066 0.478109
vt 0.283684 0.686865
vt 0.322627 0.687164
vt 0.314894 0.686550
vt 0.307104 0.685849
vt 0.299274 0.686019
vt 0.291497 0.686731
vt 0.281337 0.751692
vt 0.323955 0.752141
vt 0.315774 0.753397
vt 0.306990 0.753059
vt 0.298080 0.753223
vt 0.289400 0.753161
vt 0.299694 0.632470
vt 0.307513 0.632273
vt 0.291893 0.632921
vt 0.315352 0.632692
vt 0.284083 0.632925
vt 0.323158 0.633236
vt 0.295586 0.464648
vt 0.314371 0.466096
vt 0.310752 0.471746
vt 0.307186 0.473064
vt 0.303859 0.472453
vt 0.299996 0.470319
vt 0.305086 0.465936
vt 0.300584 0.527594
vt 0.308450 0.527615
vt 0.316395 0.527784
vt 0.284840 0.527529
vt 0.324245 0.527907
vt 0.292683 0.527665
vt 0.240110 0.767539
vt 0.248478 0.767210
vt 0.231595 0.767829
vt 0.215185 0.766109
vt 0.256479 0.766776
vt 0.223221 0.767530
vt 0.240662 0.698462
vt 0.248529 0.697821
vt 0.232903 0.698807
vt 0.217345 0.697320
vt 0.256392 0.697874
vt 0.225138 0.698229
vt 0.241671 0.627075
vt 0.249313 0.627917
vt 0.233915 0.626736
vt 0.218246 0.627698
vt 0.257017 0.628260
vt 0.226045 0.627224
vt 0.243096 0.534628
vt 0.250822 0.535357
vt 0.235363 0.534315
vt 0.219804 0.535019
vt 0.258590 0.535678
vt 0.227565 0.534669
vt 0.244642 0.429937
vt 0.252544 0.430558
vt 0.237201 0.429852
vt 0.221543 0.430329
vt 0.260392 0.430970
vt 0.229403 0.430236
vt 0.246424 0.298077
vt 0.252505 0.298275
vt 0.240396 0.297902
vt 0.227282 0.297436
vt 0.258868 0.298026
vt 0.233917 0.297784
vt 0.246616 0.258882
vt 0.250525 0.257853
vt 0.242347 0.259059
vt 0.233998 0.255327
vt 0.254782 0.256333
vt 0.238077 0.257739
vt 0.244920 0.246591
vt 0.235102 0.284160
vt 0.241518 0.287927
vt 0.246329 0.286235
vt 0.252114 0.283172
vt 0.229427 0.281413
vt 0.257690 0.282266
vt 0.251019 0.271698
vt 0.240901 0.275495
vt 0.231954 0.270090
vt 0.255771 0.271145
vt 0.236201 0.272091
vt 0.246366 0.273280
vt 0.235523 0.278631
vt 0.246505 0.280517
vt 0.251565 0.277649
vt 0.240568 0.282899
vt 0.230615 0.275753
vt 0.256679 0.276786
vt 0.240655 0.785039
vt 0.250321 0.784082
vt 0.230696 0.785460
vt 0.210871 0.782047
vt 0.260392 0.782673
vt 0.220717 0.784496
vt 0.413166 0.360117
vt 0.393851 0.356259
vt 0.423160 0.358609
vt 0.384203 0.358245
vt 0.433118 0.356772
vt 0.403503 0.358296
vt 0.413355 0.384255
vt 0.398119 0.383963
vt 0.420740 0.384969
vt 0.390946 0.385885
vt 0.428111 0.384939
vt 0.405683 0.383415
vt 0.414644 0.455197
vt 0.401273 0.455498
vt 0.421330 0.455271
vt 0.394494 0.455981
vt 0.428158 0.454975
vt 0.407882 0.455165
vt 0.418027 0.577603
vt 0.405346 0.576615
vt 0.424213 0.577194
vt 0.399210 0.576974
vt 0.430310 0.576138
vt 0.411648 0.577096
vt 0.419773 0.419688
vt 0.394540 0.420429
vt 0.426164 0.419497
vt 0.407234 0.419410
vt 0.413496 0.419545
vt 0.400938 0.419752
vt 0.418634 0.608445
vt 0.405695 0.609465
vt 0.424947 0.608143
vt 0.399408 0.610078
vt 0.431000 0.609182
vt 0.412122 0.609093
vt 0.419700 0.671565
vt 0.410890 0.672263
vt 0.424162 0.671438
vt 0.406457 0.672421
vt 0.428610 0.671616
vt 0.415315 0.671939
vt 0.421700 0.735000
vt 0.414270 0.735208
vt 0.425453 0.734969
vt 0.410592 0.735564
vt 0.428976 0.734897
vt 0.417953 0.735030
vt 0.422520 0.780358
vt 0.417921 0.781151
vt 0.424876 0.781230
vt 0.415409 0.783775
vt 0.427759 0.783247
vt 0.420316 0.780265
vt 0.421680 0.785460
vt 0.403114 0.637651
vt 0.429250 0.636716
vt 0.424075 0.636357
vt 0.413680 0.637622
vt 0.408331 0.637790
vt 0.418906 0.636896
vt 0.405015 0.594271
vt 0.411527 0.594111
vt 0.425342 0.593779
vt 0.398780 0.593924
vt 0.431496 0.593042
vt 0.418439 0.593952
vt 0.399812 0.604292
vt 0.449980 0.485639
vt 0.397489 0.607117
vt 0.432394 0.605972
vt 0.449760 0.489810
vt 0.430413 0.602934
vt 0.450171 0.493759
vt 0.399807 0.600495
vt 0.450351 0.481459
vt 0.430701 0.599178
vt 0.450351 0.497841
vt 0.397414 0.597681
vt 0.433118 0.596550
vt 0.449175 0.501670
vt 0.449843 0.477582
vt 0.442391 0.486563
vt 0.442189 0.489187
vt 0.441642 0.491992
vt 0.441879 0.484033
vt 0.440867 0.494771
vt 0.439582 0.497438
vt 0.440426 0.481597
vt 0.433348 0.489096
vt 0.190103 0.216564
vt 0.160008 0.214540
vt 0.210482 0.214540
vt 0.180224 0.217192
vt 0.170036 0.215943
vt 0.200229 0.214919
vt 0.190378 0.324133
vt 0.159635 0.324048
vt 0.210640 0.324029
vt 0.180051 0.324304
vt 0.169780 0.324173
vt 0.200480 0.323875
vt 0.188980 0.442738
vt 0.165639 0.442719
vt 0.204743 0.442741
vt 0.181255 0.443238
vt 0.173533 0.443111
vt 0.196787 0.442293
vt 0.188160 0.552817
vt 0.169872 0.552243
vt 0.199946 0.552155
vt 0.182138 0.551910
vt 0.175951 0.551486
vt 0.194070 0.552924
vt 0.187859 0.609527
vt 0.170402 0.609437
vt 0.199800 0.609380
vt 0.182089 0.608884
vt 0.176253 0.608732
vt 0.193802 0.609764
vt 0.187206 0.665437
vt 0.174929 0.665372
vt 0.195258 0.665352
vt 0.183160 0.664648
vt 0.178965 0.664574
vt 0.191251 0.665823
vt 0.187844 0.731283
vt 0.174328 0.731073
vt 0.196452 0.730964
vt 0.183078 0.730520
vt 0.178958 0.730363
vt 0.191935 0.731582
vt 0.187815 0.770046
vt 0.175443 0.771116
vt 0.196067 0.771164
vt 0.183473 0.769726
vt 0.179731 0.769792
vt 0.191586 0.770318
vt 0.185698 0.785460
vt 0.418027 0.577603
vt 0.405346 0.576615
vt 0.424213 0.577194
vt 0.399210 0.576974
vt 0.430310 0.576138
vt 0.411648 0.577096
vt 0.418634 0.608445
vt 0.405695 0.609465
vt 0.424947 0.608143
vt 0.399408 0.610078
vt 0.431000 0.609182
vt 0.412122 0.609093
vt 0.419700 0.671565
vt 0.410890 0.672263
vt 0.424162 0.671438
vt 0.406457 0.672421
vt 0.428610 0.671616
vt 0.415315 0.671939
vt 0.421700 0.735000
vt 0.414270 0.735208
vt 0.425453 0.734969
vt 0.410592 0.735564
vt 0.428976 0.734897
vt 0.417953 0.735030
vt 0.422520 0.780358
vt 0.417921 0.781151
vt 0.424876 0.781230
vt 0.415409 0.783775
vt 0.427759 0.783247
vt 0.420316 0.780265
vt 0.421680 0.785460
vt 0.403114 0.637651
vt 0.429250 0.636716
vt 0.424075 0.636357
vt 0.413680 0.637622
vt 0.408331 0.637790
vt 0.418906 0.636896
vt 0.405015 0.594271
vt 0.411527 0.594111
vt 0.425342 0.593779
vt 0.398780 0.593924
vt 0.431496 0.593042
vt 0.418439 0.593952
vt 0.399812 0.604292
vt 0.449980 0.485639
vt 0.397489 0.607117
vt 0.432394 0.605972
vt 0.449760 0.489810
vt 0.430413 0.602934
vt 0.450171 0.493759
vt 0.399807 0.600495
vt 0.450351 0.481459
vt 0.430701 0.599178
vt 0.450351 0.497841
vt 0.397414 0.597681
vt 0.433118 0.596550
vt 0.449175 0.501670
vt 0.449843 0.477582
vt 0.442391 0.486563
vt 0.442189 0.489187
vt 0.441642 0.491992
vt 0.441879 0.484033
vt 0.440867 0.494771
vt 0.439582 0.497438
vt 0.440426 0.481597
vt 0.433348 0.489096
f 2/2 1/1 5/5
f 2/2 5/5 6/6
f 1/1 2/2 67/67
f 1/1 67/67 4/4
f 1/1 3/3 7/7
f 1/1 7/7 5/5
f 3/3 1/1 4/4
f 3/3 4/4 17/17
f 3/3 11/11 8/8
f 3/3 8/8 7/7
f 11/11 12/12 9/9
f 11/11 9/9 8/8
f 12/12 11/11 14/14
f 12/12 14/14 15/15
f 11/11 3/3 17/17
f 11/11 17/17 14/14
f 15/15 14/14 18/18
f 15/15 18/18 19/19
f 14/14 17/17 21/21
f 14/14 21/21 18/18
f 19/19 18/18 22/22
f 19/19 22/22 23/23
f 18/18 21/21 25/25
f 18/18 25/25 22/22
f 23/23 22/22 26/26
f 23/23 26/26 27/27
f 22/22 25/25 29/29
f 22/22 29/29 26/26
f 27/27 26/26 30/30
f 27/27 30/30 31/31
f 26/26 29/29 33/33
f 26/26 33/33 30/30
f 31/31 30/30 34/34
f 31/31 34/34 36/36
f 30/30 33/33 35/35
f 30/30 35/35 34/34
f 34/34 35/35 40/40
f 34/34 40/40 38/38
f 36/36 34/34 38/38
f 36/36 38/38 41/41
f 38/38 40/40 52/52
f 38/38 52/52 39/39
f 41/41 38/38 39/39
f 41/41 39/39 43/43
f 45/45 42/42 44/44
f 45/45 44/44 46/46
f 47/47 37/37 42/42
f 47/47 42/42 45/45
f 48/48 45/45 46/46
f 48/48 46/46 50/50
f 49/49 47/47 45/45
f 49/49 45/45 48/48
f 35/35 49/49 48/48
f 35/35 48/48 40/40
f 40/40 48/48 50/50
f 40/40 50/50 52/52
f 52/52 50/50 51/51
f 52/52 51/51 53/53
f 50/50 46/46 58/58
f 50/50 58/58 51/51
f 39/39 52/52 53/53
f 39/39 53/53 54/54
f 54/54 53/53 55/55
f 53/53 51/51 55/55
f 51/51 58/58 55/55
f 56/56 54/54 55/55
f 58/58 57/57 55/55
f 46/46 44/44 57/57
f 46/46 57/57 58/58
f 43/43 39/39 54/54
f 43/43 54/54 56/56
f 59/59 60/60 47/47
f 59/59 47/47 49/49
f 33/33 59/59 49/49
f 33/33 49/49 35/35
f 61/61 62/62 60/60
f 61/61 60/60 59/59
f 29/29 61/61 59/59
f 29/29 59/59 33/33
f 63/63 64/64 62/62
f 63/63 62/62 61/61
f 25/25 63/63 61/61
f 25/25 61/61 29/29
f 65/65 66/66 64/64
f 65/65 64/64 63/63
f 21/21 65/65 63/63
f 21/21 63/63 25/25
f 4/4 67/67 66/66
f 4/4 66/66 65/65
f 17/17 4/4 65/65
f 17/17 65/65 21/21
f 66/66 20/20 24/24
f 66/66 24/24 64/64
f 67/67 16/16 20/20
f 67/67 20/20 66/66
f 2/2 13/13 16/16
f 2/2 16/16 67/67
f 64/64 24/24 28/28
f 64/64 28/28 62/62
f 62/62 28/28 32/32
f 62/62 32/32 60/60
f 60/60 32/32 37/37
f 60/60 37/37 47/47
f 13/13 2/2 6/6
f 13/13 6/6 10/10
f 92/92 70/70 68/68
f 92/92 68/68 69/69
f 69/69 68/68 71/71
f 69/69 71/71 91/91
f 70/70 73/73 72/72
f 70/70 72/72 68/68
f 68/68 72/72 74/74
f 68/68 74/74 71/71
f 73/73 76/76 75/75
f 73/73 75/75 72/72
f 72/72 75/75 77/77
f 72/72 77/77 74/74
f 76/76 78/78 75/75
f 75/75 78/78 77/77
f 81/81 78/78 76/76
f 80/80 78/78 81/81
f 77/77 78/78 79/79
f 82/82 81/81 76/76
f 82/82 76/76 73/73
f 84/84 80/80 81/81
f 84/84 81/81 82/82
f 85/85 82/82 73/73
f 85/85 73/73 70/70
f 88/88 84/84 82/82
f 88/88 82/82 85/85
f 86/86 85/85 70/70
f 86/86 70/70 92/92
f 90/90 88/88 85/85
f 90/90 85/85 86/86
f 91/91 71/71 87/87
f 91/91 87/87 89/89
f 71/71 74/74 83/83
f 71/71 83/83 87/87
f 74/74 77/77 79/79
f 74/74 79/79 83/83
f 94/94 97/97 96/96
f 94/94 96/96 93/93
f 93/93 96/96 98/98
f 93/93 98/98 95/95
f 97/97 100/100 99/99
f 97/97 99/99 96/96
f 96/96 99/99 101/101
f 96/96 101/101 98/98
f 100/100 103/103 102/102
f 100/100 102/102 99/99
f 99/99 102/102 104/104
f 99/99 104/104 101/101
f 103/103 106/106 105/105
f 103/103 105/105 102/102
f 102/102 105/105 107/107
f 102/102 107/107 104/104
f 106/106 109/109 108/108
f 106/106 108/108 105/105
f 105/105 108/108 110/110
f 105/105 110/110 107/107
f 109/109 111/111 108/108
f 108/108 111/111 110/110
f 114/114 111/111 109/109
f 112/112 111/111 113/113
f 110/110 111/111 112/112
f 117/117 112/112 113/113
f 117/117 113/113 115/115
f 116/116 114/114 109/109
f 116/116 109/109 106/106
f 120/120 117/117 115/115
f 120/120 115/115 118/118
f 119/119 116/116 106/106
f 119/119 106/106 103/103
f 123/123 120/120 118/118
f 123/123 118/118 121/121
f 122/122 119/119 103/103
f 122/122 103/103 100/100
f 126/126 123/123 121/121
f 126/126 121/121 124/124
f 125/125 122/122 100/100
f 125/125 100/100 97/97
f 129/129 126/126 124/124
f 129/129 124/124 127/127
f 128/128 125/125 97/97
f 128/128 97/97 94/94
f 95/95 98/98 126/126
f 95/95 126/126 129/129
f 98/98 101/101 123/123
f 98/98 123/123 126/126
f 101/101 104/104 120/120
f 101/101 120/120 123/123
f 104/104 107/107 117/117
f 104/104 117/117 120/120
f 107/107 110/110 112/112
f 107/107 112/112 117/117
f 131/131 134/134 133/133
f 131/131 133/133 130/130
f 130/130 133/133 135/135
f 130/130 135/135 132/132
f 134/134 138/138 136/136
f 134/134 136/136 133/133
f 133/133 136/136 139/139
f 133/133 139/139 135/135
f 138/138 150/150 137/137
f 138/138 137/137 136/136
f 136/136 137/137 140/140
f 136/136 140/140 139/139
f 139/139 140/140 143/143
f 139/139 143/143 141/141
f 135/135 139/139 141/141
f 135/135 141/141 142/142
f 142/142 141/141 144/144
f 142/142 144/144 146/146
f 141/141 143/143 148/148
f 141/141 148/148 144/144
f 147/147 145/145 138/138
f 147/147 138/138 134/134
f 145/145 149/149 150/150
f 145/145 150/150 138/138
f 143/143 153/153 151/151
f 143/143 151/151 148/148
f 149/149 152/152 154/154
f 149/149 154/154 150/150
f 153/153 161/161 155/155
f 153/153 155/155 151/151
f 152/152 156/156 162/162
f 152/152 162/162 154/154
f 156/156 158/158 165/165
f 156/156 165/165 162/162
f 161/161 215/215 157/157
f 161/161 157/157 155/155
f 162/162 165/165 167/167
f 162/162 167/167 163/163
f 162/162 163/163 211/211
f 162/162 211/211 164/164
f 154/154 162/162 164/164
f 154/154 164/164 214/214
f 166/166 169/169 170/170
f 166/166 170/170 168/168
f 159/159 171/171 169/169
f 159/159 169/169 166/166
f 169/169 173/173 170/170
f 171/171 173/173 169/169
f 176/176 173/173 174/174
f 174/174 173/173 175/175
f 175/175 173/173 172/172
f 170/170 173/173 176/176
f 179/179 176/176 174/174
f 179/179 174/174 181/181
f 168/168 170/170 176/176
f 168/168 176/176 179/179
f 182/182 177/177 180/180
f 182/182 180/180 184/184
f 163/163 167/167 178/178
f 163/163 178/178 183/183
f 184/184 188/188 185/185
f 184/184 185/185 182/182
f 183/183 186/186 187/187
f 183/183 187/187 163/163
f 186/186 190/190 192/192
f 186/186 192/192 187/187
f 188/188 191/191 189/189
f 188/188 189/189 185/185
f 191/191 195/195 193/193
f 191/191 193/193 189/189
f 190/190 194/194 196/196
f 190/190 196/196 192/192
f 195/195 199/199 197/197
f 195/195 197/197 193/193
f 194/194 198/198 200/200
f 194/194 200/200 196/196
f 199/199 201/201 197/197
f 198/198 201/201 200/200
f 200/200 201/201 202/202
f 202/202 201/201 203/203
f 203/203 201/201 199/199
f 204/204 203/203 199/199
f 204/204 199/199 195/195
f 205/205 202/202 203/203
f 205/205 203/203 204/204
f 206/206 204/204 195/195
f 206/206 195/195 191/191
f 207/207 205/205 204/204
f 207/207 204/204 206/206
f 208/208 206/206 191/191
f 208/208 191/191 188/188
f 210/210 207/207 206/206
f 210/210 206/206 208/208
f 209/209 208/208 188/188
f 209/209 188/188 184/184
f 211/211 210/210 208/208
f 211/211 208/208 209/209
f 163/163 187/187 210/210
f 163/163 210/210 211/211
f 187/187 192/192 207/207
f 187/187 207/207 210/210
f 164/164 211/211 209/209
f 164/164 209/209 212/212
f 212/212 209/209 184/184
f 212/212 184/184 161/161
f 213/213 212/212 161/161
f 213/213 161/161 153/153
f 214/214 164/164 212/212
f 214/214 212/212 213/213
f 140/140 213/213 153/153
f 140/140 153/153 143/143
f 137/137 214/214 213/213
f 137/137 213/213 140/140
f 150/150 154/154 214/214
f 150/150 214/214 137/137
f 192/192 196/196 205/205
f 192/192 205/205 207/207
f 196/196 200/200 202/202
f 196/196 202/202 205/205
f 184/184 180/180 215/215
f 184/184 215/215 161/161
f 181/181 174/174 175/175
f 181/181 175/175 216/216
f 216/216 175/175 172/172
f 216/216 172/172 160/160
f 219/219 142/142 146/146
f 219/219 146/146 217/217
f 218/218 147/147 134/134
f 218/218 134/134 131/131
f 132/132 135/135 142/142
f 132/132 142/142 219/219
f 221/221 225/225 224/224
f 221/221 224/224 220/220
f 220/220 224/224 227/227
f 220/220 227/227 223/223
f 225/225 230/230 228/228
f 225/225 228/228 224/224
f 224/224 228/228 232/232
f 224/224 232/232 227/227
f 228/228 229/229 234/234
f 228/228 234/234 232/232
f 230/230 243/243 229/229
f 230/230 229/229 228/228
f 226/226 231/231 235/235
f 226/226 235/235 238/238
f 231/231 233/233 236/236
f 231/231 236/236 235/235
f 235/235 236/236 242/242
f 235/235 242/242 237/237
f 238/238 235/235 237/237
f 238/238 237/237 239/239
f 222/222 226/226 238/238
f 222/222 238/238 240/240
f 240/240 238/238 239/239
f 240/240 239/239 241/241
f 241/241 239/239 225/225
f 241/241 225/225 221/221
f 239/239 237/237 230/230
f 239/239 230/230 225/225
f 237/237 242/242 243/243
f 237/237 243/243 230/230
f 242/242 244/244 245/245
f 242/242 245/245 243/243
f 236/236 246/246 244/244
f 236/236 244/244 242/242
f 244/244 247/247 248/248
f 244/244 248/248 245/245
f 246/246 249/249 247/247
f 246/246 247/247 244/244
f 247/247 250/250 251/251
f 247/247 251/251 248/248
f 249/249 252/252 250/250
f 249/249 250/250 247/247
f 250/250 253/253 251/251
f 252/252 253/253 250/250
f 251/251 253/253 254/254
f 254/254 253/253 256/256
f 255/255 253/253 252/252
f 257/257 255/255 252/252
f 257/257 252/252 249/249
f 259/259 254/254 256/256
f 259/259 256/256 258/258
f 260/260 257/257 249/249
f 260/260 249/249 246/246
f 262/262 259/259 258/258
f 262/262 258/258 261/261
f 233/233 260/260 246/246
f 233/233 246/246 236/236
f 229/229 262/262 261/261
f 229/229 261/261 234/234
f 245/245 248/248 259/259
f 245/245 259/259 262/262
f 243/243 245/245 262/262
f 243/243 262/262 229/229
f 248/248 251/251 254/254
f 248/248 254/254 259/259
f 263/263 264/264 267/267
f 263/263 267/267 266/266
f 265/265 263/263 266/266
f 265/265 266/266 268/268
f 266/266 267/267 270/270
f 266/266 270/270 269/269
f 268/268 266/266 269/269
f 268/268 269/269 271/271
f 269/269 270/270 273/273
f 269/269 273/273 272/272
f 271/271 269/269 272/272
f 271/271 272/272 274/274
f 272/272 273/273 276/276
f 272/272 276/276 275/275
f 274/274 272/272 275/275
f 274/274 275/275 277/277
f 275/275 276/276 279/279
f 275/275 279/279 278/278
f 277/277 275/275 278/278
f 277/277 278/278 280/280
f 278/278 279/279 282/282
f 278/278 282/282 281/281
f 280/280 278/278 281/281
f 280/280 281/281 283/283
f 281/281 282/282 285/285
f 281/281 285/285 284/284
f 283/283 281/281 284/284
f 283/283 284/284 286/286
f 284/284 285/285 287/287
f 286/286 284/284 287/287
f 289/289 286/286 287/287
f 285/285 290/290 287/287
f 290/290 288/288 287/287
f 291/291 292/292 288/288
f 291/291 288/288 290/290
f 282/282 291/291 290/290
f 282/282 290/290 285/285
f 294/294 295/295 292/292
f 294/294 292/292 291/291
f 279/279 294/294 291/291
f 279/279 291/291 282/282
f 297/297 298/298 295/295
f 297/297 295/295 294/294
f 276/276 297/297 294/294
f 276/276 294/294 279/279
f 300/300 301/301 298/298
f 300/300 298/298 297/297
f 273/273 300/300 297/297
f 273/273 297/297 276/276
f 303/303 304/304 301/301
f 303/303 301/301 300/300
f 270/270 303/303 300/300
f 270/270 300/300 273/273
f 306/306 307/307 304/304
f 306/306 304/304 303/303
f 267/267 306/306 303/303
f 267/267 303/303 270/270
f 309/309 310/310 307/307
f 309/309 307/307 306/306
f 264/264 309/309 306/306
f 264/264 306/306 267/267
f 311/311 265/265 268/268
f 311/311 268/268 308/308
f 308/308 268/268 271/271
f 308/308 271/271 305/305
f 305/305 271/271 274/274
f 305/305 274/274 302/302
f 302/302 274/274 277/277
f 302/302 277/277 299/299
f 299/299 277/277 280/280
f 299/299 280/280 296/296
f 296/296 280/280 283/283
f 296/296 283/283 293/293
f 293/293 283/283 286/286
f 293/293 286/286 289/289
f 353/353 315/315 317/317
f 353/353 317/317 351/351
f 351/351 317/317 319/319
f 351/351 319/319 350/350
f 350/350 319/319 321/321
f 350/350 321/321 349/349
f 336/336 338/338 329/329
f 336/336 329/329 328/328
f 349/349 321/321 323/323
f 349/349 323/323 354/354
f 354/354 323/323 314/314
f 354/354 314/314 352/352
f 337/337 336/336 328/328
f 337/337 328/328 327/327
f 339/339 337/337 327/327
f 339/339 327/327 326/326
f 338/338 340/340 324/324
f 338/338 324/324 329/329
f 341/341 339/339 326/326
f 341/341 326/326 325/325
f 328/328 329/329 335/335
f 328/328 335/335 334/334
f 326/326 327/327 333/333
f 326/326 333/333 332/332
f 329/329 324/324 330/330
f 329/329 330/330 335/335
f 327/327 328/328 334/334
f 327/327 334/334 333/333
f 325/325 326/326 332/332
f 325/325 332/332 331/331
f 313/313 316/316 339/339
f 313/313 339/339 341/341
f 322/322 312/312 340/340
f 322/322 340/340 338/338
f 316/316 318/318 337/337
f 316/316 337/337 339/339
f 318/318 320/320 336/336
f 318/318 336/336 337/337
f 320/320 322/322 338/338
f 320/320 338/338 336/336
f 319/319 317/317 344/344
f 319/319 344/344 345/345
f 314/314 323/323 347/347
f 314/314 347/347 342/342
f 317/317 315/315 343/343
f 317/317 343/343 344/344
f 321/321 319/319 345/345
f 321/321 345/345 346/346
f 323/323 321/321 346/346
f 323/323 346/346 347/347
f 347/347 346/346 348/348
f 345/345 344/344 348/348
f 342/342 347/347 348/348
f 346/346 345/345 348/348
f 344/344 343/343 348/348
f 322/322 354/354 352/352
f 322/322 352/352 312/312
f 320/320 349/349 354/354
f 320/320 354/354 322/322
f 318/318 350/350 349/349
f 318/318 349/349 320/320
f 316/316 351/351 350/350
f 316/316 350/350 318/318
f 313/313 353/353 351/351
f 313/313 351/351 316/316
f 356/356 355/355 359/359
f 356/356 359/359 360/360
f 355/355 356/356 421/421
f 355/355 421/421 358/358
f 355/355 357/357 361/361
f 355/355 361/361 359/359
f 357/357 355/355 358/358
f 357/357 358/358 371/371
f 357/357 365/365 362/362
f 357/357 362/362 361/361
f 365/365 366/366 363/363
f 365/365 363/363 362/362
f 366/366 365/365 368/368
f 366/366 368/368 369/369
f 365/365 357/357 371/371
f 365/365 371/371 368/368
f 369/369 368/368 372/372
f 369/369 372/372 373/373
f 368/368 371/371 375/375
f 368/368 375/375 372/372
f 373/373 372/372 376/376
f 373/373 376/376 377/377
f 372/372 375/375 379/379
f 372/372 379/379 376/376
f 377/377 376/376 380/380
f 377/377 380/380 381/381
f 376/376 379/379 383/383
f 376/376 383/383 380/380
f 381/381 380/380 384/384
f 381/381 384/384 385/385
f 380/380 383/383 387/387
f 380/380 387/387 384/384
f 385/385 384/384 388/388
f 385/385 388/388 390/390
f 384/384 387/387 389/389
f 384/384 389/389 388/388
f 388/388 389/389 394/394
f 388/388 394/394 392/392
f 390/390 388/388 392/392
f 390/390 392/392 395/395
f 392/392 394/394 406/406
f 392/392 406/406 393/393
f 395/395 392/392 393/393
f 395/395 393/393 397/397
f 399/399 396/396 398/398
f 399/399 398/398 400/400
f 401/401 391/391 396/396
f 401/401 396/396 399/399
f 402/402 399/399 400/400
f 402/402 400/400 404/404
f 403/403 401/401 399/399
f 403/403 399/399 402/402
f 389/389 403/403 402/402
f 389/389 402/402 394/394
f 394/394 402/402 404/404
f 394/394 404/404 406/406
f 406/406 404/404 405/405
f 406/406 405/405 407/407
f 404/404 400/400 412/412
f 404/404 412/412 405/405
f 393/393 406/406 407/407
f 393/393 407/407 408/408
f 408/408 407/407 409/409
f 407/407 405/405 409/409
f 405/405 412/412 409/409
f 410/410 408/408 409/409
f 412/412 411/411 409/409
f 400/400 398/398 411/411
f 400/400 411/411 412/412
f 397/397 393/393 408/408
f 397/397 408/408 410/410
f 413/413 414/414 401/401
f 413/413 401/401 403/403
f 387/387 413/413 403/403
f 387/387 403/403 389/389
f 415/415 416/416 414/414
f 415/415 414/414 413/413
f 383/383 415/415 413/413
f 383/383 413/413 387/387
f 417/417 418/418 416/416
f 417/417 416/416 415/415
f 379/379 417/417 415/415
f 379/379 415/415 383/383
f 419/419 420/420 418/418
f 419/419 418/418 417/417
f 375/375 419/419 417/417
f 375/375 417/417 379/379
f 358/358 421/421 420/420
f 358/358 420/420 419/419
f 371/371 358/358 419/419
f 371/371 419/419 375/375
f 420/420 374/374 378/378
f 420/420 378/378 418/418
f 421/421 370/370 374/374
f 421/421 374/374 420/420
f 356/356 367/367 370/370
f 356/356 370/370 421/421
f 418/418 378/378 382/382
f 418/418 382/382 416/416
f 416/416 382/382 386/386
f 416/416 386/386 414/414
f 414/414 386/386 391/391
f 414/414 391/391 401/401
f 367/367 356/356 360/360
f 367/367 360/360 364/364
f 446/446 424/424 422/422
f 446/446 422/422 423/423
f 423/423 422/422 425/425
f 423/423 425/425 445/445
f 424/424 427/427 426/426
f 424/424 426/426 422/422
f 422/422 426/426 428/428
f 422/422 428/428 425/425
f 427/427 430/430 429/429
f 427/427 429/429 426/426
f 426/426 429/429 431/431
f 426/426 431/431 428/428
f 430/430 432/432 429/429
f 429/429 432/432 431/431
f 435/435 432/432 430/430
f 434/434 432/432 435/435
f 431/431 432/432 433/433
f 436/436 435/435 430/430
f 436/436 430/430 427/427
f 438/438 434/434 435/435
f 438/438 435/435 436/436
f 439/439 436/436 427/427
f 439/439 427/427 424/424
f 442/442 438/438 436/436
f 442/442 436/436 439/439
f 440/440 439/439 424/424
f 440/440 424/424 446/446
f 444/444 442/442 439/439
f 444/444 439/439 440/440
f 445/445 425/425 441/441
f 445/445 441/441 443/443
f 425/425 428/428 437/437
f 425/425 437/437 441/441
f 428/428 431/431 433/433
f 428/428 433/433 437/437
f 448/448 451/451 450/450
f 448/448 450/450 447/447
f 447/447 450/450 452/452
f 447/447 452/452 449/449
f 451/451 454/454 453/453
f 451/451 453/453 450/450
f 450/450 453/453 455/455
f 450/450 455/455 452/452
f 454/454 457/457 456/456
f 454/454 456/456 453/453
f 453/453 456/456 458/458
f 453/453 458/458 455/455
f 457/457 460/460 459/459
f 457/457 459/459 456/456
f 456/456 459/459 461/461
f 456/456 461/461 458/458
f 460/460 463/463 462/462
f 460/460 462/462 459/459
f 459/459 462/462 464/464
f 459/459 464/464 461/461
f 463/463 465/465 462/462
f 462/462 465/465 464/464
f 468/468 465/465 463/463
f 466/466 465/465 467/467
f 464/464 465/465 466/466
f 471/471 466/466 467/467
f 471/471 467/467 469/469
f 470/470 468/468 463/463
f 470/470 463/463 460/460
f 474/474 471/471 469/469
f 474/474 469/469 472/472
f 473/473 470/470 460/460
f 473/473 460/460 457/457
f 477/477 474/474 472/472
f 477/477 472/472 475/475
f 476/476 473/473 457/457
f 476/476 457/457 454/454
f 480/480 477/477 475/475
f 480/480 475/475 478/478
f 479/479 476/476 454/454
f 479/479 454/454 451/451
f 483/483 480/480 478/478
f 483/483 478/478 481/481
f 482/482 479/479 451/451
f 482/482 451/451 448/448
f 449/449 452/452 480/480
f 449/449 480/480 483/483
f 452/452 455/455 477/477
f 452/452 477/477 480/480
f 455/455 458/458 474/474
f 455/455 474/474 477/477
f 458/458 461/461 471/471
f 458/458 471/471 474/474
f 461/461 464/464 466/466
f 461/461 466/466 471/471
f 485/485 488/488 487/487
f 485/485 487/487 484/484
f 484/484 487/487 489/489
f 484/484 489/489 486/486
f 488/488 492/492 490/490
f 488/488 490/490 487/487
f 487/487 490/490 493/493
f 487/487 493/493 489/489
f 492/492 504/504 491/491
f 492/492 491/491 490/490
f 490/490 491/491 494/494
f 490/490 494/494 493/493
f 493/493 494/494 497/497
f 493/493 497/497 495/495
f 489/489 493/493 495/495
f 489/489 495/495 496/496
f 496/496 495/495 498/498
f 496/496 498/498 500/500
f 495/495 497/497 502/502
f 495/495 502/502 498/498
f 501/501 499/499 492/492
f 501/501 492/492 488/488
f 499/499 503/503 504/504
f 499/499 504/504 492/492
f 497/497 507/507 505/505
f 497/497 505/505 502/502
f 503/503 506/506 508/508
f 503/503 508/508 504/504
f 507/507 515/515 509/509
f 507/507 509/509 505/505
f 506/506 510/510 516/516
f 506/506 516/516 508/508
f 510/510 512/512 519/519
f 510/510 519/519 516/516
f 515/515 569/569 511/511
f 515/515 511/511 509/509
f 516/516 519/519 521/521
f 516/516 521/521 517/517
f 516/516 517/517 565/565
f 516/516 565/565 518/518
f 508/508 516/516 518/518
f 508/508 518/518 568/568
f 520/520 523/523 524/524
f 520/520 524/524 522/522
f 513/513 525/525 523/523
f 513/513 523/523 520/520
f 523/523 527/527 524/524
f 525/525 527/527 523/523
f 530/530 527/527 528/528
f 528/528 527/527 529/529
f 529/529 527/527 526/526
f 524/524 527/527 530/530
f 533/533 530/530 528/528
f 533/533 528/528 535/535
f 522/522 524/524 530/530
f 522/522 530/530 533/533
f 536/536 531/531 534/534
f 536/536 534/534 538/538
f 517/517 521/521 532/532
f 517/517 532/532 537/537
f 538/538 542/542 539/539
f 538/538 539/539 536/536
f 537/537 540/540 541/541
f 537/537 541/541 517/517
f 540/540 544/544 546/546
f 540/540 546/546 541/541
f 542/542 545/545 543/543
f 542/542 543/543 539/539
f 545/545 549/549 547/547
f 545/545 547/547 543/543
f 544/544 548/548 550/550
f 544/544 550/550 546/546
f 549/549 553/553 551/551
f 549/549 551/551 547/547
f 548/548 552/552 554/554
f 548/548 554/554 550/550
f 553/553 555/555 551/551
f 552/552 555/555 554/554
f 554/554 555/555 556/556
f 556/556 555/555 557/557
f 557/557 555/555 553/553
f 558/558 557/557 553/553
f 558/558 553/553 549/549
f 559/559 556/556 557/557
f 559/559 557/557 558/558
f 560/560 558/558 549/549
f 560/560 549/549 545/545
f 561/561 559/559 558/558
f 561/561 558/558 560/560
f 562/562 560/560 545/545
f 562/562 545/545 542/542
f 564/564 561/561 560/560
f 564/564 560/560 562/562
f 563/563 562/562 542/542
f 563/563 542/542 538/538
f 565/565 564/564 562/562
f 565/565 562/562 563/563
f 517/517 541/541 564/564
f 517/517 564/564 565/565
f 541/541 546/546 561/561
f 541/541 561/561 564/564
f 518/518 565/565 563/563
f 518/518 563/563 566/566
f 566/566 563/563 538/538
f 566/566 538/538 515/515
f 567/567 566/566 515/515
f 567/567 515/515 507/507
f 568/568 518/518 566/566
f 568/568 566/566 567/567
f 494/494 567/567 507/507
f 494/494 507/507 497/497
f 491/491 568/568 567/567
f 491/491 567/567 494/494
f 504/504 508/508 568/568
f 504/504 568/568 491/491
f 546/546 550/550 559/559
f 546/546 559/559 561/561
f 550/550 554/554 556/556
f 550/550 556/556 559/559
f 538/538 534/534 569/569
f 538/538 569/569 515/515
f 535/535 528/528 529/529
f 535/535 529/529 570/570
f 570/570 529/529 526/526
f 570/570 526/526 514/514
f 573/573 496/496 500/500
f 573/573 500/500 571/571
f 572/572 501/501 488/488
f 572/572 488/488 485/485
f 486/486 489/489 496/496
f 486/486 496/496 573/573
f 574/574 575/575 578/578
f 574/574 578/578 577/577
f 576/576 574/574 577/577
f 576/576 577/577 579/579
f 577/577 578/578 581/581
f 577/577 581/581 580/580
f 579/579 577/577 580/580
f 579/579 580/580 582/582
f 580/580 581/581 584/584
f 580/580 584/584 583/583
f 582/582 580/580 583/583
f 582/582 583/583 585/585
f 583/583 584/584 587/587
f 583/583 587/587 586/586
f 585/585 583/583 586/586
f 585/585 586/586 588/588
f 586/586 587/587 590/590
f 586/586 590/590 589/589
f 588/588 586/586 589/589
f 588/588 589/589 591/591
f 589/589 590/590 593/593
f 589/589 593/593 592/592
f 591/591 589/589 592/592
f 591/591 592/592 594/594
f 592/592 593/593 596/596
f 592/592 596/596 595/595
f 594/594 592/592 595/595
f 594/594 595/595 597/597
f 595/595 596/596 598/598
f 597/597 595/595 598/598
f 600/600 597/597 598/598
f 596/596 601/601 598/598
f 601/601 599/599 598/598
f 602/602 603/603 599/599
f 602/602 599/599 601/601
f 593/593 602/602 601/601
f 593/593 601/601 596/596
f 605/605 606/606 603/603
f 605/605 603/603 602/602
f 590/590 605/605 602/602
f 590/590 602/602 593/593
f 608/608 609/609 606/606
f 608/608 606/606 605/605
f 587/587 608/608 605/605
f 587/587 605/605 590/590
f 611/611 612/612 609/609
f 611/611 609/609 608/608
f 584/584 611/611 608/608
f 584/584 608/608 587/587
f 614/614 615/615 612/612
f 614/614 612/612 611/611
f 581/581 614/614 611/611
f 581/581 611/611 584/584
f 617/617 618/618 615/615
f 617/617 615/615 614/614
f 578/578 617/617 614/614
f 578/578 614/614 581/581
f 620/620 621/621 618/618
f 620/620 618/618 617/617
f 575/575 620/620 617/617
f 575/575 617/617 578/578
f 622/622 576/576 579/579
f 622/622 579/579 619/619
f 619/619 579/579 582/582
f 619/619 582/582 616/616
f 616/616 582/582 585/585
f 616/616 585/585 613/613
f 613/613 585/585 588/588
f 613/613 588/588 610/610
f 610/610 588/588 591/591
f 610/610 591/591 607/607
f 607/607 591/591 594/594
f 607/607 594/594 604/604
f 604/604 594/594 597/597
f 604/604 597/597 600/600
f 664/664 626/626 628/628
f 664/664 628/628 662/662
f 662/662 628/628 630/630
f 662/662 630/630 661/661
f 661/661 630/630 632/632
f 661/661 632/632 660/660
f 647/647 649/649 640/640
f 647/647 640/640 639/639
f 660/660 632/632 634/634
f 660/660 634/634 665/665
f 665/665 634/634 625/625
f 665/665 625/625 663/663
f 648/648 647/647 639/639
f 648/648 639/639 638/638
f 650/650 648/648 638/638
f 650/650 638/638 637/637
f 649/649 651/651 635/635
f 649/649 635/635 640/640
f 652/652 650/650 637/637
f 652/652 637/637 636/636
f 639/639 640/640 646/646
f 639/639 646/646 645/645
f 637/637 638/638 644/644
f 637/637 644/644 643/643
f 640/640 635/635 641/641
f 640/640 641/641 646/646
f 638/638 639/639 645/645
f 638/638 645/645 644/644
f 636/636 637/637 643/643
f 636/636 643/643 642/642
f 624/624 627/627 650/650
f 624/624 650/650 652/652
f 633/633 623/623 651/651
f 633/633 651/651 649/649
f 627/627 629/629 648/648
f 627/627 648/648 650/650
f 629/629 631/631 647/647
f 629/629 647/647 648/648
f 631/631 633/633 649/649
f 631/631 649/649 647/647
f 630/630 628/628 655/655
f 630/630 655/655 656/656
f 625/625 634/634 658/658
f 625/625 658/658 653/653
f 628/628 626/626 654/654
f 628/628 654/654 655/655
f 632/632 630/630 656/656
f 632/632 656/656 657/657
f 634/634 632/632 657/657
f 634/634 657/657 658/658
f 658/658 657/657 659/659
f 656/656 655/655 659/659
f 653/653 658/658 659/659
f 657/657 656/656 659/659
f 655/655 654/654 659/659
f 633/633 665/665 663/663
f 633/633 663/663 623/623
f 631/631 660/660 665/665
f 631/631 665/665 633/633
f 629/629 661/661 660/660
f 629/629 660/660 631/631
f 627/627 662/662 661/661
f 627/627 661/661 629/629
f 624/624 664/664 662/662
f 624/624 662/662 627/627
f 668/668 666/666 672/672
f 668/668 672/672 674/674
f 667/667 670/670 676/676
f 667/667 676/676 673/673
f 669/669 671/671 677/677
f 669/669 677/677 675/675
f 666/666 667/667 673/673
f 666/666 673/673 672/672
f 671/671 668/668 674/674
f 671/671 674/674 677/677
f 672/672 673/673 679/679
f 672/672 679/679 678/678
f 677/677 674/674 680/680
f 677/677 680/680 683/683
f 674/674 672/672 678/678
f 674/674 678/678 680/680
f 673/673 676/676 682/682
f 673/673 682/682 679/679
f 675/675 677/677 683/683
f 675/675 683/683 681/681
f 680/680 678/678 684/684
f 680/680 684/684 686/686
f 679/679 682/682 688/688
f 679/679 688/688 685/685
f 681/681 683/683 689/689
f 681/681 689/689 687/687
f 678/678 679/679 685/685
f 678/678 685/685 684/684
f 683/683 680/680 686/686
f 683/683 686/686 689/689
f 684/684 685/685 691/691
f 684/684 691/691 690/690
f 689/689 686/686 692/692
f 689/689 692/692 695/695
f 686/686 684/684 690/690
f 686/686 690/690 692/692
f 685/685 688/688 694/694
f 685/685 694/694 691/691
f 687/687 689/689 695/695
f 687/687 695/695 693/693
f 692/692 690/690 696/696
f 692/692 696/696 698/698
f 691/691 694/694 700/700
f 691/691 700/700 697/697
f 693/693 695/695 701/701
f 693/693 701/701 699/699
f 690/690 691/691 697/697
f 690/690 697/697 696/696
f 695/695 692/692 698/698
f 695/695 698/698 701/701
f 720/720 715/715 703/703
f 720/720 703/703 702/702
f 719/719 716/716 704/704
f 719/719 704/704 707/707
f 716/716 720/720 702/702
f 716/716 702/702 704/704
f 715/715 718/718 706/706
f 715/715 706/706 703/703
f 717/717 719/719 707/707
f 717/717 707/707 705/705
f 704/704 702/702 708/708
f 703/703 706/706 708/708
f 705/705 707/707 708/708
f 702/702 703/703 708/708
f 707/707 704/704 708/708
f 699/699 701/701 709/709
f 699/699 709/709 713/713
f 697/697 700/700 714/714
f 697/697 714/714 712/712
f 698/698 696/696 711/711
f 698/698 711/711 710/710
f 701/701 698/698 710/710
f 701/701 710/710 709/709
f 696/696 697/697 712/712
f 696/696 712/712 711/711
f 725/725 721/721 719/719
f 725/725 719/719 717/717
f 723/723 726/726 718/718
f 723/723 718/718 715/715
f 724/724 722/722 720/720
f 724/724 720/720 716/716
f 721/721 724/724 716/716
f 721/721 716/716 719/719
f 722/722 723/723 715/715
f 722/722 715/715 720/720
f 711/711 712/712 723/723
f 711/711 723/723 722/722
f 709/709 710/710 724/724
f 709/709 724/724 721/721
f 710/710 711/711 722/722
f 710/710 722/722 724/724
f 712/712 714/714 726/726
f 712/712 726/726 723/723
f 713/713 709/709 721/721
f 713/713 721/721 725/725
f 666/666 668/668 729/729
f 666/666 729/729 727/727
f 670/670 667/667 728/728
f 670/670 728/728 731/731
f 671/671 669/669 730/730
f 671/671 730/730 732/732
f 667/667 666/666 727/727
f 667/667 727/727 728/728
f 668/668 671/671 732/732
f 668/668 732/732 729/729
f 733/733 739/739 744/744
f 733/733 744/744 738/738
f 735/735 741/741 739/739
f 735/735 739/739 733/733
f 734/734 740/740 742/742
f 734/734 742/742 736/736
f 738/738 744/744 740/740
f 738/738 740/740 734/734
f 737/737 743/743 741/741
f 737/737 741/741 735/735
f 759/759 749/749 747/747
f 759/759 747/747 757/757
f 761/761 745/745 750/750
f 761/761 750/750 760/760
f 757/757 747/747 745/745
f 757/757 745/745 761/761
f 762/762 746/746 748/748
f 762/762 748/748 758/758
f 760/760 750/750 746/746
f 760/760 746/746 762/762
f 747/747 753/753 751/751
f 747/747 751/751 745/745
f 746/746 752/752 754/754
f 746/746 754/754 748/748
f 750/750 756/756 752/752
f 750/750 752/752 746/746
f 749/749 755/755 753/753
f 749/749 753/753 747/747
f 745/745 751/751 756/756
f 745/745 756/756 750/750
f 744/744 760/760 762/762
f 744/744 762/762 740/740
f 740/740 762/762 758/758
f 740/740 758/758 742/742
f 741/741 757/757 761/761
f 741/741 761/761 739/739
f 739/739 761/761 760/760
f 739/739 760/760 744/744
f 743/743 759/759 757/757
f 743/743 757/757 741/741
f 795/795 768/768 764/764
f 795/795 764/764 794/794
f 764/764 800/800 807/807
f 764/764 807/807 794/794
f 799/799 763/763 768/768
f 799/799 768/768 795/795
f 796/796 765/765 763/763
f 796/796 763/763 799/799
f 794/794 807/807 811/811
f 794/794 811/811 797/797
f 791/791 774/774 770/770
f 791/791 770/770 792/792
f 789/789 773/773 771/771
f 789/789 771/771 790/790
f 793/793 769/769 774/774
f 793/793 774/774 791/791
f 790/790 771/771 769/769
f 790/790 769/769 793/793
f 792/792 770/770 772/772
f 792/792 772/772 788/788
f 769/769 775/775 780/780
f 769/769 780/780 774/774
f 771/771 777/777 775/775
f 771/771 775/775 769/769
f 770/770 776/776 778/778
f 770/770 778/778 772/772
f 774/774 780/780 776/776
f 774/774 776/776 770/770
f 773/773 779/779 777/777
f 773/773 777/777 771/771
f 780/780 786/786 782/782
f 780/780 782/782 776/776
f 779/779 785/785 783/783
f 779/779 783/783 777/777
f 775/775 781/781 786/786
f 775/775 786/786 780/780
f 777/777 783/783 781/781
f 777/777 781/781 775/775
f 776/776 782/782 784/784
f 776/776 784/784 778/778
f 781/781 787/787 786/786
f 783/783 787/787 781/781
f 782/782 787/787 784/784
f 786/786 787/787 782/782
f 785/785 787/787 783/783
f 764/764 792/792 788/788
f 764/764 788/788 766/766
f 765/765 790/790 793/793
f 765/765 793/793 763/763
f 763/763 793/793 791/791
f 763/763 791/791 768/768
f 767/767 789/789 790/790
f 767/767 790/790 765/765
f 768/768 791/791 792/792
f 768/768 792/792 764/764
f 752/752 794/794 797/797
f 752/752 797/797 754/754
f 753/753 796/796 799/799
f 753/753 799/799 751/751
f 751/751 799/799 795/795
f 751/751 795/795 756/756
f 755/755 798/798 796/796
f 755/755 796/796 753/753
f 756/756 795/795 794/794
f 756/756 794/794 752/752
f 801/801 815/815 818/818
f 801/801 818/818 808/808
f 813/813 820/820 819/819
f 813/813 819/819 810/810
f 765/765 805/805 803/803
f 765/765 803/803 767/767
f 798/798 812/812 809/809
f 798/798 809/809 796/796
f 766/766 802/802 800/800
f 766/766 800/800 764/764
f 796/796 809/809 805/805
f 796/796 805/805 765/765
f 819/819 822/822 817/817
f 818/818 822/822 821/821
f 804/804 816/816 815/815
f 804/804 815/815 801/801
f 808/808 818/818 821/821
f 808/808 821/821 814/814
f 810/810 819/819 817/817
f 810/810 817/817 806/806
f 806/806 817/817 816/816
f 806/806 816/816 804/804
f 817/817 822/822 816/816
f 820/820 822/822 819/819
f 815/815 822/822 818/818
f 816/816 822/822 815/815
f 825/825 828/828 834/834
f 825/825 834/834 831/831
f 826/826 827/827 833/833
f 826/826 833/833 832/832
f 828/828 823/823 829/829
f 828/828 829/829 834/834
f 823/823 826/826 832/832
f 823/823 832/832 829/829
f 827/827 824/824 830/830
f 827/827 830/830 833/833
f 834/834 829/829 835/835
f 834/834 835/835 840/840
f 829/829 832/832 838/838
f 829/829 838/838 835/835
f 833/833 830/830 836/836
f 833/833 836/836 839/839
f 831/831 834/834 840/840
f 831/831 840/840 837/837
f 832/832 833/833 839/839
f 832/832 839/839 838/838
f 837/837 840/840 846/846
f 837/837 846/846 843/843
f 838/838 839/839 845/845
f 838/838 845/845 844/844
f 840/840 835/835 841/841
f 840/840 841/841 846/846
f 835/835 838/838 844/844
f 835/835 844/844 841/841
f 839/839 836/836 842/842
f 839/839 842/842 845/845
f 846/846 841/841 847/847
f 846/846 847/847 852/852
f 841/841 844/844 850/850
f 841/841 850/850 847/847
f 845/845 842/842 848/848
f 845/845 848/848 851/851
f 843/843 846/846 852/852
f 843/843 852/852 849/849
f 844/844 845/845 851/851
f 844/844 851/851 850/850
f 849/849 852/852 858/858
f 849/849 858/858 855/855
f 850/850 851/851 857/857
f 850/850 857/857 856/856
f 852/852 847/847 853/853
f 852/852 853/853 858/858
f 847/847 850/850 856/856
f 847/847 856/856 853/853
f 851/851 848/848 854/854
f 851/851 854/854 857/857
f 858/858 853/853 859/859
f 858/858 859/859 864/864
f 853/853 856/856 862/862
f 853/853 862/862 859/859
f 857/857 854/854 860/860
f 857/857 860/860 863/863
f 855/855 858/858 864/864
f 855/855 864/864 861/861
f 856/856 857/857 863/863
f 856/856 863/863 862/862
f 861/861 864/864 870/870
f 861/861 870/870 867/867
f 862/862 863/863 869/869
f 862/862 869/869 868/868
f 864/864 859/859 865/865
f 864/864 865/865 870/870
f 859/859 862/862 868/868
f 859/859 868/868 865/865
f 863/863 860/860 866/866
f 863/863 866/866 869/869
f 870/870 865/865 871/871
f 865/865 868/868 871/871
f 869/869 866/866 871/871
f 867/867 870/870 871/871
f 868/868 869/869 871/871
f 910/910 883/883 879/879
f 910/910 879/879 909/909
f 879/879 915/915 922/922
f 879/879 922/922 909/909
f 914/914 878/878 883/883
f 914/914 883/883 910/910
f 911/911 880/880 878/878
f 911/911 878/878 914/914
f 909/909 922/922 926/926
f 909/909 926/926 912/912
f 906/906 889/889 885/885
f 906/906 885/885 907/907
f 904/904 888/888 886/886
f 904/904 886/886 905/905
f 908/908 884/884 889/889
f 908/908 889/889 906/906
f 905/905 886/886 884/884
f 905/905 884/884 908/908
f 907/907 885/885 887/887
f 907/907 887/887 903/903
f 884/884 890/890 895/895
f 884/884 895/895 889/889
f 886/886 892/892 890/890
f 886/886 890/890 884/884
f 885/885 891/891 893/893
f 885/885 893/893 887/887
f 889/889 895/895 891/891
f 889/889 891/891 885/885
f 888/888 894/894 892/892
f 888/888 892/892 886/886
f 895/895 901/901 897/897
f 895/895 897/897 891/891
f 894/894 900/900 898/898
f 894/894 898/898 892/892
f 890/890 896/896 901/901
f 890/890 901/901 895/895
f 892/892 898/898 896/896
f 892/892 896/896 890/890
f 891/891 897/897 899/899
f 891/891 899/899 893/893
f 896/896 902/902 901/901
f 898/898 902/902 896/896
f 897/897 902/902 899/899
f 901/901 902/902 897/897
f 900/900 902/902 898/898
f 879/879 907/907 903/903
f 879/879 903/903 881/881
f 880/880 905/905 908/908
f 880/880 908/908 878/878
f 878/878 908/908 906/906
f 878/878 906/906 883/883
f 882/882 904/904 905/905
f 882/882 905/905 880/880
f 883/883 906/906 907/907
f 883/883 907/907 879/879
f 873/873 909/909 912/912
f 873/873 912/912 875/875
f 874/874 911/911 914/914
f 874/874 914/914 872/872
f 872/872 914/914 910/910
f 872/872 910/910 877/877
f 876/876 913/913 911/911
f 876/876 911/911 874/874
f 877/877 910/910 909/909
f 877/877 909/909 873/873
f 916/916 930/930 933/933
f 916/916 933/933 923/923
f 928/928 935/935 934/934
f 928/928 934/934 925/925
f 880/880 920/920 918/918
f 880/880 918/918 882/882
f 913/913 927/927 924/924
f 913/913 924/924 911/911
f 881/881 917/917 915/915
f 881/881 915/915 879/879
f 911/911 924/924 920/920
f 911/911 920/920 880/880
f 934/934 937/937 932/932
f 933/933 937/937 936/936
f 919/919 931/931 930/930
f 919/919 930/930 916/916
f 923/923 933/933 936/936
f 923/923 936/936 929/929
f 925/925 934/934 932/932
f 925/925 932/932 921/921
f 921/921 932/932 931/931
f 921/921 931/931 919/919
f 932/932 937/937 931/931
f 935/935 937/937 934/934
f 930/930 937/937 933/933
f 931/931 937/937 930/930
f 939/939 938/938 942/942
f 939/939 942/942 943/943
f 938/938 939/939 1004/1004
f 938/938 1004/1004 941/941
f 938/938 940/940 944/944
f 938/938 944/944 942/942
f 940/940 938/938 941/941
f 940/940 941/941 954/954
f 940/940 948/948 945/945
f 940/940 945/945 944/944
f 948/948 949/949 946/946
f 948/948 946/946 945/945
f 949/949 948/948 951/951
f 949/949 951/951 952/952
f 948/948 940/940 954/954
f 948/948 954/954 951/951
f 952/952 951/951 955/955
f 952/952 955/955 956/956
f 951/951 954/954 958/958
f 951/951 958/958 955/955
f 956/956 955/955 959/959
f 956/956 959/959 960/960
f 955/955 958/958 962/962
f 955/955 962/962 959/959
f 960/960 959/959 963/963
f 960/960 963/963 964/964
f 959/959 962/962 966/966
f 959/959 966/966 963/963
f 964/964 963/963 967/967
f 964/964 967/967 968/968
f 963/963 966/966 970/970
f 963/963 970/970 967/967
f 968/968 967/967 971/971
f 968/968 971/971 973/973
f 967/967 970/970 972/972
f 967/967 972/972 971/971
f 971/971 972/972 977/977
f 971/971 977/977 975/975
f 973/973 971/971 975/975
f 973/973 975/975 978/978
f 975/975 977/977 989/989
f 975/975 989/989 976/976
f 978/978 975/975 976/976
f 978/978 976/976 980/980
f 982/982 979/979 981/981
f 982/982 981/981 983/983
f 984/984 974/974 979/979
f 984/984 979/979 982/982
f 985/985 982/982 983/983
f 985/985 983/983 987/987
f 986/986 984/984 982/982
f 986/986 982/982 985/985
f 972/972 986/986 985/985
f 972/972 985/985 977/977
f 977/977 985/985 987/987
f 977/977 987/987 989/989
f 989/989 987/987 988/988
f 989/989 988/988 990/990
f 987/987 983/983 995/995
f 987/987 995/995 988/988
f 976/976 989/989 990/990
f 976/976 990/990 991/991
f 991/991 990/990 992/992
f 990/990 988/988 992/992
f 988/988 995/995 992/992
f 993/993 991/991 992/992
f 995/995 994/994 992/992
f 983/983 981/981 994/994
f 983/983 994/994 995/995
f 980/980 976/976 991/991
f 980/980 991/991 993/993
f 996/996 997/997 984/984
f 996/996 984/984 986/986
f 970/970 996/996 986/986
f 970/970 986/986 972/972
f 998/998 999/999 997/997
f 998/998 997/997 996/996
f 966/966 998/998 996/996
f 966/966 996/996 970/970
f 1000/1000 1001/1001 999/999
f 1000/1000 999/999 998/998
f 962/962 1000/1000 998/998
f 962/962 998/998 966/966
f 1002/1002 1003/1003 1001/1001
f 1002/1002 1001/1001 1000/1000
f 958/958 1002/1002 1000/1000
f 958/958 1000/1000 962/962
f 941/941 1004/1004 1003/1003
f 941/941 1003/1003 1002/1002
f 954/954 941/941 1002/1002
f 954/954 1002/1002 958/958
f 1003/1003 957/957 961/961
f 1003/1003 961/961 1001/1001
f 1004/1004 953/953 957/957
f 1004/1004 957/957 1003/1003
f 939/939 950/950 953/953
f 939/939 953/953 1004/1004
f 1001/1001 961/961 965/965
f 1001/1001 965/965 999/999
f 999/999 965/965 969/969
f 999/999 969/969 997/997
f 997/997 969/969 974/974
f 997/997 974/974 984/984
f 950/950 939/939 943/943
f 950/950 943/943 947/947
f 1052/1052 1008/1008 1010/1010
f 1052/1052 1010/1010 1050/1050
f 1050/1050 1010/1010 1012/1012
f 1050/1050 1012/1012 1049/1049
f 1049/1049 1012/1012 1014/1014
f 1049/1049 1014/1014 1048/1048
f 1035/1035 1037/1037 1022/1022
f 1035/1035 1022/1022 1021/1021
f 1048/1048 1014/1014 1016/1016
f 1048/1048 1016/1016 1053/1053
f 1053/1053 1016/1016 1007/1007
f 1053/1053 1007/1007 1051/1051
f 1036/1036 1035/1035 1021/1021
f 1036/1036 1021/1021 1020/1020
f 1038/1038 1036/1036 1020/1020
f 1038/1038 1020/1020 1019/1019
f 1037/1037 1039/1039 1017/1017
f 1037/1037 1017/1017 1022/1022
f 1040/1040 1038/1038 1019/1019
f 1040/1040 1019/1019 1018/1018
f 1021/1021 1022/1022 1028/1028
f 1021/1021 1028/1028 1027/1027
f 1019/1019 1020/1020 1026/1026
f 1019/1019 1026/1026 1025/1025
f 1022/1022 1017/1017 1023/1023
f 1022/1022 1023/1023 1028/1028
f 1020/1020 1021/1021 1027/1027
f 1020/1020 1027/1027 1026/1026
f 1018/1018 1019/1019 1025/1025
f 1018/1018 1025/1025 1024/1024
f 1056/1056 1054/1054 1029/1029
f 1056/1056 1029/1029 1034/1034
f 1058/1058 1057/1057 1033/1033
f 1058/1058 1033/1033 1032/1032
f 1055/1055 1059/1059 1031/1031
f 1055/1055 1031/1031 1030/1030
f 1057/1057 1056/1056 1034/1034
f 1057/1057 1034/1034 1033/1033
f 1059/1059 1058/1058 1032/1032
f 1059/1059 1032/1032 1031/1031
f 1006/1006 1009/1009 1038/1038
f 1006/1006 1038/1038 1040/1040
f 1015/1015 1005/1005 1039/1039
f 1015/1015 1039/1039 1037/1037
f 1009/1009 1011/1011 1036/1036
f 1009/1009 1036/1036 1038/1038
f 1011/1011 1013/1013 1035/1035
f 1011/1011 1035/1035 1036/1036
f 1013/1013 1015/1015 1037/1037
f 1013/1013 1037/1037 1035/1035
f 1012/1012 1010/1010 1043/1043
f 1012/1012 1043/1043 1044/1044
f 1007/1007 1016/1016 1046/1046
f 1007/1007 1046/1046 1041/1041
f 1010/1010 1008/1008 1042/1042
f 1010/1010 1042/1042 1043/1043
f 1014/1014 1012/1012 1044/1044
f 1014/1014 1044/1044 1045/1045
f 1016/1016 1014/1014 1045/1045
f 1016/1016 1045/1045 1046/1046
f 1046/1046 1045/1045 1047/1047
f 1044/1044 1043/1043 1047/1047
f 1041/1041 1046/1046 1047/1047
f 1045/1045 1044/1044 1047/1047
f 1043/1043 1042/1042 1047/1047
f 1015/1015 1053/1053 1051/1051
f 1015/1015 1051/1051 1005/1005
f 1013/1013 1048/1048 1053/1053
f 1013/1013 1053/1053 1015/1015
f 1011/1011 1049/1049 1048/1048
f 1011/1011 1048/1048 1013/1013
f 1009/1009 1050/1050 1049/1049
f 1009/1009 1049/1049 1011/1011
f 1006/1006 1052/1052 1050/1050
f 1006/1006 1050/1050 1009/1009
f 1025/1025 1026/1026 1058/1058
f 1025/1025 1058/1058 1059/1059
f 1027/1027 1028/1028 1056/1056
f 1027/1027 1056/1056 1057/1057
f 1024/1024 1025/1025 1059/1059
f 1024/1024 1059/1059 1055/1055
f 1026/1026 1027/1027 1057/1057
f 1026/1026 1057/1057 1058/1058
f 1028/1028 1023/1023 1054/1054
f 1028/1028 1054/1054 1056/1056
f 1084/1084 1062/1062 1060/1060
f 1084/1084 1060/1060 1061/1061
f 1061/1061 1060/1060 1063/1063
f 1061/1061 1063/1063 1083/1083
f 1062/1062 1065/1065 1064/1064
f 1062/1062 1064/1064 1060/1060
f 1060/1060 1064/1064 1066/1066
f 1060/1060 1066/1066 1063/1063
f 1065/1065 1068/1068 1067/1067
f 1065/1065 1067/1067 1064/1064
f 1064/1064 1067/1067 1069/1069
f 1064/1064 1069/1069 1066/1066
f 1068/1068 1070/1070 1067/1067
f 1067/1067 1070/1070 1069/1069
f 1073/1073 1070/1070 1068/1068
f 1072/1072 1070/1070 1073/1073
f 1069/1069 1070/1070 1071/1071
f 1074/1074 1073/1073 1068/1068
f 1074/1074 1068/1068 1065/1065
f 1076/1076 1072/1072 1073/1073
f 1076/1076 1073/1073 1074/1074
f 1077/1077 1074/1074 1065/1065
f 1077/1077 1065/1065 1062/1062
f 1080/1080 1076/1076 1074/1074
f 1080/1080 1074/1074 1077/1077
f 1078/1078 1077/1077 1062/1062
f 1078/1078 1062/1062 1084/1084
f 1082/1082 1080/1080 1077/1077
f 1082/1082 1077/1077 1078/1078
f 1083/1083 1063/1063 1079/1079
f 1083/1083 1079/1079 1081/1081
f 1063/1063 1066/1066 1075/1075
f 1063/1063 1075/1075 1079/1079
f 1066/1066 1069/1069 1071/1071
f 1066/1066 1071/1071 1075/1075
f 1086/1086 1089/1089 1088/1088
f 1086/1086 1088/1088 1085/1085
f 1085/1085 1088/1088 1090/1090
f 1085/1085 1090/1090 1087/1087
f 1089/1089 1092/1092 1091/1091
f 1089/1089 1091/1091 1088/1088
f 1088/1088 1091/1091 1093/1093
f 1088/1088 1093/1093 1090/1090
f 1092/1092 1095/1095 1094/1094
f 1092/1092 1094/1094 1091/1091
f 1091/1091 1094/1094 1096/1096
f 1091/1091 1096/1096 1093/1093
f 1095/1095 1098/1098 1097/1097
f 1095/1095 1097/1097 1094/1094
f 1094/1094 1097/1097 1099/1099
f 1094/1094 1099/1099 1096/1096
f 1098/1098 1101/1101 1100/1100
f 1098/1098 1100/1100 1097/1097
f 1097/1097 1100/1100 1102/1102
f 1097/1097 1102/1102 1099/1099
f 1101/1101 1103/1103 1100/1100
f 1100/1100 1103/1103 1102/1102
f 1106/1106 1103/1103 1101/1101
f 1104/1104 1103/1103 1105/1105
f 1102/1102 1103/1103 1104/1104
f 1109/1109 1104/1104 1105/1105
f 1109/1109 1105/1105 1107/1107
f 1108/1108 1106/1106 1101/1101
f 1108/1108 1101/1101 1098/1098
f 1112/1112 1109/1109 1107/1107
f 1112/1112 1107/1107 1110/1110
f 1111/1111 1108/1108 1098/1098
f 1111/1111 1098/1098 1095/1095
f 1115/1115 1112/1112 1110/1110
f 1115/1115 1110/1110 1113/1113
f 1114/1114 1111/1111 1095/1095
f 1114/1114 1095/1095 1092/1092
f 1118/1118 1115/1115 1113/1113
f 1118/1118 1113/1113 1116/1116
f 1117/1117 1114/1114 1092/1092
f 1117/1117 1092/1092 1089/1089
f 1121/1121 1118/1118 1116/1116
f 1121/1121 1116/1116 1119/1119
f 1120/1120 1117/1117 1089/1089
f 1120/1120 1089/1089 1086/1086
f 1087/1087 1090/1090 1118/1118
f 1087/1087 1118/1118 1121/1121
f 1090/1090 1093/1093 1115/1115
f 1090/1090 1115/1115 1118/1118
f 1093/1093 1096/1096 1112/1112
f 1093/1093 1112/1112 1115/1115
f 1096/1096 1099/1099 1109/1109
f 1096/1096 1109/1109 1112/1112
f 1099/1099 1102/1102 1104/1104
f 1099/1099 1104/1104 1109/1109
f 1123/1123 1126/1126 1125/1125
f 1123/1123 1125/1125 1122/1122
f 1122/1122 1125/1125 1127/1127
f 1122/1122 1127/1127 1124/1124
f 1126/1126 1130/1130 1128/1128
f 1126/1126 1128/1128 1125/1125
f 1125/1125 1128/1128 1131/1131
f 1125/1125 1131/1131 1127/1127
f 1130/1130 1142/1142 1129/1129
f 1130/1130 1129/1129 1128/1128
f 1128/1128 1129/1129 1132/1132
f 1128/1128 1132/1132 1131/1131
f 1131/1131 1132/1132 1135/1135
f 1131/1131 1135/1135 1133/1133
f 1127/1127 1131/1131 1133/1133
f 1127/1127 1133/1133 1134/1134
f 1134/1134 1133/1133 1136/1136
f 1134/1134 1136/1136 1138/1138
f 1133/1133 1135/1135 1140/1140
f 1133/1133 1140/1140 1136/1136
f 1139/1139 1137/1137 1130/1130
f 1139/1139 1130/1130 1126/1126
f 1137/1137 1141/1141 1142/1142
f 1137/1137 1142/1142 1130/1130
f 1135/1135 1145/1145 1143/1143
f 1135/1135 1143/1143 1140/1140
f 1141/1141 1144/1144 1146/1146
f 1141/1141 1146/1146 1142/1142
f 1145/1145 1153/1153 1147/1147
f 1145/1145 1147/1147 1143/1143
f 1144/1144 1148/1148 1154/1154
f 1144/1144 1154/1154 1146/1146
f 1148/1148 1150/1150 1157/1157
f 1148/1148 1157/1157 1154/1154
f 1153/1153 1207/1207 1149/1149
f 1153/1153 1149/1149 1147/1147
f 1154/1154 1157/1157 1159/1159
f 1154/1154 1159/1159 1155/1155
f 1154/1154 1155/1155 1203/1203
f 1154/1154 1203/1203 1156/1156
f 1146/1146 1154/1154 1156/1156
f 1146/1146 1156/1156 1206/1206
f 1158/1158 1161/1161 1162/1162
f 1158/1158 1162/1162 1160/1160
f 1151/1151 1163/1163 1161/1161
f 1151/1151 1161/1161 1158/1158
f 1161/1161 1165/1165 1162/1162
f 1163/1163 1165/1165 1161/1161
f 1168/1168 1165/1165 1166/1166
f 1166/1166 1165/1165 1167/1167
f 1167/1167 1165/1165 1164/1164
f 1162/1162 1165/1165 1168/1168
f 1171/1171 1168/1168 1166/1166
f 1171/1171 1166/1166 1173/1173
f 1160/1160 1162/1162 1168/1168
f 1160/1160 1168/1168 1171/1171
f 1174/1174 1169/1169 1172/1172
f 1174/1174 1172/1172 1176/1176
f 1155/1155 1159/1159 1170/1170
f 1155/1155 1170/1170 1175/1175
f 1176/1176 1180/1180 1177/1177
f 1176/1176 1177/1177 1174/1174
f 1175/1175 1178/1178 1179/1179
f 1175/1175 1179/1179 1155/1155
f 1178/1178 1182/1182 1184/1184
f 1178/1178 1184/1184 1179/1179
f 1180/1180 1183/1183 1181/1181
f 1180/1180 1181/1181 1177/1177
f 1183/1183 1187/1187 1185/1185
f 1183/1183 1185/1185 1181/1181
f 1182/1182 1186/1186 1188/1188
f 1182/1182 1188/1188 1184/1184
f 1187/1187 1191/1191 1189/1189
f 1187/1187 1189/1189 1185/1185
f 1186/1186 1190/1190 1192/1192
f 1186/1186 1192/1192 1188/1188
f 1191/1191 1193/1193 1189/1189
f 1190/1190 1193/1193 1192/1192
f 1192/1192 1193/1193 1194/1194
f 1194/1194 1193/1193 1195/1195
f 1195/1195 1193/1193 1191/1191
f 1196/1196 1195/1195 1191/1191
f 1196/1196 1191/1191 1187/1187
f 1197/1197 1194/1194 1195/1195
f 1197/1197 1195/1195 1196/1196
f 1198/1198 1196/1196 1187/1187
f 1198/1198 1187/1187 1183/1183
f 1199/1199 1197/1197 1196/1196
f 1199/1199 1196/1196 1198/1198
f 1200/1200 1198/1198 1183/1183
f 1200/1200 1183/1183 1180/1180
f 1202/1202 1199/1199 1198/1198
f 1202/1202 1198/1198 1200/1200
f 1201/1201 1200/1200 1180/1180
f 1201/1201 1180/1180 1176/1176
f 1203/1203 1202/1202 1200/1200
f 1203/1203 1200/1200 1201/1201
f 1155/1155 1179/1179 1202/1202
f 1155/1155 1202/1202 1203/1203
f 1179/1179 1184/1184 1199/1199
f 1179/1179 1199/1199 1202/1202
f 1156/1156 1203/1203 1201/1201
f 1156/1156 1201/1201 1204/1204
f 1204/1204 1201/1201 1176/1176
f 1204/1204 1176/1176 1153/1153
f 1205/1205 1204/1204 1153/1153
f 1205/1205 1153/1153 1145/1145
f 1206/1206 1156/1156 1204/1204
f 1206/1206 1204/1204 1205/1205
f 1132/1132 1205/1205 1145/1145
f 1132/1132 1145/1145 1135/1135
f 1129/1129 1206/1206 1205/1205
f 1129/1129 1205/1205 1132/1132
f 1142/1142 1146/1146 1206/1206
f 1142/1142 1206/1206 1129/1129
f 1184/1184 1188/1188 1197/1197
f 1184/1184 1197/1197 1199/1199
f 1188/1188 1192/1192 1194/1194
f 1188/1188 1194/1194 1197/1197
f 1176/1176 1172/1172 1207/1207
f 1176/1176 1207/1207 1153/1153
f 1173/1173 1166/1166 1167/1167
f 1173/1173 1167/1167 1208/1208
f 1208/1208 1167/1167 1164/1164
f 1208/1208 1164/1164 1152/1152
f 1211/1211 1134/1134 1138/1138
f 1211/1211 1138/1138 1209/1209
f 1210/1210 1139/1139 1126/1126
f 1210/1210 1126/1126 1123/1123
f 1124/1124 1127/1127 1134/1134
f 1124/1124 1134/1134 1211/1211
f 1212/1212 1213/1213 1216/1216
f 1212/1212 1216/1216 1215/1215
f 1214/1214 1212/1212 1215/1215
f 1214/1214 1215/1215 1217/1217
f 1215/1215 1216/1216 1219/1219
f 1215/1215 1219/1219 1218/1218
f 1217/1217 1215/1215 1218/1218
f 1217/1217 1218/1218 1220/1220
f 1218/1218 1219/1219 1222/1222
f 1218/1218 1222/1222 1221/1221
f 1220/1220 1218/1218 1221/1221
f 1220/1220 1221/1221 1223/1223
f 1221/1221 1222/1222 1225/1225
f 1221/1221 1225/1225 1224/1224
f 1223/1223 1221/1221 1224/1224
f 1223/1223 1224/1224 1226/1226
f 1224/1224 1225/1225 1228/1228
f 1224/1224 1228/1228 1227/1227
f 1226/1226 1224/1224 1227/1227
f 1226/1226 1227/1227 1229/1229
f 1227/1227 1228/1228 1231/1231
f 1227/1227 1231/1231 1230/1230
f 1229/1229 1227/1227 1230/1230
f 1229/1229 1230/1230 1232/1232
f 1230/1230 1231/1231 1234/1234
f 1230/1230 1234/1234 1233/1233
f 1232/1232 1230/1230 1233/1233
f 1232/1232 1233/1233 1235/1235
f 1233/1233 1234/1234 1236/1236
f 1235/1235 1233/1233 1236/1236
f 1238/1238 1235/1235 1236/1236
f 1234/1234 1239/1239 1236/1236
f 1239/1239 1237/1237 1236/1236
f 1240/1240 1241/1241 1237/1237
f 1240/1240 1237/1237 1239/1239
f 1231/1231 1240/1240 1239/1239
f 1231/1231 1239/1239 1234/1234
f 1243/1243 1244/1244 1241/1241
f 1243/1243 1241/1241 1240/1240
f 1228/1228 1243/1243 1240/1240
f 1228/1228 1240/1240 1231/1231
f 1246/1246 1247/1247 1244/1244
f 1246/1246 1244/1244 1243/1243
f 1225/1225 1246/1246 1243/1243
f 1225/1225 1243/1243 1228/1228
f 1249/1249 1250/1250 1247/1247
f 1249/1249 1247/1247 1246/1246
f 1222/1222 1249/1249 1246/1246
f 1222/1222 1246/1246 1225/1225
f 1252/1252 1253/1253 1250/1250
f 1252/1252 1250/1250 1249/1249
f 1219/1219 1252/1252 1249/1249
f 1219/1219 1249/1249 1222/1222
f 1255/1255 1256/1256 1253/1253
f 1255/1255 1253/1253 1252/1252
f 1216/1216 1255/1255 1252/1252
f 1216/1216 1252/1252 1219/1219
f 1258/1258 1259/1259 1256/1256
f 1258/1258 1256/1256 1255/1255
f 1213/1213 1258/1258 1255/1255
f 1213/1213 1255/1255 1216/1216
f 1260/1260 1214/1214 1217/1217
f 1260/1260 1217/1217 1257/1257
f 1257/1257 1217/1217 1220/1220
f 1257/1257 1220/1220 1254/1254
f 1254/1254 1220/1220 1223/1223
f 1254/1254 1223/1223 1251/1251
f 1251/1251 1223/1223 1226/1226
f 1251/1251 1226/1226 1248/1248
f 1248/1248 1226/1226 1229/1229
f 1248/1248 1229/1229 1245/1245
f 1245/1245 1229/1229 1232/1232
f 1245/1245 1232/1232 1242/1242
f 1242/1242 1232/1232 1235/1235
f 1242/1242 1235/1235 1238/1238
f 1302/1302 1264/1264 1266/1266
f 1302/1302 1266/1266 1300/1300
f 1300/1300 1266/1266 1268/1268
f 1300/1300 1268/1268 1299/1299
f 1299/1299 1268/1268 1270/1270
f 1299/1299 1270/1270 1298/1298
f 1285/1285 1287/1287 1278/1278
f 1285/1285 1278/1278 1277/1277
f 1298/1298 1270/1270 1272/1272
f 1298/1298 1272/1272 1303/1303
f 1303/1303 1272/1272 1263/1263
f 1303/1303 1263/1263 1301/1301
f 1286/1286 1285/1285 1277/1277
f 1286/1286 1277/1277 1276/1276
f 1288/1288 1286/1286 1276/1276
f 1288/1288 1276/1276 1275/1275
f 1287/1287 1289/1289 1273/1273
f 1287/1287 1273/1273 1278/1278
f 1290/1290 1288/1288 1275/1275
f 1290/1290 1275/1275 1274/1274
f 1277/1277 1278/1278 1284/1284
f 1277/1277 1284/1284 1283/1283
f 1275/1275 1276/1276 1282/1282
f 1275/1275 1282/1282 1281/1281
f 1278/1278 1273/1273 1279/1279
f 1278/1278 1279/1279 1284/1284
f 1276/1276 1277/1277 1283/1283
f 1276/1276 1283/1283 1282/1282
f 1274/1274 1275/1275 1281/1281
f 1274/1274 1281/1281 1280/1280
f 1262/1262 1265/1265 1288/1288
f 1262/1262 1288/1288 1290/1290
f 1271/1271 1261/1261 1289/1289
f 1271/1271 1289/1289 1287/1287
f 1265/1265 1267/1267 1286/1286
f 1265/1265 1286/1286 1288/1288
f 1267/1267 1269/1269 1285/1285
f 1267/1267 1285/1285 1286/1286
f 1269/1269 1271/1271 1287/1287
f 1269/1269 1287/1287 1285/1285
f 1268/1268 1266/1266 1293/1293
f 1268/1268 1293/1293 1294/1294
f 1263/1263 1272/1272 1296/1296
f 1263/1263 1296/1296 1291/1291
f 1266/1266 1264/1264 1292/1292
f 1266/1266 1292/1292 1293/1293
f 1270/1270 1268/1268 1294/1294
f 1270/1270 1294/1294 1295/1295
f 1272/1272 1270/1270 1295/1295
f 1272/1272 1295/1295 1296/1296
f 1296/1296 1295/1295 1297/1297
f 1294/1294 1293/1293 1297/1297
f 1291/1291 1296/1296 1297/1297
f 1295/1295 1294/1294 1297/1297
f 1293/1293 1292/1292 1297/1297
f 1271/1271 1303/1303 1301/1301
f 1271/1271 1301/1301 1261/1261
f 1269/1269 1298/1298 1303/1303
f 1269/1269 1303/1303 1271/1271
f 1267/1267 1299/1299 1298/1298
f 1267/1267 1298/1298 1269/1269
f 1265/1265 1300/1300 1299/1299
f 1265/1265 1299/1299 1267/1267
f 1262/1262 1302/1302 1300/1300
f 1262/1262 1300/1300 1265/1265
f 1306/1306 1304/1304 1310/1310
f 1306/1306 1310/1310 1312/1312
f 1305/1305 1308/1308 1314/1314
f 1305/1305 1314/1314 1311/1311
f 1307/1307 1309/1309 1315/1315
f 1307/1307 1315/1315 1313/1313
f 1304/1304 1305/1305 1311/1311
f 1304/1304 1311/1311 1310/1310
f 1309/1309 1306/1306 1312/1312
f 1309/1309 1312/1312 1315/1315
f 1310/1310 1311/1311 1317/1317
f 1310/1310 1317/1317 1316/1316
f 1315/1315 1312/1312 1318/1318
f 1315/1315 1318/1318 1321/1321
f 1312/1312 1310/1310 1316/1316
f 1312/1312 1316/1316 1318/1318
f 1311/1311 1314/1314 1320/1320
f 1311/1311 1320/1320 1317/1317
f 1313/1313 1315/1315 1321/1321
f 1313/1313 1321/1321 1319/1319
f 1318/1318 1316/1316 1322/1322
f 1318/1318 1322/1322 1324/1324
f 1317/1317 1320/1320 1326/1326
f 1317/1317 1326/1326 1323/1323
f 1319/1319 1321/1321 1327/1327
f 1319/1319 1327/1327 1325/1325
f 1316/1316 1317/1317 1323/1323
f 1316/1316 1323/1323 1322/1322
f 1321/1321 1318/1318 1324/1324
f 1321/1321 1324/1324 1327/1327
f 1322/1322 1323/1323 1329/1329
f 1322/1322 1329/1329 1328/1328
f 1327/1327 1324/1324 1330/1330
f 1327/1327 1330/1330 1333/1333
f 1324/1324 1322/1322 1328/1328
f 1324/1324 1328/1328 1330/1330
f 1323/1323 1326/1326 1332/1332
f 1323/1323 1332/1332 1329/1329
f 1325/1325 1327/1327 1333/1333
f 1325/1325 1333/1333 1331/1331
f 1330/1330 1328/1328 1334/1334
f 1330/1330 1334/1334 1336/1336
f 1329/1329 1332/1332 1338/1338
f 1329/1329 1338/1338 1335/1335
f 1331/1331 1333/1333 1339/1339
f 1331/1331 1339/1339 1337/1337
f 1328/1328 1329/1329 1335/1335
f 1328/1328 1335/1335 1334/1334
f 1333/1333 1330/1330 1336/1336
f 1333/1333 1336/1336 1339/1339
f 1358/1358 1353/1353 1341/1341
f 1358/1358 1341/1341 1340/1340
f 1357/1357 1354/1354 1342/1342
f 1357/1357 1342/1342 1345/1345
f 1354/1354 1358/1358 1340/1340
f 1354/1354 1340/1340 1342/1342
f 1353/1353 1356/1356 1344/1344
f 1353/1353 1344/1344 1341/1341
f 1355/1355 1357/1357 1345/1345
f 1355/1355 1345/1345 1343/1343
f 1342/1342 1340/1340 1346/1346
f 1341/1341 1344/1344 1346/1346
f 1343/1343 1345/1345 1346/1346
f 1340/1340 1341/1341 1346/1346
f 1345/1345 1342/1342 1346/1346
f 1337/1337 1339/1339 1347/1347
f 1337/1337 1347/1347 1351/1351
f 1335/1335 1338/1338 1352/1352
f 1335/1335 1352/1352 1350/1350
f 1336/1336 1334/1334 1349/1349
f 1336/1336 1349/1349 1348/1348
f 1339/1339 1336/1336 1348/1348
f 1339/1339 1348/1348 1347/1347
f 1334/1334 1335/1335 1350/1350
f 1334/1334 1350/1350 1349/1349
f 1363/1363 1359/1359 1357/1357
f 1363/1363 1357/1357 1355/1355
f 1361/1361 1364/1364 1356/1356
f 1361/1361 1356/1356 1353/1353
f 1362/1362 1360/1360 1358/1358
f 1362/1362 1358/1358 1354/1354
f 1359/1359 1362/1362 1354/1354
f 1359/1359 1354/1354 1357/1357
f 1360/1360 1361/1361 1353/1353
f 1360/1360 1353/1353 1358/1358
f 1349/1349 1350/1350 1361/1361
f 1349/1349 1361/1361 1360/1360
f 1347/1347 1348/1348 1362/1362
f 1347/1347 1362/1362 1359/1359
f 1348/1348 1349/1349 1360/1360
f 1348/1348 1360/1360 1362/1362
f 1350/1350 1352/1352 1364/1364
f 1350/1350 1364/1364 1361/1361
f 1351/1351 1347/1347 1359/1359
f 1351/1351 1359/1359 1363/1363
f 1304/1304 1306/1306 1367/1367
f 1304/1304 1367/1367 1365/1365
f 1308/1308 1305/1305 1366/1366
f 1308/1308 1366/1366 1369/1369
f 1309/1309 1307/1307 1368/1368
f 1309/1309 1368/1368 1370/1370
f 1305/1305 1304/1304 1365/1365
f 1305/1305 1365/1365 1366/1366
f 1306/1306 1309/1309 1370/1370
f 1306/1306 1370/1370 1367/1367
f 1371/1371 1377/1377 1382/1382
f 1371/1371 1382/1382 1376/1376
f 1373/1373 1379/1379 1377/1377
f 1373/1373 1377/1377 1371/1371
f 1372/1372 1378/1378 1380/1380
f 1372/1372 1380/1380 1374/1374
f 1376/1376 1382/1382 1378/1378
f 1376/1376 1378/1378 1372/1372
f 1375/1375 1381/1381 1379/1379
f 1375/1375 1379/1379 1373/1373
f 1397/1397 1387/1387 1385/1385
f 1397/1397 1385/1385 1395/1395
f 1399/1399 1383/1383 1388/1388
f 1399/1399 1388/1388 1398/1398
f 1395/1395 1385/1385 1383/1383
f 1395/1395 1383/1383 1399/1399
f 1400/1400 1384/1384 1386/1386
f 1400/1400 1386/1386 1396/1396
f 1398/1398 1388/1388 1384/1384
f 1398/1398 1384/1384 1400/1400
f 1385/1385 1391/1391 1389/1389
f 1385/1385 1389/1389 1383/1383
f 1384/1384 1390/1390 1392/1392
f 1384/1384 1392/1392 1386/1386
f 1388/1388 1394/1394 1390/1390
f 1388/1388 1390/1390 1384/1384
f 1387/1387 1393/1393 1391/1391
f 1387/1387 1391/1391 1385/1385
f 1383/1383 1389/1389 1394/1394
f 1383/1383 1394/1394 1388/1388
f 1382/1382 1398/1398 1400/1400
f 1382/1382 1400/1400 1378/1378
f 1378/1378 1400/1400 1396/1396
f 1378/1378 1396/1396 1380/1380
f 1379/1379 1395/1395 1399/1399
f 1379/1379 1399/1399 1377/1377
f 1377/1377 1399/1399 1398/1398
f 1377/1377 1398/1398 1382/1382
f 1381/1381 1397/1397 1395/1395
f 1381/1381 1395/1395 1379/1379
f 1433/1433 1406/1406 1402/1402
f 1433/1433 1402/1402 1432/1432
f 1402/1402 1438/1438 1445/1445
f 1402/1402 1445/1445 1432/1432
f 1437/1437 1401/1401 1406/1406
f 1437/1437 1406/1406 1433/1433
f 1434/1434 1403/1403 1401/1401
f 1434/1434 1401/1401 1437/1437
f 1432/1432 1445/1445 1449/1449
f 1432/1432 1449/1449 1435/1435
f 1429/1429 1412/1412 1408/1408
f 1429/1429 1408/1408 1430/1430
f 1427/1427 1411/1411 1409/1409
f 1427/1427 1409/1409 1428/1428
f 1431/1431 1407/1407 1412/1412
f 1431/1431 1412/1412 1429/1429
f 1428/1428 1409/1409 1407/1407
f 1428/1428 1407/1407 1431/1431
f 1430/1430 1408/1408 1410/1410
f 1430/1430 1410/1410 1426/1426
f 1407/1407 1413/1413 1418/1418
f 1407/1407 1418/1418 1412/1412
f 1409/1409 1415/1415 1413/1413
f 1409/1409 1413/1413 1407/1407
f 1408/1408 1414/1414 1416/1416
f 1408/1408 1416/1416 1410/1410
f 1412/1412 1418/1418 1414/1414
f 1412/1412 1414/1414 1408/1408
f 1411/1411 1417/1417 1415/1415
f 1411/1411 1415/1415 1409/1409
f 1418/1418 1424/1424 1420/1420
f 1418/1418 1420/1420 1414/1414
f 1417/1417 1423/1423 1421/1421
f 1417/1417 1421/1421 1415/1415
f 1413/1413 1419/1419 1424/1424
f 1413/1413 1424/1424 1418/1418
f 1415/1415 1421/1421 1419/1419
f 1415/1415 1419/1419 1413/1413
f 1414/1414 1420/1420 1422/1422
f 1414/1414 1422/1422 1416/1416
f 1419/1419 1425/1425 1424/1424
f 1421/1421 1425/1425 1419/1419
f 1420/1420 1425/1425 1422/1422
f 1424/1424 1425/1425 1420/1420
f 1423/1423 1425/1425 1421/1421
f 1402/1402 1430/1430 1426/1426
f 1402/1402 1426/1426 1404/1404
f 1403/1403 1428/1428 1431/1431
f 1403/1403 1431/1431 1401/1401
f 1401/1401 1431/1431 1429/1429
f 1401/1401 1429/1429 1406/1406
f 1405/1405 1427/1427 1428/1428
f 1405/1405 1428/1428 1403/1403
f 1406/1406 1429/1429 1430/1430
f 1406/1406 1430/1430 1402/1402
f 1390/1390 1432/1432 1435/1435
f 1390/1390 1435/1435 1392/1392
f 1391/1391 1434/1434 1437/1437
f 1391/1391 1437/1437 1389/1389
f 1389/1389 1437/1437 1433/1433
f 1389/1389 1433/1433 1394/1394
f 1393/1393 1436/1436 1434/1434
f 1393/1393 1434/1434 1391/1391
f 1394/1394 1433/1433 1432/1432
f 1394/1394 1432/1432 1390/1390
f 1439/1439 1453/1453 1456/1456
f 1439/1439 1456/1456 1446/1446
f 1451/1451 1458/1458 1457/1457
f 1451/1451 1457/1457 1448/1448
f 1403/1403 1443/1443 1441/1441
f 1403/1403 1441/1441 1405/1405
f 1436/1436 1450/1450 1447/1447
f 1436/1436 1447/1447 1434/1434
f 1404/1404 1440/1440 1438/1438
f 1404/1404 1438/1438 1402/1402
f 1434/1434 1447/1447 1443/1443
f 1434/1434 1443/1443 1403/1403
f 1457/1457 1460/1460 1455/1455
f 1456/1456 1460/1460 1459/1459
f 1442/1442 1454/1454 1453/1453
f 1442/1442 1453/1453 1439/1439
f 1446/1446 1456/1456 1459/1459
f 1446/1446 1459/1459 1452/1452
f 1448/1448 1457/1457 1455/1455
f 1448/1448 1455/1455 1444/1444
f 1444/1444 1455/1455 1454/1454
f 1444/1444 1454/1454 1442/1442
f 1455/1455 1460/1460 1454/1454
f 1458/1458 1460/1460 1457/1457
f 1453/1453 1460/1460 1456/1456
f 1454/1454 1460/1460 1453/1453
f 1463/1463 1466/1466 1472/1472
f 1463/1463 1472/1472 1469/1469
f 1464/1464 1465/1465 1471/1471
f 1464/1464 1471/1471 1470/1470
f 1466/1466 1461/1461 1467/1467
f 1466/1466 1467/1467 1472/1472
f 1461/1461 1464/1464 1470/1470
f 1461/1461 1470/1470 1467/1467
f 1465/1465 1462/1462 1468/1468
f 1465/1465 1468/1468 1471/1471
f 1472/1472 1467/1467 1473/1473
f 1472/1472 1473/1473 1478/1478
f 1467/1467 1470/1470 1476/1476
f 1467/1467 1476/1476 1473/1473
f 1471/1471 1468/1468 1474/1474
f 1471/1471 1474/1474 1477/1477
f 1469/1469 1472/1472 1478/1478
f 1469/1469 1478/1478 1475/1475
f 1470/1470 1471/1471 1477/1477
f 1470/1470 1477/1477 1476/1476
f 1475/1475 1478/1478 1484/1484
f 1475/1475 1484/1484 1481/1481
f 1476/1476 1477/1477 1483/1483
f 1476/1476 1483/1483 1482/1482
f 1478/1478 1473/1473 1479/1479
f 1478/1478 1479/1479 1484/1484
f 1473/1473 1476/1476 1482/1482
f 1473/1473 1482/1482 1479/1479
f 1477/1477 1474/1474 1480/1480
f 1477/1477 1480/1480 1483/1483
f 1484/1484 1479/1479 1485/1485
f 1484/1484 1485/1485 1490/1490
f 1479/1479 1482/1482 1488/1488
f 1479/1479 1488/1488 1485/1485
f 1483/1483 1480/1480 1486/1486
f 1483/1483 1486/1486 1489/1489
f 1481/1481 1484/1484 1490/1490
f 1481/1481 1490/1490 1487/1487
f 1482/1482 1483/1483 1489/1489
f 1482/1482 1489/1489 1488/1488
f 1487/1487 1490/1490 1496/1496
f 1487/1487 1496/1496 1493/1493
f 1488/1488 1489/1489 1495/1495
f 1488/1488 1495/1495 1494/1494
f 1490/1490 1485/1485 1491/1491
f 1490/1490 1491/1491 1496/1496
f 1485/1485 1488/1488 1494/1494
f 1485/1485 1494/1494 1491/1491
f 1489/1489 1486/1486 1492/1492
f 1489/1489 1492/1492 1495/1495
f 1496/1496 1491/1491 1497/1497
f 1496/1496 1497/1497 1502/1502
f 1491/1491 1494/1494 1500/1500
f 1491/1491 1500/1500 1497/1497
f 1495/1495 1492/1492 1498/1498
f 1495/1495 1498/1498 1501/1501
f 1493/1493 1496/1496 1502/1502
f 1493/1493 1502/1502 1499/1499
f 1494/1494 1495/1495 1501/1501
f 1494/1494 1501/1501 1500/1500
f 1499/1499 1502/1502 1508/1508
f 1499/1499 1508/1508 1505/1505
f 1500/1500 1501/1501 1507/1507
f 1500/1500 1507/1507 1506/1506
f 1502/1502 1497/1497 1503/1503
f 1502/1502 1503/1503 1508/1508
f 1497/1497 1500/1500 1506/1506
f 1497/1497 1506/1506 1503/1503
f 1501/1501 1498/1498 1504/1504
f 1501/1501 1504/1504 1507/1507
f 1508/1508 1503/1503 1509/1509
f 1503/1503 1506/1506 1509/1509
f 1507/1507 1504/1504 1509/1509
f 1505/1505 1508/1508 1509/1509
f 1506/1506 1507/1507 1509/1509
f 1548/1548 1521/1521 1517/1517
f 1548/1548 1517/1517 1547/1547
f 1517/1517 1553/1553 1560/1560
f 1517/1517 1560/1560 1547/1547
f 1552/1552 1516/1516 1521/1521
f 1552/1552 1521/1521 1548/1548
f 1549/1549 1518/1518 1516/1516
f 1549/1549 1516/1516 1552/1552
f 1547/1547 1560/1560 1564/1564
f 1547/1547 1564/1564 1550/1550
f 1544/1544 1527/1527 1523/1523
f 1544/1544 1523/1523 1545/1545
f 1542/1542 1526/1526 1524/1524
f 1542/1542 1524/1524 1543/1543
f 1546/1546 1522/1522 1527/1527
f 1546/1546 1527/1527 1544/1544
f 1543/1543 1524/1524 1522/1522
f 1543/1543 1522/1522 1546/1546
f 1545/1545 1523/1523 1525/1525
f 1545/1545 1525/1525 1541/1541
f 1522/1522 1528/1528 1533/1533
f 1522/1522 1533/1533 1527/1527
f 1524/1524 1530/1530 1528/1528
f 1524/1524 1528/1528 1522/1522
f 1523/1523 1529/1529 1531/1531
f 1523/1523 1531/1531 1525/1525
f 1527/1527 1533/1533 1529/1529
f 1527/1527 1529/1529 1523/1523
f 1526/1526 1532/1532 1530/1530
f 1526/1526 1530/1530 1524/1524
f 1533/1533 1539/1539 1535/1535
f 1533/1533 1535/1535 1529/1529
f 1532/1532 1538/1538 1536/1536
f 1532/1532 1536/1536 1530/1530
f 1528/1528 1534/1534 1539/1539
f 1528/1528 1539/1539 1533/1533
f 1530/1530 1536/1536 1534/1534
f 1530/1530 1534/1534 1528/1528
f 1529/1529 1535/1535 1537/1537
f 1529/1529 1537/1537 1531/1531
f 1534/1534 1540/1540 1539/1539
f 1536/1536 1540/1540 1534/1534
f 1535/1535 1540/1540 1537/1537
f 1539/1539 1540/1540 1535/1535
f 1538/1538 1540/1540 1536/1536
f 1517/1517 1545/1545 1541/1541
f 1517/1517 1541/1541 1519/1519
f 1518/1518 1543/1543 1546/1546
f 1518/1518 1546/1546 1516/1516
f 1516/1516 1546/1546 1544/1544
f 1516/1516 1544/1544 1521/1521
f 1520/1520 1542/1542 1543/1543
f 1520/1520 1543/1543 1518/1518
f 1521/1521 1544/1544 1545/1545
f 1521/1521 1545/1545 1517/1517
f 1511/1511 1547/1547 1550/1550
f 1511/1511 1550/1550 1513/1513
f 1512/1512 1549/1549 1552/1552
f 1512/1512 1552/1552 1510/1510
f 1510/1510 1552/1552 1548/1548
f 1510/1510 1548/1548 1515/1515
f 1514/1514 1551/1551 1549/1549
f 1514/1514 1549/1549 1512/1512
f 1515/1515 1548/1548 1547/1547
f 1515/1515 1547/1547 1511/1511
f 1554/1554 1568/1568 1571/1571
f 1554/1554 1571/1571 1561/1561
f 1566/1566 1573/1573 1572/1572
f 1566/1566 1572/1572 1563/1563
f 1518/1518 1558/1558 1556/1556
f 1518/1518 1556/1556 1520/1520
f 1551/1551 1565/1565 1562/1562
f 1551/1551 1562/1562 1549/1549
f 1519/1519 1555/1555 1553/1553
f 1519/1519 1553/1553 1517/1517
f 1549/1549 1562/1562 1558/1558
f 1549/1549 1558/1558 1518/1518
f 1572/1572 1575/1575 1570/1570
f 1571/1571 1575/1575 1574/1574
f 1557/1557 1569/1569 1568/1568
f 1557/1557 1568/1568 1554/1554
f 1561/1561 1571/1571 1574/1574
f 1561/1561 1574/1574 1567/1567
f 1563/1563 1572/1572 1570/1570
f 1563/1563 1570/1570 1559/1559
f 1559/1559 1570/1570 1569/1569
f 1559/1559 1569/1569 1557/1557
f 1570/1570 1575/1575 1569/1569
f 1573/1573 1575/1575 1572/1572
f 1568/1568 1575/1575 1571/1571
f 1569/1569 1575/1575 1568/1568
f 1600/1600 1578/1578 1576/1576
f 1600/1600 1576/1576 1577/1577
f 1577/1577 1576/1576 1579/1579
f 1577/1577 1579/1579 1599/1599
f 1578/1578 1581/1581 1580/1580
f 1578/1578 1580/1580 1576/1576
f 1576/1576 1580/1580 1582/1582
f 1576/1576 1582/1582 1579/1579
f 1581/1581 1584/1584 1583/1583
f 1581/1581 1583/1583 1580/1580
f 1580/1580 1583/1583 1585/1585
f 1580/1580 1585/1585 1582/1582
f 1584/1584 1586/1586 1583/1583
f 1583/1583 1586/1586 1585/1585
f 1589/1589 1586/1586 1584/1584
f 1588/1588 1586/1586 1589/1589
f 1585/1585 1586/1586 1587/1587
f 1590/1590 1589/1589 1584/1584
f 1590/1590 1584/1584 1581/1581
f 1592/1592 1588/1588 1589/1589
f 1592/1592 1589/1589 1590/1590
f 1593/1593 1590/1590 1581/1581
f 1593/1593 1581/1581 1578/1578
f 1596/1596 1592/1592 1590/1590
f 1596/1596 1590/1590 1593/1593
f 1594/1594 1593/1593 1578/1578
f 1594/1594 1578/1578 1600/1600
f 1598/1598 1596/1596 1593/1593
f 1598/1598 1593/1593 1594/1594
f 1599/1599 1579/1579 1595/1595
f 1599/1599 1595/1595 1597/1597
f 1579/1579 1582/1582 1591/1591
f 1579/1579 1591/1591 1595/1595
f 1582/1582 1585/1585 1587/1587
f 1582/1582 1587/1587 1591/1591
f 1601/1601 1607/1607 1612/1612
f 1601/1601 1612/1612 1606/1606
f 1603/1603 1609/1609 1607/1607
f 1603/1603 1607/1607 1601/1601
f 1602/1602 1608/1608 1610/1610
f 1602/1602 1610/1610 1604/1604
f 1606/1606 1612/1612 1608/1608
f 1606/1606 1608/1608 1602/1602
f 1605/1605 1611/1611 1609/1609
f 1605/1605 1609/1609 1603/1603
f 1627/1627 1617/1617 1615/1615
f 1627/1627 1615/1615 1625/1625
f 1629/1629 1613/1613 1618/1618
f 1629/1629 1618/1618 1628/1628
f 1625/1625 1615/1615 1613/1613
f 1625/1625 1613/1613 1629/1629
f 1630/1630 1614/1614 1616/1616
f 1630/1630 1616/1616 1626/1626
f 1628/1628 1618/1618 1614/1614
f 1628/1628 1614/1614 1630/1630
f 1615/1615 1621/1621 1619/1619
f 1615/1615 1619/1619 1613/1613
f 1614/1614 1620/1620 1622/1622
f 1614/1614 1622/1622 1616/1616
f 1618/1618 1624/1624 1620/1620
f 1618/1618 1620/1620 1614/1614
f 1617/1617 1623/1623 1621/1621
f 1617/1617 1621/1621 1615/1615
f 1613/1613 1619/1619 1624/1624
f 1613/1613 1624/1624 1618/1618
f 1612/1612 1628/1628 1630/1630
f 1612/1612 1630/1630 1608/1608
f 1608/1608 1630/1630 1626/1626
f 1608/1608 1626/1626 1610/1610
f 1609/1609 1625/1625 1629/1629
f 1609/1609 1629/1629 1607/1607
f 1607/1607 1629/1629 1628/1628
f 1607/1607 1628/1628 1612/1612
f 1611/1611 1627/1627 1625/1625
f 1611/1611 1625/1625 1609/1609
f 1663/1663 1636/1636 1632/1632
f 1663/1663 1632/1632 1662/1662
f 1632/1632 1668/1668 1675/1675
f 1632/1632 1675/1675 1662/1662
f 1667/1667 1631/1631 1636/1636
f 1667/1667 1636/1636 1663/1663
f 1664/1664 1633/1633 1631/1631
f 1664/1664 1631/1631 1667/1667
f 1662/1662 1675/1675 1679/1679
f 1662/1662 1679/1679 1665/1665
f 1659/1659 1642/1642 1638/1638
f 1659/1659 1638/1638 1660/1660
f 1657/1657 1641/1641 1639/1639
f 1657/1657 1639/1639 1658/1658
f 1661/1661 1637/1637 1642/1642
f 1661/1661 1642/1642 1659/1659
f 1658/1658 1639/1639 1637/1637
f 1658/1658 1637/1637 1661/1661
f 1660/1660 1638/1638 1640/1640
f 1660/1660 1640/1640 1656/1656
f 1637/1637 1643/1643 1648/1648
f 1637/1637 1648/1648 1642/1642
f 1639/1639 1645/1645 1643/1643
f 1639/1639 1643/1643 1637/1637
f 1638/1638 1644/1644 1646/1646
f 1638/1638 1646/1646 1640/1640
f 1642/1642 1648/1648 1644/1644
f 1642/1642 1644/1644 1638/1638
f 1641/1641 1647/1647 1645/1645
f 1641/1641 1645/1645 1639/1639
f 1648/1648 1654/1654 1650/1650
f 1648/1648 1650/1650 1644/1644
f 1647/1647 1653/1653 1651/1651
f 1647/1647 1651/1651 1645/1645
f 1643/1643 1649/1649 1654/1654
f 1643/1643 1654/1654 1648/1648
f 1645/1645 1651/1651 1649/1649
f 1645/1645 1649/1649 1643/1643
f 1644/1644 1650/1650 1652/1652
f 1644/1644 1652/1652 1646/1646
f 1649/1649 1655/1655 1654/1654
f 1651/1651 1655/1655 1649/1649
f 1650/1650 1655/1655 1652/1652
f 1654/1654 1655/1655 1650/1650
f 1653/1653 1655/1655 1651/1651
f 1632/1632 1660/1660 1656/1656
f 1632/1632 1656/1656 1634/1634
f 1633/1633 1658/1658 1661/1661
f 1633/1633 1661/1661 1631/1631
f 1631/1631 1661/1661 1659/1659
f 1631/1631 1659/1659 1636/1636
f 1635/1635 1657/1657 1658/1658
f 1635/1635 1658/1658 1633/1633
f 1636/1636 1659/1659 1660/1660
f 1636/1636 1660/1660 1632/1632
f 1620/1620 1662/1662 1665/1665
f 1620/1620 1665/1665 1622/1622
f 1621/1621 1664/1664 1667/1667
f 1621/1621 1667/1667 1619/1619
f 1619/1619 1667/1667 1663/1663
f 1619/1619 1663/1663 1624/1624
f 1623/1623 1666/1666 1664/1664
f 1623/1623 1664/1664 1621/1621
f 1624/1624 1663/1663 1662/1662
f 1624/1624 1662/1662 1620/1620
f 1669/1669 1683/1683 1686/1686
f 1669/1669 1686/1686 1676/1676
f 1681/1681 1688/1688 1687/1687
f 1681/1681 1687/1687 1678/1678
f 1633/1633 1673/1673 1671/1671
f 1633/1633 1671/1671 1635/1635
f 1666/1666 1680/1680 1677/1677
f 1666/1666 1677/1677 1664/1664
f 1634/1634 1670/1670 1668/1668
f 1634/1634 1668/1668 1632/1632
f 1664/1664 1677/1677 1673/1673
f 1664/1664 1673/1673 1633/1633
f 1687/1687 1690/1690 1685/1685
f 1686/1686 1690/1690 1689/1689
f 1672/1672 1684/1684 1683/1683
f 1672/1672 1683/1683 1669/1669
f 1676/1676 1686/1686 1689/1689
f 1676/1676 1689/1689 1682/1682
f 1678/1678 1687/1687 1685/1685
f 1678/1678 1685/1685 1674/1674
f 1674/1674 1685/1685 1684/1684
f 1674/1674 1684/1684 1672/1672
f 1685/1685 1690/1690 1684/1684
f 1688/1688 1690/1690 1687/1687
f 1683/1683 1690/1690 1686/1686
f 1684/1684 1690/1690 1683/1683
f 1691/1691 1693/1693 1699/1699
f 1691/1691 1699/1699 1697/1697
f 1694/1694 1692/1692 1698/1698
f 1694/1694 1698/1698 1700/1700
f 1696/1696 1694/1694 1700/1700
f 1696/1696 1700/1700 1702/1702
f 1692/1692 1691/1691 1697/1697
f 1692/1692 1697/1697 1698/1698
f 1693/1693 1695/1695 1701/1701
f 1693/1693 1701/1701 1699/1699
f 1710/1710 1709/1709 1703/1703
f 1710/1710 1703/1703 1704/1704
f 1713/1713 1711/1711 1707/1707
f 1713/1713 1707/1707 1705/1705
f 1709/1709 1713/1713 1705/1705
f 1709/1709 1705/1705 1703/1703
f 1714/1714 1710/1710 1704/1704
f 1714/1714 1704/1704 1706/1706
f 1712/1712 1714/1714 1706/1706
f 1712/1712 1706/1706 1708/1708
f 1702/1702 1700/1700 1714/1714
f 1702/1702 1714/1714 1712/1712
f 1700/1700 1698/1698 1710/1710
f 1700/1700 1710/1710 1714/1714
f 1697/1697 1699/1699 1713/1713
f 1697/1697 1713/1713 1709/1709
f 1699/1699 1701/1701 1711/1711
f 1699/1699 1711/1711 1713/1713
f 1698/1698 1697/1697 1709/1709
f 1698/1698 1709/1709 1710/1710
f 1703/1703 1705/1705 1717/1717
f 1703/1703 1717/1717 1715/1715
f 1706/1706 1704/1704 1716/1716
f 1706/1706 1716/1716 1718/1718
f 1708/1708 1706/1706 1718/1718
f 1708/1708 1718/1718 1720/1720
f 1704/1704 1703/1703 1715/1715
f 1704/1704 1715/1715 1716/1716
f 1705/1705 1707/1707 1719/1719
f 1705/1705 1719/1719 1717/1717
f 1715/1715 1717/1717 1723/1723
f 1715/1715 1723/1723 1721/1721
f 1718/1718 1716/1716 1722/1722
f 1718/1718 1722/1722 1724/1724
f 1720/1720 1718/1718 1724/1724
f 1720/1720 1724/1724 1726/1726
f 1716/1716 1715/1715 1721/1721
f 1716/1716 1721/1721 1722/1722
f 1717/1717 1719/1719 1725/1725
f 1717/1717 1725/1725 1723/1723
f 1722/1722 1721/1721 1727/1727
f 1722/1722 1727/1727 1728/1728
f 1723/1723 1725/1725 1731/1731
f 1723/1723 1731/1731 1729/1729
f 1721/1721 1723/1723 1729/1729
f 1721/1721 1729/1729 1727/1727
f 1724/1724 1722/1722 1728/1728
f 1724/1724 1728/1728 1730/1730
f 1726/1726 1724/1724 1730/1730
f 1726/1726 1730/1730 1732/1732
f 1727/1727 1729/1729 1735/1735
f 1727/1727 1735/1735 1733/1733
f 1730/1730 1728/1728 1734/1734
f 1730/1730 1734/1734 1736/1736
f 1732/1732 1730/1730 1736/1736
f 1732/1732 1736/1736 1738/1738
f 1728/1728 1727/1727 1733/1733
f 1728/1728 1733/1733 1734/1734
f 1729/1729 1731/1731 1737/1737
f 1729/1729 1737/1737 1735/1735
f 1734/1734 1733/1733 1739/1739
f 1735/1735 1737/1737 1739/1739
f 1733/1733 1735/1735 1739/1739
f 1736/1736 1734/1734 1739/1739
f 1738/1738 1736/1736 1739/1739
f 1742/1742 1740/1740 1746/1746
f 1742/1742 1746/1746 1748/1748
f 1741/1741 1744/1744 1750/1750
f 1741/1741 1750/1750 1747/1747
f 1743/1743 1745/1745 1751/1751
f 1743/1743 1751/1751 1749/1749
f 1740/1740 1741/1741 1747/1747
f 1740/1740 1747/1747 1746/1746
f 1745/1745 1742/1742 1748/1748
f 1745/1745 1748/1748 1751/1751
f 1746/1746 1747/1747 1753/1753
f 1746/1746 1753/1753 1752/1752
f 1751/1751 1748/1748 1754/1754
f 1751/1751 1754/1754 1757/1757
f 1748/1748 1746/1746 1752/1752
f 1748/1748 1752/1752 1754/1754
f 1747/1747 1750/1750 1756/1756
f 1747/1747 1756/1756 1753/1753
f 1749/1749 1751/1751 1757/1757
f 1749/1749 1757/1757 1755/1755
f 1754/1754 1752/1752 1758/1758
f 1754/1754 1758/1758 1760/1760
f 1753/1753 1756/1756 1762/1762
f 1753/1753 1762/1762 1759/1759
f 1755/1755 1757/1757 1763/1763
f 1755/1755 1763/1763 1761/1761
f 1752/1752 1753/1753 1759/1759
f 1752/1752 1759/1759 1758/1758
f 1757/1757 1754/1754 1760/1760
f 1757/1757 1760/1760 1763/1763
f 1758/1758 1759/1759 1765/1765
f 1758/1758 1765/1765 1764/1764
f 1763/1763 1760/1760 1766/1766
f 1763/1763 1766/1766 1769/1769
f 1760/1760 1758/1758 1764/1764
f 1760/1760 1764/1764 1766/1766
f 1759/1759 1762/1762 1768/1768
f 1759/1759 1768/1768 1765/1765
f 1761/1761 1763/1763 1769/1769
f 1761/1761 1769/1769 1767/1767
f 1766/1766 1764/1764 1770/1770
f 1766/1766 1770/1770 1772/1772
f 1765/1765 1768/1768 1774/1774
f 1765/1765 1774/1774 1771/1771
f 1767/1767 1769/1769 1775/1775
f 1767/1767 1775/1775 1773/1773
f 1764/1764 1765/1765 1771/1771
f 1764/1764 1771/1771 1770/1770
f 1769/1769 1766/1766 1772/1772
f 1769/1769 1772/1772 1775/1775
f 1794/1794 1789/1789 1777/1777
f 1794/1794 1777/1777 1776/1776
f 1793/1793 1790/1790 1778/1778
f 1793/1793 1778/1778 1781/1781
f 1790/1790 1794/1794 1776/1776
f 1790/1790 1776/1776 1778/1778
f 1789/1789 1792/1792 1780/1780
f 1789/1789 1780/1780 1777/1777
f 1791/1791 1793/1793 1781/1781
f 1791/1791 1781/1781 1779/1779
f 1778/1778 1776/1776 1782/1782
f 1777/1777 1780/1780 1782/1782
f 1779/1779 1781/1781 1782/1782
f 1776/1776 1777/1777 1782/1782
f 1781/1781 1778/1778 1782/1782
f 1773/1773 1775/1775 1783/1783
f 1773/1773 1783/1783 1787/1787
f 1771/1771 1774/1774 1788/1788
f 1771/1771 1788/1788 1786/1786
f 1772/1772 1770/1770 1785/1785
f 1772/1772 1785/1785 1784/1784
f 1775/1775 1772/1772 1784/1784
f 1775/1775 1784/1784 1783/1783
f 1770/1770 1771/1771 1786/1786
f 1770/1770 1786/1786 1785/1785
f 1799/1799 1795/1795 1793/1793
f 1799/1799 1793/1793 1791/1791
f 1797/1797 1800/1800 1792/1792
f 1797/1797 1792/1792 1789/1789
f 1798/1798 1796/1796 1794/1794
f 1798/1798 1794/1794 1790/1790
f 1795/1795 1798/1798 1790/1790
f 1795/1795 1790/1790 1793/1793
f 1796/1796 1797/1797 1789/1789
f 1796/1796 1789/1789 1794/1794
f 1785/1785 1786/1786 1797/1797
f 1785/1785 1797/1797 1796/1796
f 1783/1783 1784/1784 1798/1798
f 1783/1783 1798/1798 1795/1795
f 1784/1784 1785/1785 1796/1796
f 1784/1784 1796/1796 1798/1798
f 1786/1786 1788/1788 1800/1800
f 1786/1786 1800/1800 1797/1797
f 1787/1787 1783/1783 1795/1795
f 1787/1787 1795/1795 1799/1799
f 1740/1740 1742/1742 1803/1803
f 1740/1740 1803/1803 1801/1801
f 1744/1744 1741/1741 1802/1802
f 1744/1744 1802/1802 1805/1805
f 1745/1745 1743/1743 1804/1804
f 1745/1745 1804/1804 1806/1806
f 1741/1741 1740/1740 1801/1801
f 1741/1741 1801/1801 1802/1802
f 1742/1742 1745/1745 1806/1806
f 1742/1742 1806/1806 1803/1803
f 1807/1807 1813/1813 1818/1818
f 1807/1807 1818/1818 1812/1812
f 1809/1809 1815/1815 1813/1813
f 1809/1809 1813/1813 1807/1807
f 1808/1808 1814/1814 1816/1816
f 1808/1808 1816/1816 1810/1810
f 1812/1812 1818/1818 1814/1814
f 1812/1812 1814/1814 1808/1808
f 1811/1811 1817/1817 1815/1815
f 1811/1811 1815/1815 1809/1809
f 1833/1833 1823/1823 1821/1821
f 1833/1833 1821/1821 1831/1831
f 1835/1835 1819/1819 1824/1824
f 1835/1835 1824/1824 1834/1834
f 1831/1831 1821/1821 1819/1819
f 1831/1831 1819/1819 1835/1835
f 1836/1836 1820/1820 1822/1822
f 1836/1836 1822/1822 1832/1832
f 1834/1834 1824/1824 1820/1820
f 1834/1834 1820/1820 1836/1836
f 1821/1821 1827/1827 1825/1825
f 1821/1821 1825/1825 1819/1819
f 1820/1820 1826/1826 1828/1828
f 1820/1820 1828/1828 1822/1822
f 1824/1824 1830/1830 1826/1826
f 1824/1824 1826/1826 1820/1820
f 1823/1823 1829/1829 1827/1827
f 1823/1823 1827/1827 1821/1821
f 1819/1819 1825/1825 1830/1830
f 1819/1819 1830/1830 1824/1824
f 1818/1818 1834/1834 1836/1836
f 1818/1818 1836/1836 1814/1814
f 1814/1814 1836/1836 1832/1832
f 1814/1814 1832/1832 1816/1816
f 1815/1815 1831/1831 1835/1835
f 1815/1815 1835/1835 1813/1813
f 1813/1813 1835/1835 1834/1834
f 1813/1813 1834/1834 1818/1818
f 1817/1817 1833/1833 1831/1831
f 1817/1817 1831/1831 1815/1815
f 1869/1869 1842/1842 1838/1838
f 1869/1869 1838/1838 1868/1868
f 1838/1838 1874/1874 1881/1881
f 1838/1838 1881/1881 1868/1868
f 1873/1873 1837/1837 1842/1842
f 1873/1873 1842/1842 1869/1869
f 1870/1870 1839/1839 1837/1837
f 1870/1870 1837/1837 1873/1873
f 1868/1868 1881/1881 1885/1885
f 1868/1868 1885/1885 1871/1871
f 1865/1865 1848/1848 1844/1844
f 1865/1865 1844/1844 1866/1866
f 1863/1863 1847/1847 1845/1845
f 1863/1863 1845/1845 1864/1864
f 1867/1867 1843/1843 1848/1848
f 1867/1867 1848/1848 1865/1865
f 1864/1864 1845/1845 1843/1843
f 1864/1864 1843/1843 1867/1867
f 1866/1866 1844/1844 1846/1846
f 1866/1866 1846/1846 1862/1862
f 1843/1843 1849/1849 1854/1854
f 1843/1843 1854/1854 1848/1848
f 1845/1845 1851/1851 1849/1849
f 1845/1845 1849/1849 1843/1843
f 1844/1844 1850/1850 1852/1852
f 1844/1844 1852/1852 1846/1846
f 1848/1848 1854/1854 1850/1850
f 1848/1848 1850/1850 1844/1844
f 1847/1847 1853/1853 1851/1851
f 1847/1847 1851/1851 1845/1845
f 1854/1854 1860/1860 1856/1856
f 1854/1854 1856/1856 1850/1850
f 1853/1853 1859/1859 1857/1857
f 1853/1853 1857/1857 1851/1851
f 1849/1849 1855/1855 1860/1860
f 1849/1849 1860/1860 1854/1854
f 1851/1851 1857/1857 1855/1855
f 1851/1851 1855/1855 1849/1849
f 1850/1850 1856/1856 1858/1858
f 1850/1850 1858/1858 1852/1852
f 1855/1855 1861/1861 1860/1860
f 1857/1857 1861/1861 1855/1855
f 1856/1856 1861/1861 1858/1858
f 1860/1860 1861/1861 1856/1856
f 1859/1859 1861/1861 1857/1857
f 1838/1838 1866/1866 1862/1862
f 1838/1838 1862/1862 1840/1840
f 1839/1839 1864/1864 1867/1867
f 1839/1839 1867/1867 1837/1837
f 1837/1837 1867/1867 1865/1865
f 1837/1837 1865/1865 1842/1842
f 1841/1841 1863/1863 1864/1864
f 1841/1841 1864/1864 1839/1839
f 1842/1842 1865/1865 1866/1866
f 1842/1842 1866/1866 1838/1838
f 1826/1826 1868/1868 1871/1871
f 1826/1826 1871/1871 1828/1828
f 1827/1827 1870/1870 1873/1873
f 1827/1827 1873/1873 1825/1825
f 1825/1825 1873/1873 1869/1869
f 1825/1825 1869/1869 1830/1830
f 1829/1829 1872/1872 1870/1870
f 1829/1829 1870/1870 1827/1827
f 1830/1830 1869/1869 1868/1868
f 1830/1830 1868/1868 1826/1826
f 1875/1875 1889/1889 1892/1892
f 1875/1875 1892/1892 1882/1882
f 1887/1887 1894/1894 1893/1893
f 1887/1887 1893/1893 1884/1884
f 1839/1839 1879/1879 1877/1877
f 1839/1839 1877/1877 1841/1841
f 1872/1872 1886/1886 1883/1883
f 1872/1872 1883/1883 1870/1870
f 1840/1840 1876/1876 1874/1874
f 1840/1840 1874/1874 1838/1838
f 1870/1870 1883/1883 1879/1879
f 1870/1870 1879/1879 1839/1839
f 1893/1893 1896/1896 1891/1891
f 1892/1892 1896/1896 1895/1895
f 1878/1878 1890/1890 1889/1889
f 1878/1878 1889/1889 1875/1875
f 1882/1882 1892/1892 1895/1895
f 1882/1882 1895/1895 1888/1888
f 1884/1884 1893/1893 1891/1891
f 1884/1884 1891/1891 1880/1880
f 1880/1880 1891/1891 1890/1890
f 1880/1880 1890/1890 1878/1878
f 1891/1891 1896/1896 1890/1890
f 1894/1894 1896/1896 1893/1893
f 1889/1889 1896/1896 1892/1892
f 1890/1890 1896/1896 1889/1889
f 1899/1899 1902/1902 1908/1908
f 1899/1899 1908/1908 1905/1905
f 1900/1900 1901/1901 1907/1907
f 1900/1900 1907/1907 1906/1906
f 1902/1902 1897/1897 1903/1903
f 1902/1902 1903/1903 1908/1908
f 1897/1897 1900/1900 1906/1906
f 1897/1897 1906/1906 1903/1903
f 1901/1901 1898/1898 1904/1904
f 1901/1901 1904/1904 1907/1907
f 1908/1908 1903/1903 1909/1909
f 1908/1908 1909/1909 1914/1914
f 1903/1903 1906/1906 1912/1912
f 1903/1903 1912/1912 1909/1909
f 1907/1907 1904/1904 1910/1910
f 1907/1907 1910/1910 1913/1913
f 1905/1905 1908/1908 1914/1914
f 1905/1905 1914/1914 1911/1911
f 1906/1906 1907/1907 1913/1913
f 1906/1906 1913/1913 1912/1912
f 1911/1911 1914/1914 1920/1920
f 1911/1911 1920/1920 1917/1917
f 1912/1912 1913/1913 1919/1919
f 1912/1912 1919/1919 1918/1918
f 1914/1914 1909/1909 1915/1915
f 1914/1914 1915/1915 1920/1920
f 1909/1909 1912/1912 1918/1918
f 1909/1909 1918/1918 1915/1915
f 1913/1913 1910/1910 1916/1916
f 1913/1913 1916/1916 1919/1919
f 1920/1920 1915/1915 1921/1921
f 1920/1920 1921/1921 1926/1926
f 1915/1915 1918/1918 1924/1924
f 1915/1915 1924/1924 1921/1921
f 1919/1919 1916/1916 1922/1922
f 1919/1919 1922/1922 1925/1925
f 1917/1917 1920/1920 1926/1926
f 1917/1917 1926/1926 1923/1923
f 1918/1918 1919/1919 1925/1925
f 1918/1918 1925/1925 1924/1924
f 1923/1923 1926/1926 1932/1932
f 1923/1923 1932/1932 1929/1929
f 1924/1924 1925/1925 1931/1931
f 1924/1924 1931/1931 1930/1930
f 1926/1926 1921/1921 1927/1927
f 1926/1926 1927/1927 1932/1932
f 1921/1921 1924/1924 1930/1930
f 1921/1921 1930/1930 1927/1927
f 1925/1925 1922/1922 1928/1928
f 1925/1925 1928/1928 1931/1931
f 1932/1932 1927/1927 1933/1933
f 1932/1932 1933/1933 1938/1938
f 1927/1927 1930/1930 1936/1936
f 1927/1927 1936/1936 1933/1933
f 1931/1931 1928/1928 1934/1934
f 1931/1931 1934/1934 1937/1937
f 1929/1929 1932/1932 1938/1938
f 1929/1929 1938/1938 1935/1935
f 1930/1930 1931/1931 1937/1937
f 1930/1930 1937/1937 1936/1936
f 1935/1935 1938/1938 1944/1944
f 1935/1935 1944/1944 1941/1941
f 1936/1936 1937/1937 1943/1943
f 1936/1936 1943/1943 1942/1942
f 1938/1938 1933/1933 1939/1939
f 1938/1938 1939/1939 1944/1944
f 1933/1933 1936/1936 1942/1942
f 1933/1933 1942/1942 1939/1939
f 1937/1937 1934/1934 1940/1940
f 1937/1937 1940/1940 1943/1943
f 1944/1944 1939/1939 1945/1945
f 1939/1939 1942/1942 1945/1945
f 1943/1943 1940/1940 1945/1945
f 1941/1941 1944/1944 1945/1945
f 1942/1942 1943/1943 1945/1945
f 1984/1984 1957/1957 1953/1953
f 1984/1984 1953/1953 1983/1983
f 1953/1953 1989/1989 1996/1996
f 1953/1953 1996/1996 1983/1983
f 1988/1988 1952/1952 1957/1957
f 1988/1988 1957/1957 1984/1984
f 1985/1985 1954/1954 1952/1952
f 1985/1985 1952/1952 1988/1988
f 1983/1983 1996/1996 2000/2000
f 1983/1983 2000/2000 1986/1986
f 1980/1980 1963/1963 1959/1959
f 1980/1980 1959/1959 1981/1981
f 1978/1978 1962/1962 1960/1960
f 1978/1978 1960/1960 1979/1979
f 1982/1982 1958/1958 1963/1963
f 1982/1982 1963/1963 1980/1980
f 1979/1979 1960/1960 1958/1958
f 1979/1979 1958/1958 1982/1982
f 1981/1981 1959/1959 1961/1961
f 1981/1981 1961/1961 1977/1977
f 1958/1958 1964/1964 1969/1969
f 1958/1958 1969/1969 1963/1963
f 1960/1960 1966/1966 1964/1964
f 1960/1960 1964/1964 1958/1958
f 1959/1959 1965/1965 1967/1967
f 1959/1959 1967/1967 1961/1961
f 1963/1963 1969/1969 1965/1965
f 1963/1963 1965/1965 1959/1959
f 1962/1962 1968/1968 1966/1966
f 1962/1962 1966/1966 1960/1960
f 1969/1969 1975/1975 1971/1971
f 1969/1969 1971/1971 1965/1965
f 1968/1968 1974/1974 1972/1972
f 1968/1968 1972/1972 1966/1966
f 1964/1964 1970/1970 1975/1975
f 1964/1964 1975/1975 1969/1969
f 1966/1966 1972/1972 1970/1970
f 1966/1966 1970/1970 1964/1964
f 1965/1965 1971/1971 1973/1973
f 1965/1965 1973/1973 1967/1967
f 1970/1970 1976/1976 1975/1975
f 1972/1972 1976/1976 1970/1970
f 1971/1971 1976/1976 1973/1973
f 1975/1975 1976/1976 1971/1971
f 1974/1974 1976/1976 1972/1972
f 1953/1953 1981/1981 1977/1977
f 1953/1953 1977/1977 1955/1955
f 1954/1954 1979/1979 1982/1982
f 1954/1954 1982/1982 1952/1952
f 1952/1952 1982/1982 1980/1980
f 1952/1952 1980/1980 1957/1957
f 1956/1956 1978/1978 1979/1979
f 1956/1956 1979/1979 1954/1954
f 1957/1957 1980/1980 1981/1981
f 1957/1957 1981/1981 1953/1953
f 1947/1947 1983/1983 1986/1986
f 1947/1947 1986/1986 1949/1949
f 1948/1948 1985/1985 1988/1988
f 1948/1948 1988/1988 1946/1946
f 1946/1946 1988/1988 1984/1984
f 1946/1946 1984/1984 1951/1951
f 1950/1950 1987/1987 1985/1985
f 1950/1950 1985/1985 1948/1948
f 1951/1951 1984/1984 1983/1983
f 1951/1951 1983/1983 1947/1947
f 1990/1990 2004/2004 2007/2007
f 1990/1990 2007/2007 1997/1997
f 2002/2002 2009/2009 2008/2008
f 2002/2002 2008/2008 1999/1999
f 1954/1954 1994/1994 1992/1992
f 1954/1954 1992/1992 1956/1956
f 1987/1987 2001/2001 1998/1998
f 1987/1987 1998/1998 1985/1985
f 1955/1955 1991/1991 1989/1989
f 1955/1955 1989/1989 1953/1953
f 1985/1985 1998/1998 1994/1994
f 1985/1985 1994/1994 1954/1954
f 2008/2008 2011/2011 2006/2006
f 2007/2007 2011/2011 2010/2010
f 1993/1993 2005/2005 2004/2004
f 1993/1993 2004/2004 1990/1990
f 1997/1997 2007/2007 2010/2010
f 1997/1997 2010/2010 2003/2003
f 1999/1999 2008/2008 2006/2006
f 1999/1999 2006/2006 1995/1995
f 1995/1995 2006/2006 2005/2005
f 1995/1995 2005/2005 1993/1993
f 2006/2006 2011/2011 2005/2005
f 2009/2009 2011/2011 2008/2008
f 2004/2004 2011/2011 2007/2007
f 2005/2005 2011/2011 2004/2004
f 2013/2013 2012/2012 2016/2016
f 2013/2013 2016/2016 2017/2017
f 2012/2012 2013/2013 2078/2078
f 2012/2012 2078/2078 2015/2015
f 2012/2012 2014/2014 2018/2018
f 2012/2012 2018/2018 2016/2016
f 2014/2014 2012/2012 2015/2015
f 2014/2014 2015/2015 2028/2028
f 2014/2014 2022/2022 2019/2019
f 2014/2014 2019/2019 2018/2018
f 2022/2022 2023/2023 2020/2020
f 2022/2022 2020/2020 2019/2019
f 2023/2023 2022/2022 2025/2025
f 2023/2023 2025/2025 2026/2026
f 2022/2022 2014/2014 2028/2028
f 2022/2022 2028/2028 2025/2025
f 2026/2026 2025/2025 2029/2029
f 2026/2026 2029/2029 2030/2030
f 2025/2025 2028/2028 2032/2032
f 2025/2025 2032/2032 2029/2029
f 2030/2030 2029/2029 2033/2033
f 2030/2030 2033/2033 2034/2034
f 2029/2029 2032/2032 2036/2036
f 2029/2029 2036/2036 2033/2033
f 2034/2034 2033/2033 2037/2037
f 2034/2034 2037/2037 2038/2038
f 2033/2033 2036/2036 2040/2040
f 2033/2033 2040/2040 2037/2037
f 2038/2038 2037/2037 2041/2041
f 2038/2038 2041/2041 2042/2042
f 2037/2037 2040/2040 2044/2044
f 2037/2037 2044/2044 2041/2041
f 2042/2042 2041/2041 2045/2045
f 2042/2042 2045/2045 2047/2047
f 2041/2041 2044/2044 2046/2046
f 2041/2041 2046/2046 2045/2045
f 2045/2045 2046/2046 2051/2051
f 2045/2045 2051/2051 2049/2049
f 2047/2047 2045/2045 2049/2049
f 2047/2047 2049/2049 2052/2052
f 2049/2049 2051/2051 2063/2063
f 2049/2049 2063/2063 2050/2050
f 2052/2052 2049/2049 2050/2050
f 2052/2052 2050/2050 2054/2054
f 2056/2056 2053/2053 2055/2055
f 2056/2056 2055/2055 2057/2057
f 2058/2058 2048/2048 2053/2053
f 2058/2058 2053/2053 2056/2056
f 2059/2059 2056/2056 2057/2057
f 2059/2059 2057/2057 2061/2061
f 2060/2060 2058/2058 2056/2056
f 2060/2060 2056/2056 2059/2059
f 2046/2046 2060/2060 2059/2059
f 2046/2046 2059/2059 2051/2051
f 2051/2051 2059/2059 2061/2061
f 2051/2051 2061/2061 2063/2063
f 2063/2063 2061/2061 2062/2062
f 2063/2063 2062/2062 2064/2064
f 2061/2061 2057/2057 2069/2069
f 2061/2061 2069/2069 2062/2062
f 2050/2050 2063/2063 2064/2064
f 2050/2050 2064/2064 2065/2065
f 2065/2065 2064/2064 2066/2066
f 2064/2064 2062/2062 2066/2066
f 2062/2062 2069/2069 2066/2066
f 2067/2067 2065/2065 2066/2066
f 2069/2069 2068/2068 2066/2066
f 2057/2057 2055/2055 2068/2068
f 2057/2057 2068/2068 2069/2069
f 2054/2054 2050/2050 2065/2065
f 2054/2054 2065/2065 2067/2067
f 2070/2070 2071/2071 2058/2058
f 2070/2070 2058/2058 2060/2060
f 2044/2044 2070/2070 2060/2060
f 2044/2044 2060/2060 2046/2046
f 2072/2072 2073/2073 2071/2071
f 2072/2072 2071/2071 2070/2070
f 2040/2040 2072/2072 2070/2070
f 2040/2040 2070/2070 2044/2044
f 2074/2074 2075/2075 2073/2073
f 2074/2074 2073/2073 2072/2072
f 2036/2036 2074/2074 2072/2072
f 2036/2036 2072/2072 2040/2040
f 2076/2076 2077/2077 2075/2075
f 2076/2076 2075/2075 2074/2074
f 2032/2032 2076/2076 2074/2074
f 2032/2032 2074/2074 2036/2036
f 2015/2015 2078/2078 2077/2077
f 2015/2015 2077/2077 2076/2076
f 2028/2028 2015/2015 2076/2076
f 2028/2028 2076/2076 2032/2032
f 2077/2077 2031/2031 2035/2035
f 2077/2077 2035/2035 2075/2075
f 2078/2078 2027/2027 2031/2031
f 2078/2078 2031/2031 2077/2077
f 2013/2013 2024/2024 2027/2027
f 2013/2013 2027/2027 2078/2078
f 2075/2075 2035/2035 2039/2039
f 2075/2075 2039/2039 2073/2073
f 2073/2073 2039/2039 2043/2043
f 2073/2073 2043/2043 2071/2071
f 2071/2071 2043/2043 2048/2048
f 2071/2071 2048/2048 2058/2058
f 2024/2024 2013/2013 2017/2017
f 2024/2024 2017/2017 2021/2021
f 2126/2126 2082/2082 2084/2084
f 2126/2126 2084/2084 2124/2124
f 2124/2124 2084/2084 2086/2086
f 2124/2124 2086/2086 2123/2123
f 2123/2123 2086/2086 2088/2088
f 2123/2123 2088/2088 2122/2122
f 2109/2109 2111/2111 2096/2096
f 2109/2109 2096/2096 2095/2095
f 2122/2122 2088/2088 2090/2090
f 2122/2122 2090/2090 2127/2127
f 2127/2127 2090/2090 2081/2081
f 2127/2127 2081/2081 2125/2125
f 2110/2110 2109/2109 2095/2095
f 2110/2110 2095/2095 2094/2094
f 2112/2112 2110/2110 2094/2094
f 2112/2112 2094/2094 2093/2093
f 2111/2111 2113/2113 2091/2091
f 2111/2111 2091/2091 2096/2096
f 2114/2114 2112/2112 2093/2093
f 2114/2114 2093/2093 2092/2092
f 2095/2095 2096/2096 2102/2102
f 2095/2095 2102/2102 2101/2101
f 2093/2093 2094/2094 2100/2100
f 2093/2093 2100/2100 2099/2099
f 2096/2096 2091/2091 2097/2097
f 2096/2096 2097/2097 2102/2102
f 2094/2094 2095/2095 2101/2101
f 2094/2094 2101/2101 2100/2100
f 2092/2092 2093/2093 2099/2099
f 2092/2092 2099/2099 2098/2098
f 2130/2130 2128/2128 2103/2103
f 2130/2130 2103/2103 2108/2108
f 2132/2132 2131/2131 2107/2107
f 2132/2132 2107/2107 2106/2106
f 2129/2129 2133/2133 2105/2105
f 2129/2129 2105/2105 2104/2104
f 2131/2131 2130/2130 2108/2108
f 2131/2131 2108/2108 2107/2107
f 2133/2133 2132/2132 2106/2106
f 2133/2133 2106/2106 2105/2105
f 2080/2080 2083/2083 2112/2112
f 2080/2080 2112/2112 2114/2114
f 2089/2089 2079/2079 2113/2113
f 2089/2089 2113/2113 2111/2111
f 2083/2083 2085/2085 2110/2110
f 2083/2083 2110/2110 2112/2112
f 2085/2085 2087/2087 2109/2109
f 2085/2085 2109/2109 2110/2110
f 2087/2087 2089/2089 2111/2111
f 2087/2087 2111/2111 2109/2109
f 2086/2086 2084/2084 2117/2117
f 2086/2086 2117/2117 2118/2118
f 2081/2081 2090/2090 2120/2120
f 2081/2081 2120/2120 2115/2115
f 2084/2084 2082/2082 2116/2116
f 2084/2084 2116/2116 2117/2117
f 2088/2088 2086/2086 2118/2118
f 2088/2088 2118/2118 2119/2119
f 2090/2090 2088/2088 2119/2119
f 2090/2090 2119/2119 2120/2120
f 2120/2120 2119/2119 2121/2121
f 2118/2118 2117/2117 2121/2121
f 2115/2115 2120/2120 2121/2121
f 2119/2119 2118/2118 2121/2121
f 2117/2117 2116/2116 2121/2121
f 2089/2089 2127/2127 2125/2125
f 2089/2089 2125/2125 2079/2079
f 2087/2087 2122/2122 2127/2127
f 2087/2087 2127/2127 2089/2089
f 2085/2085 2123/2123 2122/2122
f 2085/2085 2122/2122 2087/2087
f 2083/2083 2124/2124 2123/2123
f 2083/2083 2123/2123 2085/2085
f 2080/2080 2126/2126 2124/2124
f 2080/2080 2124/2124 2083/2083
f 2099/2099 2100/2100 2132/2132
f 2099/2099 2132/2132 2133/2133
f 2101/2101 2102/2102 2130/2130
f 2101/2101 2130/2130 2131/2131
f 2098/2098 2099/2099 2133/2133
f 2098/2098 2133/2133 2129/2129
f 2100/2100 2101/2101 2131/2131
f 2100/2100 2131/2131 2132/2132
f 2102/2102 2097/2097 2128/2128
f 2102/2102 2128/2128 2130/2130
f 2134/2134 2135/2135 2140/2140
f 2134/2134 2140/2140 2138/2138
f 2135/2135 2134/2134 2137/2137
f 2135/2135 2137/2137 2161/2161
f 2136/2136 2134/2134 2138/2138
f 2136/2136 2138/2138 2139/2139
f 2134/2134 2136/2136 2150/2150
f 2134/2134 2150/2150 2137/2137
f 2135/2135 2142/2142 2141/2141
f 2135/2135 2141/2141 2140/2140
f 2142/2142 2146/2146 2144/2144
f 2142/2142 2144/2144 2141/2141
f 2145/2145 2136/2136 2139/2139
f 2145/2145 2139/2139 2143/2143
f 2146/2146 2142/2142 2149/2149
f 2146/2146 2149/2149 2148/2148
f 2136/2136 2145/2145 2147/2147
f 2136/2136 2147/2147 2150/2150
f 2148/2148 2149/2149 2155/2155
f 2148/2148 2155/2155 2152/2152
f 2150/2150 2147/2147 2151/2151
f 2150/2150 2151/2151 2156/2156
f 2152/2152 2155/2155 2163/2163
f 2152/2152 2163/2163 2154/2154
f 2156/2156 2151/2151 2153/2153
f 2156/2156 2153/2153 2157/2157
f 2137/2137 2150/2150 2156/2156
f 2137/2137 2156/2156 2158/2158
f 2158/2158 2156/2156 2157/2157
f 2158/2158 2157/2157 2159/2159
f 2160/2160 2158/2158 2159/2159
f 2160/2160 2159/2159 2162/2162
f 2161/2161 2137/2137 2158/2158
f 2161/2161 2158/2158 2160/2160
f 2149/2149 2161/2161 2160/2160
f 2149/2149 2160/2160 2155/2155
f 2155/2155 2160/2160 2162/2162
f 2155/2155 2162/2162 2163/2163
f 2163/2163 2162/2162 2164/2164
f 2163/2163 2164/2164 2165/2165
f 2162/2162 2159/2159 2166/2166
f 2162/2162 2166/2166 2164/2164
f 2165/2165 2164/2164 2167/2167
f 2165/2165 2167/2167 2168/2168
f 2164/2164 2166/2166 2169/2169
f 2164/2164 2169/2169 2167/2167
f 2168/2168 2167/2167 2170/2170
f 2168/2168 2170/2170 2171/2171
f 2167/2167 2169/2169 2172/2172
f 2167/2167 2172/2172 2170/2170
f 2171/2171 2170/2170 2173/2173
f 2171/2171 2173/2173 2174/2174
f 2170/2170 2172/2172 2175/2175
f 2170/2170 2175/2175 2173/2173
f 2174/2174 2173/2173 2176/2176
f 2173/2173 2175/2175 2176/2176
f 2175/2175 2179/2179 2176/2176
f 2178/2178 2174/2174 2176/2176
f 2179/2179 2177/2177 2176/2176
f 2180/2180 2181/2181 2177/2177
f 2180/2180 2177/2177 2179/2179
f 2172/2172 2180/2180 2179/2179
f 2172/2172 2179/2179 2175/2175
f 2183/2183 2184/2184 2181/2181
f 2183/2183 2181/2181 2180/2180
f 2169/2169 2183/2183 2180/2180
f 2169/2169 2180/2180 2172/2172
f 2186/2186 2187/2187 2184/2184
f 2186/2186 2184/2184 2183/2183
f 2166/2166 2186/2186 2183/2183
f 2166/2166 2183/2183 2169/2169
f 2157/2157 2153/2153 2187/2187
f 2157/2157 2187/2187 2186/2186
f 2159/2159 2157/2157 2186/2186
f 2159/2159 2186/2186 2166/2166
f 2188/2188 2165/2165 2168/2168
f 2188/2188 2168/2168 2185/2185
f 2154/2154 2163/2163 2165/2165
f 2154/2154 2165/2165 2188/2188
f 2185/2185 2168/2168 2171/2171
f 2185/2185 2171/2171 2182/2182
f 2182/2182 2171/2171 2174/2174
f 2182/2182 2174/2174 2178/2178
f 2142/2142 2135/2135 2161/2161
f 2142/2142 2161/2161 2149/2149
f 2189/2189 2195/2195 2200/2200
f 2189/2189 2200/2200 2194/2194
f 2191/2191 2197/2197 2195/2195
f 2191/2191 2195/2195 2189/2189
f 2190/2190 2196/2196 2198/2198
f 2190/2190 2198/2198 2192/2192
f 2194/2194 2200/2200 2196/2196
f 2194/2194 2196/2196 2190/2190
f 2193/2193 2199/2199 2197/2197
f 2193/2193 2197/2197 2191/2191
f 2215/2215 2205/2205 2203/2203
f 2215/2215 2203/2203 2213/2213
f 2217/2217 2201/2201 2206/2206
f 2217/2217 2206/2206 2216/2216
f 2213/2213 2203/2203 2201/2201
f 2213/2213 2201/2201 2217/2217
f 2218/2218 2202/2202 2204/2204
f 2218/2218 2204/2204 2214/2214
f 2216/2216 2206/2206 2202/2202
f 2216/2216 2202/2202 2218/2218
f 2203/2203 2209/2209 2207/2207
f 2203/2203 2207/2207 2201/2201
f 2202/2202 2208/2208 2210/2210
f 2202/2202 2210/2210 2204/2204
f 2206/2206 2212/2212 2208/2208
f 2206/2206 2208/2208 2202/2202
f 2205/2205 2211/2211 2209/2209
f 2205/2205 2209/2209 2203/2203
f 2201/2201 2207/2207 2212/2212
f 2201/2201 2212/2212 2206/2206
f 2200/2200 2216/2216 2218/2218
f 2200/2200 2218/2218 2196/2196
f 2196/2196 2218/2218 2214/2214
f 2196/2196 2214/2214 2198/2198
f 2197/2197 2213/2213 2217/2217
f 2197/2197 2217/2217 2195/2195
f 2195/2195 2217/2217 2216/2216
f 2195/2195 2216/2216 2200/2200
f 2199/2199 2215/2215 2213/2213
f 2199/2199 2213/2213 2197/2197
f 2251/2251 2224/2224 2220/2220
f 2251/2251 2220/2220 2250/2250
f 2220/2220 2256/2256 2263/2263
f 2220/2220 2263/2263 2250/2250
f 2255/2255 2219/2219 2224/2224
f 2255/2255 2224/2224 2251/2251
f 2252/2252 2221/2221 2219/2219
f 2252/2252 2219/2219 2255/2255
f 2250/2250 2263/2263 2267/2267
f 2250/2250 2267/2267 2253/2253
f 2247/2247 2230/2230 2226/2226
f 2247/2247 2226/2226 2248/2248
f 2245/2245 2229/2229 2227/2227
f 2245/2245 2227/2227 2246/2246
f 2249/2249 2225/2225 2230/2230
f 2249/2249 2230/2230 2247/2247
f 2246/2246 2227/2227 2225/2225
f 2246/2246 2225/2225 2249/2249
f 2248/2248 2226/2226 2228/2228
f 2248/2248 2228/2228 2244/2244
f 2225/2225 2231/2231 2236/2236
f 2225/2225 2236/2236 2230/2230
f 2227/2227 2233/2233 2231/2231
f 2227/2227 2231/2231 2225/2225
f 2226/2226 2232/2232 2234/2234
f 2226/2226 2234/2234 2228/2228
f 2230/2230 2236/2236 2232/2232
f 2230/2230 2232/2232 2226/2226
f 2229/2229 2235/2235 2233/2233
f 2229/2229 2233/2233 2227/2227
f 2236/2236 2242/2242 2238/2238
f 2236/2236 2238/2238 2232/2232
f 2235/2235 2241/2241 2239/2239
f 2235/2235 2239/2239 2233/2233
f 2231/2231 2237/2237 2242/2242
f 2231/2231 2242/2242 2236/2236
f 2233/2233 2239/2239 2237/2237
f 2233/2233 2237/2237 2231/2231
f 2232/2232 2238/2238 2240/2240
f 2232/2232 2240/2240 2234/2234
f 2237/2237 2243/2243 2242/2242
f 2239/2239 2243/2243 2237/2237
f 2238/2238 2243/2243 2240/2240
f 2242/2242 2243/2243 2238/2238
f 2241/2241 2243/2243 2239/2239
f 2220/2220 2248/2248 2244/2244
f 2220/2220 2244/2244 2222/2222
f 2221/2221 2246/2246 2249/2249
f 2221/2221 2249/2249 2219/2219
f 2219/2219 2249/2249 2247/2247
f 2219/2219 2247/2247 2224/2224
f 2223/2223 2245/2245 2246/2246
f 2223/2223 2246/2246 2221/2221
f 2224/2224 2247/2247 2248/2248
f 2224/2224 2248/2248 2220/2220
f 2208/2208 2250/2250 2253/2253
f 2208/2208 2253/2253 2210/2210
f 2209/2209 2252/2252 2255/2255
f 2209/2209 2255/2255 2207/2207
f 2207/2207 2255/2255 2251/2251
f 2207/2207 2251/2251 2212/2212
f 2211/2211 2254/2254 2252/2252
f 2211/2211 2252/2252 2209/2209
f 2212/2212 2251/2251 2250/2250
f 2212/2212 2250/2250 2208/2208
f 2257/2257 2271/2271 2274/2274
f 2257/2257 2274/2274 2264/2264
f 2269/2269 2276/2276 2275/2275
f 2269/2269 2275/2275 2266/2266
f 2221/2221 2261/2261 2259/2259
f 2221/2221 2259/2259 2223/2223
f 2254/2254 2268/2268 2265/2265
f 2254/2254 2265/2265 2252/2252
f 2222/2222 2258/2258 2256/2256
f 2222/2222 2256/2256 2220/2220
f 2252/2252 2265/2265 2261/2261
f 2252/2252 2261/2261 2221/2221
f 2275/2275 2278/2278 2273/2273
f 2274/2274 2278/2278 2277/2277
f 2260/2260 2272/2272 2271/2271
f 2260/2260 2271/2271 2257/2257
f 2264/2264 2274/2274 2277/2277
f 2264/2264 2277/2277 2270/2270
f 2266/2266 2275/2275 2273/2273
f 2266/2266 2273/2273 2262/2262
f 2262/2262 2273/2273 2272/2272
f 2262/2262 2272/2272 2260/2260
f 2273/2273 2278/2278 2272/2272
f 2276/2276 2278/2278 2275/2275
f 2271/2271 2278/2278 2274/2274
f 2272/2272 2278/2278 2271/2271
f 2279/2279 2281/2281 2287/2287
f 2279/2279 2287/2287 2285/2285
f 2282/2282 2280/2280 2286/2286
f 2282/2282 2286/2286 2288/2288
f 2284/2284 2282/2282 2288/2288
f 2284/2284 2288/2288 2290/2290
f 2280/2280 2279/2279 2285/2285
f 2280/2280 2285/2285 2286/2286
f 2281/2281 2283/2283 2289/2289
f 2281/2281 2289/2289 2287/2287
f 2298/2298 2297/2297 2291/2291
f 2298/2298 2291/2291 2292/2292
f 2301/2301 2299/2299 2295/2295
f 2301/2301 2295/2295 2293/2293
f 2297/2297 2301/2301 2293/2293
f 2297/2297 2293/2293 2291/2291
f 2302/2302 2298/2298 2292/2292
f 2302/2302 2292/2292 2294/2294
f 2300/2300 2302/2302 2294/2294
f 2300/2300 2294/2294 2296/2296
f 2290/2290 2288/2288 2302/2302
f 2290/2290 2302/2302 2300/2300
f 2288/2288 2286/2286 2298/2298
f 2288/2288 2298/2298 2302/2302
f 2285/2285 2287/2287 2301/2301
f 2285/2285 2301/2301 2297/2297
f 2287/2287 2289/2289 2299/2299
f 2287/2287 2299/2299 2301/2301
f 2286/2286 2285/2285 2297/2297
f 2286/2286 2297/2297 2298/2298
f 2291/2291 2293/2293 2305/2305
f 2291/2291 2305/2305 2303/2303
f 2294/2294 2292/2292 2304/2304
f 2294/2294 2304/2304 2306/2306
f 2296/2296 2294/2294 2306/2306
f 2296/2296 2306/2306 2308/2308
f 2292/2292 2291/2291 2303/2303
f 2292/2292 2303/2303 2304/2304
f 2293/2293 2295/2295 2307/2307
f 2293/2293 2307/2307 2305/2305
f 2303/2303 2305/2305 2311/2311
f 2303/2303 2311/2311 2309/2309
f 2306/2306 2304/2304 2310/2310
f 2306/2306 2310/2310 2312/2312
f 2308/2308 2306/2306 2312/2312
f 2308/2308 2312/2312 2314/2314
f 2304/2304 2303/2303 2309/2309
f 2304/2304 2309/2309 2310/2310
f 2305/2305 2307/2307 2313/2313
f 2305/2305 2313/2313 2311/2311
f 2310/2310 2309/2309 2315/2315
f 2310/2310 2315/2315 2316/2316
f 2311/2311 2313/2313 2319/2319
f 2311/2311 2319/2319 2317/2317
f 2309/2309 2311/2311 2317/2317
f 2309/2309 2317/2317 2315/2315
f 2312/2312 2310/2310 2316/2316
f 2312/2312 2316/2316 2318/2318
f 2314/2314 2312/2312 2318/2318
f 2314/2314 2318/2318 2320/2320
f 2315/2315 2317/2317 2323/2323
f 2315/2315 2323/2323 2321/2321
f 2318/2318 2316/2316 2322/2322
f 2318/2318 2322/2322 2324/2324
f 2320/2320 2318/2318 2324/2324
f 2320/2320 2324/2324 2326/2326
f 2316/2316 2315/2315 2321/2321
f 2316/2316 2321/2321 2322/2322
f 2317/2317 2319/2319 2325/2325
f 2317/2317 2325/2325 2323/2323
f 2322/2322 2321/2321 2327/2327
f 2323/2323 2325/2325 2327/2327
f 2321/2321 2323/2323 2327/2327
f 2324/2324 2322/2322 2327/2327
f 2326/2326 2324/2324 2327/2327
f 2328/2328 2329/2329 2332/2332
f 2328/2328 2332/2332 2331/2331
f 2330/2330 2328/2328 2331/2331
f 2330/2330 2331/2331 2333/2333
f 2331/2331 2332/2332 2335/2335
f 2331/2331 2335/2335 2334/2334
f 2333/2333 2331/2331 2334/2334
f 2333/2333 2334/2334 2336/2336
f 2334/2334 2335/2335 2338/2338
f 2334/2334 2338/2338 2337/2337
f 2336/2336 2334/2334 2337/2337
f 2336/2336 2337/2337 2339/2339
f 2337/2337 2338/2338 2341/2341
f 2337/2337 2341/2341 2340/2340
f 2339/2339 2337/2337 2340/2340
f 2339/2339 2340/2340 2342/2342
f 2340/2340 2341/2341 2344/2344
f 2340/2340 2344/2344 2343/2343
f 2342/2342 2340/2340 2343/2343
f 2342/2342 2343/2343 2345/2345
f 2343/2343 2344/2344 2347/2347
f 2343/2343 2347/2347 2346/2346
f 2345/2345 2343/2343 2346/2346
f 2345/2345 2346/2346 2348/2348
f 2346/2346 2347/2347 2350/2350
f 2346/2346 2350/2350 2349/2349
f 2348/2348 2346/2346 2349/2349
f 2348/2348 2349/2349 2351/2351
f 2349/2349 2350/2350 2352/2352
f 2351/2351 2349/2349 2352/2352
f 2354/2354 2351/2351 2352/2352
f 2350/2350 2355/2355 2352/2352
f 2355/2355 2353/2353 2352/2352
f 2356/2356 2357/2357 2353/2353
f 2356/2356 2353/2353 2355/2355
f 2347/2347 2356/2356 2355/2355
f 2347/2347 2355/2355 2350/2350
f 2359/2359 2360/2360 2357/2357
f 2359/2359 2357/2357 2356/2356
f 2344/2344 2359/2359 2356/2356
f 2344/2344 2356/2356 2347/2347
f 2362/2362 2363/2363 2360/2360
f 2362/2362 2360/2360 2359/2359
f 2341/2341 2362/2362 2359/2359
f 2341/2341 2359/2359 2344/2344
f 2365/2365 2366/2366 2363/2363
f 2365/2365 2363/2363 2362/2362
f 2338/2338 2365/2365 2362/2362
f 2338/2338 2362/2362 2341/2341
f 2368/2368 2369/2369 2366/2366
f 2368/2368 2366/2366 2365/2365
f 2335/2335 2368/2368 2365/2365
f 2335/2335 2365/2365 2338/2338
f 2371/2371 2372/2372 2369/2369
f 2371/2371 2369/2369 2368/2368
f 2332/2332 2371/2371 2368/2368
f 2332/2332 2368/2368 2335/2335
f 2374/2374 2375/2375 2372/2372
f 2374/2374 2372/2372 2371/2371
f 2329/2329 2374/2374 2371/2371
f 2329/2329 2371/2371 2332/2332
f 2376/2376 2330/2330 2333/2333
f 2376/2376 2333/2333 2373/2373
f 2373/2373 2333/2333 2336/2336
f 2373/2373 2336/2336 2370/2370
f 2370/2370 2336/2336 2339/2339
f 2370/2370 2339/2339 2367/2367
f 2367/2367 2339/2339 2342/2342
f 2367/2367 2342/2342 2364/2364
f 2364/2364 2342/2342 2345/2345
f 2364/2364 2345/2345 2361/2361
f 2361/2361 2345/2345 2348/2348
f 2361/2361 2348/2348 2358/2358
f 2358/2358 2348/2348 2351/2351
f 2358/2358 2351/2351 2354/2354
f 2418/2418 2380/2380 2382/2382
f 2418/2418 2382/2382 2416/2416
f 2416/2416 2382/2382 2384/2384
f 2416/2416 2384/2384 2415/2415
f 2415/2415 2384/2384 2386/2386
f 2415/2415 2386/2386 2414/2414
f 2401/2401 2403/2403 2394/2394
f 2401/2401 2394/2394 2393/2393
f 2414/2414 2386/2386 2388/2388
f 2414/2414 2388/2388 2419/2419
f 2419/2419 2388/2388 2379/2379
f 2419/2419 2379/2379 2417/2417
f 2402/2402 2401/2401 2393/2393
f 2402/2402 2393/2393 2392/2392
f 2404/2404 2402/2402 2392/2392
f 2404/2404 2392/2392 2391/2391
f 2403/2403 2405/2405 2389/2389
f 2403/2403 2389/2389 2394/2394
f 2406/2406 2404/2404 2391/2391
f 2406/2406 2391/2391 2390/2390
f 2393/2393 2394/2394 2400/2400
f 2393/2393 2400/2400 2399/2399
f 2391/2391 2392/2392 2398/2398
f 2391/2391 2398/2398 2397/2397
f 2394/2394 2389/2389 2395/2395
f 2394/2394 2395/2395 2400/2400
f 2392/2392 2393/2393 2399/2399
f 2392/2392 2399/2399 2398/2398
f 2390/2390 2391/2391 2397/2397
f 2390/2390 2397/2397 2396/2396
f 2378/2378 2381/2381 2404/2404
f 2378/2378 2404/2404 2406/2406
f 2387/2387 2377/2377 2405/2405
f 2387/2387 2405/2405 2403/2403
f 2381/2381 2383/2383 2402/2402
f 2381/2381 2402/2402 2404/2404
f 2383/2383 2385/2385 2401/2401
f 2383/2383 2401/2401 2402/2402
f 2385/2385 2387/2387 2403/2403
f 2385/2385 2403/2403 2401/2401
f 2384/2384 2382/2382 2409/2409
f 2384/2384 2409/2409 2410/2410
f 2379/2379 2388/2388 2412/2412
f 2379/2379 2412/2412 2407/2407
f 2382/2382 2380/2380 2408/2408
f 2382/2382 2408/2408 2409/2409
f 2386/2386 2384/2384 2410/2410
f 2386/2386 2410/2410 2411/2411
f 2388/2388 2386/2386 2411/2411
f 2388/2388 2411/2411 2412/2412
f 2412/2412 2411/2411 2413/2413
f 2410/2410 2409/2409 2413/2413
f 2407/2407 2412/2412 2413/2413
f 2411/2411 2410/2410 2413/2413
f 2409/2409 2408/2408 2413/2413
f 2387/2387 2419/2419 2417/2417
f 2387/2387 2417/2417 2377/2377
f 2385/2385 2414/2414 2419/2419
f 2385/2385 2419/2419 2387/2387
f 2383/2383 2415/2415 2414/2414
f 2383/2383 2414/2414 2385/2385
f 2381/2381 2416/2416 2415/2415
f 2381/2381 2415/2415 2383/2383
f 2378/2378 2418/2418 2416/2416
f 2378/2378 2416/2416 2381/2381
f 2422/2422 2420/2420 2426/2426
f 2422/2422 2426/2426 2428/2428
f 2421/2421 2424/2424 2430/2430
f 2421/2421 2430/2430 2427/2427
f 2423/2423 2425/2425 2431/2431
f 2423/2423 2431/2431 2429/2429
f 2420/2420 2421/2421 2427/2427
f 2420/2420 2427/2427 2426/2426
f 2425/2425 2422/2422 2428/2428
f 2425/2425 2428/2428 2431/2431
f 2426/2426 2427/2427 2433/2433
f 2426/2426 2433/2433 2432/2432
f 2431/2431 2428/2428 2434/2434
f 2431/2431 2434/2434 2437/2437
f 2428/2428 2426/2426 2432/2432
f 2428/2428 2432/2432 2434/2434
f 2427/2427 2430/2430 2436/2436
f 2427/2427 2436/2436 2433/2433
f 2429/2429 2431/2431 2437/2437
f 2429/2429 2437/2437 2435/2435
f 2434/2434 2432/2432 2438/2438
f 2434/2434 2438/2438 2440/2440
f 2433/2433 2436/2436 2442/2442
f 2433/2433 2442/2442 2439/2439
f 2435/2435 2437/2437 2443/2443
f 2435/2435 2443/2443 2441/2441
f 2432/2432 2433/2433 2439/2439
f 2432/2432 2439/2439 2438/2438
f 2437/2437 2434/2434 2440/2440
f 2437/2437 2440/2440 2443/2443
f 2438/2438 2439/2439 2445/2445
f 2438/2438 2445/2445 2444/2444
f 2443/2443 2440/2440 2446/2446
f 2443/2443 2446/2446 2449/2449
f 2440/2440 2438/2438 2444/2444
f 2440/2440 2444/2444 2446/2446
f 2439/2439 2442/2442 2448/2448
f 2439/2439 2448/2448 2445/2445
f 2441/2441 2443/2443 2449/2449
f 2441/2441 2449/2449 2447/2447
f 2446/2446 2444/2444 2450/2450
f 2446/2446 2450/2450 2452/2452
f 2445/2445 2448/2448 2454/2454
f 2445/2445 2454/2454 2451/2451
f 2447/2447 2449/2449 2455/2455
f 2447/2447 2455/2455 2453/2453
f 2444/2444 2445/2445 2451/2451
f 2444/2444 2451/2451 2450/2450
f 2449/2449 2446/2446 2452/2452
f 2449/2449 2452/2452 2455/2455
f 2474/2474 2469/2469 2457/2457
f 2474/2474 2457/2457 2456/2456
f 2473/2473 2470/2470 2458/2458
f 2473/2473 2458/2458 2461/2461
f 2470/2470 2474/2474 2456/2456
f 2470/2470 2456/2456 2458/2458
f 2469/2469 2472/2472 2460/2460
f 2469/2469 2460/2460 2457/2457
f 2471/2471 2473/2473 2461/2461
f 2471/2471 2461/2461 2459/2459
f 2458/2458 2456/2456 2462/2462
f 2457/2457 2460/2460 2462/2462
f 2459/2459 2461/2461 2462/2462
f 2456/2456 2457/2457 2462/2462
f 2461/2461 2458/2458 2462/2462
f 2453/2453 2455/2455 2463/2463
f 2453/2453 2463/2463 2467/2467
f 2451/2451 2454/2454 2468/2468
f 2451/2451 2468/2468 2466/2466
f 2452/2452 2450/2450 2465/2465
f 2452/2452 2465/2465 2464/2464
f 2455/2455 2452/2452 2464/2464
f 2455/2455 2464/2464 2463/2463
f 2450/2450 2451/2451 2466/2466
f 2450/2450 2466/2466 2465/2465
f 2479/2479 2475/2475 2473/2473
f 2479/2479 2473/2473 2471/2471
f 2477/2477 2480/2480 2472/2472
f 2477/2477 2472/2472 2469/2469
f 2478/2478 2476/2476 2474/2474
f 2478/2478 2474/2474 2470/2470
f 2475/2475 2478/2478 2470/2470
f 2475/2475 2470/2470 2473/2473
f 2476/2476 2477/2477 2469/2469
f 2476/2476 2469/2469 2474/2474
f 2465/2465 2466/2466 2477/2477
f 2465/2465 2477/2477 2476/2476
f 2463/2463 2464/2464 2478/2478
f 2463/2463 2478/2478 2475/2475
f 2464/2464 2465/2465 2476/2476
f 2464/2464 2476/2476 2478/2478
f 2466/2466 2468/2468 2480/2480
f 2466/2466 2480/2480 2477/2477
f 2467/2467 2463/2463 2475/2475
f 2467/2467 2475/2475 2479/2479
f 2420/2420 2422/2422 2483/2483
f 2420/2420 2483/2483 2481/2481
f 2424/2424 2421/2421 2482/2482
f 2424/2424 2482/2482 2485/2485
f 2425/2425 2423/2423 2484/2484
f 2425/2425 2484/2484 2486/2486
f 2421/2421 2420/2420 2481/2481
f 2421/2421 2481/2481 2482/2482
f 2422/2422 2425/2425 2486/2486
f 2422/2422 2486/2486 2483/2483
f 2487/2487 2493/2493 2498/2498
f 2487/2487 2498/2498 2492/2492
f 2489/2489 2495/2495 2493/2493
f 2489/2489 2493/2493 2487/2487
f 2488/2488 2494/2494 2496/2496
f 2488/2488 2496/2496 2490/2490
f 2492/2492 2498/2498 2494/2494
f 2492/2492 2494/2494 2488/2488
f 2491/2491 2497/2497 2495/2495
f 2491/2491 2495/2495 2489/2489
f 2513/2513 2503/2503 2501/2501
f 2513/2513 2501/2501 2511/2511
f 2515/2515 2499/2499 2504/2504
f 2515/2515 2504/2504 2514/2514
f 2511/2511 2501/2501 2499/2499
f 2511/2511 2499/2499 2515/2515
f 2516/2516 2500/2500 2502/2502
f 2516/2516 2502/2502 2512/2512
f 2514/2514 2504/2504 2500/2500
f 2514/2514 2500/2500 2516/2516
f 2501/2501 2507/2507 2505/2505
f 2501/2501 2505/2505 2499/2499
f 2500/2500 2506/2506 2508/2508
f 2500/2500 2508/2508 2502/2502
f 2504/2504 2510/2510 2506/2506
f 2504/2504 2506/2506 2500/2500
f 2503/2503 2509/2509 2507/2507
f 2503/2503 2507/2507 2501/2501
f 2499/2499 2505/2505 2510/2510
f 2499/2499 2510/2510 2504/2504
f 2498/2498 2514/2514 2516/2516
f 2498/2498 2516/2516 2494/2494
f 2494/2494 2516/2516 2512/2512
f 2494/2494 2512/2512 2496/2496
f 2495/2495 2511/2511 2515/2515
f 2495/2495 2515/2515 2493/2493
f 2493/2493 2515/2515 2514/2514
f 2493/2493 2514/2514 2498/2498
f 2497/2497 2513/2513 2511/2511
f 2497/2497 2511/2511 2495/2495
f 2549/2549 2522/2522 2518/2518
f 2549/2549 2518/2518 2548/2548
f 2518/2518 2554/2554 2561/2561
f 2518/2518 2561/2561 2548/2548
f 2553/2553 2517/2517 2522/2522
f 2553/2553 2522/2522 2549/2549
f 2550/2550 2519/2519 2517/2517
f 2550/2550 2517/2517 2553/2553
f 2548/2548 2561/2561 2565/2565
f 2548/2548 2565/2565 2551/2551
f 2545/2545 2528/2528 2524/2524
f 2545/2545 2524/2524 2546/2546
f 2543/2543 2527/2527 2525/2525
f 2543/2543 2525/2525 2544/2544
f 2547/2547 2523/2523 2528/2528
f 2547/2547 2528/2528 2545/2545
f 2544/2544 2525/2525 2523/2523
f 2544/2544 2523/2523 2547/2547
f 2546/2546 2524/2524 2526/2526
f 2546/2546 2526/2526 2542/2542
f 2523/2523 2529/2529 2534/2534
f 2523/2523 2534/2534 2528/2528
f 2525/2525 2531/2531 2529/2529
f 2525/2525 2529/2529 2523/2523
f 2524/2524 2530/2530 2532/2532
f 2524/2524 2532/2532 2526/2526
f 2528/2528 2534/2534 2530/2530
f 2528/2528 2530/2530 2524/2524
f 2527/2527 2533/2533 2531/2531
f 2527/2527 2531/2531 2525/2525
f 2534/2534 2540/2540 2536/2536
f 2534/2534 2536/2536 2530/2530
f 2533/2533 2539/2539 2537/2537
f 2533/2533 2537/2537 2531/2531
f 2529/2529 2535/2535 2540/2540
f 2529/2529 2540/2540 2534/2534
f 2531/2531 2537/2537 2535/2535
f 2531/2531 2535/2535 2529/2529
f 2530/2530 2536/2536 2538/2538
f 2530/2530 2538/2538 2532/2532
f 2535/2535 2541/2541 2540/2540
f 2537/2537 2541/2541 2535/2535
f 2536/2536 2541/2541 2538/2538
f 2540/2540 2541/2541 2536/2536
f 2539/2539 2541/2541 2537/2537
f 2518/2518 2546/2546 2542/2542
f 2518/2518 2542/2542 2520/2520
f 2519/2519 2544/2544 2547/2547
f 2519/2519 2547/2547 2517/2517
f 2517/2517 2547/2547 2545/2545
f 2517/2517 2545/2545 2522/2522
f 2521/2521 2543/2543 2544/2544
f 2521/2521 2544/2544 2519/2519
f 2522/2522 2545/2545 2546/2546
f 2522/2522 2546/2546 2518/2518
f 2506/2506 2548/2548 2551/2551
f 2506/2506 2551/2551 2508/2508
f 2507/2507 2550/2550 2553/2553
f 2507/2507 2553/2553 2505/2505
f 2505/2505 2553/2553 2549/2549
f 2505/2505 2549/2549 2510/2510
f 2509/2509 2552/2552 2550/2550
f 2509/2509 2550/2550 2507/2507
f 2510/2510 2549/2549 2548/2548
f 2510/2510 2548/2548 2506/2506
f 2555/2555 2569/2569 2572/2572
f 2555/2555 2572/2572 2562/2562
f 2567/2567 2574/2574 2573/2573
f 2567/2567 2573/2573 2564/2564
f 2519/2519 2559/2559 2557/2557
f 2519/2519 2557/2557 2521/2521
f 2552/2552 2566/2566 2563/2563
f 2552/2552 2563/2563 2550/2550
f 2520/2520 2556/2556 2554/2554
f 2520/2520 2554/2554 2518/2518
f 2550/2550 2563/2563 2559/2559
f 2550/2550 2559/2559 2519/2519
f 2573/2573 2576/2576 2571/2571
f 2572/2572 2576/2576 2575/2575
f 2558/2558 2570/2570 2569/2569
f 2558/2558 2569/2569 2555/2555
f 2562/2562 2572/2572 2575/2575
f 2562/2562 2575/2575 2568/2568
f 2564/2564 2573/2573 2571/2571
f 2564/2564 2571/2571 2560/2560
f 2560/2560 2571/2571 2570/2570
f 2560/2560 2570/2570 2558/2558
f 2571/2571 2576/2576 2570/2570
f 2574/2574 2576/2576 2573/2573
f 2569/2569 2576/2576 2572/2572
f 2570/2570 2576/2576 2569/2569
f 2579/2579 2582/2582 2588/2588
f 2579/2579 2588/2588 2585/2585
f 2580/2580 2581/2581 2587/2587
f 2580/2580 2587/2587 2586/2586
f 2582/2582 2577/2577 2583/2583
f 2582/2582 2583/2583 2588/2588
f 2577/2577 2580/2580 2586/2586
f 2577/2577 2586/2586 2583/2583
f 2581/2581 2578/2578 2584/2584
f 2581/2581 2584/2584 2587/2587
f 2588/2588 2583/2583 2589/2589
f 2588/2588 2589/2589 2594/2594
f 2583/2583 2586/2586 2592/2592
f 2583/2583 2592/2592 2589/2589
f 2587/2587 2584/2584 2590/2590
f 2587/2587 2590/2590 2593/2593
f 2585/2585 2588/2588 2594/2594
f 2585/2585 2594/2594 2591/2591
f 2586/2586 2587/2587 2593/2593
f 2586/2586 2593/2593 2592/2592
f 2591/2591 2594/2594 2600/2600
f 2591/2591 2600/2600 2597/2597
f 2592/2592 2593/2593 2599/2599
f 2592/2592 2599/2599 2598/2598
f 2594/2594 2589/2589 2595/2595
f 2594/2594 2595/2595 2600/2600
f 2589/2589 2592/2592 2598/2598
f 2589/2589 2598/2598 2595/2595
f 2593/2593 2590/2590 2596/2596
f 2593/2593 2596/2596 2599/2599
f 2600/2600 2595/2595 2601/2601
f 2600/2600 2601/2601 2606/2606
f 2595/2595 2598/2598 2604/2604
f 2595/2595 2604/2604 2601/2601
f 2599/2599 2596/2596 2602/2602
f 2599/2599 2602/2602 2605/2605
f 2597/2597 2600/2600 2606/2606
f 2597/2597 2606/2606 2603/2603
f 2598/2598 2599/2599 2605/2605
f 2598/2598 2605/2605 2604/2604
f 2603/2603 2606/2606 2612/2612
f 2603/2603 2612/2612 2609/2609
f 2604/2604 2605/2605 2611/2611
f 2604/2604 2611/2611 2610/2610
f 2606/2606 2601/2601 2607/2607
f 2606/2606 2607/2607 2612/2612
f 2601/2601 2604/2604 2610/2610
f 2601/2601 2610/2610 2607/2607
f 2605/2605 2602/2602 2608/2608
f 2605/2605 2608/2608 2611/2611
f 2612/2612 2607/2607 2613/2613
f 2612/2612 2613/2613 2618/2618
f 2607/2607 2610/2610 2616/2616
f 2607/2607 2616/2616 2613/2613
f 2611/2611 2608/2608 2614/2614
f 2611/2611 2614/2614 2617/2617
f 2609/2609 2612/2612 2618/2618
f 2609/2609 2618/2618 2615/2615
f 2610/2610 2611/2611 2617/2617
f 2610/2610 2617/2617 2616/2616
f 2615/2615 2618/2618 2624/2624
f 2615/2615 2624/2624 2621/2621
f 2616/2616 2617/2617 2623/2623
f 2616/2616 2623/2623 2622/2622
f 2618/2618 2613/2613 2619/2619
f 2618/2618 2619/2619 2624/2624
f 2613/2613 2616/2616 2622/2622
f 2613/2613 2622/2622 2619/2619
f 2617/2617 2614/2614 2620/2620
f 2617/2617 2620/2620 2623/2623
f 2624/2624 2619/2619 2625/2625
f 2619/2619 2622/2622 2625/2625
f 2623/2623 2620/2620 2625/2625
f 2621/2621 2624/2624 2625/2625
f 2622/2622 2623/2623 2625/2625
f 2664/2664 2637/2637 2633/2633
f 2664/2664 2633/2633 2663/2663
f 2633/2633 2669/2669 2676/2676
f 2633/2633 2676/2676 2663/2663
f 2668/2668 2632/2632 2637/2637
f 2668/2668 2637/2637 2664/2664
f 2665/2665 2634/2634 2632/2632
f 2665/2665 2632/2632 2668/2668
f 2663/2663 2676/2676 2680/2680
f 2663/2663 2680/2680 2666/2666
f 2660/2660 2643/2643 2639/2639
f 2660/2660 2639/2639 2661/2661
f 2658/2658 2642/2642 2640/2640
f 2658/2658 2640/2640 2659/2659
f 2662/2662 2638/2638 2643/2643
f 2662/2662 2643/2643 2660/2660
f 2659/2659 2640/2640 2638/2638
f 2659/2659 2638/2638 2662/2662
f 2661/2661 2639/2639 2641/2641
f 2661/2661 2641/2641 2657/2657
f 2638/2638 2644/2644 2649/2649
f 2638/2638 2649/2649 2643/2643
f 2640/2640 2646/2646 2644/2644
f 2640/2640 2644/2644 2638/2638
f 2639/2639 2645/2645 2647/2647
f 2639/2639 2647/2647 2641/2641
f 2643/2643 2649/2649 2645/2645
f 2643/2643 2645/2645 2639/2639
f 2642/2642 2648/2648 2646/2646
f 2642/2642 2646/2646 2640/2640
f 2649/2649 2655/2655 2651/2651
f 2649/2649 2651/2651 2645/2645
f 2648/2648 2654/2654 2652/2652
f 2648/2648 2652/2652 2646/2646
f 2644/2644 2650/2650 2655/2655
f 2644/2644 2655/2655 2649/2649
f 2646/2646 2652/2652 2650/2650
f 2646/2646 2650/2650 2644/2644
f 2645/2645 2651/2651 2653/2653
f 2645/2645 2653/2653 2647/2647
f 2650/2650 2656/2656 2655/2655
f 2652/2652 2656/2656 2650/2650
f 2651/2651 2656/2656 2653/2653
f 2655/2655 2656/2656 2651/2651
f 2654/2654 2656/2656 2652/2652
f 2633/2633 2661/2661 2657/2657
f 2633/2633 2657/2657 2635/2635
f 2634/2634 2659/2659 2662/2662
f 2634/2634 2662/2662 2632/2632
f 2632/2632 2662/2662 2660/2660
f 2632/2632 2660/2660 2637/2637
f 2636/2636 2658/2658 2659/2659
f 2636/2636 2659/2659 2634/2634
f 2637/2637 2660/2660 2661/2661
f 2637/2637 2661/2661 2633/2633
f 2627/2627 2663/2663 2666/2666
f 2627/2627 2666/2666 2629/2629
f 2628/2628 2665/2665 2668/2668
f 2628/2628 2668/2668 2626/2626
f 2626/2626 2668/2668 2664/2664
f 2626/2626 2664/2664 2631/2631
f 2630/2630 2667/2667 2665/2665
f 2630/2630 2665/2665 2628/2628
f 2631/2631 2664/2664 2663/2663
f 2631/2631 2663/2663 2627/2627
f 2670/2670 2684/2684 2687/2687
f 2670/2670 2687/2687 2677/2677
f 2682/2682 2689/2689 2688/2688
f 2682/2682 2688/2688 2679/2679
f 2634/2634 2674/2674 2672/2672
f 2634/2634 2672/2672 2636/2636
f 2667/2667 2681/2681 2678/2678
f 2667/2667 2678/2678 2665/2665
f 2635/2635 2671/2671 2669/2669
f 2635/2635 2669/2669 2633/2633
f 2665/2665 2678/2678 2674/2674
f 2665/2665 2674/2674 2634/2634
f 2688/2688 2691/2691 2686/2686
f 2687/2687 2691/2691 2690/2690
f 2673/2673 2685/2685 2684/2684
f 2673/2673 2684/2684 2670/2670
f 2677/2677 2687/2687 2690/2690
f 2677/2677 2690/2690 2683/2683
f 2679/2679 2688/2688 2686/2686
f 2679/2679 2686/2686 2675/2675
f 2675/2675 2686/2686 2685/2685
f 2675/2675 2685/2685 2673/2673
f 2686/2686 2691/2691 2685/2685
f 2689/2689 2691/2691 2688/2688
f 2684/2684 2691/2691 2687/2687
f 2685/2685 2691/2691 2684/2684
f 2716/2716 2694/2694 2692/2692
f 2716/2716 2692/2692 2693/2693
f 2693/2693 2692/2692 2695/2695
f 2693/2693 2695/2695 2715/2715
f 2694/2694 2697/2697 2696/2696
f 2694/2694 2696/2696 2692/2692
f 2692/2692 2696/2696 2698/2698
f 2692/2692 2698/2698 2695/2695
f 2697/2697 2700/2700 2699/2699
f 2697/2697 2699/2699 2696/2696
f 2696/2696 2699/2699 2701/2701
f 2696/2696 2701/2701 2698/2698
f 2700/2700 2702/2702 2699/2699
f 2699/2699 2702/2702 2701/2701
f 2705/2705 2702/2702 2700/2700
f 2704/2704 2702/2702 2705/2705
f 2701/2701 2702/2702 2703/2703
f 2706/2706 2705/2705 2700/2700
f 2706/2706 2700/2700 2697/2697
f 2708/2708 2704/2704 2705/2705
f 2708/2708 2705/2705 2706/2706
f 2709/2709 2706/2706 2697/2697
f 2709/2709 2697/2697 2694/2694
f 2712/2712 2708/2708 2706/2706
f 2712/2712 2706/2706 2709/2709
f 2710/2710 2709/2709 2694/2694
f 2710/2710 2694/2694 2716/2716
f 2714/2714 2712/2712 2709/2709
f 2714/2714 2709/2709 2710/2710
f 2715/2715 2695/2695 2711/2711
f 2715/2715 2711/2711 2713/2713
f 2695/2695 2698/2698 2707/2707
f 2695/2695 2707/2707 2711/2711
f 2698/2698 2701/2701 2703/2703
f 2698/2698 2703/2703 2707/2707
f 2718/2718 2722/2722 2721/2721
f 2718/2718 2721/2721 2717/2717
f 2717/2717 2721/2721 2724/2724
f 2717/2717 2724/2724 2720/2720
f 2722/2722 2727/2727 2725/2725
f 2722/2722 2725/2725 2721/2721
f 2721/2721 2725/2725 2729/2729
f 2721/2721 2729/2729 2724/2724
f 2725/2725 2726/2726 2731/2731
f 2725/2725 2731/2731 2729/2729
f 2727/2727 2740/2740 2726/2726
f 2727/2727 2726/2726 2725/2725
f 2723/2723 2728/2728 2732/2732
f 2723/2723 2732/2732 2735/2735
f 2728/2728 2730/2730 2733/2733
f 2728/2728 2733/2733 2732/2732
f 2732/2732 2733/2733 2739/2739
f 2732/2732 2739/2739 2734/2734
f 2735/2735 2732/2732 2734/2734
f 2735/2735 2734/2734 2736/2736
f 2719/2719 2723/2723 2735/2735
f 2719/2719 2735/2735 2737/2737
f 2737/2737 2735/2735 2736/2736
f 2737/2737 2736/2736 2738/2738
f 2738/2738 2736/2736 2722/2722
f 2738/2738 2722/2722 2718/2718
f 2736/2736 2734/2734 2727/2727
f 2736/2736 2727/2727 2722/2722
f 2734/2734 2739/2739 2740/2740
f 2734/2734 2740/2740 2727/2727
f 2739/2739 2741/2741 2742/2742
f 2739/2739 2742/2742 2740/2740
f 2733/2733 2743/2743 2741/2741
f 2733/2733 2741/2741 2739/2739
f 2741/2741 2744/2744 2745/2745
f 2741/2741 2745/2745 2742/2742
f 2743/2743 2746/2746 2744/2744
f 2743/2743 2744/2744 2741/2741
f 2744/2744 2747/2747 2748/2748
f 2744/2744 2748/2748 2745/2745
f 2746/2746 2749/2749 2747/2747
f 2746/2746 2747/2747 2744/2744
f 2747/2747 2750/2750 2748/2748
f 2749/2749 2750/2750 2747/2747
f 2748/2748 2750/2750 2751/2751
f 2751/2751 2750/2750 2753/2753
f 2752/2752 2750/2750 2749/2749
f 2754/2754 2752/2752 2749/2749
f 2754/2754 2749/2749 2746/2746
f 2756/2756 2751/2751 2753/2753
f 2756/2756 2753/2753 2755/2755
f 2757/2757 2754/2754 2746/2746
f 2757/2757 2746/2746 2743/2743
f 2759/2759 2756/2756 2755/2755
f 2759/2759 2755/2755 2758/2758
f 2730/2730 2757/2757 2743/2743
f 2730/2730 2743/2743 2733/2733
f 2726/2726 2759/2759 2758/2758
f 2726/2726 2758/2758 2731/2731
f 2742/2742 2745/2745 2756/2756
f 2742/2742 2756/2756 2759/2759
f 2740/2740 2742/2742 2759/2759
f 2740/2740 2759/2759 2726/2726
f 2745/2745 2748/2748 2751/2751
f 2745/2745 2751/2751 2756/2756
f 2760/2760 2761/2761 2764/2764
f 2760/2760 2764/2764 2763/2763
f 2762/2762 2760/2760 2763/2763
f 2762/2762 2763/2763 2765/2765
f 2763/2763 2764/2764 2767/2767
f 2763/2763 2767/2767 2766/2766
f 2765/2765 2763/2763 2766/2766
f 2765/2765 2766/2766 2768/2768
f 2766/2766 2767/2767 2770/2770
f 2766/2766 2770/2770 2769/2769
f 2768/2768 2766/2766 2769/2769
f 2768/2768 2769/2769 2771/2771
f 2769/2769 2770/2770 2773/2773
f 2769/2769 2773/2773 2772/2772
f 2771/2771 2769/2769 2772/2772
f 2771/2771 2772/2772 2774/2774
f 2772/2772 2773/2773 2776/2776
f 2772/2772 2776/2776 2775/2775
f 2774/2774 2772/2772 2775/2775
f 2774/2774 2775/2775 2777/2777
f 2775/2775 2776/2776 2779/2779
f 2775/2775 2779/2779 2778/2778
f 2777/2777 2775/2775 2778/2778
f 2777/2777 2778/2778 2780/2780
f 2778/2778 2779/2779 2782/2782
f 2778/2778 2782/2782 2781/2781
f 2780/2780 2778/2778 2781/2781
f 2780/2780 2781/2781 2783/2783
f 2781/2781 2782/2782 2784/2784
f 2783/2783 2781/2781 2784/2784
f 2786/2786 2783/2783 2784/2784
f 2782/2782 2787/2787 2784/2784
f 2787/2787 2785/2785 2784/2784
f 2788/2788 2789/2789 2785/2785
f 2788/2788 2785/2785 2787/2787
f 2779/2779 2788/2788 2787/2787
f 2779/2779 2787/2787 2782/2782
f 2791/2791 2792/2792 2789/2789
f 2791/2791 2789/2789 2788/2788
f 2776/2776 2791/2791 2788/2788
f 2776/2776 2788/2788 2779/2779
f 2794/2794 2795/2795 2792/2792
f 2794/2794 2792/2792 2791/2791
f 2773/2773 2794/2794 2791/2791
f 2773/2773 2791/2791 2776/2776
f 2797/2797 2798/2798 2795/2795
f 2797/2797 2795/2795 2794/2794
f 2770/2770 2797/2797 2794/2794
f 2770/2770 2794/2794 2773/2773
f 2800/2800 2801/2801 2798/2798
f 2800/2800 2798/2798 2797/2797
f 2767/2767 2800/2800 2797/2797
f 2767/2767 2797/2797 2770/2770
f 2803/2803 2804/2804 2801/2801
f 2803/2803 2801/2801 2800/2800
f 2764/2764 2803/2803 2800/2800
f 2764/2764 2800/2800 2767/2767
f 2806/2806 2807/2807 2804/2804
f 2806/2806 2804/2804 2803/2803
f 2761/2761 2806/2806 2803/2803
f 2761/2761 2803/2803 2764/2764
f 2808/2808 2762/2762 2765/2765
f 2808/2808 2765/2765 2805/2805
f 2805/2805 2765/2765 2768/2768
f 2805/2805 2768/2768 2802/2802
f 2802/2802 2768/2768 2771/2771
f 2802/2802 2771/2771 2799/2799
f 2799/2799 2771/2771 2774/2774
f 2799/2799 2774/2774 2796/2796
f 2796/2796 2774/2774 2777/2777
f 2796/2796 2777/2777 2793/2793
f 2793/2793 2777/2777 2780/2780
f 2793/2793 2780/2780 2790/2790
f 2790/2790 2780/2780 2783/2783
f 2790/2790 2783/2783 2786/2786
f 2850/2850 2812/2812 2814/2814
f 2850/2850 2814/2814 2848/2848
f 2848/2848 2814/2814 2816/2816
f 2848/2848 2816/2816 2847/2847
f 2847/2847 2816/2816 2818/2818
f 2847/2847 2818/2818 2846/2846
f 2833/2833 2835/2835 2826/2826
f 2833/2833 2826/2826 2825/2825
f 2846/2846 2818/2818 2820/2820
f 2846/2846 2820/2820 2851/2851
f 2851/2851 2820/2820 2811/2811
f 2851/2851 2811/2811 2849/2849
f 2834/2834 2833/2833 2825/2825
f 2834/2834 2825/2825 2824/2824
f 2836/2836 2834/2834 2824/2824
f 2836/2836 2824/2824 2823/2823
f 2835/2835 2837/2837 2821/2821
f 2835/2835 2821/2821 2826/2826
f 2838/2838 2836/2836 2823/2823
f 2838/2838 2823/2823 2822/2822
f 2825/2825 2826/2826 2832/2832
f 2825/2825 2832/2832 2831/2831
f 2823/2823 2824/2824 2830/2830
f 2823/2823 2830/2830 2829/2829
f 2826/2826 2821/2821 2827/2827
f 2826/2826 2827/2827 2832/2832
f 2824/2824 2825/2825 2831/2831
f 2824/2824 2831/2831 2830/2830
f 2822/2822 2823/2823 2829/2829
f 2822/2822 2829/2829 2828/2828
f 2810/2810 2813/2813 2836/2836
f 2810/2810 2836/2836 2838/2838
f 2819/2819 2809/2809 2837/2837
f 2819/2819 2837/2837 2835/2835
f 2813/2813 2815/2815 2834/2834
f 2813/2813 2834/2834 2836/2836
f 2815/2815 2817/2817 2833/2833
f 2815/2815 2833/2833 2834/2834
f 2817/2817 2819/2819 2835/2835
f 2817/2817 2835/2835 2833/2833
f 2816/2816 2814/2814 2841/2841
f 2816/2816 2841/2841 2842/2842
f 2811/2811 2820/2820 2844/2844
f 2811/2811 2844/2844 2839/2839
f 2814/2814 2812/2812 2840/2840
f 2814/2814 2840/2840 2841/2841
f 2818/2818 2816/2816 2842/2842
f 2818/2818 2842/2842 2843/2843
f 2820/2820 2818/2818 2843/2843
f 2820/2820 2843/2843 2844/2844
f 2844/2844 2843/2843 2845/2845
f 2842/2842 2841/2841 2845/2845
f 2839/2839 2844/2844 2845/2845
f 2843/2843 2842/2842 2845/2845
f 2841/2841 2840/2840 2845/2845
f 2819/2819 2851/2851 2849/2849
f 2819/2819 2849/2849 2809/2809
f 2817/2817 2846/2846 2851/2851
f 2817/2817 2851/2851 2819/2819
f 2815/2815 2847/2847 2846/2846
f 2815/2815 2846/2846 2817/2817
f 2813/2813 2848/2848 2847/2847
f 2813/2813 2847/2847 2815/2815
f 2810/2810 2850/2850 2848/2848
f 2810/2810 2848/2848 2813/2813
f 2854/2854 2852/2852 2858/2858
f 2854/2854 2858/2858 2860/2860
f 2853/2853 2856/2856 2862/2862
f 2853/2853 2862/2862 2859/2859
f 2855/2855 2857/2857 2863/2863
f 2855/2855 2863/2863 2861/2861
f 2852/2852 2853/2853 2859/2859
f 2852/2852 2859/2859 2858/2858
f 2857/2857 2854/2854 2860/2860
f 2857/2857 2860/2860 2863/2863
f 2858/2858 2859/2859 2865/2865
f 2858/2858 2865/2865 2864/2864
f 2863/2863 2860/2860 2866/2866
f 2863/2863 2866/2866 2869/2869
f 2860/2860 2858/2858 2864/2864
f 2860/2860 2864/2864 2866/2866
f 2859/2859 2862/2862 2868/2868
f 2859/2859 2868/2868 2865/2865
f 2861/2861 2863/2863 2869/2869
f 2861/2861 2869/2869 2867/2867
f 2866/2866 2864/2864 2870/2870
f 2866/2866 2870/2870 2872/2872
f 2865/2865 2868/2868 2874/2874
f 2865/2865 2874/2874 2871/2871
f 2867/2867 2869/2869 2875/2875
f 2867/2867 2875/2875 2873/2873
f 2864/2864 2865/2865 2871/2871
f 2864/2864 2871/2871 2870/2870
f 2869/2869 2866/2866 2872/2872
f 2869/2869 2872/2872 2875/2875
f 2870/2870 2871/2871 2877/2877
f 2870/2870 2877/2877 2876/2876
f 2875/2875 2872/2872 2878/2878
f 2875/2875 2878/2878 2881/2881
f 2872/2872 2870/2870 2876/2876
f 2872/2872 2876/2876 2878/2878
f 2871/2871 2874/2874 2880/2880
f 2871/2871 2880/2880 2877/2877
f 2873/2873 2875/2875 2881/2881
f 2873/2873 2881/2881 2879/2879
f 2878/2878 2876/2876 2882/2882
f 2878/2878 2882/2882 2884/2884
f 2877/2877 2880/2880 2886/2886
f 2877/2877 2886/2886 2883/2883
f 2879/2879 2881/2881 2887/2887
f 2879/2879 2887/2887 2885/2885
f 2876/2876 2877/2877 2883/2883
f 2876/2876 2883/2883 2882/2882
f 2881/2881 2878/2878 2884/2884
f 2881/2881 2884/2884 2887/2887
f 2906/2906 2901/2901 2889/2889
f 2906/2906 2889/2889 2888/2888
f 2905/2905 2902/2902 2890/2890
f 2905/2905 2890/2890 2893/2893
f 2902/2902 2906/2906 2888/2888
f 2902/2902 2888/2888 2890/2890
f 2901/2901 2904/2904 2892/2892
f 2901/2901 2892/2892 2889/2889
f 2903/2903 2905/2905 2893/2893
f 2903/2903 2893/2893 2891/2891
f 2890/2890 2888/2888 2894/2894
f 2889/2889 2892/2892 2894/2894
f 2891/2891 2893/2893 2894/2894
f 2888/2888 2889/2889 2894/2894
f 2893/2893 2890/2890 2894/2894
f 2885/2885 2887/2887 2895/2895
f 2885/2885 2895/2895 2899/2899
f 2883/2883 2886/2886 2900/2900
f 2883/2883 2900/2900 2898/2898
f 2884/2884 2882/2882 2897/2897
f 2884/2884 2897/2897 2896/2896
f 2887/2887 2884/2884 2896/2896
f 2887/2887 2896/2896 2895/2895
f 2882/2882 2883/2883 2898/2898
f 2882/2882 2898/2898 2897/2897
f 2911/2911 2907/2907 2905/2905
f 2911/2911 2905/2905 2903/2903
f 2909/2909 2912/2912 2904/2904
f 2909/2909 2904/2904 2901/2901
f 2910/2910 2908/2908 2906/2906
f 2910/2910 2906/2906 2902/2902
f 2907/2907 2910/2910 2902/2902
f 2907/2907 2902/2902 2905/2905
f 2908/2908 2909/2909 2901/2901
f 2908/2908 2901/2901 2906/2906
f 2897/2897 2898/2898 2909/2909
f 2897/2897 2909/2909 2908/2908
f 2895/2895 2896/2896 2910/2910
f 2895/2895 2910/2910 2907/2907
f 2896/2896 2897/2897 2908/2908
f 2896/2896 2908/2908 2910/2910
f 2898/2898 2900/2900 2912/2912
f 2898/2898 2912/2912 2909/2909
f 2899/2899 2895/2895 2907/2907
f 2899/2899 2907/2907 2911/2911
f 2852/2852 2854/2854 2915/2915
f 2852/2852 2915/2915 2913/2913
f 2856/2856 2853/2853 2914/2914
f 2856/2856 2914/2914 2917/2917
f 2857/2857 2855/2855 2916/2916
f 2857/2857 2916/2916 2918/2918
f 2853/2853 2852/2852 2913/2913
f 2853/2853 2913/2913 2914/2914
f 2854/2854 2857/2857 2918/2918
f 2854/2854 2918/2918 2915/2915
f 2919/2919 2925/2925 2930/2930
f 2919/2919 2930/2930 2924/2924
f 2921/2921 2927/2927 2925/2925
f 2921/2921 2925/2925 2919/2919
f 2920/2920 2926/2926 2928/2928
f 2920/2920 2928/2928 2922/2922
f 2924/2924 2930/2930 2926/2926
f 2924/2924 2926/2926 2920/2920
f 2923/2923 2929/2929 2927/2927
f 2923/2923 2927/2927 2921/2921
f 2945/2945 2935/2935 2933/2933
f 2945/2945 2933/2933 2943/2943
f 2947/2947 2931/2931 2936/2936
f 2947/2947 2936/2936 2946/2946
f 2943/2943 2933/2933 2931/2931
f 2943/2943 2931/2931 2947/2947
f 2948/2948 2932/2932 2934/2934
f 2948/2948 2934/2934 2944/2944
f 2946/2946 2936/2936 2932/2932
f 2946/2946 2932/2932 2948/2948
f 2933/2933 2939/2939 2937/2937
f 2933/2933 2937/2937 2931/2931
f 2932/2932 2938/2938 2940/2940
f 2932/2932 2940/2940 2934/2934
f 2936/2936 2942/2942 2938/2938
f 2936/2936 2938/2938 2932/2932
f 2935/2935 2941/2941 2939/2939
f 2935/2935 2939/2939 2933/2933
f 2931/2931 2937/2937 2942/2942
f 2931/2931 2942/2942 2936/2936
f 2930/2930 2946/2946 2948/2948
f 2930/2930 2948/2948 2926/2926
f 2926/2926 2948/2948 2944/2944
f 2926/2926 2944/2944 2928/2928
f 2927/2927 2943/2943 2947/2947
f 2927/2927 2947/2947 2925/2925
f 2925/2925 2947/2947 2946/2946
f 2925/2925 2946/2946 2930/2930
f 2929/2929 2945/2945 2943/2943
f 2929/2929 2943/2943 2927/2927
f 2981/2981 2954/2954 2950/2950
f 2981/2981 2950/2950 2980/2980
f 2950/2950 2986/2986 2993/2993
f 2950/2950 2993/2993 2980/2980
f 2985/2985 2949/2949 2954/2954
f 2985/2985 2954/2954 2981/2981
f 2982/2982 2951/2951 2949/2949
f 2982/2982 2949/2949 2985/2985
f 2980/2980 2993/2993 2997/2997
f 2980/2980 2997/2997 2983/2983
f 2977/2977 2960/2960 2956/2956
f 2977/2977 2956/2956 2978/2978
f 2975/2975 2959/2959 2957/2957
f 2975/2975 2957/2957 2976/2976
f 2979/2979 2955/2955 2960/2960
f 2979/2979 2960/2960 2977/2977
f 2976/2976 2957/2957 2955/2955
f 2976/2976 2955/2955 2979/2979
f 2978/2978 2956/2956 2958/2958
f 2978/2978 2958/2958 2974/2974
f 2955/2955 2961/2961 2966/2966
f 2955/2955 2966/2966 2960/2960
f 2957/2957 2963/2963 2961/2961
f 2957/2957 2961/2961 2955/2955
f 2956/2956 2962/2962 2964/2964
f 2956/2956 2964/2964 2958/2958
f 2960/2960 2966/2966 2962/2962
f 2960/2960 2962/2962 2956/2956
f 2959/2959 2965/2965 2963/2963
f 2959/2959 2963/2963 2957/2957
f 2966/2966 2972/2972 2968/2968
f 2966/2966 2968/2968 2962/2962
f 2965/2965 2971/2971 2969/2969
f 2965/2965 2969/2969 2963/2963
f 2961/2961 2967/2967 2972/2972
f 2961/2961 2972/2972 2966/2966
f 2963/2963 2969/2969 2967/2967
f 2963/2963 2967/2967 2961/2961
f 2962/2962 2968/2968 2970/2970
f 2962/2962 2970/2970 2964/2964
f 2967/2967 2973/2973 2972/2972
f 2969/2969 2973/2973 2967/2967
f 2968/2968 2973/2973 2970/2970
f 2972/2972 2973/2973 2968/2968
f 2971/2971 2973/2973 2969/2969
f 2950/2950 2978/2978 2974/2974
f 2950/2950 2974/2974 2952/2952
f 2951/2951 2976/2976 2979/2979
f 2951/2951 2979/2979 2949/2949
f 2949/2949 2979/2979 2977/2977
f 2949/2949 2977/2977 2954/2954
f 2953/2953 2975/2975 2976/2976
f 2953/2953 2976/2976 2951/2951
f 2954/2954 2977/2977 2978/2978
f 2954/2954 2978/2978 2950/2950
f 2938/2938 2980/2980 2983/2983
f 2938/2938 2983/2983 2940/2940
f 2939/2939 2982/2982 2985/2985
f 2939/2939 2985/2985 2937/2937
f 2937/2937 2985/2985 2981/2981
f 2937/2937 2981/2981 2942/2942
f 2941/2941 2984/2984 2982/2982
f 2941/2941 2982/2982 2939/2939
f 2942/2942 2981/2981 2980/2980
f 2942/2942 2980/2980 2938/2938
f 2987/2987 3001/3001 3004/3004
f 2987/2987 3004/3004 2994/2994
f 2999/2999 3006/3006 3005/3005
f 2999/2999 3005/3005 2996/2996
f 2951/2951 2991/2991 2989/2989
f 2951/2951 2989/2989 2953/2953
f 2984/2984 2998/2998 2995/2995
f 2984/2984 2995/2995 2982/2982
f 2952/2952 2988/2988 2986/2986
f 2952/2952 2986/2986 2950/2950
f 2982/2982 2995/2995 2991/2991
f 2982/2982 2991/2991 2951/2951
f 3005/3005 3008/3008 3003/3003
f 3004/3004 3008/3008 3007/3007
f 2990/2990 3002/3002 3001/3001
f 2990/2990 3001/3001 2987/2987
f 2994/2994 3004/3004 3007/3007
f 2994/2994 3007/3007 3000/3000
f 2996/2996 3005/3005 3003/3003
f 2996/2996 3003/3003 2992/2992
f 2992/2992 3003/3003 3002/3002
f 2992/2992 3002/3002 2990/2990
f 3003/3003 3008/3008 3002/3002
f 3006/3006 3008/3008 3005/3005
f 3001/3001 3008/3008 3004/3004
f 3002/3002 3008/3008 3001/3001
f 3011/3011 3014/3014 3020/3020
f 3011/3011 3020/3020 3017/3017
f 3012/3012 3013/3013 3019/3019
f 3012/3012 3019/3019 3018/3018
f 3014/3014 3009/3009 3015/3015
f 3014/3014 3015/3015 3020/3020
f 3009/3009 3012/3012 3018/3018
f 3009/3009 3018/3018 3015/3015
f 3013/3013 3010/3010 3016/3016
f 3013/3013 3016/3016 3019/3019
f 3020/3020 3015/3015 3021/3021
f 3020/3020 3021/3021 3026/3026
f 3015/3015 3018/3018 3024/3024
f 3015/3015 3024/3024 3021/3021
f 3019/3019 3016/3016 3022/3022
f 3019/3019 3022/3022 3025/3025
f 3017/3017 3020/3020 3026/3026
f 3017/3017 3026/3026 3023/3023
f 3018/3018 3019/3019 3025/3025
f 3018/3018 3025/3025 3024/3024
f 3023/3023 3026/3026 3032/3032
f 3023/3023 3032/3032 3029/3029
f 3024/3024 3025/3025 3031/3031
f 3024/3024 3031/3031 3030/3030
f 3026/3026 3021/3021 3027/3027
f 3026/3026 3027/3027 3032/3032
f 3021/3021 3024/3024 3030/3030
f 3021/3021 3030/3030 3027/3027
f 3025/3025 3022/3022 3028/3028
f 3025/3025 3028/3028 3031/3031
f 3032/3032 3027/3027 3033/3033
f 3032/3032 3033/3033 3038/3038
f 3027/3027 3030/3030 3036/3036
f 3027/3027 3036/3036 3033/3033
f 3031/3031 3028/3028 3034/3034
f 3031/3031 3034/3034 3037/3037
f 3029/3029 3032/3032 3038/3038
f 3029/3029 3038/3038 3035/3035
f 3030/3030 3031/3031 3037/3037
f 3030/3030 3037/3037 3036/3036
f 3035/3035 3038/3038 3044/3044
f 3035/3035 3044/3044 3041/3041
f 3036/3036 3037/3037 3043/3043
f 3036/3036 3043/3043 3042/3042
f 3038/3038 3033/3033 3039/3039
f 3038/3038 3039/3039 3044/3044
f 3033/3033 3036/3036 3042/3042
f 3033/3033 3042/3042 3039/3039
f 3037/3037 3034/3034 3040/3040
f 3037/3037 3040/3040 3043/3043
f 3044/3044 3039/3039 3045/3045
f 3044/3044 3045/3045 3050/3050
f 3039/3039 3042/3042 3048/3048
f 3039/3039 3048/3048 3045/3045
f 3043/3043 3040/3040 3046/3046
f 3043/3043 3046/3046 3049/3049
f 3041/3041 3044/3044 3050/3050
f 3041/3041 3050/3050 3047/3047
f 3042/3042 3043/3043 3049/3049
f 3042/3042 3049/3049 3048/3048
f 3047/3047 3050/3050 3056/3056
f 3047/3047 3056/3056 3053/3053
f 3048/3048 3049/3049 3055/3055
f 3048/3048 3055/3055 3054/3054
f 3050/3050 3045/3045 3051/3051
f 3050/3050 3051/3051 3056/3056
f 3045/3045 3048/3048 3054/3054
f 3045/3045 3054/3054 3051/3051
f 3049/3049 3046/3046 3052/3052
f 3049/3049 3052/3052 3055/3055
f 3056/3056 3051/3051 3057/3057
f 3051/3051 3054/3054 3057/3057
f 3055/3055 3052/3052 3057/3057
f 3053/3053 3056/3056 3057/3057
f 3054/3054 3055/3055 3057/3057
f 3096/3096 3069/3069 3065/3065
f 3096/3096 3065/3065 3095/3095
f 3065/3065 3101/3101 3108/3108
f 3065/3065 3108/3108 3095/3095
f 3100/3100 3064/3064 3069/3069
f 3100/3100 3069/3069 3096/3096
f 3097/3097 3066/3066 3064/3064
f 3097/3097 3064/3064 3100/3100
f 3095/3095 3108/3108 3112/3112
f 3095/3095 3112/3112 3098/3098
f 3092/3092 3075/3075 3071/3071
f 3092/3092 3071/3071 3093/3093
f 3090/3090 3074/3074 3072/3072
f 3090/3090 3072/3072 3091/3091
f 3094/3094 3070/3070 3075/3075
f 3094/3094 3075/3075 3092/3092
f 3091/3091 3072/3072 3070/3070
f 3091/3091 3070/3070 3094/3094
f 3093/3093 3071/3071 3073/3073
f 3093/3093 3073/3073 3089/3089
f 3070/3070 3076/3076 3081/3081
f 3070/3070 3081/3081 3075/3075
f 3072/3072 3078/3078 3076/3076
f 3072/3072 3076/3076 3070/3070
f 3071/3071 3077/3077 3079/3079
f 3071/3071 3079/3079 3073/3073
f 3075/3075 3081/3081 3077/3077
f 3075/3075 3077/3077 3071/3071
f 3074/3074 3080/3080 3078/3078
f 3074/3074 3078/3078 3072/3072
f 3081/3081 3087/3087 3083/3083
f 3081/3081 3083/3083 3077/3077
f 3080/3080 3086/3086 3084/3084
f 3080/3080 3084/3084 3078/3078
f 3076/3076 3082/3082 3087/3087
f 3076/3076 3087/3087 3081/3081
f 3078/3078 3084/3084 3082/3082
f 3078/3078 3082/3082 3076/3076
f 3077/3077 3083/3083 3085/3085
f 3077/3077 3085/3085 3079/3079
f 3082/3082 3088/3088 3087/3087
f 3084/3084 3088/3088 3082/3082
f 3083/3083 3088/3088 3085/3085
f 3087/3087 3088/3088 3083/3083
f 3086/3086 3088/3088 3084/3084
f 3065/3065 3093/3093 3089/3089
f 3065/3065 3089/3089 3067/3067
f 3066/3066 3091/3091 3094/3094
f 3066/3066 3094/3094 3064/3064
f 3064/3064 3094/3094 3092/3092
f 3064/3064 3092/3092 3069/3069
f 3068/3068 3090/3090 3091/3091
f 3068/3068 3091/3091 3066/3066
f 3069/3069 3092/3092 3093/3093
f 3069/3069 3093/3093 3065/3065
f 3059/3059 3095/3095 3098/3098
f 3059/3059 3098/3098 3061/3061
f 3060/3060 3097/3097 3100/3100
f 3060/3060 3100/3100 3058/3058
f 3058/3058 3100/3100 3096/3096
f 3058/3058 3096/3096 3063/3063
f 3062/3062 3099/3099 3097/3097
f 3062/3062 3097/3097 3060/3060
f 3063/3063 3096/3096 3095/3095
f 3063/3063 3095/3095 3059/3059
f 3102/3102 3116/3116 3119/3119
f 3102/3102 3119/3119 3109/3109
f 3114/3114 3121/3121 3120/3120
f 3114/3114 3120/3120 3111/3111
f 3066/3066 3106/3106 3104/3104
f 3066/3066 3104/3104 3068/3068
f 3099/3099 3113/3113 3110/3110
f 3099/3099 3110/3110 3097/3097
f 3067/3067 3103/3103 3101/3101
f 3067/3067 3101/3101 3065/3065
f 3097/3097 3110/3110 3106/3106
f 3097/3097 3106/3106 3066/3066
f 3120/3120 3123/3123 3118/3118
f 3119/3119 3123/3123 3122/3122
f 3105/3105 3117/3117 3116/3116
f 3105/3105 3116/3116 3102/3102
f 3109/3109 3119/3119 3122/3122
f 3109/3109 3122/3122 3115/3115
f 3111/3111 3120/3120 3118/3118
f 3111/3111 3118/3118 3107/3107
f 3107/3107 3118/3118 3117/3117
f 3107/3107 3117/3117 3105/3105
f 3118/3118 3123/3123 3117/3117
f 3121/3121 3123/3123 3120/3120
f 3116/3116 3123/3123 3119/3119
f 3117/3117 3123/3123 3116/3116
