v 97.77490 -72.19528 5311.86962
v 97.82359 -30.57226 5254.73881
v 92.90681 36.48022 5276.56078
v 89.81938 36.29790 5347.17846
v 92.82803 -30.86725 5369.00043
v 299.90157 -54.45012 5320.75310
v 300.12742 -16.83048 5269.14120
v 295.33449 43.73356 5288.84172
v 292.14641 43.54455 5352.62966
v 294.96905 -17.13630 5372.35212
v 501.48308 -35.21332 5332.15666
v 500.59187 -1.67682 5286.01217
v 496.85451 52.45629 5303.63083
v 495.43592 52.37587 5360.66389
v 498.29656 -1.80693 5378.29351
v 701.41870 -18.34428 5330.83391
v 700.45668 11.18621 5290.19070
v 699.68468 58.96544 5305.72748
v 700.16956 58.96414 5355.97324
v 701.24125 11.18410 5371.48952
v 899.08093 -15.83851 5328.28188
v 900.77174 9.64689 5293.09177
v 903.90486 50.88902 5306.50759
v 904.15043 50.89265 5349.98894
v 901.16906 9.65277 5363.44624
v 1096.33052 -36.19901 5328.64714
v 1094.16926 -14.33188 5299.14665
v 1099.16115 20.35734 5310.32085
v 1104.40767 19.92933 5346.72689
v 1102.65815 -15.02442 5358.05321
v 1292.57452 -42.33506 5270.58744
v 1286.59570 -24.25788 5247.44225
v 1289.90245 4.05251 5256.70624
v 1297.92500 3.47210 5285.57777
v 1299.57640 -25.19699 5294.15655
v 1489.67779 -34.77171 5219.50293
v 1483.69265 -20.79610 5202.04067
v 1485.88812 1.07724 5209.30767
v 1493.23022 0.62010 5231.26125
v 1495.57233 -21.53577 5237.56218
v 1677.16372 -26.65566 5142.31920
v 1671.84579 -16.81125 5130.41162
v 1673.64013 -1.37076 5135.44703
v 1680.06706 -1.67242 5150.46644
v 1682.24478 -17.29935 5154.71363
v 1737.13183 -22.73748 5115.80896
v 1732.32102 -14.22608 5105.59750
v 1733.80697 -0.86884 5109.98297
v 1739.53617 -1.12500 5122.90478
v 1741.59110 -14.64057 5126.50537
v 43.27559 -42.32761 5721.14468
v 81.76137 -28.11597 5666.67366
v 146.45436 -22.44806 5687.47997
v 147.95102 -33.15675 5754.80938
v 84.18304 -45.44298 5775.61569
v 77.12600 -246.16933 5688.00306
v 112.05801 -232.81896 5638.56506
v 171.18767 -230.31151 5657.00388
v 172.79980 -242.11220 5717.83733
v 114.66649 -251.91286 5736.99617
v 96.02883 -448.28892 5641.03508
v 127.40144 -435.40722 5596.73262
v 180.88840 -436.53315 5612.56838
v 182.57254 -450.11070 5666.65840
v 130.12645 -457.37615 5684.25179
v 109.37135 -650.59626 5585.41870
v 137.21845 -638.28486 5546.27371
v 184.81818 -640.59597 5559.99470
v 186.38931 -654.33574 5607.61881
v 139.76061 -660.51626 5623.33155
v 120.67309 -851.57377 5523.86570
v 145.02248 -840.26259 5489.78233
v 186.69358 -843.26255 5501.48869
v 188.09833 -856.42785 5542.80758
v 147.29542 -861.56446 5556.63729
v 127.00787 -1051.12696 5457.19337
v 147.87500 -1041.34381 5428.01237
v 183.59411 -1044.67976 5437.79469
v 184.80261 -1056.52475 5473.02103
v 149.83040 -1060.50932 5485.01015
v 130.68950 -1250.65291 5389.32753
v 148.07515 -1242.53738 5365.00263
v 177.83287 -1245.66829 5373.03352
v 178.83849 -1255.71871 5402.32134
v 149.70228 -1258.79931 5412.39166
v 132.48248 -1449.91410 5320.15896
v 146.38892 -1443.29941 5300.74787
v 170.18399 -1446.04325 5307.08694
v 170.98370 -1454.35357 5330.41573
v 147.68289 -1456.74586 5338.49430
v 133.04859 -1648.26190 5247.60294
v 143.47939 -1642.94386 5233.18434
v 161.31672 -1644.99760 5237.93745
v 161.90998 -1651.58486 5255.29337
v 144.43932 -1653.60236 5261.26719
v 136.55026 -1804.60179 5185.96506
v 144.21135 -1800.50099 5175.45319
v 157.30982 -1801.94199 5178.96891
v 157.74401 -1806.93340 5191.65373
v 144.91391 -1808.57730 5195.97769
v 124.85868 14.05772 5856.05145
v 103.01600 -20.12755 5802.27566
v 84.27749 -81.48317 5822.81637
v 94.53914 -85.21774 5889.28652
v 119.61968 -26.17022 5909.82723
v -60.21445 75.96849 5888.08918
v -78.37342 44.21663 5838.82284
v -94.72005 -11.92752 5857.41615
v -86.66384 -14.87465 5918.17427
v -65.33821 39.44807 5937.13093
v -249.47713 130.73424 5911.32689
v -262.96565 101.15933 5866.50896
v -276.50410 50.11411 5883.13293
v -271.38278 48.14132 5938.22527
v -254.67920 97.96730 5955.64985
v -440.84540 179.13756 5927.18220
v -450.66103 152.14379 5887.03156
v -461.79441 106.36443 5901.77488
v -458.85956 105.06502 5951.03693
v -445.91236 150.04128 5966.73965
v -634.26638 221.99252 5936.64789
v -640.32507 197.65916 5901.26801
v -648.97603 157.17125 5914.17027
v -648.26387 156.48171 5957.52430
v -639.17279 196.54346 5971.41647
v -829.60433 254.23589 5934.77440
v -832.60125 232.82301 5904.29974
v -839.28317 197.78185 5915.42053
v -840.41589 197.53811 5952.76833
v -834.43403 232.42864 5964.72979
v -1024.41359 282.43238 5925.23575
v -1025.61784 264.22957 5899.71638
v -1031.08513 234.78734 5909.05952
v -1033.25987 234.79387 5940.35339
v -1029.13666 264.24012 5950.35076
v -1218.61029 307.55621 5907.74202
v -1217.57662 292.50276 5887.34484
v -1222.80192 268.82219 5894.80448
v -1227.06497 269.24026 5919.81173
v -1224.47431 293.17921 5927.80781
v -1406.43144 335.52098 5859.22098
v -1405.79236 324.05609 5843.62030
v -1410.59887 306.12928 5849.16592
v -1414.20853 306.51483 5868.19315
v -1411.63290 324.67991 5874.40777
v -1593.57381 375.17163 5835.00910
v -1594.01035 367.39495 5824.01705
v -1597.48530 354.95642 5827.85225
v -1599.19631 355.04568 5841.21513
v -1596.77887 367.53935 5845.63828
v 68.92271 -22.33950 6257.36427
v 104.52083 -40.17349 6206.15244
v 166.05176 -46.43615 6225.71373
v 168.48183 -32.47270 6289.01482
v 108.45277 -17.58015 6308.57611
v 44.28745 -208.32042 6299.34025
v 74.98628 -223.63719 6255.17893
v 127.84240 -230.06791 6272.27020
v 129.81045 -218.72553 6326.99394
v 78.17066 -205.28485 6343.72425
v 13.51022 -393.80854 6336.36045
v 39.34220 -406.47441 6299.21961
v 83.42304 -413.45206 6313.89427
v 84.83452 -405.09862 6360.10456
v 41.62602 -392.95828 6373.98958
v -22.12230 -579.73224 6368.53218
v -0.58780 -587.32879 6338.10949
v 34.63174 -595.00855 6350.25883
v 34.86411 -592.15832 6388.19075
v -0.21182 -582.71706 6399.48416
v -62.35280 -768.11779 6364.89820
v -45.49054 -772.35329 6341.57228
v -18.78837 -779.16420 6350.89874
v -19.14778 -779.13809 6379.98962
v -46.07207 -772.31109 6388.64136
v -102.31610 -956.83354 6367.86556
v -90.77516 -960.31666 6351.71700
v -72.21241 -964.77062 6358.17337
v -72.28094 -964.04022 6378.31163
v -90.88605 -959.13482 6384.30166
v -134.03763 -1108.18708 6376.25027
v -126.65492 -1110.61752 6365.86237
v -114.68153 -1113.39474 6370.01467
v -114.66429 -1112.68067 6382.96890
v -126.62701 -1109.46226 6386.82270
v 163.27098 -84.17059 6522.90297
v 145.81385 -50.52647 6472.32246
v 105.86874 -5.51334 6491.64248
v 98.63845 -11.33781 6554.16346
v 134.11498 -59.95066 6573.48347
v 301.18793 32.46869 6549.71933
v 284.33141 62.77047 6503.05605
v 247.95946 104.46948 6520.89119
v 242.33687 99.93909 6578.57704
v 275.23386 55.44016 6596.39406
v 440.11593 149.35708 6568.23015
v 423.14181 175.74410 6525.42973
v 390.61850 214.35225 6541.79716
v 387.49215 211.82637 6594.71321
v 418.08325 171.65715 6611.04965
v 579.70166 266.64230 6577.35109
v 562.69747 289.18731 6538.53512
v 533.90884 324.61330 6553.37906
v 533.12069 323.96275 6601.36938
v 561.42223 288.13469 6616.18519
v 719.36458 384.13942 6575.99974
v 702.00861 402.58572 6541.33177
v 677.10257 434.94797 6554.58879
v 679.06582 436.50261 6597.45026
v 705.18523 405.10121 6610.68296
v 858.48868 500.78732 6556.08225
v 840.43086 514.85443 6525.92039
v 819.53532 544.25013 6537.45174
v 824.67902 548.35045 6574.74041
v 848.75351 521.48896 6586.25460
v 994.11821 614.82197 6512.74920
v 977.62024 626.32436 6486.83643
v 959.81061 652.02349 6496.75226
v 965.30157 656.40402 6528.79286
v 986.50485 633.41224 6538.67960
v 1130.88942 730.12340 6478.04213
v 1117.60163 740.38470 6455.95551
v 1102.31447 761.94113 6464.39934
v 1106.15444 765.00243 6491.70399
v 1123.81470 745.33796 6500.13590
v 1268.62931 845.27230 6448.31610
v 1256.91068 852.98938 6430.49097
v 1244.98260 871.06723 6437.23774
v 1249.32909 874.52292 6459.23281
v 1263.94355 858.58077 6466.07924
v 1402.59552 952.75724 6389.41717
v 1391.24978 957.04365 6376.61076
v 1383.04210 971.91775 6381.35433
v 1389.31525 976.82405 6397.09187
v 1401.39985 964.98221 6402.07529
v 1518.60666 1044.42906 6286.83519
v 1509.52458 1046.78881 6278.36466
v 1504.04429 1057.75046 6281.46458
v 1509.73928 1062.16538 6291.85104
v 1518.73934 1053.93231 6295.16983
v 173.32676 -10.05970 6787.65678
v 154.23001 -40.89674 6737.93650
v 128.01453 -93.23981 6756.92797
v 130.90922 -94.75255 6818.38560
v 158.91372 -43.34442 6837.37707
v -6.99515 79.60936 6798.32745
v -22.10277 49.87494 6752.32935
v -45.31357 1.05490 6769.82403
v -44.55103 0.61689 6826.63441
v -20.86894 49.16622 6844.25068
v -193.52092 157.65992 6793.83993
v -203.27914 128.55817 6751.74236
v -223.08347 83.12887 6767.81368
v -225.56502 84.15377 6819.84377
v -207.29436 130.21649 6835.92892
v -381.95515 227.00030 6777.58408
v -388.02093 199.42729 6739.53915
v -405.24098 157.80455 6754.21953
v -409.81779 159.65331 6801.33820
v -395.42633 202.41863 6815.77826
v -571.17236 290.43475 6751.95742
v -574.22733 264.75361 6718.04380
v -589.25056 227.11261 6731.32658
v -595.48044 229.53033 6773.44942
v -584.30749 268.66558 6786.19957
v -760.01376 347.07636 6714.78224
v -759.21959 323.07914 6685.42910
v -773.30410 289.85083 6697.07394
v -782.80300 293.31180 6733.62398
v -774.58912 328.67914 6744.56835
v -938.56031 400.35945 6646.23022
v -935.37122 378.52627 6621.38367
v -948.75717 349.74688 6631.22129
v -960.21926 353.79338 6662.14800
v -953.91726 385.07366 6671.42439
v -1113.86788 453.30954 6569.70978
v -1113.85512 435.46546 6547.44434
v -1124.66681 410.52693 6556.12469
v -1131.36160 412.95815 6583.75502
v -1124.68743 439.39924 6592.15117
v -1302.24693 515.12742 6548.20251
v -1304.06475 500.89192 6529.20771
v -1313.18092 480.11911 6536.42845
v -1316.99717 481.51633 6559.88550
v -1310.23955 503.15267 6567.16204
v -1483.38377 583.12285 6501.96171
v -1483.37758 571.12789 6487.10918
v -1491.96661 554.97539 6492.56754
v -1497.28096 556.98752 6510.79369
v -1491.97650 574.38362 6516.59918
v -1654.29628 653.47320 6430.31931
v -1653.10490 643.90939 6419.62194
v -1660.43067 632.09659 6423.37847
v -1666.14950 634.35972 6436.39755
v -1662.35816 647.57115 6440.68718
v -1724.54119 684.87722 6387.01868
v -1723.02246 676.46873 6378.15857
v -1729.62332 666.52769 6381.17695
v -1735.22151 668.79219 6391.90292
v -1732.08058 680.13281 6395.51306
v 141.85904 -11.70908 6919.94667
v 147.23301 -47.41498 6871.13762
v 166.43171 -101.91233 6889.78100
v 172.92319 -99.88765 6950.11234
v 157.73645 -44.13897 6968.75572
v -54.85370 -79.79703 6943.39991
v -49.51883 -110.86455 6900.59710
v -33.27069 -158.75271 6916.98074
v -28.56364 -157.28168 6969.90919
v -41.90268 -108.48439 6986.23657
v -252.31361 -145.76125 6958.75502
v -245.98557 -171.89965 6921.92554
v -233.87995 -213.52081 6936.09571
v -232.72634 -213.10571 6981.68230
v -244.11896 -171.22801 6995.68653
v -451.58267 -204.77024 6954.63991
v -443.24842 -225.78666 6924.00789
v -435.72226 -261.21509 6935.74047
v -439.40511 -262.09465 6973.62375
v -449.20740 -227.20982 6985.30436
v -649.79023 -256.91813 6917.50193
v -639.90706 -273.01350 6893.48364
v -635.41001 -301.81968 6902.62651
v -642.51381 -303.52750 6932.29485
v -651.40134 -275.77680 6941.48827
v -843.11461 -310.52515 6854.69961
v -834.21147 -322.27376 6837.04233
v -830.69533 -343.92601 6843.96267
v -837.42541 -345.55921 6865.89718
v -845.10094 -324.91633 6872.53284
v -1033.74505 -372.66052 6791.16344
v -1029.01542 -380.93162 6778.99170
v -1025.14493 -395.02990 6784.00993
v -1027.48251 -395.47205 6799.28303
v -1032.79757 -381.64702 6803.70426
v -1119.40002 -407.61235 6791.33987
v -1116.84084 -414.51767 6781.68535
v -1112.82992 -425.25056 6785.70557
v -1112.91027 -424.97852 6797.84489
v -1116.97078 -414.07752 6801.32723
v 137.50944 -22.17962 7052.28615
v 150.47920 -55.09431 7003.97110
v 177.79583 -105.08576 7022.42613
v 181.70866 -103.06749 7082.14617
v 156.81031 -51.82868 7100.60120
v -39.73842 -117.82758 7067.13390
v -26.76733 -147.82614 7022.31359
v -2.03909 -194.43052 7039.44778
v 0.27272 -193.23504 7094.85769
v -23.02674 -145.89183 7111.96899
v -217.56169 -212.12655 7071.22421
v -203.32851 -238.59091 7029.93965
v -182.27753 -282.34938 7045.73154
v -183.50048 -282.92924 7096.77553
v -205.30730 -239.52913 7112.53071
v -396.41374 -301.57819 7056.55861
v -379.64511 -323.96880 7019.20843
v -363.00996 -365.20040 7033.37812
v -369.49751 -368.29230 7079.48589
v -390.14217 -328.97162 7093.81199
v -572.81035 -384.64564 7009.67073
v -554.22002 -403.38194 6976.64309
v -540.88324 -441.53011 6989.06660
v -551.23103 -446.37066 7029.77276
v -570.96308 -411.21411 7042.50669
v -745.30566 -466.67990 6948.25363
v -731.00919 -484.56270 6918.04123
v -717.71008 -518.15403 6929.51918
v -723.78725 -521.03180 6966.82549
v -740.84222 -489.21904 6978.40452
v -926.56296 -556.97185 6938.98535
v -914.81644 -573.19891 6912.13655
v -901.90560 -602.32896 6922.47581
v -905.67279 -604.10529 6955.71423
v -920.91185 -576.07305 6965.91759
v -1101.70555 -650.67607 6897.93825
v -1087.37707 -662.66078 6875.64230
v -1076.95985 -688.35920 6884.42421
v -1084.85019 -692.25699 6912.14800
v -1100.14391 -668.96755 6920.49980
v -1261.67107 -742.33234 6817.75761
v -1247.17689 -751.25867 6799.84999
v -1238.83557 -773.36156 6807.08456
v -1248.17443 -778.09554 6829.46396
v -1262.28762 -758.91846 6836.06005
v -1417.56773 -833.63980 6727.41365
v -1405.95675 -841.13783 6712.54683
v -1398.97573 -859.22658 6718.55688
v -1406.27217 -862.90807 6737.13827
v -1417.76264 -847.09460 6742.61189
v -1581.00343 -927.43731 6655.69496
v -1572.32738 -933.52270 6643.85796
v -1567.25740 -947.88802 6648.36931
v -1572.80004 -950.68085 6662.99486
v -1581.29561 -938.04163 6667.52195
v -1726.82154 -997.67751 6579.82159
v -1720.17956 -1002.21598 6570.94908
v -1716.78388 -1013.24916 6574.13912
v -1721.32719 -1015.52951 6584.98335
v -1727.53084 -1005.90563 6588.49525
v 173.46956 -27.38949 7317.42668
v 150.83751 -58.88303 7274.00351
v 150.38909 -114.68922 7290.58981
v 172.74402 -117.68579 7344.26355
v 187.00853 -63.73160 7360.84986
v 3.68374 -8.20623 7389.21928
v -17.78648 -37.39068 7349.07532
v -19.69189 -89.00137 7365.10468
v 0.60072 -91.71406 7415.15589
v 15.04766 -41.77992 7430.05943
v -164.14791 21.30487 7456.98500
v -184.82411 -5.47439 7420.25328
v -189.86621 -52.47020 7436.37276
v -172.30621 -54.73594 7483.06751
v -156.41142 -9.14044 7495.80669
v -330.29869 64.73108 7518.41497
v -349.91512 40.36118 7484.96056
v -358.98051 -1.43865 7501.34659
v -344.96683 -2.90246 7544.92855
v -327.24050 37.99268 7555.47762
v -497.79755 130.03297 7567.80005
v -514.03266 107.31304 7536.88574
v -522.90440 69.51177 7551.97906
v -512.15231 68.86924 7592.22126
v -496.63544 106.27340 7601.99928
v -678.18826 176.41489 7612.84065
v -686.07056 154.23554 7583.62913
v -690.31453 119.23853 7596.45796
v -685.05508 119.78854 7633.59833
v -677.56063 155.12547 7643.72349
v -865.83138 186.73794 7619.45248
v -866.38069 166.35257 7592.95130
v -866.93954 134.85140 7604.15602
v -866.73564 135.76798 7637.58183
v -866.05078 167.83562 7647.03560
v -1054.62658 176.90562 7615.43655
v -1054.09753 159.07711 7592.17691
v -1050.81987 131.61540 7601.88627
v -1049.32320 132.47165 7631.14691
v -1051.67592 160.46254 7639.52160
v -1237.85532 142.50681 7639.80532
v -1238.47485 127.06383 7619.94267
v -1233.71220 103.73019 7628.08180
v -1230.14927 104.75221 7652.97461
v -1232.70988 128.71748 7660.22015
v -1418.35046 114.49462 7669.96145
v -1420.50815 101.38573 7653.65410
v -1417.21582 81.79945 7660.57968
v -1413.02335 82.80336 7681.16713
v -1413.72466 103.01009 7686.96499
v -1596.54427 101.43551 7715.09409
v -1597.63181 90.92078 7701.92146
v -1598.32215 75.13499 7707.88717
v -1597.66138 75.89357 7724.74718
v -1596.56250 92.14819 7729.20084
v -1764.37116 126.33422 7685.45485
v -1763.95535 118.05126 7675.42887
v -1767.76052 106.36695 7679.70610
v -1770.52820 107.42861 7692.37518
v -1768.43345 119.76906 7695.92810
v -1820.45054 142.70212 7668.51616
v -1820.05060 135.28195 7659.55162
v -1824.33891 125.06844 7663.14030
v -1827.38912 126.17630 7674.32308
v -1824.98598 137.07452 7677.64568
v 161.10227 -117.22252 7450.36983
v 165.76570 -83.23373 7404.36363
v 185.18187 -32.16737 7421.93651
v 192.51829 -34.59542 7478.80316
v 177.63627 -87.16239 7496.37604
v 352.95525 -177.13271 7423.07997
v 355.09196 -144.76600 7380.66912
v 374.75476 -97.79649 7396.73376
v 384.77030 -101.13446 7449.07284
v 371.29748 -150.16694 7465.35540
v 538.11169 -240.34059 7370.38660
v 537.98777 -209.65269 7331.67267
v 557.61880 -166.70150 7346.17615
v 569.87536 -170.84409 7393.85366
v 557.81931 -216.35556 7408.81634
v 722.94784 -302.98305 7317.04712
v 721.43084 -274.24902 7281.92282
v 741.36335 -235.48403 7294.63625
v 755.19925 -240.25998 7337.61787
v 743.81787 -281.97667 7351.46809
v 894.50294 -373.50792 7240.99970
v 890.81979 -346.32027 7209.94473
v 911.49837 -311.98564 7220.46471
v 927.96159 -317.95335 7258.02088
v 917.45782 -355.97619 7270.71238
v 1060.35316 -446.16184 7146.20066
v 1055.16672 -420.80632 7119.14062
v 1073.31061 -389.55158 7128.93820
v 1089.71047 -395.59057 7162.05359
v 1081.70235 -430.57764 7172.72234
v 1234.37297 -502.57933 7049.14856
v 1226.69578 -479.01076 7026.65710
v 1238.58464 -449.78604 7037.83131
v 1253.60954 -455.29276 7067.22879
v 1251.00660 -487.92082 7074.22352
v 1418.24806 -509.76402 6951.49422
v 1409.56080 -488.82365 6932.65915
v 1415.23683 -462.62586 6944.91434
v 1427.43206 -467.37513 6971.32349
v 1429.29316 -496.50812 6975.39043
v 1608.17492 -496.53798 6877.52008
v 1600.89076 -478.40920 6861.12738
v 1603.22213 -455.84536 6872.78366
v 1611.94718 -460.02895 6896.38042
v 1615.00823 -485.17835 6899.30773
v 1799.90780 -472.45923 6816.98561
v 1792.87243 -457.22494 6803.53260
v 1796.49901 -438.09703 6812.67214
v 1805.77576 -441.50960 6831.77328
v 1807.88255 -462.74662 6834.43880
v 1967.89336 -475.69212 6706.69746
v 1961.14135 -463.26917 6696.35868
v 1966.70961 -447.73152 6702.22235
v 1976.90284 -450.55166 6716.18462
v 1977.63443 -467.83224 6718.95027
v 2120.40925 -490.39984 6579.40865
v 2114.61163 -480.69423 6571.89274
v 2120.41473 -468.85529 6575.12760
v 2129.79865 -471.24404 6584.64241
v 2129.79507 -484.55930 6587.28838
v 2184.58033 -508.97276 6497.13755
v 2179.41284 -500.69809 6491.09030
v 2185.02069 -490.86994 6493.01434
v 2193.65430 -493.07051 6500.25034
v 2193.38226 -504.25869 6502.79856
v 240.97738 -17.76426 7986.39679
v 209.31317 -12.89453 7942.84487
v 157.87083 -13.11914 7959.48029
v 157.74190 -18.12769 8013.31329
v 209.10458 -20.99853 8029.94823
v 243.12270 183.71776 8005.11169
v 213.50133 184.99018 7964.21671
v 165.43584 184.38137 7979.73347
v 165.35109 182.73267 8030.21812
v 213.36421 182.32253 8045.90225
v 233.99144 387.27376 7999.44258
v 206.77069 380.48795 7961.77578
v 162.12653 378.74892 7976.25589
v 161.75568 384.45994 8022.87197
v 206.17065 389.72861 8037.20188
v 205.57688 583.54104 7955.89495
v 181.43927 568.98028 7922.84393
v 140.30816 566.08510 7936.51438
v 139.02536 578.85647 7978.01495
v 179.36365 589.64485 7989.99262
v 162.31352 763.79019 7881.62327
v 140.20497 750.03827 7851.39322
v 102.20232 748.80141 7863.47771
v 100.82395 761.78890 7901.17645
v 137.97471 771.05248 7912.39119
v 146.61539 946.92749 7828.12357
v 126.12464 939.91572 7798.84195
v 91.17388 943.44616 7808.45594
v 90.06388 952.63976 7843.67943
v 124.32861 954.79137 7855.83496
v 167.55426 1134.81879 7785.41946
v 149.15828 1129.48859 7758.65793
v 118.25820 1138.42201 7765.61403
v 117.55687 1149.27340 7796.67473
v 148.02350 1147.04645 7808.91514
v 217.86788 1309.70335 7702.53038
v 201.25616 1304.09479 7678.98655
v 174.06528 1313.63368 7684.58891
v 173.87211 1325.13762 7711.59554
v 200.94362 1322.70861 7722.68391
v 256.12855 1494.57717 7632.80869
v 241.69756 1490.57794 7611.75251
v 217.14498 1495.92841 7617.76543
v 216.40161 1503.23439 7642.53807
v 240.49479 1502.39921 7651.83544
v 267.94088 1692.76786 7591.05396
v 255.34391 1687.83486 7573.34328
v 234.00100 1690.81199 7579.02765
v 233.40730 1697.58499 7600.25215
v 254.38333 1698.79365 7607.68509
v 271.19890 1877.78258 7510.91623
v 260.49158 1870.97526 7497.13469
v 242.57389 1873.96371 7501.71089
v 242.20750 1882.61807 7518.32056
v 259.89872 1884.97818 7524.00970
v 273.97504 2048.53511 7405.92623
v 265.25667 2041.88371 7395.40958
v 250.73254 2044.58427 7398.95964
v 250.47454 2052.90437 7411.66973
v 264.83917 2055.34625 7415.97557
v 273.91607 2213.89842 7290.92693
v 267.23331 2208.44316 7283.11110
v 256.10387 2210.31475 7285.96354
v 255.90828 2216.92657 7295.54224
v 266.91681 2219.14148 7298.60973
v 271.84162 2252.65622 7264.33086
v 265.63585 2247.49947 7257.13205
v 255.30183 2249.04275 7259.91631
v 255.12081 2255.15342 7268.83554
v 265.34298 2257.38668 7271.56353
v 218.07176 -55.36250 8122.10655
v 212.35235 -23.75371 8079.65565
v 189.76206 21.64113 8095.87002
v 181.51991 18.08789 8148.34309
v 199.01627 -29.50298 8164.55746
v 390.86345 24.41522 8154.67453
v 384.51087 52.12315 8116.56952
v 365.97621 93.34667 8131.30569
v 360.87370 91.11626 8178.51925
v 376.25489 48.51428 8192.96169
v 568.31682 96.65744 8167.20104
v 560.87458 120.35022 8133.50487
v 547.13452 157.62924 8146.68274
v 546.08500 156.97615 8188.52329
v 559.17639 119.29351 8201.20430
v 750.57232 163.32842 8165.76576
v 740.68266 182.54544 8136.76643
v 729.82359 215.12249 8148.11897
v 733.00195 216.03918 8184.13448
v 745.82535 184.02870 8195.04070
v 926.53018 238.54047 8132.02667
v 915.00926 253.47474 8108.04176
v 905.09033 280.65416 8117.73396
v 910.48098 282.51770 8147.70985
v 923.73157 256.49002 8156.54278
v 1096.47095 325.64017 8093.58215
v 1086.94935 337.73080 8074.08047
v 1077.18480 359.04866 8082.28683
v 1080.67155 360.13317 8106.85921
v 1092.59105 339.48559 8113.84010
v 1262.89368 424.83115 8076.07269
v 1254.58336 433.62883 8061.23352
v 1246.99068 450.02457 8067.57164
v 1250.60844 451.36005 8086.32755
v 1260.43701 435.78964 8091.58039
v 1420.49193 515.78563 8017.87663
v 1413.14006 521.19809 8007.88689
v 1408.56695 533.21850 8012.09927
v 1413.09273 535.23505 8024.69254
v 1420.46273 524.46097 8028.26309
v 1497.98584 559.63606 7976.31025
v 1491.79065 563.67487 7968.65129
v 1488.41357 573.24928 7971.85802
v 1492.52164 575.12784 7981.49920
v 1498.43764 566.71435 7984.25102
v 165.12850 -65.36081 8395.90740
v 189.75657 -45.25346 8355.30090
v 213.56380 -2.21393 8370.81146
v 203.64939 4.27859 8421.00334
v 173.71473 -34.74833 8436.51390
v 333.17345 -172.05399 8442.88921
v 353.79887 -151.65594 8404.29878
v 376.60924 -111.70647 8418.94245
v 370.08139 -107.41438 8466.58421
v 343.23660 -144.71120 8481.38332
v 507.89380 -278.84513 8462.03613
v 522.08602 -256.80229 8425.46940
v 542.69677 -219.17945 8439.04018
v 541.24278 -217.97012 8483.99353
v 519.73331 -254.84553 8498.20614
v 694.29117 -369.49348 8459.90658
v 702.86894 -346.80593 8425.96531
v 718.63157 -310.27916 8438.52043
v 719.79564 -310.39193 8480.22079
v 704.75245 -346.98841 8493.43777
v 892.30889 -434.63632 8451.12324
v 897.66765 -412.89845 8419.87705
v 906.07649 -377.24054 8431.51283
v 905.91466 -376.94058 8469.95068
v 897.40580 -412.41312 8482.07092
v 1096.29631 -459.69617 8462.24785
v 1099.85030 -439.53463 8433.68244
v 1106.17697 -406.64288 8444.32259
v 1106.53305 -406.47623 8479.46548
v 1100.42632 -439.26495 8490.54337
v 1289.36863 -503.78239 8447.78252
v 1292.23704 -485.40303 8421.90361
v 1303.58803 -457.09085 8431.13995
v 1307.73509 -457.97235 8462.72755
v 1298.94698 -486.82928 8473.01292
v 1459.11491 -581.28607 8411.74793
v 1463.29129 -565.60034 8388.09872
v 1481.45807 -544.38519 8394.62852
v 1488.50954 -546.95922 8422.31178
v 1474.70069 -569.76521 8432.89280
v 1582.43179 -719.30689 8352.51617
v 1588.67943 -708.40567 8330.44529
v 1611.36961 -697.35914 8333.29391
v 1619.14527 -701.43324 8357.12528
v 1601.26066 -714.99771 8369.00520
v 1634.87589 -905.30187 8298.60783
v 1640.55145 -896.38293 8279.19865
v 1661.71503 -890.14316 8280.47752
v 1669.11924 -895.20580 8300.67730
v 1652.53174 -904.57439 8311.88202
v 1702.32809 -1080.58536 8217.87548
v 1706.24995 -1070.52183 8202.44408
v 1723.79220 -1063.87496 8204.13303
v 1730.71194 -1069.83066 8220.60776
v 1717.44633 -1080.15823 8229.10118
v 1784.65462 -1238.56318 8115.15617
v 1786.50522 -1227.77712 8104.08974
v 1799.91817 -1220.36135 8106.79722
v 1806.35715 -1226.56429 8119.53640
v 1796.92388 -1237.81359 8124.70245
v 1903.46384 -1348.25861 7986.11689
v 1904.51300 -1339.32877 7977.77033
v 1913.37466 -1331.69675 7981.47678
v 1917.80221 -1335.90984 7992.11454
v 1911.67700 -1346.14563 7994.98224
v 1997.98751 -1411.85033 7942.98601
v 1999.47774 -1404.79589 7935.61029
v 2006.05607 -1397.72928 7939.24046
v 2008.63147 -1400.41625 7948.86017
v 2003.64494 -1409.14345 7951.17521
v 137.83291 -39.05135 8534.13296
v 167.64151 -40.12494 8493.08395
v 215.89078 -41.07573 8508.76331
v 215.90185 -40.58975 8559.50260
v 167.65945 -39.33861 8575.18196
v 135.94580 -241.37750 8536.05556
v 163.92450 -239.31681 8497.68066
v 209.11592 -240.76931 8512.35390
v 209.06705 -243.72768 8559.79824
v 163.84542 -244.10357 8574.44668
v 138.50024 -442.32368 8508.94833
v 164.57087 -434.77279 8473.89126
v 206.72253 -436.60936 8487.51450
v 206.70305 -445.29533 8530.99155
v 164.53937 -448.82697 8544.23904
v 149.74914 -638.47208 8456.75468
v 173.76311 -627.75582 8425.11845
v 212.82767 -628.48079 8437.99496
v 212.95692 -639.64510 8477.58865
v 173.97225 -645.82008 8489.18343
v 172.95697 -831.89619 8399.00112
v 194.76815 -818.59303 8370.95928
v 230.74758 -818.81809 8382.97939
v 231.17289 -832.26031 8418.44940
v 195.45633 -840.34306 8428.35236
v 200.50062 -1013.20231 8314.20994
v 219.81928 -996.79220 8290.42912
v 252.67845 -996.32615 8301.74637
v 253.66789 -1012.44819 8332.52239
v 221.42023 -1022.87817 8340.22522
v 247.69728 -1183.13086 8212.65507
v 264.52422 -1165.50422 8192.57545
v 293.70016 -1162.54103 8204.28181
v 294.90492 -1178.33638 8231.59695
v 266.47359 -1191.06150 8236.77158
v 318.97026 -1345.62337 8116.86230
v 333.78547 -1328.87709 8099.39766
v 360.25280 -1326.96819 8109.43699
v 361.79531 -1342.53478 8133.10719
v 336.28130 -1354.06423 8137.69627
v 357.19162 -1496.53912 7999.93849
v 370.28638 -1481.32479 7984.66396
v 394.69224 -1483.33657 7990.71121
v 396.68113 -1499.79424 8009.72271
v 373.50446 -1507.95388 8015.42568
v 363.55102 -1637.48765 7858.97350
v 374.99842 -1624.52137 7845.34788
v 396.41753 -1628.43359 7848.62518
v 398.20784 -1643.81766 7864.27546
v 377.89524 -1649.41335 7870.67127
v 353.12247 -1781.76379 7719.89346
v 362.83153 -1771.65079 7707.34596
v 381.08179 -1775.68340 7709.50031
v 382.65198 -1788.28847 7723.37914
v 365.37218 -1792.04643 7729.80213
v 334.95203 -1932.81364 7593.70995
v 342.58670 -1927.08099 7581.30693
v 357.67126 -1931.03004 7582.66354
v 359.35938 -1939.20350 7595.90435
v 345.31811 -1940.30583 7602.73170
v 288.82399 -2114.94064 7523.03934
v 294.50434 -2111.97639 7512.36868
v 306.37085 -2115.64183 7513.18169
v 308.02447 -2120.87131 7524.35398
v 297.17991 -2120.43786 7530.44653
v 253.76570 -2241.98389 7463.26494
v 258.46523 -2239.32886 7454.67138
v 268.10953 -2242.42759 7455.28460
v 269.37050 -2246.99736 7464.25772
v 260.50553 -2246.72318 7469.19012
v 158.45615 -82.99737 8673.50483
v 189.11588 -61.48184 8640.51723
v 194.06810 -13.44213 8653.11718
v 166.46901 -5.26748 8693.89248
v 144.45961 -48.25498 8706.49242
v 311.68026 -125.59178 8785.75706
v 339.79979 -105.25133 8754.40979
v 344.67405 -60.30726 8766.38412
v 319.56699 -52.87075 8805.13287
v 299.17571 -93.21880 8817.10625
v 469.01333 -169.42012 8891.32023
v 493.97326 -150.06931 8861.22417
v 499.00675 -108.28808 8872.72167
v 477.15768 -101.81666 8909.92260
v 458.62073 -139.59834 8921.41724
v 631.88928 -214.87530 8989.31408
v 652.52841 -196.20761 8959.91516
v 657.25452 -157.45322 8970.61634
v 639.53626 -152.16938 9006.62899
v 623.85964 -187.65818 9018.18466
v 805.62681 -254.32968 9069.40269
v 822.27153 -236.49523 9041.13674
v 826.80058 -200.79476 9051.08833
v 812.95502 -196.56509 9085.50453
v 799.86894 -229.65150 9096.82369
v 980.72296 -295.67221 9139.63604
v 995.92412 -279.32638 9113.73043
v 1001.74427 -247.08822 9123.53802
v 990.14020 -243.50978 9155.50613
v 977.14829 -273.53635 9165.45486
v 1147.48979 -351.21945 9204.29039
v 1164.65390 -337.74310 9182.14607
v 1174.52645 -310.33045 9192.99316
v 1163.46395 -306.86483 9221.84086
v 1146.75426 -332.13559 9228.82271
v 1289.77096 -456.53707 9277.64416
v 1306.18203 -445.02813 9258.17108
v 1317.60645 -421.95678 9269.04106
v 1308.25615 -419.20689 9295.23277
v 1291.05294 -440.57870 9300.54951
v 1450.27852 -556.07212 9333.57525
v 1459.67627 -542.74559 9314.88800
v 1469.21909 -521.91085 9324.37325
v 1465.71922 -522.36086 9348.92273
v 1454.01335 -543.47372 9354.60949
v 1630.73814 -627.67142 9323.83537
v 1636.26349 -614.83914 9307.22618
v 1642.55452 -595.71332 9315.33146
v 1640.91730 -596.72523 9336.94935
v 1633.61430 -616.47642 9342.20600
v 1811.72991 -678.77811 9355.10826
v 1817.20567 -667.98019 9340.92426
v 1820.62602 -650.92707 9347.65148
v 1817.26396 -651.18557 9365.99159
v 1811.76591 -668.39844 9370.60070
v 1988.32011 -719.58566 9387.95567
v 1989.08544 -709.52159 9375.96226
v 1993.28852 -695.52845 9381.64043
v 1995.12076 -696.94424 9397.14432
v 1992.05005 -711.81238 9401.04771
v 2159.44886 -758.03673 9303.47252
v 2158.10633 -749.53479 9294.36493
v 2162.12821 -738.50298 9298.74229
v 2165.95650 -740.18687 9310.55546
v 2164.30044 -752.25937 9313.47847
v 2310.98056 -787.26250 9269.30714
v 2310.65583 -780.65038 9261.83605
v 2313.32922 -771.74848 9265.47623
v 2315.30595 -772.85898 9275.19798
v 2313.85446 -782.44710 9277.56500
v 143.47373 -65.97574 8814.01730
v 172.37367 -46.76139 8779.31213
v 183.51714 -0.83821 8792.56821
v 161.50422 8.32953 8835.46638
v 136.75603 -31.92768 8848.72246
v 301.87845 -127.28645 8908.40435
v 326.97928 -109.71077 8876.79672
v 337.23196 -68.62671 8888.83686
v 318.46765 -60.81104 8927.88601
v 296.61798 -97.06476 8939.97860
v 464.96117 -189.98992 8993.32619
v 485.53777 -173.75696 8964.48326
v 494.94058 -137.51979 8975.31319
v 480.17523 -131.35697 9010.84900
v 461.64694 -163.78531 9021.98219
v 634.45544 -252.54640 9068.26782
v 649.99378 -237.53287 9042.12189
v 657.35441 -205.68718 9051.18465
v 646.36511 -201.01899 9082.93247
v 632.21276 -229.97957 9093.49060
v 814.06134 -300.97994 9130.44834
v 824.14573 -287.24614 9107.15389
v 829.48685 -259.86698 9114.55822
v 822.70342 -256.67953 9142.42935
v 813.16996 -282.08876 9152.25029
v 999.27723 -341.96952 9167.45377
v 1006.47843 -330.32015 9147.95589
v 1011.59537 -307.91250 9154.23584
v 1007.55644 -305.71321 9177.61517
v 999.94344 -326.76160 9185.78339
v 1175.92251 -394.62119 9201.66397
v 1184.55255 -386.54080 9186.96404
v 1191.26976 -369.84044 9192.60693
v 1186.79118 -367.59943 9210.79350
v 1177.30606 -382.91478 9216.39156
v 1323.54510 -497.44684 9267.08889
v 1329.70297 -491.43237 9256.29330
v 1337.21602 -480.85475 9261.01589
v 1335.70147 -480.33190 9274.72878
v 1327.25239 -490.58640 9278.48244
v 1443.31706 -590.57093 9248.04592
v 1446.39277 -585.26212 9240.38410
v 1452.53897 -578.38029 9243.73341
v 1453.26173 -579.43583 9253.46565
v 1447.56234 -586.97009 9256.13117
v 137.95400 -41.33549 8955.69992
v 172.50396 -29.65476 8924.11137
v 189.66761 13.79398 8936.17725
v 165.72537 28.96604 8975.22259
v 133.76459 -5.10583 8987.28848
v 269.69078 -121.80224 9067.74902
v 301.52297 -110.48018 9037.63866
v 317.96578 -69.94529 9049.24393
v 296.29576 -56.21541 9086.52687
v 266.46018 -88.26478 9097.96333
v 404.99204 -206.05955 9171.59081
v 433.40838 -194.63538 9142.45892
v 449.55212 -157.28427 9153.90110
v 431.11315 -145.62421 9190.10544
v 403.57351 -175.76897 9201.03741
v 546.74429 -296.50581 9265.05375
v 571.20430 -284.69318 9236.68480
v 585.40004 -249.49095 9246.77944
v 569.71353 -239.54745 9281.38638
v 545.82298 -268.60425 9292.68074
v 700.84703 -372.06382 9353.41358
v 721.86649 -360.31255 9326.27201
v 733.33591 -326.91756 9334.62429
v 719.40500 -318.02958 9366.92715
v 699.32580 -345.93153 9378.53909
v 857.68157 -441.62256 9439.09740
v 876.21593 -430.49252 9413.77831
v 885.95432 -399.48758 9421.00906
v 873.43866 -391.45559 9450.79613
v 855.96514 -417.49641 9461.97510
v 1015.55359 -504.83310 9521.55113
v 1031.65340 -494.32403 9498.13175
v 1043.00427 -467.33484 9505.93185
v 1033.91981 -461.16370 9534.17206
v 1016.95430 -484.33891 9543.82515
v 1165.71915 -604.55447 9573.74382
v 1181.30279 -595.76726 9553.11012
v 1194.25678 -573.17972 9561.34415
v 1186.67912 -568.00699 9587.06570
v 1169.04199 -587.39763 9594.72942
v 1303.71118 -710.44254 9647.66788
v 1318.77601 -703.52459 9629.85802
v 1330.77455 -683.75319 9637.41589
v 1323.12512 -678.45178 9659.89685
v 1306.39899 -694.94671 9666.23211
v 1440.29427 -820.45782 9718.12344
v 1451.88093 -813.05885 9701.76601
v 1463.01556 -796.17661 9708.66394
v 1458.31048 -793.14178 9729.28429
v 1444.26799 -808.14838 9735.13126
v 1591.58516 -934.46767 9745.98312
v 1596.75288 -924.44408 9731.47678
v 1607.53739 -910.84957 9737.51926
v 1609.03478 -912.47129 9755.76115
v 1599.17569 -927.06811 9760.99205
v 1739.65812 -1032.13418 9674.91817
v 1742.47813 -1022.69053 9663.10120
v 1751.52016 -1011.31380 9668.15948
v 1754.28843 -1013.72612 9683.10261
v 1746.95730 -1026.59392 9687.27970
v 1896.26241 -1131.03271 9657.17888
v 1900.40112 -1124.58336 9647.33505
v 1906.70919 -1114.69376 9651.58176
v 1906.46911 -1115.03112 9664.04915
v 1900.01249 -1125.12910 9667.50908
v 2049.52216 -1224.31576 9675.11177
v 2053.30896 -1219.69748 9667.53197
v 2057.85537 -1211.83670 9670.79639
v 2056.87809 -1211.59673 9680.39417
v 2051.72777 -1219.30921 9683.06065
v 196.12627 35.42625 9098.59562
v 170.01152 22.33217 9061.24592
v 139.93108 -11.43322 9075.51193
v 147.45508 -19.20729 9121.67931
v 182.18562 9.75346 9135.94532
v 55.83473 174.44266 9144.82975
v 34.40759 160.65907 9110.70347
v 7.80407 129.92071 9123.39783
v 12.78933 124.70696 9165.37094
v 42.47390 152.22304 9178.61652
v -96.71512 306.32401 9166.99409
v -111.94285 290.65311 9136.18088
v -135.16070 263.04379 9147.38655
v -134.28240 261.65116 9185.12535
v -110.52170 288.39979 9197.24274
v -254.51890 431.62909 9161.64494
v -265.13219 415.70303 9134.80377
v -285.60105 391.78184 9144.57893
v -287.63819 392.92383 9177.46162
v -268.42836 417.55077 9188.00926
v -412.65178 554.40873 9138.81969
v -421.05675 540.27784 9115.98682
v -438.89549 520.16431 9124.28665
v -441.51548 521.86435 9152.24934
v -425.29595 543.02853 9161.23104
v -567.72733 680.12285 9117.20943
v -574.24724 668.03670 9098.37627
v -589.92904 652.15158 9105.08537
v -593.10097 654.42020 9128.06511
v -579.37956 671.70739 9135.55813
v -713.41777 811.62441 9071.88129
v -719.04534 802.45328 9056.85902
v -731.37695 789.76971 9062.19769
v -733.37078 791.10187 9080.51968
v -722.27138 804.60882 9086.50398
v -868.69591 939.65137 9065.48786
v -872.71911 932.74486 9054.38995
v -881.00874 922.65821 9058.46405
v -882.10881 923.33084 9072.07966
v -874.49908 933.83318 9076.42078
v -1013.22675 1035.61974 9038.14220
v -1015.40327 1030.38108 9030.54237
v -1020.92218 1023.21887 9033.40340
v -1022.15660 1024.03104 9042.77039
v -1017.40062 1031.69525 9045.70007
v 141.92495 38.57476 9242.86461
v 145.98787 3.87021 9212.05139
v 183.21440 -21.54663 9223.82164
v 202.15873 -2.55053 9261.90853
v 176.64047 34.60653 9273.67783
v 32.62212 -76.75122 9354.75159
v 36.70825 -107.47687 9326.65539
v 69.96986 -130.46911 9337.38708
v 86.44052 -113.95345 9372.11609
v 63.35835 -80.75396 9382.84779
v -79.89521 -195.28227 9459.28669
v -75.18797 -221.43629 9433.41160
v -46.11355 -242.23766 9443.29643
v -32.85180 -228.93956 9475.28076
v -53.73002 -199.91954 9485.16369
v -197.92521 -319.33618 9551.18656
v -192.94412 -341.26008 9527.94170
v -167.93002 -359.73245 9536.82137
v -157.45154 -349.22510 9565.55462
v -175.98960 -324.25880 9574.43237
v -317.94041 -445.38757 9637.55894
v -313.35366 -463.75200 9617.48981
v -292.14296 -479.63899 9625.15640
v -283.62077 -471.09324 9649.96433
v -299.56448 -449.92471 9657.62901
v -438.92401 -572.42030 9721.16089
v -434.92311 -587.41665 9704.41151
v -417.44283 -600.64417 9710.80875
v -410.64036 -593.82284 9731.51302
v -423.91646 -576.37954 9737.91122
v -560.97794 -700.55336 9801.48029
v -557.04254 -711.65961 9787.76360
v -543.49238 -722.42767 9793.00213
v -539.05332 -717.97645 9809.95750
v -549.86006 -704.45734 9815.19794
v -689.52924 -835.18642 9855.78537
v -685.16308 -841.91358 9845.12329
v -675.72469 -850.41845 9849.19548
v -674.25764 -848.94764 9862.37431
v -682.78933 -839.53369 9866.44745
v -803.23213 -954.06228 9860.51941
v -799.50726 -958.08280 9852.98443
v -793.17385 -964.28120 9855.86262
v -792.98443 -964.09148 9865.17620
v -799.20077 -957.77589 9868.05439
v 173.62334 51.57087 9388.66043
v 149.16086 27.77013 9358.18577
v 151.21916 -16.43260 9369.82536
v 176.95376 -19.95064 9407.49550
v 190.80031 22.07781 9419.13509
v 8.86953 71.67112 9503.08704
v -13.17795 49.21889 9473.87314
v -11.10194 7.72026 9484.69830
v 12.22858 4.52493 9520.60318
v 24.57163 44.04873 9531.96716
v -161.64167 87.74951 9609.72404
v -180.34406 66.56505 9581.23970
v -178.10187 27.75371 9591.16745
v -158.01372 24.95144 9625.78678
v -147.84077 62.03088 9637.25567
v -338.61512 99.01920 9706.87389
v -352.01696 79.01818 9678.37811
v -350.22148 42.95525 9687.75463
v -335.70999 40.66815 9722.04494
v -328.53687 75.31758 9733.86192
v -530.93809 105.60116 9767.25483
v -540.05831 86.94529 9739.71653
v -538.70207 53.61886 9748.49606
v -528.74368 51.67787 9781.45981
v -523.94527 83.80470 9793.05363
v -724.25199 109.46562 9824.02992
v -732.14769 92.31836 9798.59924
v -730.62128 61.70584 9806.57673
v -721.78215 59.93352 9836.93886
v -717.84574 89.45069 9847.72491
v -917.55587 111.02352 9880.12886
v -925.14527 95.41137 9857.08141
v -923.44695 67.51572 9864.25591
v -914.80792 65.88741 9891.73794
v -911.16703 92.77671 9901.54743
v -1107.85496 112.45448 9944.79084
v -1115.46838 98.38537 9924.24965
v -1113.87026 73.21310 9930.70221
v -1105.26907 71.72488 9955.22976
v -1101.55141 95.97740 9963.93681
v -1296.41557 116.38391 10013.30948
v -1303.56216 103.85133 9995.11909
v -1302.57535 81.42044 10001.02806
v -1294.81888 80.08999 10022.87102
v -1291.01193 101.69860 10030.46131
v -1483.22570 126.46668 10079.06532
v -1488.76905 115.36815 10062.85477
v -1490.57209 95.93385 10068.83335
v -1486.14311 95.02132 10088.73940
v -1481.60279 113.89165 10095.06226
v -1670.80116 171.20922 10099.14875
v -1679.10278 163.17202 10085.88028
v -1688.28559 149.73123 10092.55791
v -1685.65929 149.46155 10109.95293
v -1674.85332 162.73569 10114.02607
v -1765.84351 335.86785 10124.13025
v -1776.00193 332.44047 10113.86585
v -1786.13448 323.63719 10120.20111
v -1782.23825 321.62383 10134.38034
v -1769.69779 329.18280 10136.80935
v -1882.84564 481.47818 10201.86615
v -1888.17370 475.55688 10192.82341
v -1894.78159 466.66929 10197.57462
v -1893.53752 467.09776 10209.55276
v -1886.16073 476.25017 10212.20589
v -2041.27669 552.39671 10152.59171
v -2041.20326 545.43012 10146.03901
v -2044.93809 537.58091 10150.02823
v -2047.31965 539.69634 10159.04713
v -2045.05682 548.85298 10160.63118
v -2069.78226 556.66071 10142.62772
v -2068.78042 549.77936 10136.67870
v -2071.46597 542.06353 10140.80143
v -2074.12744 544.17616 10149.29867
v -2073.08698 553.19774 10150.42686
v 163.69370 49.88565 9536.03649
v 141.56072 24.93598 9505.93853
v 146.39932 -18.22283 9517.43507
v 171.52274 -19.94676 9554.63791
v 182.21125 22.14659 9566.13445
v -2.93882 57.46679 9648.90766
v -21.88707 34.96600 9621.20247
v -17.44559 -3.85970 9631.48499
v 4.24764 -5.35452 9665.54451
v 13.21332 32.54734 9676.31245
v -175.57853 60.82770 9752.59972
v -190.49089 40.75877 9726.83525
v -186.36593 6.25623 9735.86369
v -168.90422 5.00142 9767.20715
v -162.23724 38.72845 9777.55070
v -354.97186 59.11331 9845.05939
v -365.25133 41.53644 9821.17462
v -361.75126 11.37529 9829.11968
v -349.30858 10.31154 9857.91397
v -345.11867 39.81526 9867.76543
v -544.89040 52.33156 9911.90147
v -551.28300 37.31187 9890.55538
v -548.54393 11.48480 9897.45426
v -540.45856 10.54249 9923.06328
v -538.20056 35.78718 9931.99348
v -738.29228 43.03936 9965.51991
v -742.31863 30.57522 9947.39151
v -740.16345 9.07642 9953.16792
v -734.80517 8.25357 9974.86591
v -733.64872 29.24382 9982.50008
v -934.50373 31.31887 10007.32231
v -938.87228 21.32656 9993.18886
v -936.65546 4.18504 9997.65396
v -930.91685 3.58332 10014.54830
v -929.58701 20.35295 10020.52307
v -1115.88073 19.80118 10092.96322
v -1120.11933 12.29807 10082.78656
v -1118.19673 -0.49642 10086.01856
v -1112.76996 -0.90075 10098.19317
v -1111.33850 11.64386 10102.48566
v -1294.41369 10.07920 10167.23919
v -1297.12653 5.02906 10160.32028
v -1295.91346 -3.59426 10162.53376
v -1292.45079 -3.87362 10170.82024
v -1291.52393 4.57704 10173.72799
v 108.43366 1.25679 9684.91936
v 135.72264 -18.64912 9656.57520
v 177.02235 -7.62994 9667.40227
v 175.25803 19.08620 9702.43645
v 132.86787 24.57850 9713.26351
v 120.58242 -148.02620 9799.37077
v 146.18716 -166.36090 9772.48383
v 184.99573 -156.40175 9782.94277
v 183.37597 -131.91198 9816.29467
v 143.56637 -126.73560 9826.44749
v 130.52765 -300.87736 9907.87792
v 154.42404 -316.91068 9881.95992
v 190.77475 -308.80404 9892.57812
v 189.34433 -287.76050 9925.05836
v 152.10958 -282.86153 9934.51405
v 135.63052 -462.73160 10003.90244
v 157.83940 -476.46874 9979.06113
v 191.69420 -469.88532 9989.52770
v 190.40875 -452.07936 10020.83778
v 155.75948 -447.65815 10029.72221
v 141.11702 -628.21782 10094.45286
v 161.65663 -640.17451 10071.04588
v 192.99433 -634.31519 10080.86109
v 191.82245 -618.73728 10110.33535
v 159.76052 -614.96890 10118.73531
v 147.25570 -796.23508 10180.62592
v 166.09854 -805.67217 10158.33855
v 194.92120 -800.51434 10167.47665
v 193.89175 -787.88954 10195.41264
v 164.43285 -785.24482 10203.53985
v 157.81046 -971.95017 10250.39577
v 174.93196 -979.11519 10229.44736
v 201.22057 -974.19441 10237.69474
v 200.34632 -963.98818 10263.74149
v 173.51741 -962.60113 10271.59119
v 174.18018 -1147.69316 10319.26250
v 189.59734 -1153.41949 10300.03357
v 213.30801 -1148.28861 10307.22618
v 212.54483 -1139.39118 10330.90115
v 188.36251 -1139.02318 10338.34076
v 198.13150 -1324.23460 10384.07230
v 211.72389 -1327.90017 10366.36448
v 232.81227 -1322.47949 10372.49947
v 232.25321 -1315.46378 10393.99910
v 210.81930 -1316.54847 10401.15070
v 236.16539 -1503.60239 10437.00409
v 247.74456 -1505.06115 10420.84122
v 265.89102 -1498.34013 10425.63629
v 265.52695 -1492.72752 10444.76223
v 247.15552 -1495.97967 10451.78890
v 304.43683 -1673.15984 10488.47771
v 313.87761 -1672.66572 10474.04575
v 329.34818 -1666.14377 10478.01685
v 329.46870 -1662.60719 10494.90166
v 314.07267 -1666.94331 10501.36757
v 368.04241 -1848.37782 10508.43906
v 375.38034 -1846.03417 10496.06609
v 388.96254 -1842.06951 10499.56608
v 390.01885 -1841.96270 10514.10294
v 377.08950 -1845.86143 10519.58656
v 413.76999 -2026.90625 10483.26015
v 419.66212 -2024.57643 10473.16360
v 431.00229 -2022.21751 10475.97790
v 432.11880 -2023.08917 10487.81300
v 421.46865 -2025.98691 10492.31434
v 455.70531 -2206.82287 10473.67287
v 460.55657 -2206.14290 10465.78407
v 469.32444 -2204.01788 10467.98229
v 469.89202 -2203.38440 10477.22816
v 461.47493 -2205.11794 10480.74532
v 463.56893 -2238.25765 10478.77216
v 468.34391 -2238.33132 10471.35830
v 476.60670 -2236.03654 10473.41537
v 476.93837 -2234.54475 10482.10049
v 468.88056 -2235.91733 10485.41164
v 94.98100 -8.93702 9835.23464
v 120.05557 -30.32032 9807.20329
v 161.32981 -23.00521 9817.91019
v 161.76412 2.89909 9852.55909
v 120.75830 11.59370 9863.26599
v 94.65572 -162.83822 9950.30403
v 118.20292 -182.49679 9923.68603
v 156.94132 -176.01155 9934.01623
v 157.33577 -152.34488 9967.01908
v 118.84116 -144.20334 9977.08511
v 92.04185 -320.62137 10058.80642
v 114.09362 -337.85957 10033.15258
v 150.27308 -332.84548 10043.51807
v 150.58145 -312.50843 10075.57869
v 114.59257 -304.95352 10085.02674
v 85.15567 -486.37301 10155.60246
v 105.73004 -501.12277 10130.97572
v 139.34550 -497.26972 10141.09993
v 139.54660 -480.13869 10171.98467
v 106.05544 -473.40414 10180.94730
v 78.90274 -656.54260 10245.21255
v 97.96628 -669.53695 10222.08309
v 129.05507 -666.07904 10231.50539
v 129.20544 -650.94757 10260.45799
v 98.20960 -645.05374 10268.92948
v 73.55805 -827.38900 10333.88901
v 91.07071 -839.44219 10312.69550
v 119.65144 -835.95067 10321.18702
v 119.80263 -821.73967 10347.62859
v 91.31535 -816.44827 10355.47924
v 70.66438 -995.91291 10427.61898
v 86.69782 -1004.27198 10407.07302
v 112.74547 -1001.49024 10415.00187
v 112.81034 -991.41204 10440.44781
v 86.80280 -987.96505 10448.24505
v 73.13617 -1180.37140 10474.09248
v 87.62143 -1185.18662 10454.59747
v 111.18599 -1182.62374 10461.75480
v 111.26444 -1176.22471 10485.67390
v 87.74836 -1174.83270 10493.29948
v 85.20574 -1362.91122 10525.87605
v 98.25333 -1368.64913 10508.91113
v 119.22123 -1364.34937 10514.63985
v 119.13251 -1355.95417 10535.14576
v 98.10978 -1355.06523 10542.08946
v 110.51029 -1531.65388 10618.48354
v 122.03973 -1536.96394 10603.66726
v 140.11803 -1530.75123 10607.56969
v 139.76160 -1521.60156 10624.79782
v 121.46300 -1522.15934 10631.54316
v 165.62384 -1695.92750 10704.09393
v 174.14683 -1694.39948 10689.62669
v 190.09206 -1690.39929 10693.37082
v 191.42374 -1689.45515 10710.15263
v 176.30157 -1692.87169 10716.77876
v 196.07376 -1864.24041 10633.39329
v 202.69431 -1859.61354 10621.59634
v 216.69179 -1858.84118 10624.40109
v 218.72213 -1862.99074 10637.93087
v 205.97948 -1866.32764 10643.48793
v 212.03567 -2046.81802 10589.48231
v 217.60269 -2044.81316 10579.40292
v 229.07861 -2044.55495 10581.60400
v 230.60410 -2046.40031 10593.04428
v 220.07099 -2047.79887 10597.91279
v 220.91065 -2237.65731 10570.09983
v 225.25701 -2237.04481 10562.19959
v 234.13137 -2236.84716 10563.90095
v 235.26968 -2237.33759 10572.85404
v 227.09882 -2237.83827 10576.68495
v 222.14027 -2265.57064 10569.55242
v 226.31150 -2265.29765 10561.97643
v 234.80538 -2265.05232 10563.60817
v 235.88364 -2265.17367 10572.19219
v 228.05618 -2265.49411 10575.86575
v 141.20620 -57.86830 9987.33711
v 151.44029 -24.20422 9963.62019
v 124.15214 7.00141 9972.67914
v 97.05304 -7.37654 10001.99509
v 107.59304 -47.46822 10011.05404
v 254.11487 4.53577 10122.31445
v 263.52733 36.03809 10099.81823
v 238.03814 65.40492 10108.47664
v 212.87248 52.05230 10136.32393
v 222.80845 14.43310 10144.87648
v 369.86083 67.62572 10254.15421
v 378.00324 96.73534 10232.39326
v 354.61116 124.41947 10240.97347
v 332.01167 112.41956 10268.03875
v 341.43648 77.31910 10276.18408
v 492.75541 132.47940 10378.30544
v 500.25368 159.52273 10357.97977
v 478.90764 185.48816 10366.39690
v 458.21685 174.49234 10391.92486
v 466.77524 141.73113 10399.28532
v 613.88391 192.33115 10505.61047
v 622.11722 217.94118 10488.17444
v 602.86492 242.18901 10496.48571
v 582.73304 231.56497 10519.05823
v 589.54316 200.75111 10524.69730
v 730.80266 237.44410 10639.84394
v 740.98819 261.88910 10626.89877
v 724.11114 284.46797 10635.51521
v 703.49497 273.97749 10653.78571
v 707.63057 244.91514 10656.46076
v 834.97041 254.20189 10790.84587
v 845.11560 276.66968 10780.10082
v 830.91879 297.50279 10789.46114
v 811.99944 287.91055 10805.99022
v 814.50343 261.14911 10806.84662
v 956.03466 271.45293 10918.52760
v 959.76943 290.81899 10904.10709
v 949.21297 310.19381 10914.60133
v 938.95394 302.80206 10935.50682
v 943.17001 278.85887 10937.93392
v 1129.48382 328.22132 10958.41312
v 1127.74611 343.93835 10943.31741
v 1118.13319 361.22164 10952.63481
v 1113.92975 356.18627 10973.48976
v 1120.94486 335.79096 10977.06127
v 1288.61833 407.86114 11018.75210
v 1285.20215 420.84751 11004.92096
v 1275.40815 435.47747 11012.77351
v 1272.77148 431.53292 11031.45790
v 1280.93576 414.46510 11035.15339
v 1446.04266 501.76716 11039.97993
v 1441.02204 511.86645 11027.63462
v 1432.75714 524.68735 11034.48486
v 1432.66976 522.51172 11051.06449
v 1440.88066 508.34626 11054.46053
v 1603.47307 601.80044 11045.80784
v 1599.37739 610.42774 11035.38799
v 1591.99870 621.02354 11041.13674
v 1591.53414 618.94482 11055.10998
v 1598.62566 607.06431 11057.99580
v 1757.38788 702.36331 11080.22976
v 1755.42903 710.27952 11072.06535
v 1748.60168 718.42468 11076.56097
v 1746.34099 715.54238 11087.50343
v 1751.77121 705.61594 11089.77127
v 1896.75212 792.37878 11155.99728
v 1896.39533 799.29513 11150.23613
v 1890.46800 805.27848 11153.43285
v 1887.16161 802.06001 11161.17001
v 1891.04545 794.08759 11162.75501
v 1922.40298 808.77757 11178.15876
v 1922.52636 815.57864 11173.08426
v 1916.70847 821.06966 11175.91572
v 1912.98938 817.66224 11182.74117
v 1916.50879 810.06533 11184.12685
v 152.77988 -39.08486 10140.33508
v 122.86667 -22.09031 10116.94622
v 87.07604 -41.32282 10125.87929
v 94.86943 -70.20372 10154.79088
v 135.47665 -68.82058 10163.72395
v 116.34792 87.60624 10276.71528
v 88.33265 103.31769 10254.50134
v 54.73944 85.24229 10262.86602
v 61.99298 58.35963 10290.24982
v 100.06911 59.82063 10298.81001
v 77.92865 216.32576 10410.88772
v 51.95515 230.25708 10389.34517
v 20.57079 213.29594 10397.09854
v 27.14770 188.88205 10423.43235
v 62.59681 190.75459 10431.95438
v 35.15165 349.04736 10539.37626
v 11.47504 360.35603 10517.81750
v -17.89169 345.16636 10525.57087
v -12.36471 324.46992 10551.92184
v 20.41787 326.86850 10560.45437
v -8.70489 495.98426 10648.78750
v -30.26013 505.18322 10627.86102
v -57.74616 492.26964 10635.91862
v -53.17821 475.08958 10661.82518
v -22.86904 477.38534 10669.77882
v -47.69715 648.29886 10752.39849
v -67.60181 657.16201 10733.45280
v -93.10294 646.32881 10741.57906
v -88.95881 630.77039 10765.54680
v -60.89650 631.98793 10772.23396
v -76.16708 801.09805 10858.51002
v -94.43220 809.86363 10841.69960
v -117.89001 801.19878 10849.92790
v -114.12261 787.07802 10871.82522
v -88.33642 787.01580 10877.12955
v -93.94529 958.73177 10960.56938
v -110.39395 966.21519 10945.11318
v -131.70472 959.45275 10953.21178
v -128.42685 947.78991 10973.67477
v -105.09024 947.34436 10978.22189
v -111.08495 1123.57759 11047.98985
v -125.53515 1127.68340 11032.94754
v -144.70470 1122.83325 11040.75432
v -142.10194 1115.72993 11060.62126
v -121.32379 1116.18996 11065.09304
v -134.01894 1308.42304 11090.40451
v -146.15621 1308.39086 11076.16329
v -162.93949 1303.56359 11082.88193
v -161.17488 1300.61245 11101.27449
v -143.30100 1303.61569 11105.92365
v -193.51198 1486.81700 11114.36844
v -203.93425 1486.49585 11102.00882
v -218.36156 1481.98617 11107.75375
v -216.85585 1479.52020 11123.66390
v -201.49796 1482.50580 11127.75230
v -225.20845 1666.90016 11154.47617
v -234.45922 1669.05785 11144.68956
v -246.70535 1665.66336 11149.64199
v -245.02310 1661.40771 11162.49084
v -231.73729 1662.17208 11165.47871
v -244.66240 1830.90889 11234.53712
v -252.50775 1834.87654 11227.64492
v -262.43988 1831.28941 11231.28891
v -260.73295 1825.10471 11240.43465
v -249.74588 1824.86963 11242.44213
v -261.24674 1967.26954 11365.44323
v -267.20539 1969.55621 11359.64394
v -274.88506 1966.88712 11362.51926
v -273.67273 1962.95083 11370.09621
v -265.24377 1963.18710 11371.90342
v -265.26985 1988.96515 11370.51296
v -270.74632 1989.46428 11364.26926
v -278.24822 1987.46848 11367.26284
v -277.40818 1985.73601 11375.35763
v -269.38710 1986.66096 11377.36607
v 98.13619 -29.04130 10293.72311
v 88.35380 -60.65840 10269.91367
v 113.41220 -91.50642 10279.00791
v 138.68153 -78.95444 10308.43830
v 129.24044 -40.34887 10317.53254
v -18.19927 -90.74100 10419.92569
v -26.71818 -119.02675 10398.23055
v -4.27971 -146.80170 10406.49986
v 18.10694 -135.68181 10433.30383
v 9.50417 -101.03439 10441.60175
v -137.38261 -154.09668 10542.30404
v -143.74395 -178.60693 10521.87157
v -124.20841 -203.45692 10529.58775
v -105.77346 -194.30481 10554.78859
v -113.91556 -163.79850 10562.64782
v -267.03179 -223.58111 10650.17986
v -271.56016 -244.47124 10631.45256
v -254.86293 -266.35876 10638.50498
v -240.01512 -258.99583 10661.58962
v -247.53587 -232.55780 10668.80512
v -398.76255 -293.64190 10754.92764
v -402.39316 -311.38307 10738.72471
v -388.24910 -330.16527 10744.85970
v -375.87696 -324.03210 10764.85443
v -382.37464 -301.45943 10771.07620
v -532.02736 -364.12048 10857.27215
v -533.68640 -378.18417 10842.89551
v -522.62026 -394.11849 10848.45257
v -514.12201 -389.90271 10866.26339
v -519.93591 -371.36292 10871.71459
v -683.12293 -440.15670 10925.26817
v -684.48061 -451.36765 10913.84792
v -675.70680 -464.06546 10918.29014
v -668.92660 -460.70215 10932.45602
v -673.51007 -445.92574 10936.76853
v -815.33533 -508.79246 11026.97277
v -817.49099 -517.71855 11019.26517
v -810.42743 -526.94583 11022.21298
v -803.90620 -523.72247 11031.74305
v -806.93942 -512.50309 11034.68418
v -929.65978 -569.30453 11136.95526
v -931.36114 -575.49214 11131.92463
v -926.45091 -581.71558 11133.83389
v -921.71490 -579.37431 11140.04517
v -923.69813 -571.70385 11141.97445
v 110.15278 -96.32342 10447.25132
v 130.91776 -71.82255 10423.50960
v 120.73245 -34.28345 10432.57809
v 93.67261 -35.58389 10461.92455
v 87.13402 -73.92670 10470.99304
v 246.09686 -87.69544 10572.98374
v 265.21972 -64.72099 10550.37308
v 255.79664 -29.48732 10559.00574
v 230.85000 -30.68617 10586.95126
v 224.85521 -66.66077 10595.59059
v 385.82882 -78.84505 10694.09752
v 402.40982 -57.43878 10671.88358
v 394.08302 -24.49104 10680.35412
v 372.35576 -25.53448 10707.80373
v 367.25441 -59.12711 10716.29715
v 535.25585 -69.40622 10802.55985
v 549.88939 -49.53285 10781.31580
v 542.98627 -18.86748 10789.82353
v 524.08642 -19.78862 10816.32519
v 519.30881 -51.02327 10824.19682
v 685.66924 -66.52959 10908.33569
v 700.13934 -48.16261 10889.37378
v 694.93556 -19.82001 10898.08559
v 677.24931 -20.67029 10922.43290
v 671.52244 -49.53840 10928.76720
v 830.60986 -76.66720 11016.72268
v 846.66741 -60.11377 11001.44863
v 843.85788 -34.30197 11010.98919
v 826.06399 -34.90283 11032.15885
v 817.87622 -61.08598 11035.70271
v 959.99491 -117.11537 11137.63046
v 976.93855 -102.76663 11125.70763
v 977.11480 -80.11641 11136.75594
v 960.28006 -80.46655 11155.50613
v 949.69940 -103.33316 11156.04687
v 1088.97090 -186.62328 11246.85097
v 1104.36046 -173.72540 11236.17172
v 1106.86100 -154.48815 11248.04306
v 1093.01686 -155.49678 11266.05797
v 1081.96020 -175.35737 11265.32173
v 1228.14250 -269.31801 11335.14881
v 1238.77740 -256.13505 11323.98415
v 1242.87140 -239.98658 11335.56080
v 1234.76684 -243.18925 11353.87993
v 1225.66390 -261.31707 11353.62530
v 1399.48702 -339.42503 11357.57637
v 1405.77102 -326.67229 11346.78268
v 1406.98242 -311.56635 11356.21452
v 1401.44706 -314.98313 11372.83707
v 1396.81470 -332.20074 11373.67821
v 1571.15459 -352.65744 11432.48558
v 1574.41819 -341.35425 11422.54829
v 1572.58356 -327.92032 11429.85058
v 1568.18616 -330.92088 11444.30161
v 1567.30306 -346.20926 11445.93048
v 1751.86574 -344.92123 11463.92059
v 1752.99084 -335.43211 11455.14297
v 1751.01817 -324.12249 11461.18927
v 1748.67404 -326.62189 11473.70434
v 1749.19796 -339.47623 11475.39234
v 1929.03292 -324.61709 11505.20706
v 1930.46105 -316.84664 11498.20423
v 1927.69814 -307.75726 11502.80857
v 1924.56234 -309.91018 11512.65717
v 1925.38726 -320.33011 11514.13918
v 2094.65981 -296.71368 11583.88519
v 2094.51294 -290.93587 11578.21465
v 2092.84353 -283.89832 11581.85482
v 2091.95876 -285.32666 11589.77604
v 2093.08124 -293.24701 11591.03107
v 2102.40483 -295.28946 11582.59392
v 2100.56567 -289.87420 11577.01778
v 2099.92838 -282.76226 11580.59788
v 2101.37367 -283.78209 11588.38749
v 2102.90432 -291.52432 11589.62154
v 100.93029 -21.43987 10600.77477
v 78.46759 -47.06080 10581.57921
v 92.11776 -82.96890 10588.91106
v 123.01674 -79.54039 10612.63847
v 128.46318 -41.51336 10619.97032
v -12.78076 -36.13155 10750.97942
v -33.72528 -60.15072 10732.80907
v -20.99625 -93.84166 10739.78519
v 7.81525 -90.64463 10762.26711
v 12.89270 -54.97781 10769.18602
v -128.72244 -50.67728 10899.24335
v -147.73346 -73.05213 10881.58417
v -136.17328 -104.55267 10888.50975
v -110.01766 -101.64623 10910.44903
v -105.41280 -68.34941 10917.08279
v -252.40552 -64.70387 11040.45200
v -269.95403 -85.48637 11023.90480
v -259.92939 -114.81631 11031.18038
v -236.18530 -112.16070 11052.22416
v -231.53530 -81.18951 11057.95479
v -376.33908 -69.69541 11181.00643
v -393.33430 -88.91141 11166.61167
v -385.00652 -116.02746 11174.40128
v -362.86443 -113.57008 11193.61115
v -357.50765 -84.93529 11197.69287
v -497.43178 -63.18852 11322.62421
v -514.59843 -80.67567 11311.29265
v -508.13854 -105.45024 11319.86046
v -486.97948 -103.27461 11336.48777
v -480.36236 -77.15543 11338.19675
v -608.03640 -33.91528 11471.35258
v -623.30282 -49.90617 11460.62183
v -618.66874 -72.20106 11469.86198
v -600.53831 -69.98917 11486.30333
v -593.96714 -46.32726 11487.22458
v -751.73658 -7.49135 11595.22152
v -762.12770 -22.26728 11582.39555
v -756.39683 -42.53212 11589.27250
v -742.46389 -40.28054 11606.34995
v -739.58373 -18.62416 11610.02541
v -900.64591 -39.57525 11711.09104
v -907.62198 -52.44910 11697.84641
v -899.97679 -70.18211 11701.96056
v -888.27568 -68.26785 11717.74769
v -888.68922 -49.35177 11723.39153
v -1046.75138 -85.84200 11823.45772
v -1051.98646 -96.85979 11811.15341
v -1044.13307 -112.06041 11813.88474
v -1034.04450 -110.43711 11827.87609
v -1035.66265 -94.23324 11833.79269
v -1187.86633 -152.83304 11931.33068
v -1191.92863 -162.12508 11920.41206
v -1184.58903 -174.95430 11922.31369
v -1175.99070 -173.59115 11934.40914
v -1178.01619 -159.91946 11939.98146
v -1328.27032 -219.52495 12038.67054
v -1330.52683 -226.80628 12028.79143
v -1324.92542 -237.78632 12030.73406
v -1319.20707 -237.29104 12041.81385
v -1321.27428 -226.00490 12046.71955
v -1494.62450 -284.76298 12095.74509
v -1495.44656 -290.26732 12087.35561
v -1491.80925 -299.45248 12089.29253
v -1488.73913 -299.62486 12098.87886
v -1490.47899 -290.54627 12102.86617
v -1656.28815 -332.37588 12141.99543
v -1656.94451 -336.65785 12135.48279
v -1654.44255 -343.89338 12137.08496
v -1652.24004 -344.08319 12144.58752
v -1653.38063 -336.96499 12147.62211
v 116.79265 -49.96682 10907.74536
v 115.01146 -19.66889 10885.81085
v 83.56109 -1.15058 10894.18888
v 65.90487 -20.00358 10921.30184
v 86.44311 -50.17368 10929.67987
v 205.86799 48.14715 11033.97942
v 204.00989 76.28936 11013.19408
v 174.65807 93.69336 11021.13342
v 158.37578 76.30741 11046.82541
v 177.66456 48.15830 11054.76475
v 297.14909 148.61134 11156.43024
v 294.66709 174.01618 11136.10935
v 267.62062 190.53045 11143.87131
v 253.38697 175.33198 11168.98918
v 271.63658 149.42455 11176.75114
v 395.21694 256.32066 11267.23289
v 392.07923 278.95179 11247.46037
v 367.35246 294.58785 11255.01347
v 355.20819 281.62035 11279.45328
v 372.42940 257.96992 11287.00542
v 496.43019 367.38810 11371.53721
v 493.06017 387.69883 11352.84996
v 470.49361 402.28811 11359.99203
v 459.91674 390.99404 11383.09288
v 475.94643 369.42464 11390.22827
v 600.01439 480.88554 11470.78514
v 596.35031 498.81080 11453.17554
v 575.99092 512.40218 11459.93042
v 567.07221 502.87688 11481.71520
v 581.91955 483.39853 11488.42430
v 708.34374 598.72472 11559.44252
v 704.37700 614.25740 11542.97352
v 686.22988 626.85406 11549.31450
v 678.98107 619.10659 11569.70215
v 692.64823 601.72170 11575.96111
v 819.66949 719.48546 11639.56451
v 815.58627 732.82772 11624.44401
v 799.55953 744.33613 11630.27668
v 793.73765 738.10649 11649.00112
v 806.16623 722.74792 11654.74129
v 934.04889 843.23120 11710.95943
v 928.61742 853.07872 11696.69628
v 915.17323 863.98250 11702.19707
v 912.29576 860.87388 11719.86008
v 923.96158 848.04887 11725.27504
v 1056.60594 975.85052 11723.62900
v 1050.70710 983.15275 11710.94704
v 1039.43515 993.05707 11715.82603
v 1038.36751 991.87607 11731.52447
v 1048.97964 981.24182 11736.34720
v 1177.17803 1108.10578 11747.45369
v 1174.78752 1117.16211 11737.86640
v 1163.98859 1124.24231 11741.45794
v 1159.70492 1119.56179 11753.26347
v 1167.85645 1109.58898 11756.96945
v 1240.14068 1185.51052 11861.70292
v 1239.29191 1194.61358 11854.87747
v 1229.37047 1199.78476 11857.11384
v 1224.08736 1193.87758 11865.32211
v 1230.74365 1185.05561 11868.15834
v 1298.59507 1264.27686 11940.93037
v 1297.09637 1271.11840 11934.15260
v 1289.02400 1276.02291 11936.55682
v 1285.53355 1272.21251 11944.82040
v 1291.44883 1264.95302 11947.52407
v 1402.96412 1378.89791 12013.11398
v 1401.47686 1383.77905 12007.63226
v 1395.60211 1387.91502 12009.74655
v 1393.45872 1385.59008 12016.53576
v 1398.00858 1380.01716 12018.61668
v 104.05519 14.98924 11214.63490
v 75.39336 15.73127 11193.22300
v 54.75063 -12.33158 11201.40171
v 70.65454 -30.41741 11227.86808
v 101.12643 -13.53221 11236.04679
v 9.28119 119.77030 11343.18733
v -17.34984 120.26958 11322.93510
v -36.87158 94.28201 11330.88207
v -22.30565 77.72153 11356.04477
v 6.21833 93.47416 11363.65032
v -85.90777 229.66608 11465.90996
v -110.21021 229.55275 11446.43974
v -129.00394 206.11775 11454.64420
v -116.31668 191.74746 11479.18415
v -89.68177 206.30112 11486.14693
v -181.64641 349.42222 11576.47991
v -203.67187 348.67892 11557.91378
v -222.69303 329.24014 11567.43717
v -212.42328 317.96962 11591.88843
v -187.05507 330.44282 11597.47696
v -263.84017 494.50901 11662.77218
v -283.99530 493.64716 11645.58315
v -302.97607 478.34697 11655.97916
v -294.55170 469.75276 11679.59213
v -270.36437 479.74145 11683.79116
v -338.51504 650.08730 11741.74309
v -357.04190 649.59443 11726.21155
v -374.96448 636.92373 11736.35864
v -367.51437 629.58568 11758.16154
v -344.98739 637.72124 11761.48987
v -405.72932 812.66975 11818.32027
v -422.38814 812.03228 11804.18491
v -438.26675 799.87335 11813.00259
v -431.42149 792.99617 11832.58820
v -411.31225 800.90475 11835.87456
v -492.06331 962.07273 11904.89864
v -506.00213 959.80811 11891.40034
v -519.40489 947.53349 11898.56339
v -513.74942 942.21205 11916.48865
v -496.85135 951.19780 11920.40348
v -600.02381 1105.68237 11966.75682
v -610.49134 1101.23742 11953.78876
v -621.65397 1089.50758 11959.73015
v -618.08538 1086.70306 11976.37081
v -604.71720 1096.69960 11980.71289
v -735.23641 1237.69450 12003.43323
v -743.01839 1232.57875 11991.75930
v -751.34045 1221.09461 11996.43612
v -748.70169 1219.11263 12011.00063
v -738.74885 1229.37191 12015.32459
v -887.47483 1343.62411 12051.29051
v -894.05477 1339.31220 12041.43620
v -900.93607 1329.49388 12045.34149
v -898.60892 1327.73769 12057.60860
v -890.28943 1336.47072 12061.28597
v -1023.51797 1469.76674 12091.34197
v -1029.43420 1466.76683 12083.47988
v -1035.97760 1459.63526 12086.96461
v -1034.10554 1458.22752 12096.98200
v -1026.40498 1464.48898 12099.68662
v -1140.90598 1612.42628 12136.41357
v -1145.94483 1610.61215 12130.50842
v -1151.03507 1605.10743 12133.21781
v -1149.14215 1603.51944 12140.79666
v -1142.88211 1608.04272 12142.77172
v -1183.46190 1658.05030 12161.58867
v -1188.15422 1656.61252 12156.37875
v -1192.48736 1651.40259 12158.68187
v -1190.47308 1649.62053 12165.31372
v -1184.89504 1653.72896 12167.11044
v 48.10245 -4.78301 11368.03532
v 75.52019 -21.07149 11353.72734
v 103.85756 -1.35136 11359.19285
v 93.95327 27.12484 11376.87778
v 59.49472 25.00396 11382.34329
v 80.69608 -92.51755 11527.55642
v 106.29519 -107.70594 11514.14967
v 132.79557 -89.38671 11519.43111
v 123.57458 -62.87643 11536.10229
v 91.37533 -64.81141 11541.12434
v 112.00719 -181.95179 11685.15587
v 135.73843 -195.86547 11672.35851
v 160.60606 -179.64841 11678.61366
v 152.24385 -155.71205 11695.27626
v 122.20810 -157.13562 11699.31984
v 134.94606 -286.91763 11834.06544
v 156.82077 -299.52660 11821.88702
v 180.04391 -285.72467 11829.37050
v 172.52187 -264.58567 11846.17424
v 144.64988 -265.32295 11849.07627
v 151.92585 -399.82128 11977.11372
v 171.98423 -411.21691 11965.71255
v 193.45576 -399.80909 11974.13921
v 186.66750 -381.36300 11990.74745
v 161.00061 -381.37054 11992.58518
v 158.49216 -526.94374 12110.19707
v 176.74628 -537.22209 12099.71523
v 196.33953 -527.66490 12108.28781
v 190.19471 -511.47979 12124.06826
v 166.80375 -511.03413 12125.24796
v 164.23289 -654.99979 12243.60561
v 180.68939 -664.28751 12234.17950
v 198.35420 -655.72888 12241.96625
v 192.81515 -641.15161 12256.20651
v 171.72702 -640.70100 12257.21931
v 169.57232 -783.41758 12377.06947
v 184.23225 -791.74161 12368.72673
v 199.95910 -783.90205 12375.43488
v 195.01889 -770.73288 12387.92419
v 176.23883 -770.43349 12388.93414
v 178.54118 -906.87221 12514.85729
v 191.38449 -913.83106 12507.18021
v 205.18321 -906.97873 12513.09204
v 200.86798 -895.78491 12524.42360
v 184.40230 -895.71911 12525.51460
v 189.58056 -1040.46965 12638.81493
v 200.55130 -1045.11786 12631.05011
v 212.50241 -1040.02547 12636.83796
v 208.91787 -1032.22990 12648.17905
v 194.75138 -1032.50444 12649.40166
v 206.35839 -1202.99971 12726.81236
v 215.51298 -1206.57992 12720.07942
v 225.46235 -1201.77126 12724.53403
v 222.45681 -1195.21904 12734.02119
v 210.64991 -1195.97828 12735.42881
v 238.28101 -1333.44424 12856.61507
v 245.45953 -1335.59048 12850.60120
v 253.10880 -1330.35219 12853.11985
v 250.65780 -1324.96834 12860.69012
v 241.49372 -1326.87938 12862.85019
v 316.59535 -1465.70098 12950.23155
v 321.90368 -1466.95757 12945.26482
v 327.39368 -1462.19814 12946.54274
v 325.47835 -1458.00018 12952.29912
v 318.80459 -1460.16514 12954.57840
v 329.91278 -1483.14953 12972.41211
v 335.18779 -1484.69496 12968.09196
v 340.18239 -1479.88391 12968.97411
v 337.99425 -1475.36516 12973.83881
v 331.64728 -1477.38349 12975.96359
v 55.42939 2.33315 11827.86751
v 81.80034 20.57515 11822.81494
v 72.95407 51.74800 11824.74518
v 41.11582 52.77186 11830.98984
v 30.28498 22.23180 11832.92007
v 88.73101 3.24441 11997.48611
v 113.20991 20.17760 11992.79594
v 104.99834 49.11388 11994.58790
v 75.44441 50.06428 12000.38433
v 65.39064 21.71539 12002.17628
v 122.02220 4.15605 12167.05132
v 144.59537 19.78096 12162.65488
v 137.03813 46.47994 12164.40678
v 109.79433 47.35591 12169.88564
v 100.51398 21.19830 12171.52023
v 156.90584 4.23348 12336.28845
v 177.57282 18.55031 12332.18479
v 170.67055 43.01172 12333.89759
v 145.73774 43.81285 12339.05983
v 137.23068 19.84658 12340.53707
v 192.09757 4.15386 12505.50747
v 210.86279 17.16250 12501.71947
v 204.60120 39.38695 12503.32260
v 181.96611 40.11378 12508.10051
v 174.23844 18.33853 12509.44996
v 228.28737 3.88079 12674.52431
v 245.15355 15.58110 12671.06724
v 239.52894 35.56880 12672.54066
v 219.18657 36.22156 12676.90849
v 212.23889 16.63729 12678.13396
v 264.76607 3.57411 12843.96553
v 279.43787 13.96445 12839.65778
v 274.40441 31.71577 12840.81268
v 256.62175 32.29633 12845.83473
v 250.66492 14.90384 12847.78309
v 322.55781 12.88481 13007.29847
v 334.95554 21.91230 13002.20490
v 330.41877 37.41132 13002.78950
v 315.21714 37.96275 13008.24356
v 310.35879 22.80453 13011.03020
v 382.32619 29.66320 13169.05880
v 392.78910 37.35357 13164.29043
v 388.72305 50.57536 13164.29234
v 375.74720 51.05651 13169.06071
v 371.79372 38.13208 13172.00661
v 442.58139 53.69150 13329.73289
v 451.06775 60.01318 13325.22106
v 447.58031 70.97244 13324.95308
v 436.93861 71.42397 13329.29897
v 433.84913 60.74376 13332.25346
v 513.40580 83.03490 13484.49707
v 519.91677 87.97900 13480.31998
v 517.09360 96.70959 13480.01766
v 508.83776 97.16129 13484.00784
v 506.55854 88.70987 13486.77635
v 592.97192 116.81842 13633.71277
v 598.08058 120.59002 13631.13976
v 596.13162 127.15760 13631.25896
v 589.81848 127.44500 13633.90636
v 587.86565 121.05504 13635.42271
v 601.05705 117.39793 13658.57697
v 606.17065 121.01468 13656.86798
v 604.46191 127.25945 13657.34959
v 598.29223 127.50219 13659.35612
v 596.18789 121.40743 13660.11429
v 27.83349 40.46796 12288.38825
v 15.92964 12.97258 12287.75787
v 38.39990 -6.85479 12287.99820
v 64.19112 8.38660 12288.77831
v 57.66071 37.63366 12289.01863
v 25.82123 35.02999 12461.23314
v 15.62544 11.47985 12460.69241
v 34.87150 -5.50254 12460.89935
v 56.96200 7.55190 12461.56693
v 51.36863 32.60238 12461.77387
v 23.80901 29.59201 12634.07803
v 15.32155 9.98730 12633.61645
v 31.34325 -4.15017 12633.79383
v 49.73267 6.71710 12634.36604
v 45.07625 27.57091 12634.54056
v 21.57063 24.04573 12806.91433
v 14.79143 8.38637 12806.53381
v 27.58884 -2.90621 12806.68163
v 42.27727 5.77396 12807.15370
v 38.55781 22.43117 12807.29675
v 19.27881 18.47380 12979.76017
v 14.20874 6.76032 12979.42829
v 23.78187 -1.68733 12979.54464
v 34.76845 4.80520 12979.94900
v 31.98541 17.26547 12980.08156
v 15.99480 11.98445 13152.55833
v 12.63332 4.21657 13152.30083
v 18.98226 -1.38614 13152.38190
v 26.26760 2.91908 13152.68993
v 24.42125 11.18257 13152.79865
v 13.96559 8.12132 13251.97601
v 11.58648 2.62328 13251.78814
v 16.08027 -1.34235 13251.84727
v 21.23669 1.70479 13252.07043
v 19.92975 7.55366 13252.15054
v 1034.16085 -17.95118 5328.45163
v 1003.29161 11.53884 5307.14941
v 1021.55578 22.83711 5349.75386
v 1140.52832 50.66860 5264.67800
v 1111.78195 77.26167 5245.52393
v 1127.17974 86.74499 5285.19011
v 1250.71251 136.74574 5207.75700
v 1220.85416 157.37309 5192.65175
v 1233.27160 164.67579 5229.22564
v 1337.68284 267.57741 5154.46901
v 1308.48384 282.07818 5143.02874
v 1320.21248 289.49702 5174.66974
v 1420.47107 392.77115 5084.59187
v 1396.97766 407.22242 5073.71473
v 1407.14502 413.72049 5100.79765
v 1521.45123 487.49194 5031.63815
v 1504.60935 502.95293 5020.90216
v 1510.12278 505.36186 5045.43257
v 1651.63815 601.31282 5015.65933
v 1639.99617 615.25178 5006.85787
v 1640.26678 613.56580 5026.96705
v 1768.09013 710.04838 5045.37058
v 1760.22160 721.61120 5038.82599
v 1758.29077 718.47445 5053.82204
v 1856.48274 784.07508 5078.17984
v 1850.79527 793.33121 5073.25554
v 1848.87648 790.55297 5084.69534
v 1202.67808 -34.39496 5301.92661
v 1168.15197 -6.57160 5284.31511
v 1196.06268 9.45058 5319.53812
v 1296.16416 22.30267 5202.09503
v 1263.56363 46.71199 5187.47425
v 1288.01548 60.69136 5220.32356
v 1388.25059 104.39489 5105.04580
v 1357.63931 124.92380 5093.71376
v 1379.63188 137.54022 5122.76649
v 1463.25529 174.17936 5010.48708
v 1439.06927 194.33075 4997.11084
v 1460.09719 206.51612 5021.17968
v 1546.46552 187.32607 4925.21048
v 1529.88219 206.86270 4908.76293
v 1545.96806 216.86020 4932.60622
v 1656.05199 218.72483 4863.21974
v 1642.01212 235.93183 4848.60659
v 1649.16456 242.29389 4873.40832
v 1788.80918 312.86231 4829.16117
v 1777.14479 326.69026 4817.38520
v 1780.35522 330.44535 4838.39798
v 1910.00402 384.20904 4795.45164
v 1904.93476 396.54487 4784.80101
v 1910.45773 400.52143 4800.45319
v 2051.79095 332.42378 4727.27585
v 2050.87471 340.68683 4718.72282
v 2056.63991 343.20626 4728.85656
v 1275.71225 -29.68299 5269.14406
v 1311.40327 -8.79011 5245.35370
v 1313.05206 -11.90356 5292.93442
v 1338.71508 -143.48857 5259.51815
v 1371.10043 -124.10384 5237.85114
v 1373.28339 -128.24138 5281.11935
v 1404.12176 -267.24571 5239.57968
v 1432.03068 -247.78897 5220.49522
v 1435.22358 -253.79765 5258.90589
v 1469.82265 -369.69343 5213.85717
v 1494.07780 -350.81550 5196.99764
v 1497.04409 -356.37867 5231.48203
v 1551.16725 -491.34332 5191.53690
v 1572.15655 -474.98465 5176.94283
v 1572.63267 -476.72117 5207.23963
v 1629.03738 -581.93791 5196.54369
v 1647.80951 -568.09336 5183.80594
v 1644.14430 -564.62550 5209.89943
v 1719.56849 -667.55641 5240.57436
v 1737.36882 -658.32430 5230.78108
v 1731.80330 -652.49091 5251.58930
v 1807.39009 -807.30546 5309.12971
v 1822.37399 -803.73764 5303.25794
v 1818.40611 -799.68256 5318.73512
v 1835.78920 -940.37569 5343.91451
v 1847.02253 -939.17340 5340.08837
v 1844.30444 -936.77914 5351.45283
v 1667.65177 -34.80033 5139.63127
v 1684.85963 3.77902 5117.45310
v 1699.06914 -6.56169 5161.80944
v 1767.64131 -104.55774 5091.33768
v 1782.94003 -69.10020 5071.30575
v 1795.84694 -78.49345 5111.77492
v 1869.56501 -170.87947 5043.59913
v 1886.04593 -140.92356 5024.31917
v 1895.84136 -147.99197 5061.66601
v 1982.83172 -276.66634 5004.23002
v 2001.78456 -255.31778 4985.78453
v 2007.99274 -259.20898 5018.97383
v 2075.51026 -402.03497 4977.98967
v 2093.72163 -386.69053 4961.72953
v 2097.91756 -388.60109 4990.19432
v 2141.76488 -496.35851 4964.73312
v 2154.38962 -478.94818 4951.63727
v 2160.08663 -483.10494 4975.80910
v 2203.95207 -537.82243 4929.48771
v 2216.19844 -523.31936 4917.39607
v 2220.86239 -526.56358 4939.17322
v 2289.65664 -695.36757 4921.86737
v 2300.23694 -686.30856 4912.64439
v 2300.67563 -685.25612 4929.31080
v 2415.36713 -777.38237 4936.41663
v 2421.42630 -769.60516 4929.70276
v 2420.97449 -768.18389 4941.53690
v 143.09159 -1042.96124 5465.98482
v 154.87854 -1002.67971 5447.79682
v 177.42737 -1018.82434 5484.17282
v 235.14882 -1105.33571 5381.21700
v 247.09369 -1070.49072 5363.66701
v 266.39783 -1084.27703 5396.86584
v 336.58290 -1191.80214 5292.42611
v 347.57206 -1162.30845 5276.70336
v 362.80459 -1173.06435 5306.53811
v 457.15582 -1273.28110 5207.53002
v 462.21480 -1246.16766 5197.28804
v 474.38985 -1254.82845 5222.63336
v 582.31521 -1293.67268 5139.65034
v 586.38322 -1271.15297 5131.25086
v 598.13577 -1279.07181 5151.08538
v 663.16140 -1363.50524 5049.67594
v 668.90299 -1347.49985 5040.47394
v 679.73095 -1354.89225 5054.68369
v 713.98979 -1432.12914 4968.28985
v 715.34348 -1417.22357 4965.12890
v 725.07620 -1423.89202 4974.86544
v 752.88481 -1420.95351 4931.33497
v 753.79676 -1407.75812 4928.70855
v 755.24068 -1412.23264 4941.34712
v 799.89445 -1440.57977 4958.81081
v 805.14842 -1430.52423 4957.37791
v 798.91306 -1432.43027 4966.77256
v 138.64195 -1160.82764 5425.02880
v 158.02374 -1123.60358 5406.83365
v 177.00057 -1143.80133 5443.22395
v 221.02219 -1244.17961 5335.78968
v 239.24787 -1212.23521 5318.54296
v 255.00333 -1228.96874 5352.03648
v 318.19233 -1354.50661 5245.21971
v 331.84913 -1325.33634 5232.23877
v 344.54274 -1338.89139 5261.58237
v 434.13189 -1416.62598 5163.85126
v 439.81743 -1388.32247 5157.60803
v 453.21655 -1401.38471 5180.46045
v 536.13585 -1432.83546 5074.85247
v 543.10364 -1410.30514 5067.44051
v 556.07671 -1422.15967 5084.82647
v 587.25172 -1521.35921 4977.97728
v 595.19035 -1506.03187 4968.49203
v 605.55208 -1515.50484 4982.30553
v 625.58281 -1579.09441 4908.14495
v 632.95513 -1567.70706 4899.12844
v 639.94193 -1573.01319 4912.85276
v 665.31658 -1632.65359 4886.89518
v 669.06148 -1620.77439 4880.50222
v 671.42290 -1622.39397 4894.20652
v 742.77562 -1622.97487 4882.95603
v 741.30839 -1612.62000 4878.33023
v 741.99390 -1613.76393 4889.68754
v 145.41078 -1300.07505 5362.89740
v 162.99716 -1335.64401 5340.13939
v 158.81236 -1337.42249 5385.65540
v 16.01830 -1357.72085 5348.73772
v 33.56583 -1389.31155 5328.27187
v 28.74609 -1391.37983 5369.46964
v -101.39002 -1419.71517 5328.23086
v -85.26552 -1448.13168 5309.79013
v -91.74406 -1450.95241 5346.63630
v -199.62758 -1457.26562 5304.07858
v -188.97885 -1484.54428 5286.39412
v -195.63234 -1487.36799 5319.83089
v -324.35337 -1477.14460 5279.22058
v -315.68813 -1501.59073 5263.38291
v -318.31893 -1503.22020 5293.61486
v -467.45214 -1543.67983 5278.99790
v -456.06670 -1562.57570 5265.53631
v -453.64583 -1561.76555 5291.25357
v -606.95732 -1688.03751 5316.98513
v -597.87560 -1702.26002 5306.57339
v -593.18644 -1699.39041 5325.62447
v -722.68122 -1789.66498 5375.21124
v -721.08150 -1803.49755 5370.09907
v -714.51002 -1799.46768 5382.77245
v -811.37532 -1782.74310 5442.41476
v -813.58635 -1793.85233 5440.84406
v -806.83482 -1790.52770 5449.45431
v 129.54068 -1376.76609 5341.96329
v 172.33312 -1373.08204 5326.22862
v 162.17771 -1404.68729 5357.69796
v 104.34581 -1464.78593 5245.38946
v 142.91190 -1459.75697 5233.50382
v 133.22821 -1490.06248 5258.83579
v 93.62477 -1528.53596 5149.32442
v 128.12136 -1523.66090 5139.17303
v 119.92027 -1548.67458 5164.15071
v 79.53512 -1649.88530 5060.86731
v 108.18724 -1647.85540 5050.54665
v 102.11258 -1664.19613 5075.59967
v 56.71742 -1771.39199 4981.84443
v 80.13901 -1769.38403 4973.70625
v 74.82766 -1784.54614 4992.69915
v 44.12112 -1845.14093 4901.39484
v 63.35402 -1843.82069 4894.23800
v 57.39962 -1860.49056 4904.70362
v 21.32717 -1854.71070 4848.86789
v 36.60434 -1856.04548 4838.91392
v 33.48238 -1867.87605 4852.49901
v -11.91879 -1932.90508 4829.65851
v 0.81750 -1933.64513 4821.72108
v 0.26611 -1939.39161 4835.59322
v -24.96572 -2012.28976 4779.68168
v -14.79585 -2011.01327 4774.61052
v -15.63326 -2016.99948 4784.31797
v 138.98897 -1482.59068 5299.17669
v 166.36916 -1512.50899 5278.02086
v 151.33150 -1521.22283 5320.33253
v 40.74536 -1542.59479 5251.92451
v 63.23975 -1570.75119 5231.77433
v 49.03140 -1578.94552 5269.66572
v -59.53773 -1579.97715 5203.81689
v -40.29749 -1605.73900 5185.24218
v -52.42138 -1612.81800 5219.61927
v -166.36339 -1637.57312 5159.80911
v -149.94682 -1660.43067 5143.30626
v -157.48549 -1665.21800 5174.68405
v -293.19179 -1700.48821 5130.47314
v -280.74905 -1720.52228 5116.23096
v -282.93276 -1722.41318 5143.62955
v -417.59488 -1779.60289 5130.16891
v -406.51661 -1795.32433 5118.67619
v -407.39465 -1796.32795 5141.04128
v -521.58648 -1855.96919 5115.39841
v -513.34107 -1868.84534 5106.22740
v -513.43107 -1869.25423 5124.05205
v -598.56182 -1900.83897 5122.64872
v -592.95267 -1912.28962 5115.32164
v -588.78654 -1909.67369 5129.18043
v -649.36483 -1960.62684 5174.66068
v -645.03354 -1969.55907 5168.98346
v -639.84519 -1965.72363 5178.42531
v 131.39318 -1583.45163 5277.24600
v 153.03186 -1548.48623 5257.20739
v 167.98396 -1564.69202 5297.28460
v 221.52373 -1677.27244 5205.68132
v 240.81214 -1645.56015 5187.79612
v 254.36872 -1660.25257 5223.82307
v 298.47243 -1754.51171 5144.69862
v 317.49243 -1727.59092 5127.18678
v 329.64408 -1740.74972 5159.93309
v 371.46246 -1865.22245 5074.75901
v 390.28877 -1844.97702 5057.39117
v 400.35218 -1855.63350 5086.56502
v 454.62188 -2025.22182 4993.26420
v 469.06710 -2007.23886 4979.97665
v 477.52348 -2016.33763 5003.52049
v 557.41191 -2135.94079 4904.32310
v 563.76261 -2116.41836 4898.26298
v 572.63529 -2125.72789 4915.37428
v 628.29912 -2146.93689 4848.37770
v 637.00545 -2132.32970 4840.86752
v 641.58118 -2138.11231 4857.93209
v 659.93017 -2215.28220 4844.61784
v 673.63924 -2212.27646 4836.68423
v 672.81449 -2209.77139 4852.58865
v 688.57551 -2353.36137 4901.37529
v 698.86810 -2353.45888 4896.39282
v 697.68924 -2349.35284 4907.00054
v 132.49770 -1664.53052 5232.45335
v 165.16073 -1689.33511 5212.20016
v 148.36396 -1702.35121 5252.70653
v 43.88049 -1736.32348 5172.63222
v 72.68352 -1759.43089 5153.74279
v 57.96104 -1770.84947 5190.80019
v -46.34231 -1802.38998 5118.86883
v -20.00357 -1822.96741 5102.02169
v -30.97997 -1831.43938 5136.78885
v -126.25843 -1887.14683 5082.03650
v -104.09851 -1906.68702 5066.42294
v -110.56337 -1911.37278 5098.87171
v -209.48873 -1952.28982 5063.63297
v -189.01896 -1969.18726 5049.84474
v -193.64823 -1972.30065 5079.23079
v -287.84034 -2060.20713 5037.73165
v -268.68954 -2072.79825 5026.65138
v -275.14857 -2078.05657 5050.70734
v -358.92418 -2124.99809 4988.97314
v -348.16235 -2139.56285 4976.97496
v -354.59420 -2144.67978 4997.08366
v -473.23433 -2135.10442 4959.80787
v -464.80605 -2147.27283 4949.84722
v -465.37560 -2149.10722 4967.58509
v -573.92025 -2305.36509 4979.17795
v -566.19501 -2310.83345 4972.76020
v -564.85736 -2310.30083 4984.10511
v -563.78973 181.29170 5933.53271
v -597.73630 160.22591 5912.63771
v -603.41150 176.16786 5954.42772
v -611.20695 307.74742 5878.83759
v -642.77780 290.15771 5859.08461
v -647.45259 303.21714 5897.86482
v -651.88986 439.91098 5835.80494
v -681.31691 427.04451 5816.87212
v -685.12452 437.33972 5852.50187
v -678.72602 575.17433 5794.39783
v -705.09446 563.55447 5777.44961
v -708.85426 574.35966 5808.86126
v -710.56384 705.35499 5737.47063
v -733.77597 694.57835 5722.64814
v -736.79632 702.81965 5750.88978
v -765.54173 883.40247 5699.99552
v -785.23880 876.05715 5687.36315
v -786.47602 878.38566 5711.74669
v -815.00292 1033.56731 5697.71004
v -830.49917 1025.25616 5687.44612
v -831.33376 1026.69144 5707.73935
v -888.58181 1140.40601 5678.47776
v -900.02459 1131.02639 5670.27855
v -901.26657 1133.16703 5687.01220
v -1013.30042 1309.13508 5647.90964
v -1020.84029 1302.76453 5642.46798
v -1021.65961 1304.17919 5653.62024
v -906.18253 249.04326 5931.88381
v -873.17836 227.41203 5910.07662
v -880.75882 218.86346 5953.69101
v -992.66475 147.30841 5896.91448
v -964.76239 126.23273 5876.77193
v -971.61913 118.50609 5915.78102
v -1081.49600 69.82620 5865.62490
v -1056.84865 50.51094 5847.41020
v -1061.64503 44.91446 5882.87878
v -1162.05168 -29.73674 5846.46463
v -1139.48214 -45.79939 5830.63650
v -1142.02690 -48.88093 5862.28991
v -1235.58855 -123.97996 5834.16271
v -1215.73734 -137.84182 5820.34826
v -1216.04919 -138.03783 5848.22178
v -1303.87819 -240.72342 5844.80810
v -1290.37035 -255.98598 5833.67109
v -1287.99224 -252.91875 5856.57024
v -1382.80427 -298.17373 5870.47815
v -1376.62578 -314.62464 5861.73677
v -1376.36673 -313.22062 5881.31189
v -1494.46988 -317.73764 5850.76761
v -1488.08634 -330.30075 5843.78529
v -1489.45475 -329.85637 5859.44653
v -1594.02502 -407.36577 5856.74095
v -1587.55195 -415.13503 5851.76229
v -1587.66139 -414.24969 5862.99849
v -1225.61932 307.14116 5901.43156
v -1256.11484 282.73949 5878.90768
v -1254.91881 281.31562 5923.95544
v -1319.51916 415.46690 5907.34911
v -1347.62633 393.41283 5886.76882
v -1346.02714 391.50992 5927.92416
v -1402.47786 510.46717 5917.35935
v -1430.49121 493.14654 5898.83900
v -1427.53220 489.48762 5936.33032
v -1477.62883 629.90701 5941.51115
v -1504.55427 617.02633 5925.43650
v -1500.29063 611.35614 5958.58717
v -1548.22230 734.72846 5973.92797
v -1572.18742 722.87863 5959.41877
v -1567.37733 716.30716 5988.72614
v -1633.61061 844.52260 6015.50627
v -1653.23997 832.52531 6002.22683
v -1648.67628 826.32530 6027.64988
v -1724.66075 929.68756 6053.07293
v -1742.22565 919.87073 6041.80479
v -1737.56647 913.68830 6063.52854
v -1830.36757 1074.25928 6126.10579
v -1845.69478 1069.09800 6118.63708
v -1841.14575 1063.01475 6134.75037
v -1930.40848 1263.74590 6240.20863
v -1940.50741 1261.20365 6235.89659
v -1937.36851 1256.88434 6245.82338
v -1345.59047 331.31635 5871.34504
v -1370.77165 301.45174 5848.83404
v -1368.89243 299.96347 5893.85605
v -1452.55077 413.34158 5878.51429
v -1476.72427 386.71425 5857.90396
v -1474.24376 384.73538 5899.23286
v -1553.16389 498.12430 5891.70265
v -1578.52888 476.84711 5873.37112
v -1574.51868 473.43370 5910.84671
v -1642.73334 602.00989 5916.32700
v -1666.90373 584.20712 5900.16365
v -1661.23331 579.00017 5933.37727
v -1739.28118 688.42787 5953.03679
v -1760.21159 671.79525 5938.36260
v -1755.64528 667.65690 5968.23025
v -1869.29584 824.78303 5977.67782
v -1886.23035 810.43500 5965.32774
v -1883.23152 807.78801 5990.41128
v -2010.47993 947.99227 6012.84695
v -2023.27299 935.82016 6002.82574
v -2021.27171 934.07863 6022.95542
v -2142.56334 1064.32164 6026.29185
v -2152.96674 1055.56297 6018.73398
v -2151.10564 1053.91788 6034.09290
v -2249.26686 1176.39041 6064.79025
v -2257.40862 1170.67206 6059.49354
v -2255.41663 1168.81323 6070.43028
v -1409.71231 345.75593 5857.59497
v -1415.51495 305.76324 5837.60357
v -1434.66687 313.96985 5877.58636
v -1520.24639 390.51080 5795.42065
v -1528.39077 355.46947 5775.64716
v -1544.48485 362.29685 5812.78992
v -1624.38321 454.56535 5744.45868
v -1632.35629 423.20147 5726.26877
v -1645.86723 428.81894 5760.38694
v -1730.04782 498.36856 5694.62013
v -1738.22451 470.68679 5677.77681
v -1749.65155 475.33682 5708.83560
v -1826.69711 565.23383 5653.52964
v -1836.58004 542.42426 5637.34961
v -1846.73822 546.56225 5664.90746
v -1934.07989 652.12661 5595.58392
v -1940.68325 631.45804 5582.61967
v -1948.84765 634.65136 5606.32658
v -2060.26411 697.97403 5554.76761
v -2064.16464 679.90661 5544.36922
v -2067.54375 681.05096 5565.27472
v -2220.26658 736.78583 5547.89877
v -2225.16799 723.48058 5539.79158
v -2224.06626 723.17207 5556.08463
v -2377.51079 794.93409 5578.74823
v -2382.00712 786.14891 5573.30275
v -2380.06830 785.51650 5584.38826
v -91.16878 -892.02058 6366.93001
v -56.46744 -875.97507 6346.99440
v -52.93735 -892.00342 6386.86562
v -60.86446 -1018.14258 6313.52377
v -29.17329 -1005.72097 6294.74068
v -26.28105 -1018.69380 6331.27546
v -41.98392 -1146.50249 6272.50242
v -13.50912 -1136.23345 6255.39351
v -10.91230 -1147.90058 6288.04493
v -25.32592 -1244.76933 6231.08196
v 0.58885 -1236.03106 6215.37209
v 2.64975 -1244.63558 6245.64505
v 4.30798 -1405.81179 6202.35157
v 26.42803 -1400.05708 6188.80939
v 27.26518 -1402.34327 6215.26432
v 55.20467 -1601.81451 6200.73891
v 72.55486 -1599.40529 6190.16838
v 73.06769 -1600.32165 6210.60038
v 55.12945 -1732.96964 6189.39352
v 68.83934 -1728.38938 6181.44035
v 69.81428 -1734.38776 6196.77877
v 64.66998 -1766.88266 6162.58001
v 77.07254 -1761.38473 6155.70498
v 77.76904 -1765.82170 6170.23611
v 105.70112 -1908.43701 6172.19925
v 114.95636 -1906.26919 6167.11664
v 114.44649 -1905.68459 6177.86789
v -108.84991 -970.84308 6368.09731
v -75.85004 -952.87937 6346.94576
v -72.70043 -960.60097 6389.24885
v -52.55368 -1102.01085 6339.95867
v -22.56054 -1086.95877 6320.78743
v -19.98650 -1093.24741 6358.83379
v -3.14883 -1234.53665 6317.31033
v 23.11428 -1220.32547 6300.45605
v 25.11736 -1225.21317 6334.33628
v 48.73135 -1330.75821 6300.83656
v 72.64826 -1318.47036 6285.56871
v 73.56903 -1320.88172 6316.38193
v 114.58609 -1487.96940 6298.11049
v 136.06092 -1482.69808 6285.19058
v 136.32023 -1483.21319 6310.79435
v 129.75124 -1647.22598 6293.82849
v 147.48922 -1646.23988 6283.33950
v 147.71689 -1646.79444 6303.96128
v 131.53680 -1739.60304 6291.33940
v 146.91378 -1739.26747 6282.31859
v 146.74920 -1735.72242 6299.79277
v 153.20998 -1806.74887 6322.77203
v 166.30168 -1805.38547 6314.50224
v 164.89841 -1797.99926 6328.10783
v 232.07259 -1915.34269 6404.02174
v 240.81035 -1913.81121 6397.89820
v 239.46340 -1908.04541 6406.90565
v -129.58808 -1054.14319 6374.31192
v -106.53406 -1083.52149 6352.75984
v -105.72737 -1082.87013 6395.86401
v -233.63671 -1141.12890 6377.56300
v -214.24873 -1168.99168 6358.06227
v -212.86874 -1167.90128 6397.17007
v -342.80926 -1216.76731 6386.32202
v -329.52946 -1244.43257 6369.09008
v -327.31593 -1242.83922 6404.17910
v -452.22145 -1264.50980 6396.94929
v -445.80954 -1291.48102 6381.82068
v -444.91342 -1290.47608 6413.37395
v -570.63383 -1280.28321 6395.01524
v -561.66035 -1303.27499 6381.45447
v -561.72591 -1302.65975 6409.60884
v -700.54680 -1379.25315 6399.77407
v -690.06717 -1396.88861 6388.26847
v -688.24661 -1395.38991 6411.67021
v -813.87335 -1450.96862 6423.06757
v -808.51972 -1467.42594 6414.06870
v -805.55612 -1465.38496 6433.23994
v -958.11617 -1494.16745 6452.14796
v -954.48142 -1507.06530 6445.32204
v -951.54589 -1505.21493 6459.95474
v -1080.83904 -1566.56373 6491.01067
v -1077.42393 -1575.41239 6485.88943
v -1075.00315 -1573.93134 6496.28830
v 787.66817 465.33519 6566.60032
v 751.12075 456.07832 6548.53964
v 751.85227 477.10904 6584.66101
v 789.61951 586.99107 6495.73278
v 756.54858 579.40495 6478.94144
v 757.15190 596.63779 6512.64381
v 790.94493 740.29422 6427.58846
v 761.95586 733.31511 6413.01918
v 762.49576 745.77588 6443.77279
v 770.41125 915.78627 6363.42049
v 746.25438 906.82530 6352.56863
v 746.49870 919.77513 6377.34509
v 744.93265 1043.41292 6273.86808
v 724.87313 1033.98919 6265.97404
v 724.51997 1048.79761 6284.25264
v 733.11120 1127.17330 6195.02544
v 715.74527 1121.83452 6186.13052
v 715.48289 1133.60524 6202.57998
v 749.32098 1213.79900 6149.14417
v 735.22812 1214.32257 6138.98611
v 734.20608 1219.51675 6155.54047
v 792.70923 1370.37063 6135.10275
v 782.83799 1372.36929 6127.23637
v 781.77351 1375.16081 6139.66179
v 822.56937 1444.07535 6112.32376
v 814.43775 1445.55855 6105.92842
v 813.94881 1448.81952 6115.84568
v 861.12761 519.56826 6549.13902
v 848.49411 555.48620 6531.87943
v 872.06793 556.03760 6566.39862
v 978.38193 524.37693 6468.98317
v 967.54724 557.23548 6452.71587
v 988.57844 557.73270 6484.63964
v 1097.55468 524.61421 6393.29433
v 1090.39760 554.25501 6376.84584
v 1108.77275 554.74037 6406.21376
v 1227.33450 501.83630 6313.77602
v 1225.21710 527.12935 6296.51785
v 1242.00535 527.44281 6322.21079
v 1371.09745 426.51808 6214.62440
v 1370.88537 447.16242 6199.02325
v 1385.56314 447.20030 6220.33501
v 1504.79364 366.21976 6123.06738
v 1500.15378 384.71928 6112.82682
v 1511.01923 385.14030 6131.54554
v 1628.37601 403.56320 6063.36832
v 1618.46769 417.67147 6057.40452
v 1624.07255 417.14928 6074.75662
v 1746.62375 513.93896 6052.44207
v 1740.61799 525.88987 6047.66273
v 1740.36801 522.87400 6061.54013
v 1882.05743 553.37274 6097.62669
v 1880.27346 563.25525 6094.73181
v 1877.95222 560.15295 6104.43830
v 979.93577 620.99695 6519.29379
v 944.01670 613.83295 6499.14217
v 943.52019 624.92210 6539.44540
v 970.21270 780.48992 6475.28648
v 938.18814 772.92210 6457.61108
v 937.71315 783.35297 6493.47544
v 949.59772 948.82768 6423.35272
v 921.84556 940.23770 6408.57458
v 921.25434 951.16705 6439.27574
v 927.11318 1099.74122 6361.39536
v 903.24318 1091.45534 6348.98520
v 902.47965 1103.11663 6374.59517
v 914.70337 1220.81864 6299.68262
v 893.83233 1215.21103 6288.23900
v 893.29976 1223.80376 6311.12766
v 906.92836 1356.03297 6265.07425
v 889.11760 1352.66614 6255.06210
v 889.19091 1354.66659 6275.67291
v 875.04095 1486.72771 6273.19050
v 860.15630 1485.20243 6264.93692
v 860.73118 1483.40929 6281.92091
v 863.42043 1585.65629 6289.06965
v 850.72035 1587.30614 6282.64475
v 851.32849 1584.12051 6296.60082
v 879.50081 1721.71497 6329.67186
v 870.33457 1724.23792 6325.33121
v 870.72629 1721.21119 6335.32667
v 1286.85355 864.43889 6432.78456
v 1288.76555 901.27051 6413.10263
v 1302.42348 897.87239 6452.46649
v 1421.89765 833.09668 6383.22401
v 1423.78759 866.54985 6365.27348
v 1435.59206 863.61116 6401.28613
v 1554.56936 803.82448 6339.99729
v 1554.53229 834.42634 6324.33128
v 1564.18061 831.97230 6357.23686
v 1688.15494 795.89444 6302.31524
v 1689.28289 823.11004 6287.95958
v 1696.55526 821.13874 6317.81387
v 1824.70524 760.59669 6271.37756
v 1834.83815 780.94989 6256.96516
v 1838.33277 780.30354 6283.64849
v 1926.44346 657.59456 6267.77220
v 1938.39288 672.84489 6255.14269
v 1939.18395 673.81370 6278.23591
v 2042.63067 593.05149 6270.75911
v 2045.62473 609.20370 6259.59778
v 2044.28291 610.88556 6279.34122
v 2187.08730 634.45359 6289.06202
v 2184.10707 646.78782 6279.15144
v 2179.85034 647.70567 6294.65246
v 2361.88531 749.67164 6357.79047
v 2359.51328 757.44396 6351.21870
v 2355.67355 757.46447 6360.93903
v 1398.42403 938.51614 6392.04454
v 1367.63918 963.22089 6378.27587
v 1395.46919 977.87720 6405.81322
v 1486.29475 987.83416 6276.99232
v 1458.81450 1009.71782 6264.92739
v 1484.03788 1022.99833 6288.73968
v 1562.12032 1028.53191 6169.06357
v 1536.69381 1047.35994 6159.73854
v 1558.66981 1058.90310 6181.45895
v 1643.42892 1101.21429 6059.12828
v 1620.70155 1116.67991 6052.18172
v 1637.00211 1124.45939 6074.03946
v 1747.10810 1219.53964 5967.38720
v 1731.48632 1234.13897 5959.54418
v 1741.96565 1238.22701 5979.34723
v 1873.63815 1277.37951 5899.38211
v 1865.30852 1290.74013 5890.76900
v 1873.28565 1293.83063 5906.54516
v 1929.21448 1284.99758 5867.20514
v 1926.73624 1296.40007 5856.51827
v 1936.63347 1298.90299 5868.60752
v 1975.88003 1219.16533 5821.00821
v 1976.76158 1226.89044 5810.68325
v 1982.91564 1229.99072 5821.61856
v 2056.67424 1202.73435 5813.60674
v 2057.34372 1208.99820 5805.26733
v 2058.96974 1212.85486 5814.84365
v 1423.79880 967.89533 6358.32214
v 1420.22645 1005.94211 6341.37297
v 1444.03410 1000.31209 6375.27132
v 1540.90488 942.69484 6271.88396
v 1535.24637 977.49197 6258.36468
v 1556.89418 972.38123 6288.87510
v 1653.82755 943.82930 6191.17975
v 1644.99700 975.23987 6181.62489
v 1664.04772 970.64710 6209.40781
v 1775.11966 965.56115 6115.22293
v 1770.25211 993.27904 6104.99287
v 1784.95145 989.19582 6130.75876
v 1879.18830 943.83627 6060.74190
v 1881.40047 967.27377 6048.52009
v 1890.32996 964.35660 6073.32611
v 1968.15014 912.47302 6036.74412
v 1971.53103 933.12019 6025.34342
v 1976.09520 931.50681 6048.67315
v 2093.73569 889.63473 6016.46376
v 2093.46390 907.73135 6007.22218
v 2095.32452 906.66896 6027.43053
v 2256.11305 913.26773 6012.27856
v 2256.30832 927.30802 6005.08022
v 2256.57940 926.51606 6020.83731
v 2444.19646 882.93058 6010.53381
v 2445.77146 892.08567 6005.74589
v 2445.78695 891.57748 6016.18433
v -817.23392 332.40107 6688.12656
v -853.31839 333.77814 6669.80743
v -848.56743 350.35092 6706.44569
v -783.95015 456.83548 6627.51961
v -816.12468 459.34293 6610.37016
v -811.92845 474.00570 6643.58139
v -738.95240 579.90766 6569.00597
v -767.84754 581.55763 6553.95317
v -764.71889 592.56333 6584.50365
v -718.84620 737.19329 6521.21305
v -744.24195 736.17828 6509.20486
v -741.42158 746.27119 6535.28833
v -702.12233 858.62261 6459.71584
v -723.73092 858.96409 6448.69328
v -720.22688 871.89049 6468.92166
v -673.38282 902.93145 6416.43620
v -691.33615 907.27699 6403.91254
v -689.58116 916.09251 6424.33929
v -627.98405 996.39118 6404.23822
v -644.34832 998.39276 6393.77403
v -644.84447 1000.52738 6413.17749
v -651.17407 1206.95019 6385.55479
v -662.87285 1204.88799 6378.62635
v -663.19764 1206.88343 6392.22908
v -663.51283 1335.19506 6358.46567
v -672.10478 1333.44328 6353.40738
v -672.39386 1335.50775 6363.31367
v -1013.70251 416.70930 6609.83610
v -1041.85963 395.45637 6589.96010
v -1036.57603 389.85208 6629.71210
v -1106.44197 512.14266 6635.61583
v -1132.40600 492.96790 6617.51938
v -1127.33841 487.59133 6653.77808
v -1206.28607 617.06555 6666.60595
v -1228.97792 599.22314 6650.15173
v -1223.18852 593.14984 6682.30152
v -1315.95874 703.68332 6709.37634
v -1334.39910 686.32209 6694.25964
v -1330.74558 682.25878 6723.24419
v -1419.97707 792.69350 6719.05613
v -1436.25355 777.49383 6705.77669
v -1436.07342 776.77292 6731.69470
v -1543.23387 939.04078 6714.87474
v -1555.11761 925.44985 6704.09536
v -1555.53508 925.40693 6725.11816
v -1680.36461 1023.18537 6714.44082
v -1685.22692 1009.67872 6705.29890
v -1682.74558 1008.15833 6722.06736
v -1787.11104 1010.45299 6749.14360
v -1794.26706 999.94689 6742.97523
v -1785.85708 997.24519 6754.00305
v -1854.66385 1067.09588 6874.57466
v -1862.46586 1060.76336 6873.34967
v -1854.50220 1057.96206 6878.93581
v -1278.10442 507.92742 6549.94965
v -1293.83099 474.69822 6532.97710
v -1310.02831 489.69638 6566.92219
v -1363.09433 583.66311 6475.92878
v -1377.90394 554.03191 6460.05630
v -1392.16995 567.23380 6491.22477
v -1454.91576 672.04911 6399.71972
v -1465.50262 643.54169 6387.69150
v -1478.31845 655.38925 6415.34710
v -1557.80268 716.16232 6329.21267
v -1562.30521 688.19392 6322.33715
v -1576.20370 700.03694 6345.06035
v -1652.82357 738.48248 6243.96849
v -1659.16634 715.12198 6235.90136
v -1671.30125 725.47382 6255.81646
v -1732.00798 813.64924 6172.17493
v -1743.37626 799.55554 6160.10427
v -1750.63789 805.36312 6179.77953
v -1802.65939 968.95337 6127.72894
v -1812.57725 959.53697 6117.82169
v -1815.45925 960.22338 6134.44757
v -1896.71552 1041.71050 6125.50068
v -1903.33498 1032.61852 6117.75303
v -1905.31135 1032.80020 6131.26469
v -1988.99639 1125.37038 6097.16654
v -1993.70885 1118.45660 6091.46833
v -1995.96226 1119.29977 6101.30119
v -1359.90942 539.53952 6535.28547
v -1347.67175 504.70340 6518.66436
v -1370.78774 504.25524 6551.90659
v -1464.51592 535.39288 6462.48055
v -1455.51360 503.67695 6445.82891
v -1476.38893 503.26222 6476.29642
v -1578.75311 552.57815 6385.60820
v -1570.74451 524.14602 6370.63646
v -1588.82952 523.73111 6398.37551
v -1693.39788 545.35514 6313.33971
v -1686.20157 520.11251 6300.10462
v -1701.37990 519.70410 6325.27590
v -1794.60728 553.70378 6254.92382
v -1794.78300 532.58258 6239.67314
v -1806.12564 531.81845 6263.11398
v -1889.78839 608.51884 6220.23439
v -1888.00085 589.51867 6207.49044
v -1893.66531 587.96448 6229.67386
v -2032.52912 550.01760 6197.86882
v -2022.03679 536.44627 6190.05537
v -2027.42791 535.00301 6208.06026
v -2160.19464 444.30399 6120.65887
v -2151.31354 435.05690 6115.46898
v -2157.15551 432.86309 6127.81286
v -2266.45565 390.61117 6059.37338
v -2260.61440 383.47781 6055.19390
v -2264.96625 381.82983 6064.18371
v -1494.09091 590.85482 6501.89447
v -1477.49126 558.52276 6484.04360
v -1496.18125 554.57062 6519.74535
v -1606.43864 564.82911 6440.19604
v -1593.14215 535.20477 6423.06232
v -1609.95042 531.64560 6455.50871
v -1720.74413 554.58343 6380.48077
v -1711.20679 527.75621 6363.86251
v -1725.61765 524.62471 6393.34726
v -1827.94333 549.52437 6330.06096
v -1822.01791 525.48277 6313.96532
v -1833.73046 522.68159 6340.93094
v -1924.87991 557.98739 6291.87155
v -1916.64875 536.51470 6278.45049
v -1924.49331 534.17975 6303.78771
v -2056.84376 491.83950 6257.69138
v -2046.07964 474.94149 6247.69402
v -2052.60515 472.99948 6269.02485
v -2196.11406 436.09393 6196.63048
v -2187.11948 422.89317 6188.89380
v -2193.86816 420.69253 6205.16109
v -2321.94352 378.44956 6132.57074
v -2317.87586 367.87394 6125.54598
v -2323.00639 366.20593 6137.73727
v -2423.43497 398.05630 6094.86008
v -2422.75119 390.16217 6088.56010
v -2426.46646 388.88541 6097.88990
v -1589.74326 628.64166 6450.04177
v -1621.05465 611.30077 6431.10847
v -1625.34869 624.98569 6468.97507
v -1633.83758 761.91074 6396.87824
v -1662.15038 745.90176 6379.81939
v -1666.23998 758.93646 6413.91134
v -1676.85127 892.79491 6338.60302
v -1702.38709 878.85487 6323.10867
v -1706.26318 891.25216 6353.40357
v -1709.22911 1017.62915 6282.66048
v -1731.38952 1003.15487 6269.68145
v -1734.64966 1013.63134 6297.04285
v -1770.71369 1121.23048 6239.69460
v -1790.15160 1107.56624 6228.35398
v -1791.32402 1113.29222 6254.02498
v -1848.28687 1259.40335 6226.71843
v -1866.30726 1250.92983 6216.64858
v -1865.62121 1252.40552 6238.90400
v -1915.98427 1445.82820 6224.25270
v -1931.01323 1442.27922 6216.45832
v -1929.84235 1441.60235 6233.70314
v -1949.01657 1608.70647 6244.96555
v -1960.93619 1609.37274 6239.66312
v -1959.53417 1605.82328 6252.15626
v -1945.59968 1713.93669 6294.89279
v -1954.86021 1716.03727 6291.38470
v -1953.75025 1711.69949 6300.46368
v -1655.31170 632.45177 6421.95606
v -1686.05304 650.96128 6403.19586
v -1675.61138 662.04154 6440.71627
v -1561.79488 734.79164 6365.70835
v -1589.22958 752.15381 6348.37389
v -1580.72615 761.17808 6383.02708
v -1459.68020 846.12358 6318.68649
v -1483.81281 862.07306 6302.99520
v -1477.26059 869.02016 6334.48792
v -1363.78682 954.74088 6276.29137
v -1382.99799 970.65097 6261.30438
v -1373.65758 979.80458 6287.30011
v -1265.58471 984.86245 6205.22070
v -1280.83777 999.91417 6190.61995
v -1268.51928 1009.94313 6211.11536
v -1164.80136 1016.92975 6126.14870
v -1182.50871 1027.72367 6116.69016
v -1173.41471 1035.55667 6136.06691
v -1102.59247 1151.05522 6065.85693
v -1119.84897 1156.29947 6059.88503
v -1114.88223 1158.90038 6078.03774
v -1038.82980 1363.37256 6051.40209
v -1049.53587 1370.31877 6046.95654
v -1048.18738 1367.69080 6060.14395
v -949.45729 1457.67748 6092.11636
v -955.82193 1465.05475 6089.37073
v -956.15232 1461.32517 6098.77586
v -750.46080 -319.14103 6875.89455
v -787.03320 -323.18023 6860.63051
v -780.82186 -298.35492 6891.15858
v -723.30856 -201.91976 6775.05207
v -756.35874 -204.91822 6760.59055
v -750.63795 -182.08106 6788.08928
v -682.79850 -79.98250 6663.11216
v -712.49616 -83.39459 6651.01624
v -706.20179 -59.58189 6671.83065
v -653.57232 -13.89776 6546.70095
v -680.75514 -17.89622 6537.17232
v -674.02327 5.99958 6552.31714
v -627.33048 43.66804 6443.80093
v -652.08066 39.65690 6435.71472
v -646.88873 58.47765 6453.40300
v -624.56423 154.65370 6363.46912
v -646.34871 151.39556 6356.09674
v -642.31557 163.93228 6375.23031
v -606.36157 340.47675 6248.81220
v -622.96003 340.65995 6241.47415
v -620.18347 348.03635 6257.82251
v -552.23334 509.95064 6186.91683
v -563.66807 513.76760 6180.24778
v -562.92307 515.06525 6193.94302
v -484.63678 659.41858 6206.71701
v -492.27008 663.63305 6201.90525
v -492.63540 662.49180 6211.79199
v -936.86843 -338.19509 6819.87381
v -948.04841 -370.84600 6799.97969
v -946.20126 -371.42119 6839.76793
v -1075.72973 -297.15914 6826.91479
v -1085.77502 -326.86034 6808.83265
v -1083.71711 -327.49903 6844.96260
v -1214.68091 -259.17855 6837.08143
v -1225.40021 -285.34257 6820.96624
v -1222.23377 -286.33991 6853.34110
v -1341.09557 -211.11681 6855.39484
v -1354.87664 -232.52745 6841.45594
v -1352.46825 -233.22719 6870.37516
v -1453.84872 -124.30415 6860.11124
v -1465.27088 -143.44618 6847.83411
v -1463.54270 -143.84364 6873.22044
v -1579.26071 -83.08739 6873.37542
v -1587.60059 -100.48489 6862.45155
v -1583.69124 -101.90582 6884.22918
v -1713.47880 -36.86679 6913.85031
v -1720.03531 -51.48902 6904.61922
v -1713.66501 -53.53452 6921.85974
v -1876.97828 -33.22976 6992.48648
v -1880.46455 -44.43358 6984.90095
v -1874.89247 -46.05995 6997.61009
v -2025.48265 -37.05521 7051.29051
v -2027.61126 -45.04143 7045.73441
v -2023.94414 -46.20023 7054.92067
v -967.25440 -359.51912 6805.79996
v -993.36016 -382.45198 6786.32116
v -998.06118 -375.59292 6825.27876
v -1052.94311 -238.63763 6774.17755
v -1076.29156 -259.38043 6756.71864
v -1080.40428 -253.37812 6791.75138
v -1133.54814 -129.24203 6746.75846
v -1153.59652 -149.04641 6731.38809
v -1156.86464 -144.22260 6762.95471
v -1199.89777 -58.47365 6730.74341
v -1217.41605 -77.71985 6716.85553
v -1219.97035 -73.80564 6745.98169
v -1268.05842 10.85176 6716.12787
v -1286.71527 -3.02078 6702.82316
v -1288.81168 0.24110 6729.32816
v -1324.38254 157.00319 6694.73028
v -1341.91179 149.00397 6683.14743
v -1342.78846 150.02242 6705.58882
v -1409.78765 334.12758 6698.89498
v -1422.84942 327.22875 6689.96716
v -1421.93687 324.97847 6707.05557
v -1504.99833 440.83193 6735.81982
v -1513.25178 433.55402 6728.19138
v -1510.29754 429.50612 6740.60774
v -1618.32893 472.52005 6790.94744
v -1623.19875 466.51366 6784.67178
v -1619.92610 463.00009 6793.39647
v -734.24518 -483.64070 6955.22022
v -698.99768 -477.24089 6939.35680
v -702.36450 -499.97970 6971.08364
v -748.90524 -599.84434 6870.41426
v -717.47094 -593.57023 6856.69708
v -720.29972 -612.35708 6885.93245
v -749.66651 -741.73301 6789.05725
v -722.77433 -737.37115 6776.63326
v -725.11232 -752.59781 6802.30951
v -772.56513 -861.92447 6713.39369
v -749.51798 -857.73557 6703.15313
v -752.39867 -875.49299 6721.31824
v -793.93476 -925.85778 6608.27589
v -773.77224 -920.45164 6601.92585
v -777.08668 -938.78937 6613.27553
v -800.33517 -978.48839 6517.47656
v -783.84709 -976.29493 6509.05991
v -785.61467 -988.46477 6523.06986
v -843.88006 -1084.40185 6471.99631
v -833.24826 -1088.42778 6462.40711
v -831.76565 -1091.51351 6476.88055
v -881.49744 -1148.27728 6478.91808
v -873.75808 -1154.64306 6471.21811
v -869.65042 -1150.78855 6482.53107
v -884.80043 -1220.81995 6541.14532
v -878.89344 -1226.16935 6535.45046
v -875.09334 -1220.37792 6542.37556
v -1131.49714 -673.02942 6887.32004
v -1094.86818 -677.66899 6874.21322
v -1109.62152 -702.77274 6900.42686
v -1177.90651 -756.77562 6781.00824
v -1145.12622 -760.80835 6769.45210
v -1158.76853 -783.99956 6791.82196
v -1225.65258 -833.50945 6663.22708
v -1196.44380 -836.22962 6654.26493
v -1208.68695 -857.04905 6673.17343
v -1261.34765 -923.55305 6543.50805
v -1236.79876 -926.44948 6534.97505
v -1247.49231 -944.61751 6550.44842
v -1313.02476 -974.24805 6439.40067
v -1294.15274 -978.58024 6428.26891
v -1303.81048 -994.56269 6440.52172
v -1370.99111 -991.53602 6368.99281
v -1355.74555 -995.91249 6357.51486
v -1363.88493 -1009.77695 6368.68858
v -1425.01760 -1018.53752 6303.02000
v -1410.45141 -1021.39604 6294.62242
v -1415.00473 -1031.59165 6307.51371
v -1464.86568 -1135.64730 6236.17029
v -1452.59082 -1135.44917 6231.76050
v -1455.51908 -1142.08150 6242.60426
v -1470.57962 -1224.08998 6167.69505
v -1461.19893 -1222.89479 6165.14349
v -1463.51588 -1228.62935 6172.73855
v -1296.52262 -761.69837 6794.10601
v -1275.53248 -793.02019 6783.45919
v -1308.10213 -797.58090 6804.75283
v -1375.88358 -775.22624 6669.82985
v -1357.94842 -803.35718 6658.94127
v -1387.25793 -807.45411 6677.80256
v -1455.91795 -771.78192 6544.35825
v -1439.86821 -796.65267 6534.97982
v -1463.93418 -800.08507 6554.29697
v -1559.39531 -810.97502 6435.86111
v -1543.78390 -831.97099 6429.57830
v -1561.39898 -833.88615 6449.82862
v -1664.22141 -874.38262 6352.74458
v -1653.08142 -892.98093 6345.62016
v -1667.10055 -894.25820 6363.58118
v -1755.16295 -879.17846 6279.41608
v -1750.29230 -894.91028 6269.04249
v -1764.70780 -895.93017 6282.08017
v -1822.21222 -807.24978 6177.46258
v -1821.29443 -816.99020 6165.51065
v -1834.10490 -816.52319 6174.12663
v -1866.49799 -675.98021 6102.92959
v -1864.36486 -684.25035 6095.68977
v -1870.97538 -686.11646 6104.53176
v -1912.58419 -701.77138 6086.43246
v -1907.13155 -708.53758 6081.91299
v -1909.63936 -709.74195 6091.30430
v -1494.71664 -875.70709 6699.67556
v -1458.64737 -876.82933 6684.41963
v -1467.73112 -899.66619 6714.93149
v -1534.26254 -980.95834 6609.09605
v -1502.30920 -983.62726 6593.95218
v -1509.70674 -1002.33078 6623.15702
v -1587.66055 -1097.54837 6534.40857
v -1560.42552 -1102.65791 6519.14692
v -1565.29009 -1115.61847 6547.59216
v -1645.99347 -1219.01464 6481.15635
v -1621.44363 -1222.43190 6468.25552
v -1625.68104 -1233.74820 6493.45064
v -1689.88883 -1363.27410 6395.61272
v -1668.21349 -1363.30700 6386.44409
v -1672.67251 -1375.37408 6406.15177
v -1709.57232 -1448.03238 6331.42042
v -1690.60361 -1448.68672 6322.97039
v -1693.86005 -1456.77650 6341.82739
v -1732.23341 -1550.27068 6308.07304
v -1716.92300 -1554.37016 6299.55101
v -1718.52422 -1557.52969 6317.19446
v -1820.53578 -1717.01586 6275.68579
v -1811.97369 -1724.03014 6268.85366
v -1812.35743 -1725.06237 6281.81410
v -1921.05854 -1788.81693 6277.69375
v -1916.40174 -1795.67289 6272.47381
v -1916.05651 -1795.89272 6282.25994
v -1637.64346 -976.66091 6611.78064
v -1670.67945 -989.28124 6594.91825
v -1672.25528 -969.40297 6628.64304
v -1648.87714 -859.73465 6542.32073
v -1679.15893 -869.76707 6526.06678
v -1680.51434 -852.96953 6557.65533
v -1651.99554 -747.94644 6488.91211
v -1679.78287 -755.44196 6473.27757
v -1680.83143 -743.86287 6503.89767
v -1669.71350 -589.80066 6443.19248
v -1694.04459 -596.48478 6429.54063
v -1694.88525 -587.43292 6456.75135
v -1679.73995 -480.19049 6400.99430
v -1701.69830 -483.49389 6387.94708
v -1702.37494 -477.18793 6412.90855
v -1672.90866 -356.09019 6384.74512
v -1692.17813 -360.54146 6373.60811
v -1692.73138 -355.79398 6395.79630
v -1712.12375 -229.52811 6345.56007
v -1727.91445 -236.45926 6336.77530
v -1728.44195 -232.13792 6355.63278
v -1782.82273 -17.44324 6310.16445
v -1794.22927 -21.91548 6303.83492
v -1793.90597 -20.94137 6317.58690
v -1845.00766 132.59304 6316.80107
v -1853.15776 129.54459 6312.30402
v -1852.59175 129.34572 6322.08061
v -1707.32296 -990.16869 6579.67758
v -1725.09468 -1019.86206 6561.30743
v -1735.16810 -1010.71560 6598.04773
v -1803.71141 -905.53242 6532.16076
v -1821.15960 -931.17601 6514.88590
v -1829.00155 -924.09736 6548.78044
v -1887.50815 -821.22093 6501.94025
v -1906.47829 -840.94071 6485.04496
v -1911.81040 -836.49182 6516.44516
v -1971.44485 -696.67876 6475.20876
v -1990.11302 -710.61796 6459.67340
v -1994.76147 -706.73585 6487.01334
v -2055.48549 -521.00414 6429.24166
v -2068.12644 -535.96187 6417.73653
v -2072.70861 -531.62807 6439.55660
v -2171.63563 -444.93580 6385.24818
v -2176.20850 -461.70220 6377.63262
v -2179.62265 -458.37674 6395.99848
v -2286.75818 -428.25863 6368.13068
v -2288.46502 -442.83158 6361.97567
v -2287.84728 -440.88230 6377.75469
v -2378.10254 -425.63206 6387.45165
v -2384.49645 -436.19686 6382.42102
v -2383.32224 -434.78131 6395.62798
v -2446.31505 -318.50421 6366.57524
v -2453.55558 -323.78557 6362.62321
v -2453.53866 -321.92171 6372.23911
v -771.40599 171.10167 7616.75072
v -748.63523 144.86927 7601.67694
v -769.92410 136.39648 7631.82449
v -872.06668 128.56732 7533.71334
v -852.01079 104.96308 7519.95850
v -870.99320 97.40754 7546.99898
v -969.72442 91.04791 7455.12962
v -950.68783 70.56533 7443.89200
v -967.73005 63.77822 7467.80252
v -1055.77517 38.43039 7377.38466
v -1035.97581 22.32492 7370.04280
v -1050.04203 16.95616 7391.92057
v -1135.80191 -56.63928 7313.16614
v -1119.24267 -70.51069 7306.75030
v -1129.94683 -74.01319 7326.26820
v -1209.52296 -107.46016 7266.44611
v -1201.14613 -122.08047 7256.74486
v -1211.88486 -125.77668 7272.52674
v -1267.16876 -82.63501 7220.39175
v -1267.36569 -93.93652 7207.65734
v -1275.32172 -97.46233 7222.29290
v -1374.68159 -25.79719 7206.58350
v -1377.44534 -33.52197 7195.90855
v -1380.10180 -37.99792 7208.32539
v -1506.94764 16.04821 7206.19297
v -1508.79800 10.58111 7198.68946
v -1509.90987 7.14384 7207.43942
v -923.79314 171.62047 7619.30275
v -894.36835 155.24997 7601.98069
v -904.63793 143.92771 7636.62481
v -1010.20992 72.70209 7561.36799
v -984.49737 57.69167 7545.68386
v -994.15958 47.06370 7576.11656
v -1083.95219 1.70844 7509.89914
v -1061.95235 -12.89406 7495.07666
v -1069.92495 -21.76179 7522.91059
v -1162.69445 -72.63674 7471.36497
v -1143.24105 -85.72420 7458.12273
v -1149.84691 -93.16071 7483.14524
v -1247.89274 -158.01129 7418.52283
v -1230.96061 -168.98362 7407.34196
v -1238.21771 -176.78344 7427.80161
v -1320.67609 -214.24508 7363.18254
v -1306.05114 -223.73231 7353.51658
v -1312.05487 -230.24179 7371.37461
v -1372.77508 -269.26813 7333.38547
v -1363.25312 -280.20948 7323.55404
v -1364.61985 -282.88051 7340.81793
v -1479.92539 -322.22503 7342.02671
v -1476.30656 -333.36186 7334.40208
v -1472.83113 -332.72183 7347.92137
v -1601.64952 -394.12543 7404.33693
v -1599.73407 -401.96043 7399.38116
v -1596.01152 -400.78661 7408.00524
v -1068.14015 166.98651 7616.03546
v -1039.23154 149.92088 7598.51646
v -1049.00646 139.40315 7633.55446
v -1157.87494 67.16660 7561.04851
v -1132.69985 50.96962 7544.78931
v -1141.89589 41.09941 7576.07031
v -1232.17666 2.01819 7516.51192
v -1209.56933 -13.31673 7501.33181
v -1216.44485 -20.85001 7530.87234
v -1305.29404 -84.80002 7488.76572
v -1284.75571 -98.53354 7475.10481
v -1289.94632 -104.28253 7502.25353
v -1379.01807 -161.97328 7453.78876
v -1363.83390 -176.93414 7440.30285
v -1369.32921 -182.79962 7464.21194
v -1475.98684 -202.21317 7420.49122
v -1467.18657 -217.83353 7407.26233
v -1469.78211 -221.83672 7429.02660
v -1579.91052 -246.06667 7414.49451
v -1570.32752 -258.56856 7403.13911
v -1568.77792 -259.84296 7422.45388
v -1675.25041 -385.65922 7429.83532
v -1665.83133 -393.21670 7420.78733
v -1663.19251 -392.63752 7435.63318
v -1783.34785 -569.82177 7465.07692
v -1777.41992 -574.53299 7459.39541
v -1775.56360 -573.85081 7468.65273
v -1454.00488 94.08481 7685.32562
v -1486.52005 82.26705 7669.93189
v -1487.05685 104.30546 7700.71936
v -1459.28407 219.32814 7595.58296
v -1488.47437 208.21947 7582.12757
v -1488.98149 229.08658 7608.97589
v -1463.25660 321.84747 7509.11617
v -1489.55393 311.92213 7496.92726
v -1490.01396 331.77075 7520.26081
v -1459.42783 433.39956 7413.38730
v -1482.53679 425.13987 7402.26507
v -1482.93352 442.80311 7422.60695
v -1454.18251 544.40123 7316.08391
v -1474.10119 538.06913 7305.88341
v -1474.53666 550.73637 7325.38319
v -1460.74522 692.90787 7247.54143
v -1477.17583 689.83489 7238.15393
v -1477.50711 695.12308 7256.57845
v -1467.74995 904.82771 7219.90156
v -1479.17283 899.21135 7214.41698
v -1479.70164 905.18785 7226.91107
v -1502.88379 958.48519 7163.23519
v -1511.81388 951.56121 7160.03275
v -1513.07929 958.98616 7169.04449
v -1526.13771 1028.31626 7110.68678
v -1533.64074 1023.53430 7107.45335
v -1534.47294 1029.02770 7115.11803
v -1608.44553 110.74691 7712.46624
v -1613.20722 77.54163 7694.89908
v -1626.45221 82.44456 7730.03340
v -1735.83663 155.66510 7658.17451
v -1738.86359 125.17375 7642.81607
v -1750.76783 129.58294 7674.65305
v -1858.54530 184.40259 7608.72459
v -1861.79459 157.05669 7594.67030
v -1871.15252 160.61217 7623.92187
v -1985.68881 227.19984 7569.82613
v -1991.39142 204.00058 7556.40507
v -1998.74520 206.80636 7582.65209
v -2120.40210 294.91135 7523.42033
v -2126.66988 275.66469 7511.54041
v -2131.18529 277.26364 7534.51633
v -2286.27419 361.23228 7503.45993
v -2290.49158 345.27978 7493.95323
v -2291.90254 345.70488 7512.93945
v -2446.49744 393.37239 7496.41228
v -2449.05949 380.61363 7488.91973
v -2448.06266 380.45213 7503.90196
v -2575.12617 405.08270 7519.55271
v -2575.67787 394.99688 7513.45634
v -2573.13013 394.79598 7524.97435
v -2663.80954 379.76635 7542.63163
v -2663.02490 371.88560 7537.44555
v -2660.61234 371.78800 7546.59891
v -1665.72762 94.63985 7700.04559
v -1699.55826 97.47526 7683.27332
v -1693.61138 114.00591 7716.81786
v -1620.92113 225.63067 7627.55442
v -1651.13807 228.86027 7612.06245
v -1645.66517 244.05512 7642.10653
v -1568.32170 347.73025 7554.39901
v -1594.80476 351.64914 7539.91270
v -1589.19287 366.77411 7565.72533
v -1506.95586 449.68659 7472.01490
v -1530.85434 452.32618 7459.75542
v -1525.80607 465.88138 7482.54061
v -1467.69071 572.54422 7398.66543
v -1488.52015 574.73856 7388.05723
v -1485.50701 582.99363 7409.82866
v -1422.96970 725.78335 7358.12140
v -1440.08923 728.47718 7349.04814
v -1438.83526 730.73167 7368.43920
v -1399.30379 898.59277 7357.45955
v -1412.42802 902.13239 7350.24929
v -1411.99672 901.59929 7365.62109
v -1362.53881 1004.25911 7363.94072
v -1373.65568 1006.01411 7358.04558
v -1372.85280 1007.43580 7370.64505
v -1352.82898 1133.96394 7323.59123
v -1361.39572 1133.47328 7319.59295
v -1360.53145 1136.21998 7328.61090
v -1737.12182 123.83528 7687.62541
v -1764.17983 104.74518 7669.26003
v -1768.38851 112.92845 7705.99079
v -1805.12798 251.86014 7651.31044
v -1830.10101 235.02168 7634.39512
v -1833.91178 242.42967 7667.91964
v -1867.51020 382.73585 7615.57722
v -1889.34958 366.02747 7600.73805
v -1893.55946 374.23271 7630.59235
v -1922.76835 471.87224 7576.61486
v -1941.95092 454.86096 7563.49564
v -1945.58561 462.00618 7591.15791
v -1997.13206 574.94885 7550.39787
v -2015.91253 562.02567 7538.06496
v -2016.54315 564.30149 7563.87663
v -2065.12165 695.71006 7554.45814
v -2082.54361 685.63867 7543.61725
v -2080.38116 683.45582 7566.26749
v -2177.50168 826.95991 7595.80040
v -2191.77890 818.40348 7586.79056
v -2190.12666 816.79809 7605.57699
v -2300.75574 1037.19926 7596.73834
v -2310.88662 1030.99716 7590.29675
v -2310.28938 1030.72405 7603.79362
v -2409.45983 1183.66981 7611.05919
v -2416.39900 1179.09300 7606.52971
v -2415.79008 1178.62213 7615.96489
v 744.95363 -281.00431 7303.40099
v 776.33655 -265.94228 7290.25412
v 777.90582 -292.22515 7316.54787
v 752.77996 -378.49233 7205.43766
v 781.32224 -366.71996 7191.75053
v 782.68558 -388.59698 7217.44347
v 749.36134 -505.86617 7113.64222
v 774.53178 -498.14051 7099.53642
v 775.82198 -514.41169 7124.55225
v 742.73318 -637.54725 7037.18519
v 764.77647 -629.95827 7025.41590
v 765.86866 -644.99962 7046.73672
v 745.10014 -721.20416 6966.40539
v 764.52392 -709.74433 6959.89561
v 765.80858 -726.87453 6975.89207
v 765.87367 -757.78455 6913.46121
v 784.20860 -749.71986 6904.93536
v 785.19124 -763.93974 6921.38910
v 739.77214 -857.80716 6862.50973
v 755.04053 -857.52261 6851.45664
v 756.50716 -863.06292 6869.41576
v 716.65782 -1070.68110 6840.21139
v 727.70673 -1069.95761 6832.37839
v 728.96433 -1072.29793 6845.67881
v 721.25369 -1238.96420 6799.63636
v 728.85013 -1237.61964 6794.43789
v 729.70092 -1239.76982 6803.44868
v 816.50919 -320.52565 7272.86863
v 834.62316 -288.37809 7268.07213
v 853.37931 -319.05010 7277.66514
v 838.33021 -351.73517 7130.40209
v 854.62904 -323.33702 7124.99380
v 871.31387 -350.61008 7133.89063
v 852.08732 -388.32471 6997.52665
v 867.00076 -364.81103 6988.17348
v 881.34181 -387.53161 7000.04339
v 868.15077 -472.23738 6868.89362
v 881.28930 -453.81838 6857.90634
v 893.09895 -471.08492 6871.87052
v 897.61239 -573.67957 6731.19164
v 907.77862 -557.18517 6724.52688
v 917.38456 -571.21021 6735.96668
v 946.17933 -622.62398 6620.81003
v 951.88260 -606.70543 6623.07262
v 961.89636 -619.97807 6626.89447
v 970.49129 -590.94775 6553.57170
v 975.46828 -577.01421 6555.59826
v 984.63166 -588.60546 6557.76501
v 984.71195 -610.38208 6496.48380
v 990.94647 -600.10970 6491.12558
v 997.64299 -608.83099 6498.35014
v 1006.04129 -711.92414 6401.44873
v 1010.79702 -706.03162 6396.04521
v 1015.25307 -711.09897 6402.44865
v 947.50637 -373.81026 7205.50776
v 974.65974 -348.96141 7200.04702
v 983.00427 -383.54012 7210.96849
v 959.51873 -414.50924 7067.23309
v 984.24548 -393.47672 7058.71391
v 991.47332 -422.92044 7073.10772
v 967.07284 -498.05680 6943.18962
v 989.28845 -482.17750 6931.30398
v 995.30548 -504.26430 6950.35458
v 981.34232 -623.82048 6821.88082
v 1000.30375 -610.36295 6811.64646
v 1005.24044 -627.63768 6829.60749
v 1011.60967 -736.48047 6700.84429
v 1025.24161 -720.14266 6700.08039
v 1031.10468 -738.48385 6709.16700
v 1060.39524 -727.59360 6608.81424
v 1068.67790 -713.13924 6617.43450
v 1077.86894 -729.36344 6615.40031
v 1087.40616 -670.29512 6524.49369
v 1095.69192 -656.70502 6526.39675
v 1103.41239 -670.70794 6525.26569
v 1068.25840 -715.30753 6400.69914
v 1073.85194 -706.02763 6394.31477
v 1080.37591 -716.30192 6397.48335
v 1022.15004 -781.76999 6299.57485
v 1025.83706 -775.58446 6293.68544
v 1030.77400 -783.01668 6296.31758
v 1011.75153 -398.35399 7168.16521
v 1044.15011 -385.99643 7154.66690
v 1043.79642 -411.60187 7181.66351
v 1012.72964 -495.60067 7075.92344
v 1041.59117 -486.30077 7062.42371
v 1041.33999 -506.27571 7088.93108
v 1009.57513 -625.61578 6999.26853
v 1034.46341 -619.63898 6986.33289
v 1034.35349 -632.38537 7012.02345
v 1013.14211 -764.59008 6942.27886
v 1034.10029 -757.63160 6932.32393
v 1034.02138 -768.81844 6953.80878
v 1031.81350 -861.08512 6880.15795
v 1049.70562 -854.33555 6872.17188
v 1049.81470 -867.61194 6888.08393
v 1018.00823 -939.63468 6795.96567
v 1032.72450 -935.50360 6788.07402
v 1032.78148 -946.88892 6800.96912
v 1002.52032 -1034.22463 6727.42176
v 1014.17577 -1031.42738 6720.79754
v 1014.53769 -1037.93120 6732.84435
v 1007.64036 -1122.03717 6694.46516
v 1016.80446 -1118.74437 6689.42642
v 1016.27040 -1118.75463 6700.37746
v 1041.35239 -1163.27906 6716.05587
v 1048.72084 -1159.75249 6711.60555
v 1046.65542 -1156.85809 6720.20149
v 1115.04257 -440.21502 7130.65052
v 1083.47070 -427.15669 7115.91005
v 1098.62554 -410.25198 7145.39099
v 1199.57018 -342.81957 7031.34823
v 1171.48101 -330.54221 7017.54475
v 1184.69083 -315.79882 7044.71827
v 1279.42955 -256.31505 6950.31500
v 1254.76027 -244.38836 6937.01839
v 1266.26289 -231.51252 6962.10861
v 1362.36966 -176.11934 6871.33217
v 1341.77613 -164.18794 6857.91874
v 1353.79791 -151.26939 6878.77464
v 1456.82383 -139.14780 6775.55609
v 1441.36536 -127.57365 6761.04784
v 1454.78106 -115.11245 6776.80063
v 1546.03672 -145.13312 6692.44099
v 1531.85654 -134.95082 6679.89397
v 1540.65287 -124.74973 6696.64955
v 1628.08681 -60.51766 6639.44769
v 1612.48994 -54.36053 6631.01482
v 1616.93382 -48.20327 6648.17953
v 1711.89380 132.91557 6549.47662
v 1700.01113 136.65842 6543.65301
v 1702.79157 140.36652 6556.60057
v 1805.74250 302.99985 6495.26024
v 1797.99795 306.07617 6491.12558
v 1799.59106 308.05063 6500.07534
v 1179.96609 -465.71898 7092.87930
v 1147.69006 -450.55512 7082.25393
v 1171.26691 -431.13559 7103.50466
v 1245.88931 -408.59702 6967.54122
v 1217.02993 -394.85377 6957.73268
v 1237.96344 -377.61095 6977.28825
v 1307.85263 -355.34421 6858.35457
v 1282.73952 -342.46930 6848.11783
v 1302.50692 -326.33561 6863.93499
v 1377.28834 -336.26541 6727.52714
v 1354.80905 -325.20241 6719.46907
v 1373.39902 -310.44832 6730.84307
v 1426.73063 -299.33468 6591.92944
v 1405.81083 -291.06620 6588.69457
v 1421.18251 -278.90566 6600.19684
v 1461.85696 -209.62383 6480.60369
v 1444.71276 -202.08989 6476.85623
v 1456.71558 -193.10001 6488.68179
v 1508.40223 -172.52198 6411.00693
v 1496.82760 -164.47166 6402.07005
v 1508.98945 -155.89620 6409.63316
v 1586.42924 -257.95367 6300.49849
v 1580.40106 -253.16292 6290.47728
v 1590.14118 -246.92431 6295.56942
v 1686.91218 -312.62419 6229.19178
v 1683.13265 -309.52805 6221.27533
v 1689.26513 -304.25772 6225.87442
v 1394.40870 -491.84036 6979.18081
v 1361.99927 -484.83938 6962.29267
v 1368.79635 -470.78347 6996.06895
v 1453.25720 -365.62613 6914.82449
v 1424.06058 -358.74173 6899.19329
v 1430.59886 -345.25847 6929.51870
v 1518.63384 -251.35854 6845.57915
v 1493.23153 -243.55705 6830.55592
v 1499.21501 -231.24984 6857.84292
v 1598.59037 -138.48329 6780.57384
v 1577.73697 -129.27215 6765.86962
v 1582.62026 -118.90967 6790.46011
v 1683.30801 -51.69855 6728.60479
v 1664.99341 -43.05472 6715.27195
v 1667.19198 -36.53952 6738.52301
v 1752.86746 85.99140 6706.50959
v 1736.56869 92.57271 6695.27531
v 1737.37025 96.45664 6715.75546
v 1826.31457 216.59316 6672.10484
v 1812.44636 221.72536 6662.75215
v 1812.73162 224.22460 6680.06706
v 1893.88156 403.33846 6662.64009
v 1883.51035 407.34336 6655.60484
v 1882.55644 406.23015 6668.67971
v 1933.06780 569.13179 6706.39515
v 1925.81618 572.25275 6701.47514
v 1924.76439 570.12588 6710.46972
v 1613.93297 -489.35395 6885.56147
v 1581.57194 -478.01849 6871.10949
v 1596.41027 -459.88041 6900.01345
v 1691.25986 -391.11915 6784.22117
v 1663.09333 -380.22164 6770.48016
v 1676.41449 -363.94513 6796.14258
v 1781.43871 -303.02098 6680.39131
v 1757.86436 -292.37741 6667.09709
v 1769.28926 -278.35730 6689.87179
v 1867.23459 -226.56181 6594.15865
v 1848.48022 -215.83086 6580.70230
v 1858.53207 -203.52036 6600.58594
v 1944.94009 -191.06977 6529.61349
v 1928.31314 -181.35695 6517.42458
v 1936.64002 -170.76951 6535.80713
v 2035.02846 -104.01973 6451.01547
v 2018.78309 -98.09040 6442.66748
v 2023.84591 -91.14043 6459.83791
v 2101.54557 64.21940 6385.15854
v 2088.99212 68.10198 6379.12655
v 2091.54058 71.05135 6393.04972
v 2148.90718 165.15253 6365.54003
v 2141.27517 172.20816 6360.38589
v 2140.87582 170.62920 6371.87243
v 2214.53953 215.69665 6403.18584
v 2210.57820 223.44953 6399.90902
v 2208.25481 220.23852 6408.32520
v 1656.06809 -480.74082 6860.47506
v 1680.29130 -459.25421 6842.14067
v 1684.00562 -464.37228 6878.80945
v 1738.59107 -591.18372 6836.70235
v 1761.25252 -572.44205 6819.86284
v 1763.35287 -575.34051 6853.56045
v 1834.58495 -718.44852 6830.16062
v 1854.60722 -701.63774 6815.20796
v 1855.14379 -702.48175 6845.30926
v 1931.58484 -824.63568 6826.55478
v 1948.45438 -808.64972 6813.39502
v 1950.23775 -810.99004 6839.94055
v 2000.93865 -910.69597 6804.67415
v 2015.31720 -895.34599 6793.06412
v 2018.98766 -899.97095 6816.35141
v 2070.83058 -992.50931 6771.13152
v 2085.24251 -981.25011 6760.19287
v 2087.79764 -984.35664 6781.12030
v 2155.49254 -1178.86901 6756.37531
v 2167.85336 -1172.33622 6747.77174
v 2167.89532 -1171.45288 6764.16397
v 2263.46421 -1326.67601 6786.24868
v 2271.66200 -1320.75131 6779.67262
v 2269.72270 -1317.60454 6791.15677
v 2357.67722 -1378.05772 6834.38778
v 2363.32178 -1372.99597 6828.99761
v 2360.77952 -1369.80605 6837.35800
v 1832.31604 -474.69175 6805.02844
v 1806.20575 -451.41679 6792.33503
v 1830.78063 -439.74739 6817.72184
v 1929.43764 -426.08550 6688.71021
v 1905.18641 -405.63402 6678.27034
v 1926.42307 -395.60074 6702.01302
v 2023.02337 -355.31384 6584.00249
v 2000.04935 -338.21359 6576.25818
v 2016.71934 -330.93908 6599.69759
v 2118.96276 -249.75295 6500.01001
v 2098.26708 -235.71593 6494.02523
v 2111.37295 -230.75208 6515.58352
v 2204.76627 -148.07074 6425.63581
v 2188.13801 -134.99390 6419.59524
v 2199.58711 -130.51367 6437.83903
v 2291.77189 -87.69292 6352.14758
v 2283.78010 -73.61656 6342.66663
v 2292.74702 -70.17249 6358.77991
v 2395.94722 -107.78082 6308.88700
v 2396.05474 -96.08340 6298.13242
v 2400.03181 -93.04705 6313.21430
v 2525.17700 -134.32029 6302.77681
v 2524.02353 -124.87780 6294.29817
v 2523.96941 -122.28083 6306.77366
v 2656.00181 -72.63491 6303.57122
v 2653.15270 -66.29232 6297.39141
v 2652.30131 -64.61922 6306.50234
v 1872.35725 -469.68928 6760.68401
v 1894.91498 -445.32555 6743.88695
v 1903.69046 -458.70417 6777.48108
v 1951.12014 -585.94728 6693.81046
v 1971.72356 -564.33433 6678.44391
v 1979.25174 -575.80912 6709.09357
v 2029.68955 -703.84210 6634.28736
v 2047.12915 -683.11179 6621.34981
v 2054.33488 -694.05460 6648.36073
v 2104.54750 -788.89906 6572.15023
v 2117.50197 -767.10880 6562.65974
v 2125.10204 -778.20921 6586.14826
v 2174.90506 -838.10699 6524.28293
v 2189.37731 -821.01238 6513.77249
v 2194.16070 -828.83835 6536.75079
v 2223.79971 -936.61129 6499.61281
v 2240.31067 -927.68401 6488.10053
v 2242.65599 -931.33914 6509.68695
v 2267.23289 -1070.43469 6475.98696
v 2281.83436 -1064.64863 6465.90090
v 2283.57625 -1067.02185 6484.33304
v 2327.68178 -1284.44672 6446.35439
v 2338.02032 -1279.74558 6439.14700
v 2338.89270 -1280.34914 6452.55613
v 2416.55302 -1439.65292 6446.35582
v 2423.43259 -1435.83620 6441.39194
v 2423.74873 -1435.65297 6450.68741
v 1970.94667 -477.31471 6716.33911
v 1941.52403 -459.57142 6702.05355
v 1960.15203 -444.69586 6730.62468
v 2063.03310 -401.01713 6616.63485
v 2036.00335 -385.45397 6604.26855
v 2051.43070 -373.23508 6631.44302
v 2153.43213 -298.11999 6532.60374
v 2129.01640 -284.74462 6522.00842
v 2140.64384 -276.07799 6548.02704
v 2238.94429 -189.88729 6467.29326
v 2218.60862 -177.00127 6457.10850
v 2229.06971 -169.12472 6479.73251
v 2330.57785 -121.82382 6390.40518
v 2314.57663 -109.12223 6380.20515
v 2323.56071 -102.36804 6400.08163
v 2426.16725 -53.34786 6335.40869
v 2415.73262 -40.40153 6324.81432
v 2420.90130 -36.08481 6343.34469
v 2519.64736 -21.96718 6311.72705
v 2510.92601 -10.35003 6302.28758
v 2512.81619 -7.98762 6319.34547
v 2620.79954 76.15209 6299.15428
v 2610.34775 82.48916 6292.20867
v 2611.50169 84.05823 6306.13136
v 2701.88355 257.60707 6261.85083
v 2694.09823 260.31408 6257.53832
v 2695.09411 261.74945 6266.67547
v 2013.70859 -487.46544 6666.09287
v 2008.97574 -452.26100 6655.00975
v 2037.52303 -461.10961 6677.17600
v 2097.95403 -511.03354 6548.19059
v 2093.48750 -479.72807 6538.75589
v 2119.43889 -487.77390 6557.48510
v 2165.92836 -530.55465 6437.54387
v 2159.56569 -502.30271 6433.12788
v 2184.21888 -509.75633 6447.08538
v 2220.41297 -515.36262 6331.36749
v 2213.22966 -490.49866 6330.38998
v 2235.84795 -497.02838 6341.18557
v 2274.98651 -503.94195 6225.18778
v 2270.25533 -482.25895 6221.86565
v 2287.95743 -488.09391 6234.36213
v 2356.90594 -511.08569 6139.56928
v 2353.02114 -492.63680 6136.60336
v 2364.10379 -497.81996 6151.25132
v 2466.25829 -480.75804 6089.53905
v 2466.45880 -465.95326 6084.97524
v 2473.23680 -470.04715 6098.29235
v 2567.68203 -554.43370 6020.06769
v 2570.74285 -545.08203 6014.56785
v 2576.63393 -548.52808 6023.53907
v 2600.19517 -591.18116 5972.62859
v 2602.68474 -583.42618 5968.13393
v 2608.23417 -586.98261 5974.69854
v 2062.94537 -485.01927 6614.49814
v 2085.68096 -459.99891 6598.95229
v 2095.94584 -477.67806 6630.04398
v 2125.04435 -587.61156 6535.66456
v 2145.56170 -565.30344 6521.57116
v 2155.07054 -581.69478 6549.10564
v 2176.55778 -682.96546 6457.66544
v 2193.85195 -661.16643 6446.61713
v 2203.28546 -677.38587 6469.94686
v 2227.08011 -742.67679 6388.77249
v 2241.62364 -721.26794 6380.23949
v 2249.80283 -735.49831 6401.99423
v 2288.95473 -804.53742 6335.81972
v 2304.24023 -787.88298 6326.23768
v 2307.97553 -796.31889 6348.99092
v 2371.88935 -930.32199 6305.65500
v 2386.41644 -919.13414 6296.56506
v 2388.43322 -924.51125 6316.20836
v 2453.15647 -1089.81431 6238.03711
v 2463.64808 -1080.58310 6231.48108
v 2465.69037 -1085.52647 6245.96071
v 2539.00838 -1200.26624 6189.66484
v 2544.82508 -1191.06376 6185.61840
v 2545.57610 -1193.92979 6196.84839
v 2623.01803 -1231.64546 6184.74388
v 2626.03879 -1223.37246 6181.74887
v 2625.86451 -1225.24071 6190.86027
v 2180.81260 -520.08259 6496.85812
v 2174.34049 -484.30732 6488.93166
v 2206.47717 -494.33213 6504.78458
v 2236.82618 -535.27540 6373.64960
v 2230.15976 -502.87908 6368.48116
v 2259.69386 -512.05325 6381.29711
v 2281.80647 -534.76244 6254.65870
v 2276.00098 -505.79655 6249.64428
v 2302.28901 -513.97926 6261.46984
v 2334.55420 -551.33742 6144.70482
v 2329.39482 -525.62398 6140.26546
v 2351.04752 -532.66245 6154.01793
v 2408.93769 -541.02713 6050.78220
v 2406.47507 -518.86177 6044.15178
v 2422.71709 -524.58888 6059.79586
v 2504.75955 -589.74636 5958.32586
v 2506.13594 -573.14020 5948.70710
v 2519.45996 -577.82221 5961.77340
v 2556.85806 -658.95909 5859.97391
v 2556.92840 -644.56308 5853.89757
v 2569.28968 -649.70231 5861.95755
v 2605.00050 -675.91310 5752.81191
v 2601.80879 -663.88041 5753.59011
v 2611.97233 -668.03217 5759.50956
v 2677.80685 -613.12938 5684.91697
v 2673.65646 -605.24815 5687.59966
v 2680.93228 -608.53225 5692.37566
v 140.29382 1058.60662 7805.17006
v 129.45949 1028.90348 7791.15391
v 113.65639 1041.57424 7819.18621
v 56.62257 1123.49689 7728.64246
v 45.17388 1097.60618 7714.39791
v 31.42008 1108.58262 7740.75413
v -31.54821 1218.12892 7649.98293
v -42.95019 1196.14184 7636.19661
v -54.55523 1205.25694 7660.39896
v -141.92294 1329.70035 7555.94873
v -151.05715 1310.14609 7544.68155
v -161.15847 1318.11094 7565.35196
v -256.87757 1428.59960 7458.74023
v -261.80977 1410.07900 7451.62392
v -271.37163 1417.59527 7468.05716
v -350.35840 1459.09369 7379.95386
v -353.81976 1442.61026 7374.54414
v -363.21503 1449.75078 7387.72345
v -409.95690 1504.69339 7308.58707
v -416.82300 1493.54148 7300.56286
v -422.18718 1497.45572 7314.41212
v -498.17985 1629.77433 7291.19778
v -506.37966 1624.64690 7284.17873
v -506.70922 1622.91801 7295.99810
v -588.01001 1741.41669 7337.55541
v -594.45965 1738.38913 7332.65734
v -593.60027 1735.68845 7340.82556
v 163.99939 1180.57299 7754.67920
v 144.62997 1206.11942 7741.70542
v 166.57940 1212.52823 7767.65299
v 266.64999 1212.59785 7659.94310
v 249.44378 1235.70251 7648.00310
v 269.80659 1241.63640 7670.86315
v 372.58980 1236.85813 7554.00276
v 355.85925 1256.86550 7544.90185
v 374.29291 1262.24375 7564.75878
v 475.41943 1295.18247 7443.85958
v 460.50286 1312.24072 7436.53059
v 476.67953 1316.98835 7453.35293
v 569.60410 1323.93587 7340.40308
v 559.26925 1339.24747 7331.76708
v 572.05629 1343.00447 7347.20135
v 679.51530 1337.00097 7263.50641
v 671.13608 1350.03901 7255.97143
v 678.02173 1352.12505 7271.63076
v 811.36304 1420.96746 7225.84629
v 801.71961 1429.26347 7221.28248
v 805.79585 1430.06825 7234.14278
v 888.67807 1538.27500 7185.04381
v 881.52635 1544.47663 7181.63538
v 884.81003 1545.30919 7191.10870
v 937.06816 1566.09547 7167.32502
v 932.27631 1572.40474 7163.86271
v 934.93831 1573.00448 7172.06717
v 215.43950 1362.31887 7687.48379
v 198.48116 1336.75981 7671.50688
v 189.29268 1346.28153 7703.46069
v 116.20657 1462.25274 7629.16374
v 102.01032 1438.18486 7615.40794
v 93.51580 1446.97440 7644.05394
v 11.92657 1544.93749 7571.18130
v -1.07597 1523.70250 7558.70867
v -8.19616 1531.12173 7584.58948
v -83.10394 1642.43126 7522.74942
v -96.39744 1625.74267 7510.66971
v -102.81705 1632.43878 7533.36573
v -160.30188 1759.16231 7458.77981
v -173.14224 1747.07198 7447.41631
v -178.39496 1752.44212 7467.00621
v -231.36869 1897.24159 7413.62715
v -242.24967 1887.70521 7404.10376
v -244.89465 1889.44757 7421.13352
v -336.42805 2008.01778 7404.81758
v -342.86502 1998.16883 7397.36605
v -342.64305 1997.35332 7411.26728
v -455.01348 2039.87074 7422.22691
v -459.42420 2031.63123 7416.14866
v -457.30534 2030.04932 7426.97906
v -551.34165 2079.97179 7456.17676
v -555.55928 2073.89402 7451.70164
v -553.28184 2072.41869 7459.91087
v 256.07350 1598.91641 7612.81633
v 240.36734 1571.29872 7599.15304
v 226.49223 1587.32474 7626.47963
v 180.13975 1683.74979 7524.49608
v 165.11616 1659.66558 7511.18422
v 153.05471 1673.56718 7536.56578
v 108.27585 1780.63929 7443.02893
v 92.41571 1762.79783 7428.30753
v 83.08591 1773.00048 7452.70920
v 50.50659 1917.20414 7378.80707
v 36.67440 1901.70336 7365.96155
v 28.17545 1911.30364 7386.75165
v 12.88001 1975.56818 7324.24116
v 0.55727 1960.50262 7313.04836
v -8.21801 1971.33434 7330.64890
v -18.61190 2071.03324 7249.52459
v -30.42701 2060.19950 7238.17968
v -36.66484 2066.42318 7255.73063
v -109.45529 2235.61120 7204.38910
v -118.27178 2226.45044 7195.74165
v -120.44968 2227.09584 7210.94942
v -212.58157 2308.94256 7202.78311
v -220.03394 2301.73540 7195.68968
v -220.98728 2301.34654 7208.20904
v -306.25227 2455.35898 7194.67735
v -312.16007 2451.41602 7189.74686
v -312.98214 2451.36547 7198.35377
v 255.61810 1650.17593 7595.56961
v 240.11856 1675.98605 7578.54843
v 245.64303 1678.58183 7612.59079
v 389.10174 1714.96022 7568.95542
v 376.39576 1738.97552 7553.29418
v 379.98661 1740.68558 7584.40113
v 531.51512 1775.08509 7557.06692
v 523.28283 1797.76204 7542.80758
v 523.98962 1798.31541 7570.81699
v 665.92658 1814.76569 7559.39484
v 662.82642 1836.01999 7546.64516
v 662.48107 1836.27331 7571.61951
v 795.12137 1820.59240 7560.49490
v 790.74687 1839.15830 7549.02887
v 788.14530 1838.85539 7571.12980
v 904.19155 1893.34321 7588.59587
v 894.75834 1906.60441 7577.86322
v 892.54135 1906.37231 7597.22996
v 1016.66486 2007.82299 7584.60426
v 1007.76601 2017.84444 7575.72031
v 1007.77459 2019.15860 7591.74585
v 1154.95729 2104.91943 7570.76168
v 1149.13321 2113.47795 7563.85422
v 1148.62633 2114.10785 7576.27296
v 1299.93927 2207.12733 7586.74049
v 1296.22638 2213.30190 7581.96068
v 1295.26544 2213.32192 7590.55328
v 279.70541 2037.40072 7408.37288
v 247.15006 2035.30240 7396.89016
v 255.85049 2059.65352 7419.85559
v 311.45972 2132.22837 7295.78018
v 281.84152 2129.39620 7286.58867
v 289.85393 2151.87407 7306.59580
v 330.25932 2227.67067 7174.12996
v 303.75040 2224.02239 7167.43612
v 311.00887 2244.60340 7184.30567
v 343.20757 2319.88192 7053.44248
v 320.02938 2316.45632 7048.00892
v 326.99841 2336.87377 7058.64143
v 363.22242 2343.73879 6946.23852
v 343.27176 2341.98523 6938.58051
v 349.28444 2359.82180 6948.84968
v 402.69876 2403.86081 6868.94417
v 385.36742 2403.10717 6861.07492
v 388.63274 2414.70671 6875.82779
v 420.95029 2566.95843 6774.41168
v 407.22954 2565.31692 6769.34958
v 410.12213 2575.46139 6779.61111
v 450.89027 2622.93839 6661.07655
v 439.96871 2621.67239 6656.99816
v 442.24915 2629.66657 6665.26937
v 464.18959 2740.55147 6596.37642
v 456.17738 2739.82859 6593.20784
v 457.49527 2743.82567 6600.76094
v 1003.17407 293.04504 8117.26570
v 973.25277 288.40238 8101.95827
v 974.56735 302.96934 8132.57313
v 1013.89182 431.56412 8050.88425
v 986.81515 428.72611 8036.30447
v 987.93429 441.30954 8064.48555
v 1037.16588 565.58120 7994.03191
v 1012.57110 562.55698 7981.02379
v 1013.58712 573.97521 8006.55556
v 1041.42296 695.45573 7931.89859
v 1019.27137 692.35724 7920.35961
v 1020.07771 701.41667 7943.82668
v 1051.62418 849.47073 7885.41222
v 1032.70805 850.24768 7874.26901
v 1033.04589 855.11386 7895.68853
v 1080.52719 960.05791 7867.92469
v 1065.31310 966.33947 7857.21684
v 1064.58759 967.30095 7876.81627
v 1133.96394 1048.90978 7877.34699
v 1120.85438 1055.81975 7867.86699
v 1118.71612 1053.01368 7885.10180
v 1160.98869 1231.45294 7931.75697
v 1150.11096 1234.37941 7923.68793
v 1148.16070 1230.95620 7936.97262
v 1153.64373 1497.91336 7994.24410
v 1146.96646 1499.01307 7989.13050
v 1145.77663 1497.06471 7997.29919
v 1046.38016 309.72350 8107.35226
v 1015.05291 308.91770 8094.34795
v 1022.09985 329.53534 8120.35656
v 1084.01060 425.71235 8005.19085
v 1056.11503 426.08041 7992.50507
v 1062.15870 443.82560 8016.74938
v 1131.48224 538.80143 7918.03598
v 1106.37414 539.09367 7906.65340
v 1111.19378 553.31463 7929.77476
v 1160.59220 681.83362 7832.62730
v 1138.58187 681.90730 7822.78919
v 1142.47060 693.23224 7843.71424
v 1196.53571 800.49735 7763.85403
v 1177.96469 802.82325 7753.96633
v 1180.94325 811.45895 7773.06128
v 1244.71784 904.22660 7717.67712
v 1228.55842 906.72523 7708.75406
v 1230.94201 913.73980 7725.84486
v 1280.83241 1012.55751 7665.05861
v 1267.21835 1015.51557 7657.08447
v 1268.28313 1019.00291 7672.71709
v 1342.67747 1183.37572 7660.40659
v 1333.56047 1188.74514 7654.13332
v 1332.66354 1187.37650 7666.32462
v 1433.70569 1335.64889 7713.23204
v 1428.06292 1340.52658 7709.19275
v 1426.82362 1338.44995 7717.32283
v 1133.68940 352.94709 8091.11023
v 1103.00303 355.95870 8076.95293
v 1110.38268 373.13417 8105.26752
v 1185.40859 478.38899 8001.53160
v 1158.23209 481.95532 7988.23738
v 1164.26671 496.02026 8014.57691
v 1244.51149 613.62720 7926.73492
v 1220.77286 617.39933 7914.58988
v 1226.02701 629.65864 7937.98542
v 1296.77844 719.15007 7851.83191
v 1275.76351 722.70012 7840.90281
v 1280.62475 733.97994 7861.46498
v 1340.50798 805.92167 7797.58024
v 1321.17450 808.30473 7788.24520
v 1325.32823 817.98190 7807.10554
v 1380.87606 940.40769 7719.77234
v 1365.24057 943.83514 7711.16018
v 1367.98429 950.28955 7727.92912
v 1440.17005 1036.30280 7687.26635
v 1429.82411 1044.09552 7678.52402
v 1429.53575 1045.50087 7694.08464
v 1527.91917 1123.94965 7707.60345
v 1519.69171 1130.93960 7700.41800
v 1516.94417 1128.45027 7712.84533
v 1567.69323 1318.76516 7783.17738
v 1561.82110 1322.05617 7778.01657
v 1559.65793 1319.47255 7785.80046
v 1150.39122 367.56301 8086.57837
v 1161.40425 394.90047 8069.76986
v 1165.51399 392.85976 8103.38688
v 1269.70208 310.09391 8068.44425
v 1282.88102 333.63599 8052.61898
v 1284.46698 332.96317 8083.84991
v 1397.10391 220.69791 8072.70432
v 1412.75764 239.25552 8058.40111
v 1412.16934 240.06361 8086.56120
v 1515.98501 115.06824 8079.30374
v 1529.60527 131.81236 8066.56456
v 1528.73826 132.80150 8091.59374
v 1647.55976 33.62458 8088.94157
v 1655.82192 50.43532 8077.21329
v 1652.50206 52.70218 8098.94466
v 1776.55685 20.38144 8126.70040
v 1779.62387 35.77625 8115.04841
v 1771.98458 38.36353 8132.85637
v 1862.79702 55.78183 8174.20673
v 1871.68336 68.68023 8166.57829
v 1864.89236 70.98375 8182.45602
v 1964.79702 -116.15478 8212.67986
v 1975.95572 -109.99709 8208.81844
v 1972.02039 -109.30061 8221.52233
v 2103.65677 -312.31284 8268.97144
v 2110.63576 -308.19738 8266.46137
v 2108.08444 -307.68654 8274.53423
v 1210.61969 391.70226 8082.04746
v 1190.17994 414.68796 8067.72900
v 1206.74431 422.21627 8096.36593
v 1335.12485 450.63290 7994.52162
v 1318.20083 471.68562 7980.91888
v 1331.53427 477.77349 8007.37286
v 1468.22333 503.63958 7926.19801
v 1454.33116 522.57538 7913.60378
v 1466.23790 527.99934 7936.81955
v 1591.66873 542.27901 7841.88271
v 1580.48677 558.97790 7830.39904
v 1591.83645 563.97599 7849.94316
v 1713.54377 564.57442 7767.94910
v 1704.63395 579.12141 7757.68900
v 1711.81130 582.74144 7775.90036
v 1847.63753 622.11740 7726.22299
v 1840.96515 634.44614 7717.49210
v 1842.92841 636.00713 7733.81567
v 1991.52040 687.87861 7723.53983
v 1990.30948 698.80390 7716.75014
v 1988.11436 698.83353 7729.48265
v 2073.13800 689.16470 7752.63357
v 2073.07506 698.67611 7747.16949
v 2068.60471 698.06486 7757.16782
v 2157.82952 742.18434 7803.27511
v 2156.56900 749.01944 7798.41328
v 2152.55833 748.30931 7805.85337
v 1282.14288 438.38629 8064.51225
v 1285.76565 468.07864 8048.50006
v 1296.43941 464.66118 8080.52444
v 1414.06572 398.22882 8016.25061
v 1419.58582 424.18787 8000.96607
v 1429.04234 421.16988 8029.93870
v 1540.85672 330.48907 7968.87016
v 1547.28067 352.82761 7954.71954
v 1555.63796 350.16760 7980.48019
v 1674.58487 265.42926 7918.05315
v 1677.96135 285.88158 7906.47125
v 1684.37862 283.93745 7929.25024
v 1810.13155 241.20291 7884.60445
v 1817.53540 256.83740 7873.54422
v 1820.35148 256.40598 7893.87798
v 1911.81433 128.18651 7883.32748
v 1921.98884 138.38018 7874.14598
v 1920.74251 140.53448 7891.04414
v 2025.09880 62.97920 7920.48645
v 2029.60992 73.20808 7911.83043
v 2025.57302 76.36719 7925.00734
v 2153.32508 96.32096 7965.02781
v 2156.04162 104.35041 7957.93486
v 2151.35503 106.88309 7967.61894
v 2251.18971 86.19808 8022.23015
v 2254.67730 92.33227 8017.52281
v 2250.66543 94.28427 8024.73736
v 1450.25182 527.19808 7997.70546
v 1448.88234 557.32673 7982.16391
v 1462.25965 554.86441 8013.24654
v 1585.82819 504.35448 7937.54530
v 1586.05397 531.02052 7922.97935
v 1597.95594 528.83244 7950.85144
v 1722.99838 462.24383 7876.13058
v 1725.28505 485.05446 7862.44965
v 1734.68029 483.44609 7887.38680
v 1866.28854 413.65010 7826.14899
v 1870.20695 432.52355 7813.70974
v 1876.54865 431.78728 7835.74438
v 1989.69364 359.20563 7794.99626
v 1994.75551 374.70382 7783.95891
v 1997.43736 375.20838 7803.45726
v 2104.27761 317.66856 7794.04402
v 2110.16488 330.21939 7784.51729
v 2110.67462 331.43702 7801.28622
v 2199.77546 266.40794 7795.28809
v 2200.88482 278.22378 7787.24337
v 2201.57576 279.18831 7801.53179
v 2304.23045 296.34070 7786.05604
v 2301.97763 305.84180 7779.33121
v 2300.74549 306.48589 7791.10575
v 2436.26595 340.84255 7822.28804
v 2435.30369 347.84138 7817.59405
v 2433.04825 347.87568 7825.77038
v 1502.58696 550.15826 7976.51386
v 1480.60501 572.02041 7962.73041
v 1498.29757 580.86276 7990.29732
v 1617.74886 610.11904 7883.36945
v 1598.19305 629.58533 7871.09089
v 1614.14218 637.55530 7895.46776
v 1729.36106 666.20016 7790.26318
v 1712.15892 683.33536 7779.45137
v 1725.33739 689.91208 7801.57566
v 1846.41051 735.89540 7709.93567
v 1831.87497 750.82308 7700.42086
v 1841.55190 755.55700 7720.63446
v 1957.32319 803.46662 7648.27394
v 1944.37182 815.88250 7640.42664
v 1950.94335 818.80641 7658.64038
v 2035.25758 875.99623 7616.83846
v 2024.29509 887.00396 7609.91001
v 2028.26715 888.20010 7626.40667
v 2113.46030 933.96914 7600.45099
v 2105.46565 944.50855 7594.07854
v 2108.43945 945.21958 7608.43992
v 2214.93101 988.31040 7573.52924
v 2210.32906 997.80273 7568.02177
v 2211.84397 997.92558 7579.82445
v 2353.90139 1033.22601 7571.64383
v 2351.64428 1040.35747 7567.64412
v 2351.83549 1040.12752 7576.12133
v 1043.62214 -439.46034 8459.41830
v 1049.85964 -409.62988 8447.79778
v 1068.86172 -422.38036 8471.03882
v 1133.56876 -497.20076 8354.18797
v 1138.39149 -470.35050 8344.74945
v 1155.81024 -482.02199 8364.58969
v 1217.38005 -541.59021 8247.07794
v 1222.53716 -518.72885 8237.65373
v 1237.39958 -528.68503 8255.48744
v 1299.23141 -614.77125 8150.72155
v 1304.90839 -596.26085 8141.20388
v 1316.32209 -603.74260 8157.91321
v 1381.56521 -677.43045 8073.24600
v 1386.42132 -661.70365 8065.12547
v 1394.61672 -666.89986 8080.70374
v 1459.47695 -724.58112 8027.00806
v 1463.96410 -711.25096 8019.80972
v 1469.94293 -714.99288 8033.94794
v 1554.93867 -788.10459 7971.00496
v 1559.55195 -778.44542 7964.44321
v 1565.63604 -782.60678 7974.60699
v 1584.51080 -865.71616 7897.84241
v 1588.76812 -859.63452 7891.56199
v 1594.08259 -864.08913 7898.37885
v 1589.55753 -915.31450 7860.98862
v 1593.21654 -910.81023 7855.26085
v 1597.67842 -914.58219 7860.94856
v 1316.48719 -501.61457 8444.78416
v 1296.06986 -478.86750 8433.40397
v 1318.09986 -471.09082 8456.16436
v 1414.81018 -464.93813 8337.08477
v 1395.95675 -444.58923 8327.30007
v 1415.67564 -437.63214 8347.98908
v 1507.32136 -420.80048 8235.64339
v 1492.49935 -401.97572 8224.80011
v 1509.65929 -395.90159 8243.78109
v 1606.56631 -416.54283 8147.90249
v 1595.44182 -399.41496 8136.40404
v 1609.26723 -394.24911 8154.61159
v 1707.40378 -394.64599 8075.60539
v 1695.31238 -380.01287 8067.10052
v 1706.28691 -375.75981 8084.25045
v 1825.61290 -319.11361 7984.22194
v 1815.45484 -307.04755 7977.28252
v 1824.80717 -303.42051 7991.29343
v 1966.87436 -288.84411 7874.40634
v 1958.56369 -279.67808 7869.38143
v 1966.15601 -276.72204 7879.96197
v 2063.16257 -214.86071 7784.64699
v 2057.28269 -207.71223 7780.51519
v 2062.12997 -205.87668 7789.22606
v 2144.78946 -194.92166 7747.65110
v 2141.49570 -188.69461 7743.54506
v 2144.58323 -187.48745 7750.99468
v 1472.48745 -576.14875 8411.41510
v 1454.37527 -552.43760 8398.24200
v 1472.60034 -546.31156 8424.58820
v 1586.76755 -535.73930 8322.96753
v 1570.58895 -514.37163 8311.03134
v 1586.49147 -509.02855 8335.10113
v 1699.32187 -493.93594 8243.14022
v 1685.82416 -474.54429 8231.84967
v 1698.39382 -470.32794 8254.43077
v 1812.27648 -455.95565 8181.90289
v 1804.72291 -437.82517 8169.55662
v 1813.91287 -434.50952 8190.59849
v 1940.33170 -464.89993 8133.70705
v 1939.37850 -449.67711 8120.60833
v 1947.52479 -446.81960 8138.76629
v 2063.41243 -525.16377 8079.78725
v 2058.88748 -511.74188 8070.51563
v 2066.95032 -509.53132 8085.23655
v 2172.95456 -472.91887 8008.00610
v 2166.02015 -462.43000 8002.02751
v 2171.50831 -460.80762 8014.71996
v 2300.17209 -430.74697 7965.54565
v 2297.22571 -421.81104 7960.17647
v 2298.49529 -421.49797 7970.93058
v 2419.55709 -405.73758 7973.54460
v 2418.45798 -398.75975 7969.47145
v 2417.93537 -398.85682 7977.60820
v 1528.13804 -637.73572 8385.69260
v 1514.89723 -611.92894 8370.77618
v 1527.68850 -608.73389 8400.60902
v 1659.25920 -603.17349 8325.77991
v 1646.74127 -579.89359 8312.46758
v 1657.60398 -577.19696 8339.86473
v 1785.97462 -558.19273 8275.47264
v 1778.36931 -536.44049 8262.14600
v 1786.13234 -534.46168 8287.53185
v 1922.72806 -558.52991 8241.65916
v 1918.80846 -538.92344 8228.94573
v 1925.15743 -537.21029 8251.70898
v 2046.67997 -550.68332 8202.62814
v 2043.42937 -533.30183 8191.27750
v 2051.21160 -531.83728 8210.74009
v 2145.41292 -568.43686 8155.14183
v 2137.77852 -553.25717 8147.10045
v 2145.93410 -551.85348 8163.97858
v 2253.68261 -484.40748 8097.98050
v 2243.13736 -473.67468 8092.98992
v 2248.25716 -473.37615 8107.98931
v 2391.92390 -361.04661 8071.83266
v 2389.28556 -350.28979 8067.28268
v 2389.49609 -351.88356 8079.14829
v 2568.78901 -399.37982 8103.56712
v 2570.93167 -391.99781 8100.84629
v 2569.28706 -393.10890 8108.75511
v 1576.28644 -701.64901 8359.09271
v 1570.18328 -672.42426 8345.96062
v 1589.37263 -674.81452 8372.22481
v 1689.00454 -713.95850 8275.62046
v 1683.62248 -687.42037 8263.56411
v 1700.89138 -689.57102 8287.55951
v 1801.88441 -727.32890 8194.37599
v 1794.90590 -703.25947 8185.10246
v 1811.13815 -705.24359 8206.23589
v 1924.82615 -709.69963 8093.89210
v 1918.23137 -688.66402 8086.18259
v 1933.11930 -690.39714 8104.09260
v 2053.50685 -721.89552 7985.74162
v 2048.24901 -704.07748 7978.93667
v 2060.87232 -705.54578 7994.10009
v 2159.64246 -713.25201 7897.88580
v 2158.61487 -698.61305 7889.64176
v 2167.08374 -699.51963 7904.16002
v 2270.19787 -775.38913 7855.13067
v 2272.58039 -764.17202 7847.12696
v 2274.74618 -763.50278 7860.92615
v 2382.69114 -784.74551 7861.78684
v 2382.50041 -775.25330 7855.01003
v 2379.72832 -774.40959 7866.30917
v 2520.81037 -710.50203 7921.89360
v 2519.71531 -704.19532 7916.84246
v 2516.40010 -704.07629 7924.29113
v 1646.30222 -906.79711 8284.32751
v 1669.04569 -923.94978 8268.44311
v 1663.87355 -929.21865 8300.21191
v 1543.45238 -1014.28294 8249.75491
v 1563.04693 -1030.57361 8235.17609
v 1558.49349 -1035.21705 8263.80444
v 1424.52550 -1117.09440 8214.93912
v 1438.42542 -1134.08291 8201.22147
v 1435.29475 -1137.48980 8226.68839
v 1302.05989 -1178.57146 8197.12257
v 1310.76515 -1195.61434 8184.53026
v 1310.44352 -1197.26241 8207.37743
v 1208.20534 -1224.01917 8201.03645
v 1220.39652 -1236.55629 8189.83173
v 1220.49737 -1237.78450 8210.56461
v 1142.64321 -1344.39528 8185.90164
v 1155.42042 -1352.58055 8176.40686
v 1155.38216 -1353.78349 8194.26632
v 1044.89672 -1463.02307 8185.42957
v 1051.33188 -1473.75393 8177.96040
v 1053.23482 -1472.75043 8192.37232
v 906.25769 -1520.06340 8229.62570
v 906.76892 -1530.45142 8225.47626
v 911.36909 -1528.16439 8235.42595
v 792.83214 -1533.17153 8315.28568
v 791.94582 -1540.96508 8313.05885
v 796.58073 -1539.06548 8319.49234
v 1668.93840 -996.13470 8249.76921
v 1697.14618 -984.23237 8238.52348
v 1697.22295 -1007.85339 8261.01494
v 1671.42177 -1103.99854 8136.47652
v 1696.43486 -1093.44053 8126.50871
v 1696.50304 -1114.47358 8146.36040
v 1672.96028 -1196.80047 8037.27245
v 1695.17422 -1186.36346 8029.53434
v 1695.25135 -1205.48081 8046.76151
v 1686.48493 -1266.20996 7957.09181
v 1706.16794 -1254.52030 7953.07589
v 1706.62236 -1274.08266 7965.61813
v 1710.99067 -1318.22920 7839.98346
v 1728.30093 -1309.08847 7835.16073
v 1728.28305 -1324.31805 7848.37103
v 1730.62837 -1489.71331 7731.62270
v 1744.14206 -1484.58028 7726.45903
v 1743.40248 -1492.20228 7739.76278
v 1769.88995 -1650.29943 7651.90220
v 1779.67095 -1647.85492 7647.50290
v 1779.13857 -1653.28610 7657.05395
v 1757.58743 -1705.28531 7618.08395
v 1765.09905 -1704.48351 7612.55884
v 1762.21156 -1712.94320 7615.33260
v 1734.11310 -1668.51866 7596.70401
v 1740.24975 -1667.56499 7591.42017
v 1734.14505 -1672.68848 7589.69688
v 1704.78153 -1087.43072 8215.21187
v 1712.12721 -1057.90150 8203.47023
v 1730.48460 -1071.14315 8226.95351
v 1791.99886 -1148.08607 8112.80060
v 1799.76356 -1122.26593 8100.90446
v 1815.31072 -1133.43644 8123.30914
v 1892.35198 -1234.44903 8013.16071
v 1898.97454 -1211.53677 8002.92397
v 1912.93132 -1221.58599 8022.36176
v 1972.28956 -1287.56464 7914.12687
v 1973.85347 -1264.88793 7909.98936
v 1988.38890 -1274.94526 7924.86763
v 2049.59273 -1281.37350 7830.67131
v 2051.32151 -1261.13582 7826.63870
v 2062.18624 -1269.57417 7842.11683
v 2137.71176 -1326.81632 7776.85499
v 2142.87138 -1310.45651 7770.57362
v 2149.67108 -1316.75637 7786.31496
v 2250.44131 -1393.11671 7698.71283
v 2253.18027 -1378.89993 7694.59629
v 2259.88531 -1384.62794 7706.79474
v 2386.94429 -1420.83335 7593.57023
v 2388.32498 -1409.85596 7590.97672
v 2393.73183 -1414.30295 7599.92790
v 2503.90482 -1464.67435 7508.90636
v 2505.33032 -1456.94888 7506.72197
v 2508.95476 -1460.05094 7513.33475
v 1860.14485 -1310.82797 8021.00563
v 1888.22365 -1301.17202 8007.50923
v 1888.54957 -1319.47827 8034.50203
v 1863.81328 -1421.54860 7945.86992
v 1889.36365 -1412.86552 7933.52032
v 1889.65917 -1429.45862 7958.12368
v 1866.96911 -1547.61469 7861.29141
v 1889.66107 -1540.12299 7850.18682
v 1889.89508 -1553.70939 7872.76363
v 1878.75903 -1706.35486 7775.98190
v 1898.04995 -1700.76001 7766.10756
v 1898.23246 -1711.55238 7785.71463
v 1875.09835 -1832.48198 7704.87452
v 1891.54780 -1828.96399 7695.67394
v 1891.65688 -1839.00440 7712.00800
v 1863.32130 -1890.03766 7666.50677
v 1878.31485 -1888.02469 7657.44257
v 1878.74246 -1894.33765 7673.90442
v 1866.75024 -2064.12697 7641.27731
v 1878.28505 -2064.27145 7633.74949
v 1878.91221 -2066.34259 7647.35317
v 1830.18577 -2235.91018 7615.22722
v 1837.38101 -2239.57825 7609.62582
v 1838.21332 -2239.73036 7619.41814
v 1784.04343 -2293.19882 7629.49896
v 1788.76328 -2298.18678 7625.10204
v 1790.10856 -2297.29390 7633.09479
v 1916.82720 -1360.62229 7974.82491
v 1943.65227 -1349.09856 7960.28471
v 1945.85991 -1363.70170 7989.36510
v 1935.68921 -1474.23100 7916.34226
v 1960.19340 -1464.09869 7902.90070
v 1962.17525 -1477.19920 7929.51345
v 1953.75574 -1603.97279 7852.43130
v 1975.57175 -1594.86997 7840.49559
v 1977.24831 -1605.94082 7864.49337
v 1980.38805 -1732.20801 7794.16895
v 1999.67790 -1725.09551 7783.26797
v 2001.12391 -1734.62069 7804.45051
v 1984.31110 -1823.67861 7751.93167
v 2001.73640 -1817.41941 7742.01250
v 2003.14426 -1827.26097 7760.51569
v 1991.94050 -1901.61765 7703.60422
v 2007.60484 -1898.93448 7693.33458
v 2008.89754 -1905.59685 7710.99710
v 1963.94610 -2045.96210 7680.73893
v 1975.66736 -2049.81089 7671.28563
v 1977.73659 -2049.95990 7686.68890
v 1925.50325 -2144.54722 7703.29952
v 1935.43816 -2147.69316 7695.29867
v 1937.59882 -2146.16346 7708.16755
v 1927.62065 -2368.68620 7720.36791
v 1933.93600 -2369.10367 7715.22713
v 1935.24516 -2368.48116 7723.25134
v 186.03745 -715.54047 8428.76434
v 207.77366 -735.26710 8416.12244
v 190.56515 -744.54224 8441.40625
v 89.45771 -769.77253 8343.14537
v 108.01714 -787.95314 8330.95837
v 92.27584 -796.42284 8353.40786
v -12.56564 -806.96428 8255.01633
v 3.41264 -823.28349 8243.79539
v -10.70793 -830.86085 8263.56220
v -108.21651 -849.88540 8171.21029
v -92.53788 -863.43682 8162.74738
v -104.31642 -869.78376 8180.69363
v -185.78884 -915.66968 8102.36359
v -174.10043 -928.57879 8093.52779
v -182.33891 -933.00229 8110.67104
v -291.63894 -944.48131 8058.15315
v -282.30295 -955.96844 8050.21381
v -286.54599 -958.25756 8066.30421
v -391.20576 -1044.47961 8032.30095
v -382.76583 -1053.09093 8026.19457
v -385.24330 -1054.29542 8039.42680
v -496.96773 -1114.02786 8004.51756
v -491.23734 -1121.20819 7999.47262
v -494.99768 -1123.27790 8009.03416
v -580.93929 -1137.29107 7942.65842
v -576.65926 -1142.79675 7938.75885
v -580.85614 -1144.85204 7945.23954
v 190.34226 -803.09135 8403.69225
v 220.23514 -811.85734 8396.55113
v 200.49655 -832.54158 8410.83336
v 147.48891 -850.75998 8275.49362
v 174.07277 -858.88797 8268.27335
v 155.84387 -877.91502 8279.70028
v 100.79645 -874.71712 8141.77990
v 124.05843 -882.03925 8134.50432
v 106.47377 -899.48386 8140.34653
v 64.60001 -857.99390 8006.51073
v 85.33797 -864.36492 8001.33991
v 69.90971 -879.65459 8006.39820
v 33.55328 -891.32184 7882.33805
v 51.13519 -897.14384 7876.65606
v 39.97867 -908.92965 7887.23612
v -35.97003 -958.53710 7789.55889
v -22.90505 -964.87910 7782.06301
v -30.40686 -973.27584 7793.90860
v -93.52352 -991.71364 7730.99089
v -80.89282 -996.04470 7725.55971
v -85.22480 -1000.84531 7738.44290
v -113.10381 -1152.30322 7713.53006
v -102.64198 -1151.99029 7710.64043
v -105.35847 -1153.54455 7721.03739
v -98.03433 -1277.57990 7688.93528
v -90.38260 -1276.36492 7686.98263
v -92.35421 -1278.08571 7694.53144
v 259.23204 -1143.44728 8246.10710
v 249.93321 -1115.29636 8234.17091
v 271.15828 -1116.30499 8258.04329
v 366.25093 -1146.66235 8150.78735
v 360.04072 -1121.48523 8138.11016
v 378.54698 -1122.32113 8160.24590
v 480.59779 -1179.71897 8059.92413
v 476.49902 -1157.67157 8047.49107
v 492.52826 -1158.32210 8067.49344
v 583.62430 -1202.12221 7975.04187
v 576.30795 -1182.09171 7966.91799
v 590.50345 -1182.66273 7984.77602
v 692.70474 -1165.87865 7891.97445
v 683.79170 -1148.91374 7886.78265
v 695.10674 -1149.59884 7903.08285
v 816.09261 -1124.96650 7817.44671
v 811.45251 -1110.16262 7811.46669
v 818.80617 -1111.18484 7826.34354
v 929.29482 -1130.16784 7774.49417
v 928.06107 -1117.70117 7768.24522
v 933.41678 -1118.56258 7781.15082
v 1044.76309 -1148.10848 7720.81566
v 1045.36080 -1138.39459 7715.20233
v 1048.77055 -1138.92317 7725.89445
v 1186.48195 -1193.40885 7692.15631
v 1187.83545 -1186.77306 7687.91676
v 1189.38410 -1186.89179 7695.75405
v 278.63878 -1216.10987 8202.62241
v 271.27066 -1186.06508 8194.59534
v 298.22364 -1192.16383 8210.64949
v 351.18014 -1230.61359 8075.29259
v 345.47675 -1203.82810 8066.54072
v 368.78672 -1209.06901 8082.53384
v 437.75183 -1259.18353 7956.78377
v 432.48200 -1235.35693 7949.31459
v 452.32812 -1239.80176 7964.73026
v 516.71845 -1261.91711 7853.30963
v 509.69613 -1240.58878 7849.63369
v 527.24588 -1244.54653 7863.56449
v 592.29195 -1239.34925 7767.50994
v 585.88386 -1220.41869 7764.48298
v 602.93275 -1223.78874 7774.80650
v 643.45551 -1251.49882 7641.80136
v 638.56292 -1235.41009 7638.11541
v 654.13344 -1238.34324 7644.84787
v 701.47699 -1263.00251 7504.36878
v 698.48460 -1250.37944 7499.25756
v 710.54029 -1252.52140 7505.92804
v 780.08932 -1326.88379 7373.71159
v 778.10007 -1317.66021 7369.47393
v 786.90743 -1319.16666 7374.68481
v 826.34979 -1345.22080 7276.66330
v 824.38463 -1337.86428 7274.24288
v 831.40737 -1339.14661 7277.83108
v 297.39180 -1259.29987 8160.56633
v 327.18927 -1264.49811 8150.24567
v 313.65654 -1284.80220 8170.88699
v 247.83437 -1336.86805 8051.86081
v 274.81654 -1341.56024 8042.53578
v 263.68240 -1358.08396 8063.51185
v 197.83597 -1450.60921 7958.90808
v 221.83324 -1454.57292 7950.83809
v 212.54331 -1468.07957 7970.53528
v 152.36446 -1548.96832 7862.10203
v 173.34159 -1552.54996 7854.89225
v 163.14267 -1567.83497 7867.82265
v 108.00118 -1575.08504 7748.36969
v 125.33674 -1578.87876 7739.78662
v 114.04149 -1593.71996 7746.16957
v 45.52428 -1561.37311 7644.50216
v 59.58694 -1565.08136 7635.48183
v 53.24662 -1576.51007 7646.53015
v -31.42112 -1696.94829 7574.32318
v -19.97317 -1699.46349 7567.59834
v -21.93178 -1704.82612 7579.84638
v -98.52764 -1844.13457 7496.76657
v -90.54669 -1846.30501 7491.76264
v -91.89966 -1850.05546 7500.56887
v -140.26983 -1902.80652 7467.35048
v -134.03238 -1905.14278 7462.93736
v -135.05659 -1908.10061 7470.28875
v 340.25210 -1359.21252 8118.30521
v 332.88100 -1330.41048 8106.57787
v 354.42573 -1333.07827 8130.03254
v 454.53277 -1371.38295 8011.91711
v 449.53886 -1345.86525 7999.97473
v 467.93649 -1348.10483 8021.77429
v 571.06447 -1403.33688 7918.73646
v 566.87653 -1380.74458 7907.95183
v 581.49678 -1382.42054 7928.63274
v 690.44614 -1406.12996 7841.58564
v 683.44522 -1386.06524 7834.42974
v 696.57451 -1387.55262 7852.54669
v 797.50943 -1379.10235 7756.62661
v 792.10651 -1361.64188 7749.94278
v 803.16716 -1362.95581 7765.90109
v 908.50335 -1391.37137 7690.69290
v 902.76223 -1376.47474 7685.72712
v 912.64588 -1377.56765 7699.16773
v 1008.21817 -1342.88657 7603.22523
v 1002.82681 -1330.77216 7599.61367
v 1010.66411 -1331.72619 7610.86226
v 1123.18480 -1334.14674 7544.28101
v 1121.20020 -1324.09954 7540.32612
v 1124.22884 -1325.37627 7550.80080
v 1262.93278 -1316.98930 7535.05135
v 1261.92069 -1309.63409 7532.09925
v 1262.57300 -1310.71758 7539.98852
v 354.98101 -1427.55079 8065.29045
v 352.41976 -1398.79286 8051.58520
v 368.52717 -1402.05407 8078.99570
v 487.21394 -1452.33381 7984.61771
v 486.39879 -1426.92888 7971.48418
v 499.76608 -1429.60668 7996.63782
v 620.95809 -1491.64712 7916.99266
v 618.85500 -1468.87231 7906.06022
v 629.26996 -1470.97063 7929.07667
v 758.94719 -1484.80344 7858.41846
v 751.81991 -1464.97607 7851.27974
v 761.45893 -1466.80236 7871.24586
v 884.38517 -1437.60169 7794.64436
v 879.93217 -1420.35818 7787.79888
v 887.23332 -1422.06323 7805.34363
v 1009.50265 -1453.59993 7755.39684
v 1008.95691 -1438.83801 7748.64101
v 1011.64556 -1440.37819 7764.58645
v 1133.88658 -1445.82891 7750.81015
v 1133.81994 -1433.49314 7745.09621
v 1135.55062 -1434.75652 7758.52108
v 1279.20532 -1468.19162 7717.02242
v 1277.25112 -1458.80508 7712.97932
v 1279.52051 -1459.74469 7723.09065
v 1383.60667 -1423.46311 7697.10493
v 1380.27906 -1416.73303 7694.37170
v 1382.06339 -1417.44363 7702.12698
v 368.85220 -1495.51010 8012.27665
v 366.59446 -1465.52730 8001.44386
v 388.85024 -1473.05691 8023.10944
v 468.14108 -1527.10617 7899.31250
v 465.78282 -1500.07665 7889.95075
v 485.33159 -1506.70242 7909.89447
v 573.42875 -1550.04132 7793.51425
v 570.31554 -1525.77829 7786.27443
v 587.76933 -1531.68583 7803.91693
v 668.24222 -1560.87327 7690.38725
v 666.63021 -1539.75272 7682.79791
v 681.87946 -1544.92736 7698.51303
v 759.15939 -1603.32942 7595.49761
v 756.49214 -1584.65195 7590.25955
v 770.16515 -1589.24997 7603.49989
v 842.66061 -1588.46033 7502.26688
v 835.39045 -1573.09437 7502.62260
v 847.45759 -1577.05355 7513.92746
v 936.07241 -1511.01351 7440.20510
v 930.56202 -1498.01481 7440.10830
v 938.83687 -1502.09498 7450.79565
v 1049.42405 -1497.09880 7376.01995
v 1051.93675 -1486.70805 7372.53189
v 1054.72445 -1489.97867 7382.92313
v 1159.34277 -1598.79541 7358.58107
v 1164.03759 -1593.24157 7355.27182
v 1164.21342 -1594.43069 7363.17062
v 372.51955 -1558.84850 7952.16370
v 370.29895 -1527.83716 7944.76175
v 396.37128 -1538.90538 7959.56564
v 436.52520 -1583.94003 7820.61529
v 433.56276 -1555.76038 7816.05911
v 457.62295 -1565.92166 7827.95382
v 490.09243 -1585.97291 7692.29794
v 487.62128 -1560.87351 7687.82568
v 509.32598 -1570.01126 7697.90030
v 543.67876 -1617.30027 7560.03523
v 541.70132 -1595.44003 7555.69267
v 560.46736 -1603.35267 7564.95857
v 610.47387 -1625.64862 7414.46829
v 606.95231 -1607.08475 7414.53791
v 622.63048 -1613.75737 7422.70470
v 695.29682 -1585.26826 7294.67010
v 692.07901 -1570.07873 7295.31431
v 705.29151 -1575.48928 7301.45025
v 738.13856 -1582.42011 7183.63714
v 736.23914 -1569.81337 7182.03115
v 747.97410 -1574.23759 7184.82971
v 741.88805 -1602.95033 7071.99240
v 741.06431 -1594.82861 7065.77539
v 750.32210 -1598.04356 7068.81666
v 748.70622 -1691.91110 7025.99382
v 748.27260 -1688.31658 7018.87131
v 755.38534 -1689.56149 7022.29166
v 375.38812 -1621.74094 7889.93216
v 371.99861 -1591.32576 7880.72062
v 396.70622 -1599.78402 7899.14370
v 456.21681 -1647.44139 7769.72580
v 452.73432 -1619.95244 7762.10499
v 475.27722 -1627.66314 7778.17392
v 530.13819 -1664.89851 7652.37856
v 527.45783 -1640.49029 7644.92035
v 547.27024 -1647.27259 7659.75380
v 610.42184 -1697.12007 7541.09573
v 607.50687 -1675.48203 7535.30359
v 624.33279 -1681.28240 7549.21389
v 708.61465 -1697.46780 7422.98889
v 703.00555 -1679.05128 7421.68283
v 717.04721 -1684.01325 7433.95233
v 805.55642 -1650.93386 7335.85644
v 802.99693 -1635.22077 7332.66640
v 813.37118 -1639.54055 7344.38562
v 897.98313 -1695.23263 7255.60188
v 898.93079 -1683.24995 7249.90606
v 907.60785 -1686.84089 7259.32646
v 961.00199 -1745.17834 7157.95517
v 960.41375 -1735.05056 7155.07364
v 967.95923 -1738.20937 7161.73029
v 1041.69941 -1738.28197 7072.20125
v 1040.16984 -1730.49366 7071.28382
v 1045.81749 -1732.87952 7076.40743
v 361.96455 -1716.32433 7767.32540
v 390.80882 -1728.44708 7760.80894
v 368.26169 -1746.97232 7773.84186
v 317.73743 -1755.30767 7635.40173
v 343.19752 -1766.24310 7629.04787
v 323.13839 -1782.72390 7640.63168
v 268.89628 -1788.70177 7503.18241
v 291.42478 -1798.11251 7498.29626
v 273.47162 -1812.82759 7507.30324
v 237.91191 -1818.72940 7374.07732
v 258.31407 -1825.89328 7373.27909
v 242.57259 -1838.85288 7380.52177
v 230.09785 -1880.92577 7253.83997
v 247.69937 -1885.69713 7256.21462
v 234.28315 -1896.89922 7261.93619
v 238.82839 -1931.84829 7157.38821
v 252.73284 -1937.97278 7153.67937
v 241.54402 -1947.07096 7159.73186
v 185.30580 -1925.09055 7096.93956
v 193.30822 -1929.65436 7087.03995
v 183.38664 -1937.47616 7091.86172
v 136.61388 -1872.40696 7046.10014
v 145.28936 -1876.34873 7039.76345
v 140.37490 -1883.11350 7047.57595
v 115.11062 -2014.25815 7018.31961
v 122.50475 -2014.84251 7015.34891
v 121.21762 -2016.08849 7023.13566
v 351.95589 -1805.08792 7707.27968
v 366.69853 -1777.49419 7700.74797
v 383.05122 -1801.64707 7713.81140
v 384.65798 -1850.07834 7583.11605
v 397.46496 -1824.61822 7579.02431
v 412.45124 -1846.69971 7589.83135
v 422.95581 -1877.20263 7462.20970
v 434.59490 -1854.59924 7458.01926
v 447.11652 -1873.44921 7470.34121
v 482.98118 -1942.51156 7346.82131
v 493.30893 -1923.10989 7342.69094
v 503.21984 -1938.55345 7355.47447
v 563.52413 -2000.77033 7201.75123
v 572.22980 -1985.26764 7197.75295
v 580.68997 -1998.25943 7207.33166
v 599.75922 -2073.24147 7066.49256
v 607.74028 -2063.57026 7059.29995
v 614.11989 -2073.06719 7068.13574
v 596.39865 -2191.39934 6971.83514
v 602.41985 -2186.36250 6964.33353
v 607.20003 -2192.50393 6971.90523
v 590.65044 -2247.75481 6929.29077
v 593.17511 -2238.82818 6929.92592
v 597.99290 -2245.35680 6934.46779
v 632.87771 -2206.37035 6916.92591
v 629.13156 -2201.42555 6921.96131
v 634.84466 -2206.31051 6924.66974
v 332.88053 -1939.12315 7595.09659
v 350.81193 -1915.41147 7583.36449
v 362.14894 -1933.91371 7606.82869
v 382.54374 -2016.90125 7509.78470
v 398.83697 -1995.40830 7499.10688
v 408.55637 -2011.30629 7521.33799
v 450.45033 -2109.51066 7423.00034
v 464.67870 -2090.27791 7413.79499
v 472.54845 -2103.31202 7434.41725
v 538.13821 -2214.68925 7325.73795
v 549.53671 -2197.61467 7318.75229
v 556.85467 -2209.47289 7335.36863
v 603.59168 -2287.05263 7231.91738
v 613.99782 -2273.47827 7224.95270
v 620.37569 -2283.77843 7238.89160
v 640.24603 -2367.80167 7163.95807
v 650.09207 -2357.81622 7156.64291
v 654.35857 -2364.53700 7170.31050
v 685.43482 -2439.13245 7128.33643
v 693.00592 -2429.07596 7122.94722
v 696.41566 -2434.47399 7135.06031
v 758.23718 -2499.41587 7069.99397
v 761.79695 -2489.13193 7067.68274
v 765.87474 -2494.58361 7076.48182
v 863.56694 -2523.95654 6990.69357
v 864.94279 -2516.12115 6989.94923
v 868.42179 -2520.24627 6995.84150
v 311.69164 -1999.86112 7562.54721
v 340.65062 -2004.20785 7549.74461
v 331.79027 -2021.15798 7575.34981
v 259.51472 -2104.40373 7475.26646
v 285.72536 -2106.89044 7465.11793
v 277.59826 -2122.49494 7487.17737
v 226.02913 -2209.60259 7382.64561
v 249.54885 -2209.79261 7375.71859
v 241.69044 -2225.46291 7392.86184
v 204.54931 -2289.14905 7282.90796
v 224.08779 -2290.87758 7275.07019
v 216.95846 -2305.15456 7288.90896
v 136.23059 -2356.34208 7185.03857
v 150.67655 -2360.03041 7175.81320
v 146.10980 -2370.16273 7189.37349
v 58.56841 -2451.65777 7113.16156
v 69.42179 -2455.30868 7105.33142
v 68.07384 -2460.44588 7118.14642
v -7.26776 -2576.09868 7082.07321
v 0.70926 -2578.73130 7076.35260
v 0.36585 -2581.43187 7086.14445
v -38.10053 -2636.74283 7061.95211
v -31.23317 -2637.92443 7057.30581
v -30.56220 -2636.94024 7065.59563
v -33.10446 -2650.44546 7069.87381
v -26.64092 -2650.85721 7065.19508
v -26.40508 -2646.62981 7071.97046
v 296.85774 -2072.54314 7531.72493
v 316.27434 -2093.04190 7516.75129
v 306.81410 -2098.96421 7546.69857
v 179.10770 -2148.63992 7479.47741
v 196.86155 -2166.60380 7466.35056
v 188.01534 -2172.14584 7492.83171
v 79.57819 -2217.01598 7429.28219
v 95.34715 -2233.09326 7417.53292
v 87.09488 -2238.26599 7440.99188
v -1.23041 -2265.92708 7390.10000
v 9.47854 -2282.18508 7377.94971
v 2.78871 -2286.48329 7399.47653
v -110.03675 -2288.22255 7356.78864
v -102.35893 -2303.02334 7345.40081
v -109.22311 -2307.08337 7363.95073
v -232.91782 -2315.94658 7290.96460
v -225.29776 -2328.04132 7281.98433
v -231.76236 -2331.60520 7297.16682
v -348.01370 -2355.26443 7239.37798
v -340.49869 -2364.64715 7232.52821
v -343.52297 -2366.61911 7245.88490
v -443.24821 -2439.67795 7224.56026
v -437.50799 -2447.17383 7219.16199
v -436.46568 -2446.25401 7229.94852
v -526.81392 -2518.64004 7269.49978
v -523.22692 -2524.71614 7265.75136
v -521.05933 -2522.77422 7273.19241
v 244.88766 -2236.69815 7461.33375
v 274.38658 -2237.38074 7449.05519
v 266.85566 -2256.39749 7473.61231
v 206.32575 -2339.00619 7370.29076
v 232.98469 -2339.47396 7359.35783
v 225.83961 -2357.48863 7380.68533
v 169.10616 -2425.84038 7276.65472
v 192.44546 -2427.47116 7265.63835
v 186.12009 -2443.45784 7284.95598
v 113.32129 -2516.64281 7192.95549
v 132.86319 -2519.85192 7181.56290
v 128.09393 -2532.63187 7199.89061
v 58.12490 -2597.17703 7127.56491
v 75.07810 -2600.63863 7117.01345
v 72.26330 -2609.69353 7134.92489
v 20.19725 -2681.18572 7092.46159
v 36.00584 -2682.80101 7083.71210
v 34.50263 -2688.52830 7100.85917
v 1.31704 -2816.49089 7050.83847
v 14.49605 -2817.45172 7043.70832
v 13.61056 -2820.76001 7058.32767
v -29.28368 -2945.58787 7029.07705
v -18.72008 -2946.48886 7023.32926
v -19.15859 -2947.52073 7035.33697
v -31.32188 -3130.96547 7026.18980
v -24.28450 -3131.07061 7022.40801
v -24.53069 -3131.19102 7030.39312
v 1308.57062 -456.58872 9281.25954
v 1300.28832 -430.43917 9266.17622
v 1308.54940 -429.15890 9296.34285
v 1450.03939 -432.74495 9241.46271
v 1445.48404 -408.93427 9227.19574
v 1451.31350 -407.95660 9254.69685
v 1602.27180 -434.81532 9218.50681
v 1600.53670 -413.67254 9205.54352
v 1602.89764 -412.92807 9230.28088
v 1769.88316 -420.63859 9211.35044
v 1765.51354 -402.85650 9200.34409
v 1765.33449 -402.51341 9221.70448
v 1917.65547 -353.00851 9219.48051
v 1916.94653 -337.51947 9210.51025
v 1913.99312 -337.78125 9228.17612
v 2048.61021 -370.15790 9256.39343
v 2049.85857 -357.17630 9249.05300
v 2049.85070 -357.33962 9264.01711
v 2152.38142 -374.18067 9227.91672
v 2149.45769 -363.20496 9222.17655
v 2152.62890 -363.29326 9234.50089
v 2252.84362 -340.26667 9204.33712
v 2251.41835 -331.15616 9199.45526
v 2252.56586 -331.39575 9209.82265
v 2374.48859 -352.52810 9205.61695
v 2375.28992 -345.70819 9201.86329
v 2375.19503 -345.88107 9209.68628
v 1516.77084 -579.88018 9331.82526
v 1513.96048 -551.88411 9318.10570
v 1528.80800 -554.44825 9345.54482
v 1651.09313 -601.08656 9257.19643
v 1648.02372 -576.00349 9245.22877
v 1659.70790 -578.07851 9270.54596
v 1800.47059 -604.31129 9199.18633
v 1793.88893 -582.38912 9190.27710
v 1802.39415 -584.26225 9213.24253
v 1941.81561 -552.72412 9153.26500
v 1933.70807 -534.35975 9146.48151
v 1941.69164 -535.82996 9166.05377
v 2044.58880 -525.95997 9107.49435
v 2035.03656 -510.61976 9102.70405
v 2045.01796 -510.86092 9118.51025
v 2128.37625 -467.33350 9034.98268
v 2122.67900 -453.65828 9029.14238
v 2132.77602 -453.46537 9041.45527
v 2205.06525 -503.95805 8974.66087
v 2203.03822 -492.38202 8967.77058
v 2209.43165 -492.11964 8979.79736
v 2305.20201 -489.61437 8941.71333
v 2302.10972 -480.05036 8936.38706
v 2303.29394 -480.13282 8947.70050
v 2455.90043 -426.66030 8961.21120
v 2453.72462 -420.09661 8957.54719
v 2452.95858 -420.68011 8965.31296
v 1600.01922 -612.51926 9327.30675
v 1592.27765 -585.95461 9312.66785
v 1603.31976 -585.04713 9341.94565
v 1741.79900 -599.00355 9273.47183
v 1732.95569 -575.27727 9260.89573
v 1741.38582 -574.67914 9287.87518
v 1881.64508 -551.35334 9237.94556
v 1871.50180 -530.81155 9227.30160
v 1876.76406 -530.94369 9252.00844
v 2019.99807 -488.21637 9214.92481
v 2010.55360 -470.40364 9205.75237
v 2018.05568 -469.47685 9226.57204
v 2121.47069 -464.05667 9153.96976
v 2111.95159 -448.56492 9146.39091
v 2122.47539 -446.53639 9162.91904
v 2206.05421 -432.32080 9090.03162
v 2200.51479 -418.26034 9081.36940
v 2210.39152 -416.39480 9095.59536
v 2290.75336 -464.83427 9036.47900
v 2286.81350 -452.46935 9028.37944
v 2292.28354 -450.88905 9042.57774
v 2415.72762 -403.98747 9013.93986
v 2409.23381 -394.99375 9008.08525
v 2410.10070 -394.96791 9020.59841
v 2587.09693 -243.30577 9024.12510
v 2582.53551 -238.09719 9020.47729
v 2582.48878 -238.54505 9028.28979
v 1750.10073 -662.37575 9346.21239
v 1759.96041 -636.85822 9330.99556
v 1766.38258 -640.39260 9361.42921
v 1881.09994 -732.38599 9310.42767
v 1891.02101 -710.03634 9296.47255
v 1895.95675 -712.73535 9324.05949
v 2018.46194 -817.09749 9283.44536
v 2026.28493 -796.90570 9271.31748
v 2029.09541 -798.46662 9295.92800
v 2166.32390 -864.36331 9268.93997
v 2167.46545 -844.95574 9259.31454
v 2171.35429 -846.76248 9280.57957
v 2298.70844 -860.16566 9230.17502
v 2300.29440 -843.42277 9221.67110
v 2305.04608 -845.26330 9239.81476
v 2396.84200 -910.59017 9203.04585
v 2398.42224 -895.97547 9195.54424
v 2402.48656 -897.56352 9211.46011
v 2490.14258 -910.09897 9176.79787
v 2491.28795 -897.17925 9170.25089
v 2493.71266 -898.32753 9184.53026
v 2588.27925 -944.22120 9168.73550
v 2594.78927 -935.71526 9162.65297
v 2594.64812 -935.71818 9174.96967
v 2715.89875 -1117.98525 9189.50081
v 2721.68326 -1114.27069 9185.76145
v 2721.10343 -1113.77013 9193.54916
v 1840.93857 -687.36869 9360.50797
v 1836.55369 -660.50112 9345.05463
v 1841.50982 -660.15166 9375.96130
v 1985.17787 -675.64821 9337.24976
v 1980.80897 -651.10081 9323.16780
v 1984.79211 -650.82723 9351.52340
v 2131.87623 -655.91425 9319.29302
v 2124.15624 -634.31042 9307.16038
v 2128.99756 -633.85153 9332.65305
v 2286.58915 -594.56801 9276.89934
v 2277.97794 -576.04426 9266.71505
v 2285.08759 -574.89365 9288.37395
v 2427.24943 -569.10336 9218.88733
v 2419.32631 -552.97190 9210.10208
v 2426.56159 -551.68951 9228.70827
v 2573.96936 -512.47776 9159.67941
v 2565.87362 -499.29044 9152.71950
v 2570.58954 -498.71406 9169.00826
v 2700.66762 -442.84275 9133.28838
v 2698.73738 -430.25637 9126.88351
v 2698.11201 -431.19252 9141.09230
v 2838.57059 -460.75335 9174.44229
v 2842.63229 -450.63576 9170.61615
v 2837.78310 -451.32872 9181.08082
v 3005.01323 -515.28865 9278.58448
v 3008.60739 -508.67546 9276.44157
v 3004.40955 -508.88544 9283.04291
v 1905.41780 -698.30763 9375.65136
v 1929.11375 -685.13560 9360.00252
v 1928.83253 -684.64184 9391.30020
v 1980.18801 -826.29383 9378.33214
v 2002.53654 -815.67234 9364.11476
v 2001.91951 -814.55177 9392.62390
v 2042.23990 -960.94221 9388.99803
v 2063.26246 -953.30250 9376.24359
v 2062.91890 -952.77423 9401.98421
v 2096.32969 -1127.24769 9384.88102
v 2114.27331 -1119.47513 9373.73734
v 2114.43734 -1120.18871 9396.23260
v 2156.22544 -1239.34567 9379.99344
v 2169.46650 -1227.86164 9369.89975
v 2168.61987 -1226.95255 9390.08713
v 2233.43205 -1285.52842 9394.27471
v 2243.93821 -1273.53966 9384.72557
v 2241.39452 -1271.17252 9402.97985
v 2331.46310 -1360.94403 9421.02623
v 2343.66345 -1353.34110 9413.59329
v 2340.96861 -1350.83330 9429.35276
v 2411.28826 -1521.59715 9463.14430
v 2422.73164 -1518.87405 9458.31680
v 2420.07232 -1515.95533 9470.40367
v 2477.77009 -1758.67689 9555.26447
v 2485.05783 -1757.76255 9552.56367
v 2483.25515 -1755.44953 9559.81922
v 2008.01158 -726.02278 9383.74424
v 1993.96098 -702.34257 9368.85357
v 2002.98715 -698.95023 9398.63491
v 2136.59549 -676.07558 9339.06746
v 2121.83952 -655.10535 9326.07269
v 2130.80096 -651.70860 9353.17516
v 2271.78931 -598.77783 9279.93107
v 2255.89824 -581.34604 9269.44733
v 2265.64264 -577.39717 9293.02120
v 2392.89260 -517.95006 9206.83670
v 2377.87986 -503.02231 9198.06385
v 2388.39245 -498.38796 9217.89265
v 2508.33893 -450.43927 9120.05043
v 2495.40949 -437.22370 9112.21695
v 2504.36258 -433.31888 9129.76074
v 2635.43320 -369.09565 9050.43888
v 2626.66059 -356.56327 9042.75227
v 2630.58376 -355.31825 9059.37004
v 2768.83316 -307.15010 9044.03877
v 2764.69803 -295.04079 9037.24861
v 2763.78679 -295.92410 9051.67866
v 2915.17520 -257.11143 9076.35593
v 2911.98182 -247.28087 9070.90473
v 2909.43646 -248.78328 9082.21054
v 3087.22782 -139.67702 9140.65170
v 3084.49149 -133.43573 9136.80458
v 3082.49688 -134.60791 9144.28043
v 2069.45705 -743.80678 9346.68541
v 2070.91260 -715.12538 9334.22947
v 2088.46498 -722.27925 9359.14135
v 2180.31859 -786.90761 9256.15501
v 2179.46148 -760.44130 9246.80138
v 2196.18464 -767.19093 9268.32962
v 2285.51292 -799.66903 9161.77845
v 2281.86464 -775.56211 9156.07262
v 2298.44737 -781.87519 9173.74134
v 2387.95662 -799.19595 9056.53286
v 2385.71405 -778.30207 9050.63343
v 2400.22564 -783.81217 9065.97710
v 2500.03862 -835.49255 8946.81454
v 2498.83747 -818.10158 8941.20884
v 2510.32138 -822.58368 8954.74911
v 2605.34215 -846.67456 8856.03809
v 2606.05907 -832.71754 8849.91169
v 2614.32910 -836.04771 8862.29610
v 2684.39198 -897.88479 8802.88982
v 2689.01706 -888.53258 8795.38345
v 2692.97051 -889.53692 8807.57236
v 2770.68734 -977.69946 8793.63728
v 2775.19560 -970.73722 8787.52899
v 2774.81937 -969.18565 8797.70565
v 2878.98254 -1001.15776 8825.00267
v 2881.66285 -995.58544 8820.20569
v 2879.88210 -993.83885 8827.62337
v 2216.91775 -772.96448 9288.37395
v 2236.87196 -754.39632 9272.98069
v 2240.27801 -758.92025 9303.76720
v 2305.47857 -887.64322 9261.72447
v 2323.54951 -870.98908 9247.81704
v 2326.69330 -875.16534 9275.56610
v 2382.09987 -989.95364 9237.00428
v 2396.34848 -972.27633 9225.27695
v 2401.21579 -978.55794 9249.56417
v 2452.81601 -1053.81000 9192.48867
v 2464.69760 -1036.36634 9182.43980
v 2470.92795 -1044.07787 9203.60947
v 2530.21812 -1148.19300 9135.87952
v 2542.09399 -1134.56178 9126.10245
v 2546.65565 -1140.24818 9145.31898
v 2626.78957 -1279.13821 9087.15248
v 2638.07249 -1269.94956 9078.35388
v 2640.16366 -1272.24195 9095.07275
v 2709.44405 -1418.18118 9075.60349
v 2719.77401 -1412.78207 9068.53676
v 2718.84775 -1410.63881 9081.96640
v 2771.15107 -1496.86849 9118.86215
v 2780.59077 -1493.51597 9113.47580
v 2777.62413 -1488.64567 9123.31581
v 2857.02348 -1604.00653 9220.10231
v 2863.75451 -1602.00477 9216.64810
v 2861.25875 -1598.06609 9222.93282
v 665.91114 -243.88714 9080.86109
v 688.65150 -229.79888 9065.90652
v 691.43462 -235.87753 9095.81566
v 721.70001 -362.05122 9051.65291
v 742.21855 -348.63895 9038.12790
v 744.82709 -354.33203 9065.41538
v 778.23633 -468.96720 9023.22102
v 796.50366 -455.84270 9011.11412
v 799.01588 -461.29581 9035.94303
v 845.84278 -586.30967 8989.74037
v 862.37240 -575.08051 8978.82271
v 864.51823 -579.76216 9001.00422
v 915.40623 -733.61379 8954.45442
v 930.90189 -727.54633 8944.43989
v 932.11305 -729.98357 8963.67073
v 937.47622 -867.42091 8946.03157
v 951.59936 -866.16290 8937.23202
v 952.05504 -865.39793 8953.89557
v 956.61563 -1081.61628 8977.65064
v 967.21917 -1081.60782 8971.26484
v 967.19420 -1078.41539 8983.22392
v 994.57198 -1221.95482 9033.54645
v 1001.26052 -1219.27392 9027.59361
v 1000.27156 -1214.89537 9035.79140
v 1072.64531 -1242.47265 9066.91551
v 1076.11263 -1239.10749 9060.96935
v 1074.47839 -1235.04114 9067.25407
v 780.80136 -281.55550 9113.93356
v 769.49471 -257.00444 9099.48921
v 779.42884 -254.56086 9128.37791
v 912.73552 -247.57692 9065.68623
v 901.57950 -225.28094 9052.75631
v 911.57591 -222.81404 9078.88508
v 1048.30861 -207.60071 9004.24767
v 1036.48913 -187.98068 8993.35861
v 1047.00804 -185.31346 9016.28113
v 1181.30660 -156.25438 8931.61488
v 1169.22867 -139.39577 8922.79911
v 1179.82042 -136.57182 8942.48772
v 1296.34988 -103.89463 8856.30226
v 1288.78284 -88.12571 8846.83990
v 1297.24431 -85.88915 8864.69650
v 1423.27332 -106.93344 8809.42631
v 1422.50657 -92.83660 8799.20197
v 1425.67408 -91.07513 8816.25175
v 1578.41384 -122.92044 8809.26418
v 1577.46637 -111.04843 8800.68684
v 1577.88146 -109.54443 8815.28091
v 1759.43232 -79.85494 8796.50021
v 1757.85458 -70.75302 8789.84356
v 1757.17700 -69.71478 8801.16272
v 1963.01222 -41.21816 8827.31724
v 1962.56626 -34.97563 8822.89791
v 1961.32135 -34.42793 8830.43766
v 1026.23940 -345.18123 9169.94190
v 1014.32335 -320.81619 9155.67303
v 1025.15745 -318.08004 9184.21078
v 1166.30006 -308.01478 9113.17921
v 1153.44965 -286.59850 9101.17722
v 1164.26528 -283.82322 9126.53732
v 1296.08226 -249.49421 9044.25144
v 1284.39975 -230.48110 9033.67043
v 1295.46702 -227.54334 9055.55248
v 1421.11290 -224.23635 8973.20461
v 1415.08937 -206.61706 8961.74240
v 1423.49899 -204.26883 8981.78864
v 1559.95703 -229.36584 8930.92728
v 1558.16340 -213.88189 8919.91997
v 1561.21445 -211.96514 8938.65871
v 1721.30477 -220.17913 8926.13316
v 1720.18528 -207.15564 8916.86440
v 1719.52999 -205.72099 8932.81078
v 1904.43301 -186.69780 8942.84248
v 1903.60808 -176.54718 8935.62794
v 1901.58546 -175.65355 8947.91126
v 2006.64210 -164.24271 8964.47754
v 2004.98676 -156.06691 8958.13179
v 2000.59319 -156.29126 8967.64469
v 2087.68606 -63.91404 9040.76862
v 2085.83593 -58.46943 9035.70557
v 2081.43735 -59.62002 9041.87202
v 1101.82536 -363.19155 9189.08119
v 1127.99716 -358.67414 9173.78807
v 1127.59721 -356.77448 9204.37431
v 1129.86279 -489.51668 9197.30377
v 1153.98574 -485.52251 9183.24471
v 1153.29468 -482.32514 9211.25984
v 1161.41093 -604.97880 9217.74578
v 1183.39562 -600.61711 9204.67854
v 1181.74005 -594.24788 9229.77448
v 1203.93991 -691.26463 9251.67465
v 1224.29454 -687.23911 9239.58206
v 1222.95797 -681.89663 9262.95757
v 1233.59418 -815.06050 9266.70837
v 1252.38001 -813.40778 9256.26469
v 1251.51622 -809.89146 9277.51541
v 1257.35807 -972.14043 9301.91135
v 1273.74470 -972.23455 9293.36262
v 1272.42422 -966.08716 9310.74333
v 1289.87825 -1101.81272 9370.67223
v 1303.83360 -1102.21469 9363.58356
v 1302.15549 -1094.55884 9377.13814
v 1343.06228 -1262.83586 9479.55608
v 1353.80185 -1263.89217 9474.67232
v 1352.39387 -1257.52807 9484.56287
v 1364.22491 -1445.18995 9602.44083
v 1371.24801 -1446.36714 9599.61319
v 1370.32783 -1442.19029 9605.97038
v 1208.90057 -417.66959 9213.72223
v 1208.25541 -391.01771 9198.60554
v 1213.26685 -391.36985 9228.83892
v 1348.62125 -425.80470 9190.42969
v 1351.66013 -401.96905 9176.08356
v 1355.29339 -402.16026 9203.83167
v 1490.88955 -474.04218 9176.67770
v 1498.75844 -454.24980 9163.32436
v 1500.11957 -453.82208 9188.42316
v 1649.68240 -553.18040 9177.47974
v 1656.30686 -535.87240 9165.85732
v 1655.33423 -534.67178 9187.67738
v 1828.80270 -583.94456 9198.21262
v 1830.19316 -568.67301 9187.73365
v 1826.07245 -567.20555 9205.78480
v 1973.72115 -534.43843 9247.30015
v 1976.91095 -521.60180 9239.04610
v 1972.30053 -520.37966 9253.88908
v 2103.33276 -588.22447 9284.67560
v 2105.06964 -577.54827 9277.65656
v 2103.65462 -576.69735 9290.44437
v 2221.47059 -560.63753 9280.12180
v 2217.86880 -552.68425 9273.90480
v 2217.15736 -551.89210 9284.56974
v 2350.47412 -456.21124 9295.71819
v 2346.97127 -451.10494 9291.20636
v 2345.88456 -450.89930 9298.78807
v 1436.14554 -596.67784 9248.35205
v 1451.62630 -574.64582 9233.71696
v 1458.07195 -581.04789 9262.98714
v 1542.28806 -699.20141 9202.56042
v 1556.06890 -679.82435 9189.58569
v 1560.93550 -684.67480 9215.78693
v 1639.11498 -785.54595 9174.69406
v 1652.13168 -769.14215 9162.93240
v 1655.46632 -772.48675 9186.48148
v 1732.41973 -883.86947 9149.48273
v 1744.71509 -870.71645 9139.03141
v 1746.88959 -872.86222 9159.62505
v 1837.68690 -1000.27740 9131.96850
v 1845.38400 -987.15979 9123.89851
v 1847.76247 -989.45999 9140.79475
v 1960.40988 -1051.89753 9096.15898
v 1965.84141 -1040.60686 9089.78844
v 1968.16766 -1042.74726 9103.48415
v 2062.58726 -1138.21173 9072.15977
v 2068.28880 -1130.50485 9066.97369
v 2068.49003 -1131.03688 9077.85797
v 2121.27328 -1177.72985 9078.47214
v 2124.93849 -1170.49658 9073.91644
v 2122.92886 -1169.75749 9082.96776
v 2189.13245 -1180.06933 9103.72066
v 2190.96017 -1173.87760 9099.59507
v 2188.31754 -1173.07532 9106.74191
v 767.38036 -378.47173 9390.34843
v 793.02615 -373.86060 9375.49973
v 793.43361 -378.02869 9405.19714
v 781.72243 -510.19162 9371.65737
v 805.04256 -504.33296 9358.27732
v 805.46808 -508.55762 9385.46467
v 808.64739 -624.16899 9351.78185
v 829.69582 -616.81193 9339.75410
v 829.98276 -620.21375 9364.85672
v 854.40755 -763.51488 9337.52823
v 873.61020 -758.72630 9326.65348
v 873.33500 -759.62752 9349.21551
v 876.80858 -908.11163 9341.20941
v 894.22601 -907.33218 9331.76804
v 893.55052 -905.45654 9351.49479
v 889.55849 -1110.69775 9376.15395
v 903.68080 -1110.75079 9368.64853
v 902.92954 -1107.31161 9384.24873
v 919.95978 -1265.37907 9419.83128
v 930.40466 -1262.03537 9412.85706
v 929.63898 -1258.73137 9425.40359
v 975.57902 -1321.73741 9437.48760
v 984.65025 -1318.47358 9431.22578
v 983.91783 -1315.45007 9442.29317
v 1031.89158 -1517.93730 9498.59238
v 1038.41662 -1517.26508 9494.96078
v 1037.89139 -1515.17940 9502.14386
v 1197.16203 -616.01990 9582.87811
v 1191.26070 -590.42937 9568.39561
v 1199.01383 -589.82307 9597.36061
v 1323.83907 -604.69061 9548.73753
v 1318.21597 -581.20990 9535.49099
v 1324.69320 -580.71101 9562.25300
v 1458.13191 -586.34031 9519.36531
v 1452.43108 -565.13381 9507.47108
v 1456.09581 -564.99863 9532.17411
v 1611.58431 -546.99820 9507.11536
v 1608.29127 -528.01049 9496.49143
v 1608.73652 -528.37652 9518.48888
v 1780.92849 -530.65675 9514.50062
v 1777.58265 -514.51105 9505.36823
v 1775.13492 -515.46264 9524.03355
v 1895.89453 -468.46110 9545.05634
v 1894.17219 -454.12791 9537.38785
v 1890.08272 -455.50540 9553.15399
v 2018.12935 -462.14616 9581.93207
v 2017.51208 -449.76452 9575.57201
v 2015.74683 -450.60596 9589.36787
v 2169.46673 -431.00026 9578.23467
v 2167.07611 -421.50581 9573.08292
v 2167.48524 -421.85310 9584.13315
v 2353.12963 -377.91255 9572.04056
v 2351.24445 -371.54597 9568.55869
v 2351.56202 -371.77101 9576.04599
v 1373.71755 -762.51352 9680.77469
v 1379.30310 -737.02782 9665.98511
v 1384.01997 -738.54309 9695.56427
v 1506.45936 -803.45547 9657.53937
v 1509.32372 -779.62071 9644.38915
v 1512.78532 -780.78681 9671.51642
v 1644.99319 -812.58166 9643.98956
v 1645.28739 -790.72320 9632.30419
v 1646.71814 -791.57597 9657.03583
v 1794.14666 -812.74879 9641.00170
v 1798.78426 -794.09236 9630.45502
v 1799.39783 -794.74550 9652.36378
v 1916.07845 -879.64892 9634.48620
v 1925.84538 -866.06503 9625.02956
v 1926.22554 -866.56094 9644.23752
v 2031.79216 -989.70079 9632.01809
v 2040.67969 -978.74099 9624.05300
v 2039.93940 -978.35785 9640.23495
v 2167.80138 -1067.69216 9650.30098
v 2171.19360 -1056.92625 9643.27049
v 2169.06595 -1055.92179 9656.35872
v 2331.57444 -1042.16814 9685.36758
v 2331.94065 -1033.85615 9679.55399
v 2329.64039 -1033.06043 9689.40735
v 2467.97490 -1029.93464 9717.08679
v 2468.48106 -1023.77200 9712.84676
v 2466.73846 -1023.18835 9720.11566
v 1438.70521 -813.61115 9712.38708
v 1437.53171 -787.53579 9697.61753
v 1442.70790 -787.81813 9727.15664
v 1577.13735 -819.55272 9688.10177
v 1574.95916 -795.81112 9674.83139
v 1578.35424 -796.04667 9701.90430
v 1727.25546 -803.28983 9676.83411
v 1725.07834 -782.09841 9665.00092
v 1725.96395 -782.42135 9689.35108
v 1883.34036 -790.71343 9677.59800
v 1883.74138 -772.13120 9667.18674
v 1884.20796 -772.42100 9688.48419
v 2015.69343 -807.49047 9671.04149
v 2018.41378 -791.44889 9661.86333
v 2018.71467 -791.69154 9680.54008
v 2158.94365 -837.75759 9672.89257
v 2162.62746 -824.43422 9665.17162
v 2161.04436 -824.27508 9680.92537
v 2321.13338 -869.88413 9704.39148
v 2325.97756 -859.94118 9698.47393
v 2324.72563 -859.81584 9710.95467
v 2470.67237 -968.01895 9704.63085
v 2472.82076 -960.32560 9700.31929
v 2473.22321 -960.71535 9709.37920
v 2553.14803 -968.16564 9695.88661
v 2552.85311 -961.48449 9692.49725
v 2553.64609 -961.87901 9699.94259
v 1684.78310 -991.13744 9697.12639
v 1710.63530 -985.37302 9683.05969
v 1710.86383 -995.75913 9711.19308
v 1689.29470 -1122.16699 9648.71597
v 1712.70299 -1116.40656 9636.17229
v 1712.92102 -1126.17326 9661.53049
v 1699.77736 -1272.16125 9588.42564
v 1720.36719 -1267.11035 9577.38590
v 1720.57307 -1276.12531 9599.52259
v 1701.22826 -1431.13387 9522.73273
v 1718.78493 -1427.93012 9512.83360
v 1718.94729 -1436.26344 9531.46172
v 1688.14623 -1536.45194 9472.02969
v 1703.58253 -1534.85286 9462.84485
v 1703.89295 -1539.56950 9480.24750
v 1691.74469 -1672.11962 9461.04527
v 1704.85890 -1671.21756 9453.19271
v 1705.04487 -1670.68601 9468.49442
v 1725.80886 -1864.70592 9489.98451
v 1735.38053 -1863.32178 9484.03263
v 1734.84755 -1859.82239 9494.82346
v 1787.52744 -1963.28056 9547.48058
v 1791.82804 -1958.48131 9541.47530
v 1791.36050 -1955.70230 9549.82090
v 1854.49266 -1968.69314 9541.91113
v 1854.46978 -1963.45532 9536.54671
v 1855.25227 -1961.45940 9543.73074
v 1827.55423 -1093.89329 9664.66045
v 1841.00115 -1070.58978 9651.41010
v 1850.91078 -1080.53851 9677.91080
v 1913.81705 -1178.60806 9600.60024
v 1926.53453 -1157.40526 9588.13572
v 1935.77015 -1166.67986 9612.53548
v 1995.86904 -1268.14282 9534.74331
v 2006.31547 -1247.54822 9524.17660
v 2014.29701 -1255.59354 9546.90361
v 2102.51260 -1333.77254 9479.33197
v 2108.37030 -1312.71780 9471.66634
v 2114.82787 -1319.54587 9492.83409
v 2229.41279 -1367.94555 9431.31161
v 2235.57854 -1349.40839 9424.10660
v 2238.54780 -1354.31051 9444.12422
v 2369.46464 -1448.78983 9415.31181
v 2379.68159 -1435.90033 9407.90749
v 2380.63836 -1439.09693 9425.63343
v 2492.04850 -1619.00556 9370.15343
v 2502.82311 -1612.05268 9363.63125
v 2503.07918 -1613.95967 9377.88868
v 2597.04971 -1857.14984 9360.70919
v 2605.27825 -1853.67584 9356.18877
v 2604.16555 -1852.59438 9366.07838
v 2672.27101 -1977.66435 9409.56020
v 2678.51281 -1975.20339 9406.21376
v 2677.03843 -1973.24860 9413.30051
v 1965.13784 -1174.76761 9666.96930
v 1990.70978 -1170.04108 9652.02999
v 1991.05322 -1172.61052 9681.90861
v 1986.43887 -1321.05982 9654.12045
v 2009.14025 -1314.56256 9640.87391
v 2009.62567 -1317.90042 9667.73796
v 2023.95582 -1444.19444 9633.15773
v 2044.12627 -1436.79178 9621.35124
v 2044.51346 -1439.60726 9645.70236
v 2060.50634 -1560.37521 9624.87888
v 2079.59819 -1558.06327 9614.06898
v 2079.25630 -1557.40643 9636.11794
v 2059.74340 -1699.25284 9643.08357
v 2076.79677 -1700.97983 9634.28593
v 2075.97160 -1695.21487 9652.65083
v 2075.91701 -1797.08767 9694.26250
v 2090.34920 -1795.31026 9685.23884
v 2089.36906 -1789.04498 9701.13468
v 2141.54911 -1898.20921 9724.81537
v 2152.79508 -1894.27435 9716.23802
v 2152.68421 -1890.45036 9730.41153
v 2235.01015 -2083.88448 9770.89977
v 2244.03214 -2083.59313 9765.67078
v 2243.48688 -2079.74267 9775.35057
v 2243.19410 -2210.76059 9844.67411
v 2249.93777 -2212.13412 9841.69960
v 2249.38869 -2208.40573 9848.18077
v 2042.74893 -1230.63242 9675.37880
v 2056.81777 -1208.53949 9660.77042
v 2062.00886 -1212.88157 9689.98718
v 2144.71793 -1313.60805 9644.93942
v 2155.54571 -1292.27424 9632.28321
v 2160.01558 -1296.03267 9658.71143
v 2263.22865 -1372.72537 9617.86652
v 2274.51277 -1354.88665 9606.25648
v 2276.66593 -1356.95779 9630.16033
v 2399.38426 -1505.50783 9610.04639
v 2412.61268 -1494.48895 9600.17586
v 2412.43362 -1494.36975 9620.01991
v 2525.47669 -1678.89583 9623.37112
v 2534.37376 -1669.25275 9615.78941
v 2533.90312 -1668.82074 9630.92995
v 2654.48236 -1744.74204 9626.65939
v 2656.45432 -1734.88677 9619.96078
v 2654.36864 -1733.81770 9631.81019
v 2718.06264 -1720.31474 9648.26393
v 2719.97571 -1711.73525 9642.47608
v 2716.75253 -1710.74641 9652.44675
v 2763.34572 -1736.97603 9662.12845
v 2768.70131 -1730.51906 9657.99904
v 2767.01093 -1730.01444 9667.18197
v 2819.78083 -1797.72520 9668.24627
v 2824.96691 -1793.32745 9665.08675
v 2824.11408 -1793.36250 9672.53590
v -752.42996 846.14134 9070.10651
v -758.67695 820.79387 9056.72741
v -769.37431 826.28161 9083.48560
v -864.01320 901.46762 9014.16206
v -867.86902 877.75606 9002.92969
v -877.20621 882.56890 9027.27985
v -988.19864 932.07961 8962.75520
v -990.36992 910.50071 8953.26042
v -997.74903 914.48861 8975.39997
v -1119.23790 966.64816 8917.49382
v -1119.72892 947.44408 8909.75571
v -1127.09057 951.14368 8928.75671
v -1246.58465 979.51740 8853.37257
v -1246.34314 962.95494 8847.04494
v -1253.33750 966.24810 8863.00278
v -1355.88825 1001.28448 8805.59921
v -1360.80146 989.07149 8798.12241
v -1364.45940 991.01174 8812.68406
v -1446.61987 1102.08106 8788.95283
v -1452.23153 1093.12475 8782.69577
v -1451.51997 1092.54348 8794.94381
v -1543.98632 1118.01064 8815.13405
v -1549.15035 1110.86059 8810.06908
v -1546.36288 1109.24697 8819.71645
v -1640.96630 1198.29237 8862.66422
v -1646.08908 1194.02838 8859.60579
v -1643.82923 1192.70551 8866.45508
v -840.36011 918.93357 9066.71524
v -840.50530 893.25410 9052.53601
v -847.92250 894.39243 9080.89447
v -967.13001 936.85347 9032.84740
v -966.53384 913.35660 9020.11013
v -972.67950 914.31481 9046.11015
v -1104.94769 943.10373 9003.51715
v -1104.92134 922.12403 8991.98437
v -1110.80766 923.02918 9015.17296
v -1247.15614 973.95909 8959.85794
v -1247.54751 955.69259 8949.65744
v -1253.75319 956.66468 8969.61784
v -1383.04818 995.63169 8914.61563
v -1382.46083 979.70331 8906.07357
v -1387.10630 980.43305 8923.53535
v -1500.94020 999.79532 8889.98222
v -1499.34530 985.91816 8882.72667
v -1500.41091 986.51791 8898.41938
v -1649.42181 966.74204 8902.04620
v -1651.24333 955.47467 8896.43955
v -1648.34487 956.02745 8908.80871
v -1788.15746 1010.27894 8957.42321
v -1789.90960 1001.75726 8953.28045
v -1786.85975 1002.13766 8962.41283
v -1899.30284 984.41869 8987.45632
v -1898.88859 978.08832 8983.77705
v -1897.03345 978.33651 8990.86761
v -912.48888 970.15619 9055.11761
v -937.19268 963.73510 9040.66086
v -937.96754 968.62453 9069.57436
v -936.50389 1110.81219 9030.69115
v -958.56363 1104.01058 9017.84515
v -959.22524 1108.21772 9043.91766
v -978.65957 1262.64858 9006.32668
v -997.37042 1254.18317 8995.48531
v -998.10243 1258.43108 9018.30387
v -1033.26762 1389.67991 8976.24397
v -1049.61753 1382.09546 8966.77017
v -1050.25780 1385.81562 8986.77921
v -1081.01547 1548.88129 8950.71411
v -1095.36064 1545.43257 8942.42287
v -1095.50333 1547.05286 8959.26857
v -1095.99197 1699.33605 8945.11795
v -1107.66006 1700.93513 8937.93106
v -1107.77628 1702.27993 8951.66111
v -1081.71809 1727.18680 8940.22942
v -1091.38811 1733.13022 8933.65479
v -1092.66400 1730.78740 8946.49792
v -1062.11603 1779.26707 8973.77014
v -1071.33567 1782.73821 8967.18979
v -1073.14670 1778.05114 8977.91862
v -1112.56385 1991.05895 9029.92916
v -1118.08646 1991.09054 9025.10452
v -1119.27605 1988.97600 9032.02438
v -956.83104 1001.13606 9046.61465
v -981.52995 994.87835 9032.07779
v -982.19627 998.72720 9061.15150
v -982.70422 1141.19518 9027.47822
v -1004.85897 1134.35197 9014.46438
v -1005.48673 1137.96043 9040.80105
v -1026.97659 1293.53833 9004.79507
v -1046.02194 1285.42805 8993.58940
v -1046.68891 1289.02471 9016.84189
v -1083.16410 1435.87208 8979.07352
v -1099.97857 1429.37303 8969.19727
v -1100.46887 1432.22094 8989.54773
v -1123.42286 1607.54192 8959.13601
v -1138.09657 1605.35312 8950.60730
v -1138.16917 1606.12190 8967.70287
v -1127.51961 1708.85861 8961.45344
v -1140.04445 1712.88133 8954.04148
v -1140.24413 1711.64799 8969.08855
v -1106.15373 1743.68715 8966.99524
v -1117.25390 1749.85564 8960.43873
v -1118.30688 1745.98563 8974.15543
v -1093.59956 1841.97998 9010.81753
v -1103.66046 1843.67979 9004.00352
v -1104.67553 1839.60569 9015.53249
v -1160.41994 2084.31292 9070.77789
v -1166.19790 2083.90307 9066.28036
v -1166.88788 2081.97212 9073.32134
v -207.99775 -352.65431 9572.52121
v -207.87570 -377.52530 9558.24375
v -210.52262 -377.39712 9586.79867
v -351.52888 -347.29055 9559.21173
v -353.19182 -369.71036 9546.05389
v -356.28563 -369.52743 9571.91753
v -485.26949 -316.08915 9539.22462
v -490.55958 -335.33201 9526.83640
v -494.06940 -334.98204 9550.05932
v -608.11079 -254.64696 9519.05727
v -609.00670 -272.81478 9508.50105
v -611.55844 -272.64583 9529.37603
v -717.41873 -281.30442 9509.85432
v -714.89495 -297.68166 9500.44250
v -714.34063 -297.45543 9519.48929
v -851.49175 -296.99460 9529.46091
v -854.81054 -311.43117 9522.08233
v -850.61824 -311.09017 9538.08784
v -996.73784 -252.30062 9585.51025
v -1004.37045 -262.66938 9581.22635
v -998.69496 -263.05890 9593.54496
v -1145.87379 -134.20229 9673.69080
v -1147.71187 -142.69735 9669.12556
v -1144.64080 -142.70014 9678.45058
v -1273.29409 -211.66924 9687.98828
v -1270.65766 -216.82146 9683.75683
v -1269.67490 -217.15644 9690.85121
v -504.13114 -656.08191 9775.86842
v -515.44690 -678.30920 9761.71494
v -511.17831 -680.00758 9790.02190
v -630.94211 -607.07259 9797.95647
v -640.87486 -627.70551 9784.83105
v -635.53631 -629.78327 9810.59551
v -739.07703 -579.27001 9829.47922
v -749.91494 -597.81694 9817.79671
v -742.73658 -600.51769 9841.01582
v -855.00050 -526.57813 9877.59018
v -867.41453 -542.17511 9867.94472
v -861.01449 -544.57438 9889.00852
v -989.76827 -437.77746 9920.39394
v -998.93916 -452.24983 9911.33881
v -993.23052 -454.40191 9929.73232
v -1144.25147 -411.75070 9980.88264
v -1151.58081 -424.33169 9972.91851
v -1145.56098 -426.57873 9988.22021
v -1293.03741 -347.49544 10053.18069
v -1302.16360 -356.25839 10048.21205
v -1296.69678 -358.36357 10060.47821
v -1423.10381 -208.40846 10140.98358
v -1431.20646 -213.70262 10138.20457
v -1426.56291 -215.79207 10146.89255
v -1522.10319 -98.91692 10232.78713
v -1527.98367 -102.56137 10230.90649
v -1524.41967 -104.33780 10236.86790
v -594.07640 -733.22266 9813.56239
v -571.09118 -742.81633 9799.34692
v -572.79676 -746.16617 9827.77786
v -650.40404 -847.12368 9796.77773
v -629.22680 -855.39329 9783.88023
v -630.31548 -857.47504 9809.91268
v -704.36633 -988.43348 9789.49070
v -684.98117 -994.12781 9778.18394
v -685.58228 -995.02707 9801.31149
v -744.03578 -1154.68729 9782.41253
v -727.30201 -1158.89072 9772.77756
v -727.58448 -1158.85305 9792.53674
v -775.71851 -1286.38101 9787.52708
v -762.59714 -1293.88118 9779.67453
v -761.62869 -1290.23623 9796.28372
v -814.57818 -1348.92237 9819.06319
v -805.40174 -1359.80749 9813.25817
v -803.82758 -1355.43799 9827.91519
v -868.55453 -1390.77079 9830.17826
v -860.06898 -1400.52664 9824.85962
v -860.20386 -1398.13530 9838.63354
v -982.07194 -1529.67787 9841.77208
v -976.39161 -1537.50408 9837.94975
v -975.78663 -1535.08782 9848.04535
v -1112.59139 -1608.47223 9894.06109
v -1109.82406 -1614.69042 9891.80851
v -1108.53660 -1612.40184 9898.47946
v -808.30753 -947.01302 9860.51941
v -789.45786 -963.59998 9846.66348
v -795.09372 -968.36323 9874.37534
v -911.63599 -1036.53049 9824.12148
v -894.87624 -1051.60487 9811.60069
v -899.31816 -1055.35495 9836.72237
v -1027.13418 -1139.70125 9793.61629
v -1013.18622 -1153.48911 9782.48215
v -1015.96951 -1155.83384 9804.73900
v -1143.40985 -1236.04608 9773.93818
v -1133.44395 -1249.43256 9764.02760
v -1134.80556 -1250.67949 9783.34904
v -1246.27972 -1292.35446 9767.13943
v -1238.44683 -1304.69763 9758.44574
v -1237.22005 -1304.14224 9775.40112
v -1324.88382 -1365.71181 9790.26318
v -1320.68586 -1378.05891 9783.38242
v -1316.41901 -1375.54312 9797.27077
v -1381.42490 -1382.50780 9819.30923
v -1377.45690 -1393.63682 9813.00259
v -1374.27711 -1391.73794 9825.87337
v -1502.11525 -1485.39305 9834.04541
v -1498.58403 -1493.51990 9829.09870
v -1496.34373 -1492.17963 9838.90533
v -1622.41781 -1539.61086 9893.58330
v -1621.11950 -1545.98594 9890.57064
v -1618.55268 -1544.51787 9897.10236
v -270.15799 61.75259 9675.66013
v -293.27503 75.93575 9668.61343
v -295.39061 51.80901 9682.70683
v -264.91892 135.57383 9802.80113
v -286.32343 148.10674 9795.31956
v -288.25879 126.17737 9808.97808
v -269.25749 222.33075 9933.11977
v -288.80030 233.63839 9926.06163
v -290.56391 213.22259 9937.88052
v -274.31965 293.60375 10074.59736
v -291.98799 305.12217 10071.21086
v -293.55001 284.76733 10077.50034
v -269.13369 314.51637 10232.02229
v -284.76679 325.40041 10231.53305
v -286.27139 306.71203 10234.93481
v -245.96140 352.85112 10407.71198
v -259.54899 362.00547 10406.44360
v -260.46887 346.71524 10412.39357
v -213.47667 455.94651 10591.53748
v -224.63827 463.01922 10589.51473
v -225.39888 450.53819 10594.24114
v -228.12748 502.65938 10811.73515
v -236.57323 508.13198 10810.64415
v -237.17822 498.15270 10812.23106
v -228.36389 526.49796 11026.37100
v -234.21204 530.33584 11025.98953
v -234.62781 523.38547 11026.76105
v -438.45364 79.63447 9741.01067
v -457.60933 63.47311 9728.47748
v -463.03755 74.75995 9753.54385
v -495.39864 193.92554 9677.21653
v -512.65395 179.98661 9665.82108
v -517.36975 189.78582 9688.26294
v -557.61135 332.53869 9605.85594
v -573.09937 322.51731 9595.21961
v -576.69395 329.80639 9614.90154
v -609.83491 514.15724 9539.36100
v -621.90539 505.44012 9531.18896
v -624.67164 510.99563 9546.99898
v -668.05577 605.10099 9493.52264
v -675.60488 593.79828 9488.38425
v -678.01648 598.61368 9501.87969
v -734.59387 636.91187 9472.34917
v -740.88311 626.54710 9467.93461
v -741.62894 629.71300 9480.42011
v -771.03639 670.97151 9467.53120
v -780.82836 666.51219 9462.81528
v -779.71929 667.20539 9474.49017
v -780.62642 849.02066 9480.44014
v -787.82678 849.86961 9477.48470
v -786.84390 848.95045 9485.19802
v -774.01966 885.71960 9486.02486
v -780.35164 887.31819 9483.48904
v -779.52069 886.12819 9490.34309
v -696.23357 86.97268 9818.75324
v -718.84823 77.98563 9804.86012
v -719.93101 81.43914 9832.64637
v -743.16788 231.41684 9798.97785
v -763.59534 223.31092 9786.42845
v -764.83303 227.29070 9811.38992
v -785.75081 384.70778 9766.52431
v -803.67601 376.90002 9755.50842
v -804.86447 380.72798 9777.58884
v -825.23704 487.50678 9749.16744
v -841.03733 478.98802 9739.25018
v -840.86955 479.49660 9759.75132
v -901.56168 593.93108 9765.12527
v -915.73656 586.66897 9756.34575
v -914.50071 585.16824 9774.42837
v -984.36689 760.15401 9781.78406
v -996.85109 756.05273 9774.83845
v -995.74101 754.62222 9789.59084
v -1049.49164 958.34708 9812.25681
v -1059.50665 957.26335 9807.54471
v -1057.90031 953.90803 9818.02464
v -1072.54314 1051.04053 9867.92374
v -1081.31623 1052.73712 9865.91911
v -1079.15747 1045.86136 9871.56963
v -1062.64865 1088.99248 9982.79381
v -1069.33117 1091.09426 9982.73849
v -1067.72447 1084.58078 9984.75552
v -782.80181 89.22410 9843.95504
v -803.43866 74.46232 9832.06272
v -808.16460 88.50386 9855.84736
v -828.57889 219.75432 9757.80106
v -847.01401 206.66969 9747.14088
v -851.08894 218.78257 9768.62049
v -884.51219 371.45647 9666.03756
v -900.21074 359.65255 9657.17793
v -903.70190 370.03601 9675.73261
v -935.62686 484.90185 9590.05451
v -948.93557 473.59589 9582.96204
v -952.23999 483.25866 9598.80352
v -971.74907 553.36976 9538.46931
v -983.47533 542.42027 9532.41825
v -985.24934 549.06535 9548.12527
v -1038.89716 631.53571 9518.91804
v -1050.61555 624.05777 9512.80022
v -1050.49574 627.12431 9527.67467
v -1083.92930 781.11148 9494.60316
v -1094.46025 778.39804 9489.07185
v -1094.24949 780.52384 9501.08433
v -1097.08440 1007.84969 9452.68822
v -1103.85668 1008.89933 9448.81153
v -1103.72937 1009.23586 9456.67648
v -1079.63729 1049.84462 9457.08084
v -1085.13749 1052.53613 9453.67813
v -1085.30724 1051.88894 9460.65140
v -1299.20661 109.68144 10016.84952
v -1322.78740 98.06978 10007.13730
v -1307.58953 84.76935 10026.56174
v -1372.41876 172.15487 10116.89472
v -1395.05780 162.12349 10109.01070
v -1380.78213 149.61548 10126.76144
v -1432.18732 245.38583 10219.38419
v -1454.10562 237.36545 10214.03980
v -1439.81850 224.53217 10228.33920
v -1475.12102 301.18060 10334.38301
v -1494.99810 293.51544 10328.92704
v -1481.50206 281.28883 10341.25519
v -1538.84518 355.09047 10444.52381
v -1556.68080 347.88632 10439.14413
v -1545.34650 337.80828 10452.14081
v -1613.79170 463.53948 10576.67637
v -1629.61781 457.91993 10572.80159
v -1620.48221 450.10650 10585.15263
v -1713.63652 632.06029 10745.94975
v -1725.06320 626.50788 10741.42265
v -1717.68188 620.11319 10750.72384
v -1850.41547 683.98345 10912.16660
v -1858.07288 679.02070 10907.42397
v -1852.66328 674.29566 10914.78348
v -2000.87833 778.08356 11050.12512
v -2006.06656 774.68663 11046.86642
v -2002.86484 771.74890 11052.36149
v -1466.58075 118.68910 10076.58386
v -1490.39948 109.91653 10064.71252
v -1481.38797 98.07275 10088.45520
v -1537.78684 210.09748 10149.21761
v -1559.57150 201.90428 10138.19790
v -1550.75216 190.34053 10159.44958
v -1610.77595 289.63423 10229.33578
v -1630.76687 282.26042 10219.37752
v -1621.81866 270.66159 10237.77771
v -1688.58147 373.28234 10326.06316
v -1706.97844 367.33082 10317.83199
v -1698.90630 356.87569 10334.17702
v -1774.96767 497.78464 10442.27791
v -1790.88712 493.13053 10435.73189
v -1783.43225 483.48477 10448.74382
v -1853.34480 579.95373 10570.91045
v -1865.30590 574.80794 10563.43555
v -1858.06715 565.86862 10573.08483
v -1960.70886 597.93973 10673.27690
v -1969.08486 592.91726 10665.40051
v -1964.18035 585.95759 10674.61586
v -2084.48577 667.66852 10756.59370
v -2091.57610 664.02829 10750.91267
v -2088.31453 658.88101 10758.57258
v -2189.81171 737.93936 10864.98642
v -2195.27745 735.58956 10861.28807
v -2192.59000 731.67437 10866.43887
v -1640.95604 163.35566 10097.33391
v -1654.43003 142.22968 10084.78928
v -1662.94980 151.35016 10109.87854
v -1732.74696 259.57876 10031.17943
v -1745.56112 240.81264 10019.36245
v -1752.80094 248.55214 10042.67979
v -1821.57171 359.69111 9975.91305
v -1834.84924 344.60804 9964.21146
v -1839.69212 349.57743 9986.40537
v -1910.53176 481.41018 9943.55583
v -1922.34874 467.88606 9933.11787
v -1924.77822 470.13485 9953.62473
v -1998.24643 550.51011 9931.70452
v -2008.15463 537.25559 9922.45388
v -2011.76786 540.75772 9940.73200
v -2077.33917 653.93072 9872.12372
v -2086.92026 643.35537 9863.60645
v -2090.51943 646.92777 9879.43268
v -2205.52468 820.83511 9832.29542
v -2213.45520 812.87509 9825.44422
v -2214.43939 813.45016 9838.55438
v -2356.12082 957.00634 9836.65085
v -2361.71722 950.68198 9831.50768
v -2361.36794 950.08111 9841.37058
v -2500.96869 1059.20684 9856.10199
v -2504.77648 1054.60560 9852.43988
v -2504.27771 1053.98726 9859.40075
v -1701.52044 226.44965 10108.39272
v -1710.10816 203.17014 10095.37220
v -1718.85645 208.69723 10121.41323
v -1814.62371 296.28563 10055.56774
v -1823.28725 275.49329 10043.29872
v -1830.24073 279.87406 10067.59644
v -1922.43004 367.78477 10019.18602
v -1933.25150 350.96523 10007.03716
v -1937.13462 353.14888 10030.01022
v -2027.66824 469.30230 10004.18186
v -2038.17248 454.91266 9993.13736
v -2040.50779 455.91462 10013.94463
v -2125.70095 539.19774 9988.42239
v -2134.79376 525.84565 9978.50704
v -2137.43997 527.20010 9997.22767
v -2248.37637 653.06997 9958.41026
v -2256.67071 642.20941 9949.84818
v -2259.26733 643.67056 9965.69633
v -2410.13026 808.01195 9916.85200
v -2413.85007 797.82617 9910.85625
v -2415.71569 798.85912 9923.06232
v -2574.68319 826.66481 9892.95483
v -2577.04282 818.53837 9888.32474
v -2576.59793 818.64434 9897.95971
v -2717.61417 885.70029 9928.81489
v -2720.71123 880.27155 9925.65060
v -2719.14721 879.92406 9932.47032
v -1795.41886 376.65620 10143.57758
v -1805.24504 354.46692 10129.56715
v -1805.36735 354.52142 10157.58801
v -1924.33727 432.57383 10142.92526
v -1933.41994 412.43187 10130.17559
v -1931.83005 411.75810 10155.62630
v -2052.31810 477.64573 10162.03785
v -2060.52613 459.43412 10150.51079
v -2057.38592 458.18150 10173.32458
v -2167.54985 515.18220 10180.87006
v -2176.97120 499.61406 10170.72964
v -2175.02213 498.87192 10191.45679
v -2276.99828 596.52054 10186.70273
v -2286.94010 583.88257 10177.87266
v -2286.68308 584.18006 10196.21372
v -2414.66403 705.37943 10179.80576
v -2418.46395 692.61670 10172.36519
v -2417.85932 692.66671 10187.60681
v -2538.56349 686.17976 10193.59493
v -2540.44604 675.08513 10187.01839
v -2536.90267 674.70807 10199.55635
v -2656.90660 704.70107 10249.40872
v -2663.07306 696.67763 10246.19865
v -2657.36914 695.75435 10255.10502
v -2771.93236 816.91450 10368.12973
v -2777.32348 812.55615 10367.11979
v -2772.89414 811.47569 10372.43843
v -2063.76386 563.41231 10143.96667
v -2068.76898 538.53673 10132.07626
v -2081.81286 545.57741 10155.85709
v -2168.14637 618.03252 10070.52612
v -2174.47495 596.46606 10058.42209
v -2186.06997 602.70178 10080.29270
v -2266.52718 703.80104 9996.62876
v -2273.93770 685.90021 9984.54189
v -2283.63252 690.94014 10004.59290
v -2397.35937 817.60067 9910.83050
v -2401.38841 800.72868 9902.07005
v -2409.73258 805.08512 9919.07120
v -2540.59577 859.98774 9822.94273
v -2542.69958 845.16728 9816.28227
v -2548.83862 848.42736 9831.11858
v -2681.26512 916.89813 9770.25509
v -2684.24678 905.11048 9764.32037
v -2686.49960 906.78108 9777.55642
v -2791.00370 949.72187 9762.80403
v -2796.04173 940.74178 9757.71904
v -2794.05022 940.56398 9769.02771
v -2862.66088 994.18753 9798.15388
v -2869.53759 988.17998 9794.51752
v -2866.64176 987.24842 9803.86353
v -2961.49254 1114.10534 9826.14708
v -2966.86602 1110.32319 9823.71902
v -2965.21330 1110.09455 9830.52254
v -825.34105 32.90579 9985.38685
v -844.97535 17.90007 9973.63091
v -833.66811 9.63914 9997.14279
v -933.60585 110.34106 10064.67533
v -950.77157 96.01254 10053.27415
v -939.99976 88.16651 10074.54300
v -1046.00406 165.92245 10146.15726
v -1060.73129 152.35674 10134.99355
v -1048.89357 144.18560 10152.84443
v -1140.75768 190.32717 10236.74870
v -1156.10135 178.74406 10228.42312
v -1143.26537 170.40522 10242.72823
v -1212.31210 243.32857 10341.11309
v -1229.06184 235.36515 10337.61883
v -1217.64910 227.98011 10350.70992
v -1264.62269 366.94330 10441.91456
v -1279.93774 361.39789 10440.25612
v -1270.36333 355.55810 10452.18468
v -1326.91479 488.69655 10553.25985
v -1339.29539 483.07905 10550.92430
v -1330.93965 477.63741 10560.45628
v -1416.66257 583.85938 10700.51003
v -1426.21303 579.10037 10698.25840
v -1419.43312 574.56481 10705.49679
v -1533.00130 735.41999 10899.42837
v -1539.07013 732.53292 10898.14854
v -1534.85203 729.73222 10902.74906
v -927.65403 22.83918 10010.29015
v -949.00298 12.54656 9996.60969
v -948.77982 12.09595 10023.97060
v -999.47995 164.46143 10013.20839
v -1018.74506 155.06944 10000.83447
v -1018.49020 154.55565 10025.57659
v -1061.11515 281.70618 10016.90102
v -1079.40900 274.74946 10005.70393
v -1078.79293 273.45222 10028.20683
v -1104.70843 407.05705 10030.09510
v -1122.05851 403.13607 10020.25318
v -1120.98265 400.53952 10040.38620
v -1149.91963 561.51587 10058.83217
v -1163.47277 554.71349 10049.75605
v -1162.53412 552.44875 10067.25883
v -1240.14354 644.53888 10069.58389
v -1250.66280 636.40207 10061.29742
v -1250.61631 635.49936 10076.94054
v -1326.74885 781.19600 10070.12367
v -1337.04603 777.03971 10063.43174
v -1336.96020 776.21627 10076.37024
v -1393.17214 1000.79894 10096.82369
v -1401.15368 999.89498 10092.46826
v -1400.46239 997.55055 10101.27258
v -1424.75700 1123.53313 10154.24442
v -1430.88460 1123.44289 10151.20316
v -1430.11820 1120.72515 10157.43446
v -980.74901 25.17046 10033.84781
v -1001.97375 12.64764 10021.94977
v -992.17856 3.33760 10045.74585
v -1078.11940 115.90372 10109.46941
v -1097.36204 104.17542 10098.32859
v -1087.09681 94.50643 10119.13967
v -1164.82949 173.50015 10191.64848
v -1183.67827 163.56887 10182.47318
v -1172.21665 153.02421 10199.66412
v -1230.74722 237.58037 10286.06510
v -1250.23413 231.07520 10280.74455
v -1239.76541 221.44799 10296.49544
v -1277.57609 363.06822 10379.91714
v -1295.93253 360.00773 10377.38609
v -1287.15360 352.66697 10392.27867
v -1308.48074 545.58104 10482.33795
v -1323.59254 542.26995 10479.70009
v -1316.14304 535.75808 10491.88232
v -1389.45806 676.84978 10615.54241
v -1401.12817 672.92315 10612.28180
v -1394.73307 666.91136 10621.51241
v -1471.45534 792.80990 10756.20651
v -1479.32744 788.70934 10751.95408
v -1473.65224 783.38087 10757.97558
v -1607.37860 777.78560 10911.43608
v -1611.87911 774.76770 10907.25994
v -1607.41639 770.97446 10910.79521
v -1083.18686 23.07234 10080.95932
v -1102.06962 6.73815 10069.75651
v -1088.57417 -1.30678 10092.16213
v -1189.31377 84.87800 10167.07420
v -1207.17645 70.12314 10157.17411
v -1193.72654 62.10737 10176.91326
v -1279.76370 136.53098 10260.32162
v -1297.95778 124.24493 10252.98786
v -1285.35545 116.70585 10270.87975
v -1352.11408 218.90044 10338.58395
v -1369.20834 208.04062 10332.35168
v -1357.43487 200.92995 10348.46973
v -1419.29185 265.21114 10417.19627
v -1434.66163 254.83930 10410.95352
v -1423.00296 247.61719 10424.90673
v -1497.67780 325.62315 10515.77759
v -1511.91115 316.70880 10510.74600
v -1501.78003 310.49779 10523.63586
v -1613.45685 441.99035 10650.86555
v -1625.88167 435.38082 10647.62974
v -1617.50436 430.23103 10658.20503
v -1724.01512 596.85385 10830.13058
v -1732.89776 591.65835 10827.33440
v -1726.42457 587.54665 10834.74350
v -1880.72741 690.44513 11022.23396
v -1885.96106 686.75309 11019.82975
v -1881.77586 684.09026 11024.54090
v -1128.20315 15.90423 10103.31535
v -1148.99671 4.46937 10089.68639
v -1147.71962 2.40487 10116.94431
v -1203.88341 135.30816 10115.90290
v -1222.92697 125.46468 10103.66535
v -1221.45271 123.07465 10128.18909
v -1263.91470 234.79728 10132.22408
v -1282.40669 228.14567 10121.39702
v -1281.05533 225.95114 10143.68534
v -1305.70769 371.37315 10144.70100
v -1322.62278 367.41248 10135.40936
v -1321.50662 365.68108 10155.00259
v -1356.38547 539.08169 10164.85119
v -1369.53628 533.52004 10156.75926
v -1368.11316 530.89076 10172.89734
v -1433.69246 623.12406 10193.06850
v -1443.99357 616.70154 10185.65083
v -1442.40141 613.89959 10199.50771
v -1499.45986 705.54405 10215.04974
v -1509.47487 701.86734 10209.20563
v -1508.15332 699.53138 10221.07029
v -1555.78625 887.21031 10259.88293
v -1563.21871 885.58924 10256.16646
v -1561.57851 882.50065 10263.87691
v -1597.56124 944.93985 10309.50737
v -1603.46282 943.44848 10306.38504
v -1601.58432 939.98963 10311.98025
v -1280.49219 10.14830 10166.92829
v -1301.48554 -0.86621 10153.25928
v -1300.87924 -1.95165 10180.59731
v -1351.10748 133.76343 10173.40851
v -1370.67413 124.38863 10160.93826
v -1370.32664 123.78763 10185.95314
v -1407.20522 257.42167 10174.72935
v -1425.97783 251.18896 10163.43784
v -1425.73571 250.81894 10186.20968
v -1447.67118 410.57444 10179.17442
v -1463.22584 402.60139 10169.00826
v -1462.45301 401.04768 10189.15462
v -1536.48829 495.04301 10196.33102
v -1547.06597 484.15026 10186.15150
v -1543.64860 479.87115 10203.59230
v -1627.96533 527.65757 10240.61775
v -1639.43887 519.15580 10232.30267
v -1634.58705 514.04792 10247.25056
v -1712.88705 646.43997 10303.98369
v -1724.97475 642.46923 10298.49434
v -1722.24951 639.90611 10311.83624
v -1778.59652 882.95221 10327.00634
v -1787.65011 881.61629 10323.49491
v -1785.77411 879.95487 10332.97157
v -1813.41243 1050.48001 10386.21998
v -1819.83399 1050.02391 10383.90541
v -1818.35413 1048.07365 10390.29408
v 159.16334 -503.68339 10020.20645
v 169.56684 -482.98672 10006.91032
v 171.72606 -484.22158 10033.50258
v 285.93767 -574.57340 10006.63662
v 295.52174 -555.80956 9994.53163
v 296.06783 -556.15181 10018.82267
v 405.74992 -631.83188 10011.93428
v 412.98616 -614.05843 10000.93174
v 412.84722 -614.07411 10023.05126
v 512.04127 -664.71374 10008.68225
v 519.99903 -649.07789 9998.56377
v 521.18331 -649.71977 10018.77213
v 628.47906 -762.72517 9993.10017
v 638.15993 -751.00529 9984.07555
v 638.94570 -751.39070 10001.73187
v 772.67396 -889.15008 9994.17400
v 780.55340 -879.47279 9986.76014
v 779.23280 -878.24953 10001.16348
v 900.52593 -954.91648 10029.19769
v 904.91426 -945.91868 10022.37892
v 900.73264 -943.59869 10033.50735
v 1040.86280 -928.83420 10105.73196
v 1044.74151 -921.92280 10100.61932
v 1041.38088 -920.09485 10109.23958
v 1172.86527 -1017.28368 10147.95780
v 1176.84221 -1012.93957 10144.81068
v 1175.36783 -1012.04908 10151.26228
v 173.17516 -1038.56790 10274.16039
v 190.76051 -1022.92538 10261.53278
v 195.23945 -1030.37643 10286.78799
v 241.83069 -1149.84989 10229.15173
v 257.69585 -1135.74326 10217.76009
v 261.66865 -1142.35270 10240.58628
v 309.54701 -1257.95019 10186.81622
v 322.29793 -1243.18743 10177.60086
v 326.75877 -1250.42880 10197.42775
v 385.52824 -1334.01608 10130.64384
v 397.61671 -1321.87009 10121.85383
v 401.97104 -1328.87924 10139.25648
v 439.20383 -1488.61229 10064.33964
v 450.48219 -1481.36199 10055.83286
v 453.44803 -1485.82566 10070.77980
v 503.21662 -1646.91424 10013.97133
v 511.65479 -1640.23900 10007.53593
v 513.11779 -1641.97361 10019.86599
v 589.93447 -1739.83991 10005.37777
v 596.06868 -1733.62744 10000.16880
v 594.93852 -1732.41925 10010.19955
v 676.26774 -1788.08427 10045.71152
v 681.82659 -1783.58376 10041.79668
v 678.99889 -1781.16572 10049.05128
v 727.30887 -1830.07109 10086.42960
v 732.37658 -1826.77972 10083.58860
v 729.69937 -1824.52297 10089.27345
v 301.19029 -1666.50331 10485.80456
v 322.94741 -1657.76277 10473.01388
v 324.60442 -1665.25853 10498.59524
v 327.39955 -1779.18732 10451.09081
v 347.54542 -1771.97313 10439.13746
v 348.68801 -1777.15099 10463.06801
v 357.61490 -1906.76546 10431.99921
v 375.93135 -1900.87152 10421.11492
v 376.39496 -1903.17822 10443.09521
v 397.98754 -2042.02771 10422.36423
v 414.07281 -2036.43727 10412.80460
v 414.79686 -2039.74247 10432.03831
v 424.35071 -2171.19312 10384.38416
v 438.64089 -2168.03598 10375.72384
v 439.36703 -2171.49138 10392.35783
v 426.06807 -2385.50162 10355.37148
v 437.12464 -2384.88674 10348.46306
v 437.60249 -2385.91290 10361.46545
v 430.81445 -2572.57342 10350.92068
v 439.01938 -2572.42751 10345.82806
v 439.16109 -2570.41383 10355.27229
v 453.32441 -2643.30482 10385.19764
v 460.17662 -2642.90690 10380.69630
v 458.40213 -2636.90710 10386.00922
v 504.33391 -2640.05637 10453.76873
v 509.70590 -2639.64891 10449.82338
v 506.60890 -2634.08470 10451.83182
v 334.57053 -1755.06306 10495.92400
v 347.02241 -1735.34858 10482.89776
v 351.56375 -1739.09628 10508.95023
v 433.91538 -1835.41763 10467.03339
v 447.03433 -1818.71033 10454.54025
v 450.86783 -1821.84386 10478.68156
v 521.02858 -1939.16523 10442.56020
v 534.52814 -1925.65012 10430.72510
v 537.72622 -1928.17461 10452.82459
v 606.49318 -2047.25194 10417.89246
v 617.55013 -2033.76794 10407.48596
v 620.10628 -2035.67767 10427.54078
v 702.67761 -2119.34280 10401.77155
v 711.09164 -2105.71361 10392.63344
v 713.05835 -2107.14626 10410.91251
v 808.86340 -2191.37692 10384.85909
v 817.94775 -2180.67598 10376.38950
v 820.37896 -2182.55210 10392.49325
v 894.96118 -2332.97014 10345.39890
v 904.23089 -2326.31993 10337.81147
v 906.20160 -2327.80433 10351.28880
v 1007.37059 -2542.27829 10321.53320
v 1014.18829 -2537.53877 10315.99522
v 1014.76645 -2537.24241 10325.95539
v 1148.26822 -2700.10734 10338.95493
v 1152.63605 -2696.68746 10335.23846
v 1152.61853 -2695.96910 10341.87698
v 385.52734 -1917.65010 10499.14742
v 396.42191 -1896.98327 10486.20224
v 401.74088 -1900.82955 10512.09259
v 494.22282 -1994.65024 10465.37590
v 505.03761 -1976.32766 10453.24421
v 509.85748 -1979.81071 10477.00310
v 595.79128 -2083.12535 10432.23858
v 605.35717 -2066.25700 10421.28944
v 609.41082 -2069.16833 10442.99316
v 701.12503 -2148.76199 10405.83992
v 708.26334 -2132.37333 10396.31653
v 712.00144 -2135.05554 10416.04137
v 812.56121 -2208.52733 10374.03965
v 820.21695 -2194.73243 10365.09228
v 824.61935 -2197.86978 10382.40528
v 912.54795 -2325.19746 10318.12859
v 921.06277 -2315.46497 10309.62563
v 924.78305 -2318.10498 10324.41425
v 1035.18069 -2495.08524 10269.85073
v 1041.75329 -2487.46395 10263.25798
v 1043.72609 -2488.42859 10275.08736
v 1184.83603 -2617.85531 10247.68353
v 1187.52921 -2610.77905 10242.91706
v 1187.04736 -2610.24499 10251.83487
v 1323.46165 -2607.44095 10282.03392
v 1324.03493 -2601.97425 10278.24306
v 1322.38626 -2601.40920 10284.68895
v 92.69422 -1317.03186 10509.19151
v 104.34172 -1297.69123 10496.19007
v 105.70059 -1298.57767 10522.19296
v 222.34274 -1399.68479 10499.62234
v 231.64943 -1381.66916 10488.01994
v 232.06504 -1381.98948 10511.37638
v 357.58719 -1455.44457 10502.27737
v 363.28125 -1438.30860 10491.89091
v 362.26436 -1438.02297 10512.69531
v 487.27787 -1477.54383 10513.24272
v 494.60068 -1463.23967 10504.11892
v 494.17150 -1463.17303 10522.59254
v 602.05954 -1580.39403 10507.01141
v 611.62913 -1570.63544 10499.27616
v 611.68671 -1570.88149 10514.97841
v 692.18910 -1676.40591 10508.58688
v 698.76420 -1666.72480 10502.04372
v 699.14973 -1667.21964 10515.43713
v 781.52782 -1714.79094 10499.01390
v 785.47913 -1705.35076 10493.30044
v 784.99597 -1705.33729 10505.01060
v 893.87465 -1752.59089 10520.30945
v 897.63558 -1745.02480 10515.72800
v 894.62072 -1744.13133 10524.81079
v 1046.86916 -1782.26149 10602.83661
v 1049.56257 -1777.16959 10599.79630
v 1046.61906 -1776.34478 10605.54790
v 96.86576 -1396.09480 10538.41114
v 111.21212 -1378.60227 10525.48981
v 113.61007 -1380.88191 10551.33247
v 204.47761 -1496.44017 10519.59229
v 216.65715 -1479.79605 10507.97844
v 218.20803 -1481.31478 10531.54850
v 307.59475 -1566.71858 10512.74776
v 318.66536 -1551.42832 10502.12193
v 318.24961 -1551.42164 10523.77987
v 411.77961 -1640.84649 10523.91338
v 423.88859 -1628.72779 10514.46533
v 422.30776 -1627.75612 10533.94127
v 505.28288 -1742.72144 10537.79793
v 518.31567 -1734.80284 10529.69456
v 517.48252 -1734.61151 10546.94271
v 577.34323 -1910.16209 10532.36771
v 588.89598 -1905.01451 10525.70438
v 588.27150 -1904.97637 10539.98661
v 658.48923 -2068.76731 10545.20607
v 666.76879 -2063.16233 10539.65187
v 665.04687 -2061.24592 10550.79556
v 766.45058 -2136.14178 10594.10381
v 771.35533 -2130.39637 10588.71651
v 767.60197 -2127.28286 10596.61007
v 905.98786 -2130.33342 10694.62585
v 908.86915 -2126.22428 10690.47451
v 905.24501 -2123.90494 10695.36400
v 105.39915 -1469.51199 10579.83017
v 122.81737 -1455.11651 10566.86306
v 124.29783 -1457.12399 10592.79728
v 185.58583 -1576.04146 10567.00897
v 201.74302 -1563.23123 10555.13763
v 202.40612 -1564.13782 10578.90320
v 263.03846 -1675.71902 10567.19685
v 278.14046 -1664.55007 10556.39267
v 277.15528 -1663.33175 10578.00484
v 347.31287 -1772.53747 10585.70004
v 361.24015 -1762.90596 10576.05648
v 358.83722 -1760.00142 10595.17479
v 445.28216 -1879.92036 10622.27726
v 458.18371 -1872.59090 10614.11381
v 456.70742 -1870.86546 10630.89657
v 522.77333 -2034.01065 10625.43011
v 534.23131 -2029.39153 10618.85262
v 533.40429 -2028.67556 10632.80582
v 589.64998 -2194.24462 10646.99745
v 598.66792 -2190.53698 10641.79134
v 597.02194 -2188.06100 10652.43721
v 670.48889 -2286.76009 10701.09844
v 676.99760 -2283.07033 10696.42162
v 673.44570 -2278.72515 10703.22990
v 762.78889 -2295.74680 10803.26271
v 767.29721 -2292.91630 10799.50905
v 763.45181 -2289.26754 10803.29418
v 161.59400 -1684.57532 10698.06862
v 183.78550 -1678.42722 10685.88257
v 184.42021 -1687.61265 10710.25467
v 171.76838 -1811.20169 10650.09308
v 191.85400 -1805.33409 10639.15348
v 192.33714 -1812.65020 10661.59916
v 193.75409 -1942.28530 10613.49201
v 211.76341 -1937.45148 10603.57285
v 212.17662 -1943.81213 10623.70872
v 198.21028 -2052.16360 10574.33224
v 214.39569 -2047.58549 10565.51456
v 214.89768 -2057.01780 10581.99120
v 191.40689 -2130.85508 10508.41713
v 205.96115 -2127.46739 10500.05150
v 206.42832 -2135.71048 10515.05566
v 180.45548 -2327.42834 10446.52367
v 191.56118 -2327.13580 10439.04972
v 192.27472 -2330.58119 10451.96915
v 139.64029 -2515.42926 10408.25939
v 147.42732 -2517.03024 10402.47154
v 148.27932 -2517.94887 10412.22477
v 109.17757 -2625.07629 10414.71100
v 114.96543 -2628.59964 10410.88295
v 116.57023 -2623.72446 10416.73374
v 125.39165 -2641.51073 10481.73046
v 130.36911 -2645.18452 10479.69341
v 131.30085 -2638.87143 10480.99709
v 180.81863 -1772.86375 10673.95973
v 190.41558 -1750.87821 10663.79642
v 202.24890 -1762.08377 10684.12304
v 259.72524 -1845.57319 10587.95547
v 267.66431 -1825.02019 10579.52785
v 278.05769 -1834.88989 10598.26374
v 346.89969 -1900.25461 10514.38141
v 355.66866 -1883.08585 10505.34058
v 363.52104 -1890.67519 10523.61965
v 421.27973 -1995.73886 10457.12566
v 431.28514 -1983.21462 10447.23892
v 437.39644 -1988.94000 10464.10847
v 492.19984 -2112.03909 10389.74285
v 500.15819 -2100.51036 10381.80637
v 505.66876 -2105.80015 10395.97988
v 574.08959 -2191.55693 10324.98550
v 577.98123 -2179.05784 10320.68348
v 583.91601 -2184.68404 10331.77376
v 641.62171 -2208.77194 10266.51669
v 646.01165 -2198.39692 10262.00581
v 650.07985 -2202.59094 10272.64118
v 712.29923 -2295.40873 10238.32989
v 718.84513 -2289.90006 10233.12378
v 720.05862 -2291.12124 10242.98954
v 809.35413 -2462.00633 10220.87097
v 813.97873 -2459.01537 10217.39388
v 814.50599 -2459.38802 10223.87505
v 212.72832 -2082.39126 10583.60481
v 230.96858 -2095.99972 10570.92190
v 226.82410 -2100.25764 10596.28773
v 127.37805 -2171.79823 10554.67033
v 143.48088 -2185.04286 10542.71698
v 139.06230 -2189.53991 10565.90843
v 42.07689 -2238.30247 10521.39187
v 57.16154 -2250.40364 10510.38837
v 53.37216 -2254.29225 10531.96621
v -54.14033 -2349.27177 10492.79404
v -38.85324 -2358.07395 10483.52909
v -41.43865 -2360.63218 10503.11947
v -145.01426 -2513.51070 10461.03764
v -130.79727 -2518.97955 10453.61423
v -133.22316 -2521.53158 10470.18909
v -217.22089 -2680.23992 10418.05935
v -205.61723 -2685.03165 10411.87000
v -207.43094 -2686.76710 10425.64011
v -267.72112 -2767.49730 10407.19986
v -257.66516 -2772.21537 10401.68095
v -258.16262 -2771.44027 10414.05010
v -329.67314 -2975.35110 10448.97366
v -324.15700 -2981.28462 10445.30201
v -323.89429 -2979.79665 10454.06723
v -467.72864 -3029.25134 10459.23424
v -465.71824 -3034.95312 10456.81190
v -465.63572 -3033.93722 10463.24444
v 214.45423 -2264.01496 10568.63880
v 237.32904 -2261.40189 10556.44608
v 236.53491 -2270.53618 10580.83153
v 204.31468 -2394.85812 10519.29855
v 225.31810 -2392.45415 10508.10528
v 224.60485 -2400.65241 10530.56622
v 194.97865 -2535.16197 10469.13338
v 213.91687 -2533.69164 10458.75549
v 213.32118 -2540.58623 10479.26521
v 179.94246 -2650.00391 10432.31869
v 197.26552 -2648.68569 10422.81628
v 196.82826 -2653.78976 10441.94412
v 180.29974 -2724.89071 10416.01562
v 196.49431 -2725.12031 10406.79646
v 196.28918 -2727.12612 10425.32349
v 158.81099 -2880.07426 10415.81726
v 172.54210 -2882.93171 10407.64427
v 172.61264 -2882.91383 10423.87676
v 109.00375 -3072.83974 10416.92734
v 120.17343 -3075.16837 10410.27832
v 120.35363 -3074.51510 10423.46668
v 87.60413 -3338.05609 10442.54112
v 95.47076 -3337.98265 10437.85095
v 95.59082 -3337.59880 10447.00146
v 116.35271 -3510.22243 10440.08827
v 121.86379 -3509.30285 10436.74088
v 121.98238 -3509.37653 10443.25256
v 550.16011 180.23078 10456.92825
v 555.04572 201.72717 10444.31782
v 557.90085 200.87163 10469.53869
v 667.60236 146.15242 10442.46578
v 673.50727 165.66293 10430.61066
v 675.40443 165.11583 10454.10919
v 790.83979 96.14559 10435.85777
v 798.60449 113.07615 10424.89624
v 798.53016 113.30771 10446.50745
v 937.09087 25.78236 10446.32721
v 943.49176 41.06311 10436.54728
v 942.23583 41.75738 10455.73235
v 1105.11541 -15.40397 10460.46448
v 1107.23400 -1.23796 10451.82991
v 1107.27930 -0.92546 10468.55164
v 1278.69761 -22.30191 10446.16795
v 1280.04658 -10.23331 10438.86185
v 1280.71642 -10.05971 10453.01723
v 1410.03048 -51.56148 10445.00828
v 1414.97898 -42.29979 10438.85994
v 1413.83278 -41.65114 10450.95634
v 1545.43173 -148.79934 10482.25880
v 1551.80931 -142.92659 10478.04070
v 1549.03436 -141.29865 10487.12921
v 1703.15385 -274.17234 10581.13384
v 1707.70133 -270.57916 10578.54176
v 1705.32727 -269.07605 10584.23519
v 825.47134 264.19947 10775.62141
v 809.61365 279.51938 10763.01861
v 807.61409 277.13332 10788.22422
v 911.89289 369.19883 10792.44041
v 897.23814 383.17466 10780.83801
v 894.38277 379.70629 10803.74050
v 994.12024 491.86105 10832.29637
v 981.60523 505.41031 10822.17789
v 976.95053 499.43638 10841.80546
v 1060.31764 585.50715 10890.93494
v 1050.08519 599.19453 10882.45869
v 1045.78114 593.67287 10900.20370
v 1135.08010 654.98292 10919.72256
v 1124.86207 666.57412 10911.55910
v 1122.50149 663.29253 10928.56121
v 1235.45027 799.06583 10953.10116
v 1225.35145 806.92691 10945.66250
v 1223.70946 804.63225 10960.19363
v 1322.75081 970.35033 10990.86094
v 1314.41188 976.19307 10984.78317
v 1312.71732 973.66267 10996.24348
v 1393.47529 1130.39780 11048.83099
v 1388.15260 1136.66356 11045.01057
v 1385.85508 1133.01659 11052.98615
v 1498.15750 1226.72224 11157.72533
v 1495.25857 1232.05638 11155.86662
v 1493.04914 1228.81711 11160.86006
v 876.25033 267.75256 10838.56583
v 866.67800 287.56407 10825.88291
v 865.58074 286.99535 10851.24874
v 998.22438 332.36820 10845.31689
v 989.16769 350.37854 10833.66108
v 986.74053 349.06882 10856.78387
v 1124.57037 419.27344 10874.50695
v 1119.15910 436.83502 10864.60876
v 1114.82072 434.52743 10884.89437
v 1250.82660 454.34651 10912.38117
v 1247.34259 470.65455 10903.79906
v 1244.39573 468.94574 10922.24216
v 1392.27784 506.41584 10924.04175
v 1384.95624 518.73416 10915.91740
v 1384.08172 518.03982 10932.35207
v 1513.80575 635.07819 10933.89416
v 1505.95760 643.99093 10926.89991
v 1504.78029 643.04942 10940.59944
v 1644.13035 763.42803 10963.67264
v 1642.16685 773.22346 10959.31816
v 1639.10842 771.10076 10969.56062
v 1779.99282 749.94671 11030.84087
v 1780.20871 758.12668 11028.37563
v 1775.66671 755.85353 11035.24876
v 1871.26577 807.04874 11127.18868
v 1870.51499 812.78169 11124.56512
v 1866.69290 810.92381 11129.28295
v 1091.04133 326.78401 10950.83904
v 1069.84794 332.67286 10938.14468
v 1070.02008 333.26051 10963.53340
v 1130.09274 464.93250 10947.37720
v 1110.84867 470.23287 10935.85873
v 1110.97872 470.67618 10958.89950
v 1158.76043 570.03677 10945.63484
v 1140.92100 574.63086 10935.01568
v 1141.12484 575.33574 10956.26545
v 1190.93513 691.61558 10938.95817
v 1174.83413 695.79309 10929.36802
v 1175.00091 696.36714 10948.55976
v 1242.08879 879.36723 10937.16335
v 1228.73235 883.11088 10929.16107
v 1228.71363 883.02165 10945.17422
v 1282.40800 1034.02257 10940.46021
v 1271.12830 1036.74281 10933.75015
v 1270.95544 1036.01801 10947.13306
v 1310.66728 1243.49260 10959.51271
v 1302.12283 1242.85793 10954.44107
v 1302.02174 1242.75827 10964.39648
v 1280.41351 1337.65149 10952.43835
v 1273.44751 1336.00211 10948.13728
v 1273.46063 1335.37412 10956.46477
v 1249.89474 1452.89230 10978.86086
v 1244.43901 1452.23129 10975.68035
v 1244.68529 1450.87612 10981.87828
v 1165.15338 352.24000 10972.50271
v 1145.58482 362.41069 10959.90849
v 1147.28796 365.17048 10985.09693
v 1235.00264 467.88374 10955.12295
v 1217.60714 477.91225 10943.48621
v 1219.57660 481.05821 10966.39538
v 1303.87592 554.46571 10933.59661
v 1287.68909 563.51721 10922.90115
v 1289.53707 566.46383 10944.02599
v 1377.13397 682.54137 10913.83839
v 1361.40668 688.23409 10904.68502
v 1362.56623 689.97985 10923.63644
v 1430.20809 869.79896 10897.88246
v 1417.22870 874.97050 10890.18726
v 1417.88590 875.70971 10906.10695
v 1480.53932 955.91831 10894.32526
v 1470.48485 963.48792 10887.47120
v 1469.99693 962.19021 10901.73435
v 1555.34303 1056.01919 10922.70279
v 1546.55707 1062.25455 10916.79478
v 1546.04042 1060.99045 10929.00562
v 1648.36740 1245.98289 10921.79108
v 1641.40368 1249.47393 10917.44900
v 1641.60216 1249.56727 10926.36490
v 1722.21100 1388.69166 10916.28075
v 1717.26048 1391.19101 10913.18893
v 1717.44514 1391.34037 10919.53373
v 1308.88450 423.50301 11022.70699
v 1288.82217 432.88553 11010.27870
v 1291.56923 437.31284 11035.13527
v 1378.69227 538.32251 10994.54117
v 1359.95829 546.37527 10983.27446
v 1362.43701 550.36724 11006.09303
v 1443.03262 663.28073 10966.21704
v 1425.37808 669.25597 10956.29406
v 1427.42562 672.48410 10977.06032
v 1501.05834 820.72967 10939.10694
v 1486.23025 827.17323 10930.13573
v 1488.39736 830.71733 10948.15254
v 1550.12953 877.66349 10916.82053
v 1538.29873 886.43384 10907.82356
v 1539.41905 888.50385 10924.92008
v 1615.91601 953.90493 10918.58101
v 1604.85613 961.53891 10910.40802
v 1604.41208 961.52520 10926.13029
v 1706.64394 1137.79092 10921.40198
v 1696.64538 1141.87860 10914.90555
v 1696.75446 1142.69865 10927.48356
v 1786.38303 1339.93149 10890.78045
v 1779.10793 1343.03665 10886.01112
v 1779.26230 1343.79578 10895.21503
v 1878.18670 1503.67916 10886.53278
v 1873.44623 1506.30641 10883.22544
v 1873.38245 1506.50716 10889.57119
v 1359.66694 461.82805 11032.28474
v 1373.81995 478.67191 11019.59705
v 1372.99657 479.33069 11044.97242
v 1485.11469 363.46564 11038.89751
v 1496.27757 379.66654 11027.47345
v 1495.91792 379.97940 11050.21858
v 1605.26621 298.07198 11038.90800
v 1613.11293 313.93808 11028.57494
v 1612.95271 314.12569 11049.06940
v 1729.30384 247.34211 11041.86153
v 1736.99307 261.12717 11032.69100
v 1735.87680 261.77692 11050.90046
v 1858.05190 172.26499 11059.70383
v 1865.82446 183.62218 11052.03533
v 1861.43732 185.80702 11067.00802
v 1942.49368 149.10446 11108.41560
v 1951.53928 158.25069 11102.70119
v 1944.47660 161.69998 11114.37798
v 2027.77076 79.74953 11193.62926
v 2036.17406 86.77663 11189.44740
v 2031.72421 88.67262 11200.12856
v 2146.04855 -21.93026 11218.94550
v 2150.27475 -14.98116 11214.85329
v 2148.56958 -14.64501 11223.79017
v 2306.74791 -49.81063 11251.98174
v 2308.35652 -44.52701 11248.84987
v 2307.12056 -44.27720 11255.07259
v 1524.43027 550.78077 11044.12937
v 1504.32229 560.72456 11032.22179
v 1509.71282 567.71022 11056.03695
v 1607.60772 660.63619 10993.07728
v 1589.40566 669.95335 10982.09095
v 1593.98341 675.88574 11004.06075
v 1687.22296 765.92273 10951.88522
v 1672.67382 776.63803 10940.93132
v 1676.26858 781.40527 10961.19976
v 1767.29119 822.52175 10926.07880
v 1753.93629 832.61621 10915.84778
v 1757.15888 836.93445 10934.71336
v 1851.20606 929.34936 10886.27911
v 1837.15248 935.76920 10877.93636
v 1839.18202 938.57056 10895.15114
v 1929.83854 1117.69962 10864.68697
v 1918.36345 1123.24440 10857.74422
v 1919.62957 1124.86100 10872.11132
v 2027.55594 1248.01886 10836.13396
v 2018.04709 1252.64990 10830.36518
v 2019.52529 1254.69065 10842.14592
v 2100.62885 1389.06026 10796.39626
v 2092.56983 1391.89589 10791.95499
v 2093.42074 1392.90512 10801.49269
v 2170.51339 1598.77968 10792.73510
v 2165.16495 1600.56043 10789.81304
v 2165.47203 1600.56806 10796.15498
v 1580.43313 589.97172 11046.64612
v 1585.06632 611.52005 11034.02901
v 1587.82339 610.73661 11059.26323
v 1729.45797 549.08365 11029.09660
v 1734.61235 568.29947 11017.55142
v 1737.24222 567.54822 11040.39001
v 1879.10771 489.76147 11008.90160
v 1885.04303 506.38020 10998.46363
v 1886.78110 505.94079 11018.88752
v 2020.92648 431.04002 11001.45245
v 2024.54543 446.28841 10992.24567
v 2024.00613 446.55180 11010.41222
v 2147.70079 429.01313 11015.59162
v 2146.47079 442.72399 11006.89697
v 2143.72730 442.98616 11022.94445
v 2261.52587 481.26242 11041.68510
v 2264.53209 493.54672 11035.02560
v 2260.31637 493.66724 11048.68221
v 2386.85274 398.61909 11091.85982
v 2394.15169 407.12857 11088.14716
v 2389.58693 407.59662 11099.02859
v 2542.97423 297.66649 11169.38210
v 2547.75167 304.30341 11166.30840
v 2543.52760 305.11579 11173.91205
v 2669.12603 269.98895 11257.91359
v 2672.08362 274.98496 11255.34439
v 2668.56956 275.72429 11260.58006
v 1667.70673 641.88802 11059.78966
v 1647.61424 650.89887 11047.13726
v 1648.59211 652.82130 11072.44205
v 1733.96885 775.05445 11047.10960
v 1716.06183 783.99897 11035.52055
v 1716.82441 785.50857 11058.58803
v 1797.02616 882.20572 11039.49547
v 1780.73621 890.71357 11028.83530
v 1780.85816 891.03675 11050.07839
v 1855.54266 1009.11307 11043.52188
v 1840.46125 1015.93661 11033.90217
v 1840.06512 1015.16581 11053.02811
v 1922.01817 1192.48807 11055.43518
v 1908.60641 1196.48063 11047.26887
v 1908.61976 1196.78533 11063.46798
v 1965.62326 1375.02611 11037.11319
v 1954.15151 1376.60563 11030.44319
v 1954.27763 1377.33865 11043.78605
v 1979.81155 1539.01291 11034.90925
v 1970.64078 1541.28277 11029.52480
v 1970.39020 1539.75534 11040.28797
v 2001.82033 1637.42840 11065.97519
v 1994.47489 1641.38627 11061.94782
v 1993.77561 1637.98559 11070.53757
v 2062.90746 1798.01953 11152.26364
v 2058.06017 1801.26619 11149.75834
v 2057.41787 1798.46823 11155.42126
v 1925.90642 802.13964 11178.80535
v 1917.77265 822.95728 11166.74519
v 1911.00252 818.79514 11190.86552
v 2042.43612 875.18734 11224.11442
v 2034.41954 893.96387 11212.82768
v 2028.41640 890.27745 11235.06641
v 2156.11172 955.71584 11266.39462
v 2149.12868 973.00643 11256.23035
v 2144.20128 969.98680 11276.66664
v 2282.73082 1021.44039 11303.61843
v 2276.96109 1037.29641 11294.63005
v 2272.83216 1034.75106 11313.12180
v 2429.31509 1104.60639 11347.88132
v 2425.52876 1118.99853 11340.49129
v 2420.73393 1116.18638 11356.14967
v 2579.56886 1161.96537 11419.91043
v 2576.75600 1174.36755 11413.83171
v 2571.16294 1171.24331 11426.38683
v 2738.57355 1270.32232 11529.19006
v 2737.60009 1280.53236 11525.41542
v 2731.05001 1277.02057 11533.42819
v 2835.79803 1293.52856 11672.95170
v 2835.50954 1301.59247 11670.55988
v 2829.92530 1298.65253 11676.12743
v 2931.05221 1346.25041 11768.32676
v 2930.29428 1352.08011 11765.92827
v 2926.60522 1350.10815 11770.70522
v -6.01751 423.13683 10605.56030
v -24.80615 433.53093 10593.27030
v -23.28310 435.90200 10617.85030
v 73.28625 549.02774 10588.50574
v 56.90487 559.52823 10577.16942
v 58.38863 561.82706 10599.52164
v 164.44249 656.56227 10570.29819
v 149.85952 666.43447 10559.96513
v 151.23738 668.56116 10580.22499
v 243.73209 768.49461 10553.86353
v 229.74084 776.18307 10544.71684
v 230.70194 777.70102 10563.02738
v 328.48752 929.68416 10540.01045
v 317.28750 937.37477 10532.13787
v 317.27624 937.40267 10547.84012
v 427.26314 1046.20373 10551.25904
v 420.38009 1055.84502 10544.96098
v 418.51786 1053.75111 10558.08067
v 536.97389 1123.11447 10598.79112
v 530.07185 1130.02574 10593.02998
v 527.78190 1127.43855 10603.83129
v 573.71908 1279.53994 10637.04109
v 566.89256 1281.70156 10631.68716
v 565.56028 1280.78580 10640.48100
v 605.30585 1463.96017 10642.39788
v 600.48330 1464.94079 10638.65089
v 599.67744 1464.90109 10644.78302
v -43.63850 556.92303 10701.81465
v -57.92084 572.90274 10689.45503
v -58.68104 572.18927 10714.17427
v 59.84466 655.60323 10707.83997
v 47.77185 671.31102 10696.50936
v 46.86548 670.47298 10719.29836
v 155.75868 725.06350 10715.62576
v 143.87482 739.13467 10705.02853
v 142.95813 738.29174 10726.24111
v 252.95782 837.66061 10723.21224
v 240.12846 848.21796 10713.40275
v 239.20034 847.34833 10732.65553
v 357.86042 1001.47641 10738.39855
v 350.75995 1014.42039 10730.68047
v 348.30955 1012.08186 10746.99211
v 482.46130 1028.64158 10777.55547
v 479.65354 1042.01150 10771.73233
v 475.85273 1039.08634 10785.78758
v 632.38233 1108.96754 10835.03532
v 625.32765 1117.05756 10828.61805
v 623.46357 1115.49735 10840.88612
v 714.47182 1305.14860 10843.50300
v 706.92563 1307.62017 10837.90779
v 705.86556 1307.12366 10847.55039
v 744.03715 1567.45458 10873.92139
v 739.12412 1568.46857 10870.30315
v 738.38931 1567.84248 10876.41239
v -71.98445 696.51061 10796.79298
v -87.82631 710.93637 10784.42287
v -87.76525 711.00312 10809.16309
v 22.96699 802.11157 10796.27419
v 8.30306 815.17082 10784.93786
v 8.33197 815.20206 10807.61147
v 112.64893 906.86119 10796.26560
v 98.55482 917.90038 10785.92110
v 98.36104 917.66340 10806.59580
v 207.02210 1048.82908 10801.31435
v 195.15046 1059.20923 10792.24968
v 194.36699 1058.22253 10810.39524
v 316.29530 1165.21394 10818.67504
v 308.18892 1176.59390 10811.24020
v 305.99743 1174.14081 10826.72215
v 427.76605 1251.83403 10863.38997
v 420.75145 1261.65712 10856.96220
v 417.78395 1258.50725 10869.93504
v 531.53533 1398.65756 10924.99447
v 524.58411 1404.84190 10919.26765
v 522.89736 1403.16987 10929.93164
v 634.19098 1564.64803 10944.39793
v 628.63797 1568.48955 10939.96429
v 627.21682 1566.94555 10947.76440
v 668.66606 1679.85117 10994.87686
v 664.37447 1682.68991 10991.44459
v 662.94855 1680.63557 10997.10178
v -97.96646 910.63368 10937.75177
v -116.85418 920.81302 10925.43411
v -115.66700 922.76031 10950.06943
v -19.12095 1042.77551 10923.50960
v -36.20698 1051.69559 10912.47272
v -35.33925 1053.11012 10934.62086
v 62.61522 1195.56594 10913.60378
v 47.64396 1203.22073 10903.98407
v 47.87261 1203.49562 10923.35224
v 136.08655 1345.42561 10917.12666
v 123.51419 1352.53656 10908.87737
v 123.16778 1351.74012 10925.48847
v 197.91375 1460.14452 10927.94132
v 188.63837 1468.89770 10921.11683
v 187.37037 1466.70640 10935.35805
v 269.40194 1527.63748 10954.47445
v 264.23153 1538.04529 10949.23019
v 262.71617 1535.75754 10961.68137
v 354.69553 1560.93085 10966.21895
v 349.01699 1569.35012 10961.39908
v 348.73462 1568.04478 10972.56088
v 445.70822 1679.56901 10973.28949
v 440.55185 1685.54747 10969.39087
v 439.87030 1684.12447 10978.05309
v 563.18176 1776.59202 11019.46449
v 560.24963 1781.42118 11016.94679
v 559.19325 1779.89459 11022.84622
v -120.28652 1152.76074 11054.65221
v -135.74126 1137.76171 11042.47570
v -138.44621 1141.18302 11066.82873
v -212.91165 1267.65764 11028.22399
v -226.97741 1254.28307 11017.20810
v -228.98704 1256.82914 11039.28852
v -311.37085 1386.01065 11010.51998
v -323.38768 1373.57569 11000.82302
v -324.55891 1375.12636 11020.55359
v -406.75616 1475.07131 11000.00191
v -416.93142 1463.36710 10991.44459
v -418.72829 1465.54720 11008.93116
v -507.25567 1587.17680 10963.28449
v -517.24404 1578.71580 10955.59406
v -519.05310 1580.91784 10970.50571
v -591.79431 1752.44737 10938.14659
v -600.28028 1746.39916 10931.89716
v -600.63487 1746.55294 10944.04221
v -651.73221 1816.57863 10945.22095
v -660.35461 1812.95836 10939.97002
v -658.86122 1810.35411 10950.26588
v -688.50183 1911.39793 10997.79320
v -696.21158 1909.32262 10993.92796
v -693.84611 1905.37202 11001.50967
v -786.65125 2008.94570 11091.29906
v -791.63074 2006.99639 11088.19103
v -789.78121 2003.98803 11093.26839
v -188.42252 1470.40653 11113.39664
v -209.89680 1467.11063 11101.56155
v -209.79558 1474.30527 11125.23174
v -187.79960 1623.52931 11066.84875
v -206.95682 1621.40298 11056.05888
v -206.89069 1626.60718 11077.52705
v -183.63464 1777.66073 11038.69820
v -200.44723 1777.66049 11028.84388
v -200.49897 1779.90925 11048.20156
v -169.82681 1932.75928 11030.87521
v -184.48375 1931.35190 11022.55154
v -184.45788 1934.84175 11039.10160
v -175.64543 2020.79439 10997.30778
v -188.87639 2016.93749 10990.50426
v -188.93163 2022.43185 11004.85802
v -189.21363 2115.36694 10960.98232
v -201.07529 2112.89263 10954.63657
v -200.95800 2115.94296 10967.96989
v -198.12138 2283.29301 10947.10732
v -207.65263 2283.49614 10941.87069
v -207.42524 2282.96971 10952.73304
v -195.23582 2407.38511 10969.66171
v -202.79619 2409.73568 10965.86990
v -202.76640 2406.76188 10974.12872
v -164.33473 2540.74693 11045.01915
v -169.49940 2543.28394 11042.75036
v -169.64775 2540.26937 11048.14911
v -220.68423 1625.86057 11148.68927
v -236.87841 1639.89830 11136.32870
v -237.51186 1639.13238 11161.04984
v -124.96808 1743.61670 11154.75750
v -138.13747 1758.23677 11143.62812
v -139.56134 1756.60586 11166.13007
v -23.29624 1829.64849 11174.97063
v -32.80146 1845.28458 11165.28416
v -35.72328 1842.36944 11185.57262
v 81.67462 1904.68931 11207.47757
v 71.05473 1917.21153 11198.18020
v 69.01455 1915.10439 11216.81976
v 167.92941 2032.12237 11216.84074
v 155.97177 2039.95156 11208.09746
v 154.93348 2039.08706 11224.79725
v 259.85673 2220.01576 11235.93903
v 251.69048 2228.88517 11229.20322
v 249.57779 2226.37558 11242.61761
v 358.74033 2294.65842 11284.92451
v 353.16625 2303.87378 11279.77943
v 350.29995 2300.61817 11290.89928
v 483.50841 2430.76038 11354.64573
v 479.17497 2437.81424 11350.66223
v 476.82628 2435.17780 11359.14421
v 634.59969 2555.48406 11443.03894
v 631.98739 2560.49895 11440.53268
v 630.26309 2558.59947 11446.16032
v -257.95290 1986.81724 11370.95356
v -279.08579 1992.41090 11359.36928
v -279.59713 1983.74879 11382.53784
v -252.00400 2104.76494 11415.18593
v -271.64021 2110.00156 11404.43707
v -272.15084 2101.23992 11425.68588
v -250.43705 2229.83146 11471.73977
v -268.43742 2234.83086 11461.96651
v -268.92841 2226.17674 11481.18591
v -244.43033 2399.46938 11547.99175
v -260.14778 2405.01428 11539.98661
v -260.63502 2396.46077 11556.37169
v -225.29788 2558.45571 11644.06300
v -238.80386 2563.29536 11637.22134
v -239.26161 2555.43995 11651.03149
v -225.08021 2733.10590 11738.15536
v -236.23736 2737.50639 11732.77664
v -236.67654 2729.01940 11742.80453
v -229.24516 2801.86224 11826.61915
v -239.06328 2806.77271 11822.92557
v -239.46823 2797.84441 11830.29270
v -216.93546 2907.93276 11948.20881
v -224.86730 2911.57818 11944.92149
v -225.09784 2905.58434 11952.06547
v -200.15855 3100.54946 12065.42683
v -205.45943 3102.56410 12062.95776
v -205.53355 3099.35379 12068.24398
v -783.85735 -494.33950 11010.39410
v -799.52228 -510.54269 11001.90258
v -783.66399 -516.87604 11018.88561
v -874.16202 -459.45305 11107.73468
v -888.33821 -474.49017 11099.61033
v -873.25561 -480.49861 11114.75945
v -963.90080 -436.73459 11212.60929
v -976.52262 -450.57786 11204.81968
v -962.89277 -456.02000 11218.82820
v -1083.38237 -398.77671 11332.74841
v -1093.70744 -411.22559 11325.06275
v -1082.72529 -415.73262 11338.46855
v -1222.24772 -370.71630 11446.00201
v -1229.89547 -381.73971 11438.39550
v -1221.91966 -385.26219 11451.11656
v -1372.55013 -338.30419 11531.22711
v -1380.31518 -347.22003 11525.82836
v -1372.80846 -350.41106 11535.94780
v -1450.00637 -297.70753 11628.71170
v -1459.29301 -303.73240 11627.22397
v -1451.21324 -307.49473 11633.95596
v -1493.89505 -194.51143 11763.75294
v -1501.50120 -198.84542 11763.48400
v -1494.23110 -202.92142 11766.17527
v -1517.47179 -210.35072 11962.35085
v -1522.60149 -213.39694 11961.53831
v -1517.37106 -216.35535 11961.91883
v 1001.47319 -130.50716 11173.11096
v 999.23491 -110.25988 11161.53908
v 1002.87521 -110.18485 11184.68285
v 1148.36979 -126.25207 11149.99771
v 1146.30902 -107.83563 11139.47582
v 1148.70465 -107.79846 11160.65121
v 1280.98357 -115.38343 11140.80143
v 1279.55520 -98.59419 11131.17409
v 1281.25322 -98.58014 11150.50602
v 1406.78048 -114.62177 11127.40993
v 1409.10590 -99.76806 11118.32905
v 1411.11553 -99.80002 11135.77843
v 1546.96655 -179.92213 11109.69925
v 1551.72670 -167.83656 11101.57967
v 1552.31214 -167.49316 11116.88328
v 1713.57989 -237.58040 11120.19348
v 1717.80241 -227.56137 11113.42144
v 1715.97636 -226.44334 11126.05000
v 1893.20183 -281.81887 11170.38918
v 1897.15195 -274.09047 11165.25745
v 1893.12518 -272.55708 11174.37363
v 2001.84464 -294.15584 11245.37563
v 2001.91712 -288.13946 11239.76612
v 1998.32177 -286.91691 11247.06268
v 2121.20175 -176.50482 11259.53579
v 2119.00759 -173.68700 11254.89426
v 2117.09905 -172.39124 11260.27775
v 1188.34615 -233.96564 11307.40166
v 1178.65813 -216.13862 11295.68863
v 1178.47192 -216.24105 11319.11469
v 1322.92438 -158.50970 11308.79784
v 1313.56394 -142.61231 11298.15769
v 1314.17942 -142.26851 11319.44275
v 1449.83375 -83.87130 11297.68372
v 1442.38186 -69.01094 11287.99725
v 1444.06307 -68.14249 11307.14417
v 1581.91192 -43.20499 11280.96581
v 1576.76685 -29.24266 11272.13478
v 1577.43549 -28.78554 11289.41917
v 1730.56972 14.31180 11285.72178
v 1726.79734 26.77423 11278.05996
v 1724.32721 26.02124 11292.94586
v 1858.42454 74.54427 11331.24447
v 1856.83239 86.01435 11325.21343
v 1851.39358 83.97661 11336.90643
v 1970.61741 118.32962 11415.09056
v 1968.29116 127.51760 11409.42860
v 1963.47368 125.68064 11419.19041
v 2100.99602 238.45670 11476.04179
v 2098.63544 245.12152 11471.40598
v 2095.80684 244.26664 11479.32720
v 2261.34396 311.16366 11539.71672
v 2260.32090 316.11317 11536.75747
v 2258.39591 315.53972 11542.25922
v 1635.02765 -350.57890 11445.22095
v 1625.59807 -332.45435 11433.75587
v 1630.09059 -330.75359 11456.68602
v 1769.98448 -298.23458 11414.90078
v 1761.29043 -281.70913 11404.44374
v 1764.84263 -280.37116 11425.50659
v 1899.22118 -241.70274 11393.58807
v 1890.79368 -226.90850 11384.18770
v 1893.97621 -225.71197 11403.33748
v 2026.00718 -181.46440 11365.02838
v 2016.98923 -168.86947 11356.89926
v 2020.65277 -167.39656 11373.94142
v 2155.73001 -97.50690 11325.53387
v 2148.47183 -86.16058 11318.27354
v 2151.19648 -85.12344 11333.29487
v 2289.14428 -45.11079 11306.86188
v 2286.58605 -33.90665 11300.18520
v 2286.49235 -33.89136 11313.47561
v 2430.68147 -31.05184 11327.22855
v 2428.80034 -21.42437 11321.57230
v 2426.65005 -21.97981 11332.67593
v 2584.81073 61.10083 11371.72031
v 2581.17723 67.24791 11366.54091
v 2578.00221 65.87934 11374.65668
v 2664.94346 237.69300 11469.64931
v 2662.09650 241.13278 11465.85941
v 2659.51490 239.52501 11470.86430
v 1873.19708 -334.95829 11494.20357
v 1872.63215 -314.63951 11482.55539
v 1875.10085 -314.72099 11505.85175
v 2011.04856 -338.29430 11479.55227
v 2008.07905 -319.74599 11469.21253
v 2011.40308 -319.79969 11490.39555
v 2145.25175 -312.69976 11451.50280
v 2142.18783 -295.92052 11442.20829
v 2146.51179 -295.88452 11461.14540
v 2292.88292 -321.67831 11414.87694
v 2291.68797 -306.77694 11406.34918
v 2294.36612 -306.77137 11423.35033
v 2462.38351 -312.22996 11403.06282
v 2461.87401 -299.43269 11395.72239
v 2461.05266 -299.52526 11410.46047
v 2635.54430 -293.88979 11435.04238
v 2635.27369 -283.27382 11428.99799
v 2631.08277 -283.88700 11440.46021
v 2747.14994 -246.18459 11503.82614
v 2747.83659 -237.06864 11499.28474
v 2741.90140 -238.24021 11507.50637
v 2861.94086 -223.75633 11611.20224
v 2862.64777 -216.66206 11607.79476
v 2859.27844 -217.30740 11614.91299
v 3000.77724 -209.17274 11632.95078
v 3000.70071 -203.98313 11630.23663
v 2999.82452 -204.27640 11636.01971
v -309.65334 -85.51283 11120.63980
v -324.81021 -98.18363 11109.31492
v -326.20379 -96.29997 11131.96468
v -395.46153 28.55755 11105.86452
v -409.96557 17.88839 11095.41702
v -410.77700 18.95810 11116.19091
v -475.46294 154.84436 11102.00500
v -489.76329 147.20362 11092.54265
v -489.58123 146.68496 11111.30714
v -539.33668 281.81297 11113.87920
v -553.18934 277.05222 11105.60322
v -552.15198 274.82831 11122.24674
v -589.18631 407.41783 11142.54856
v -601.29881 402.74778 11135.13470
v -600.64310 401.36650 11150.00534
v -652.38851 525.81882 11141.99924
v -661.93539 519.67078 11135.38361
v -662.10288 519.83613 11148.52333
v -756.69962 663.24866 11136.79886
v -763.88460 657.28068 11131.35147
v -763.75145 657.04870 11142.16042
v -882.66242 790.29548 11150.91610
v -888.58396 786.07905 11146.74950
v -887.64459 784.93524 11154.99687
v -1001.70112 938.56359 11204.72145
v -1006.05893 936.09965 11202.01111
v -1005.07200 934.90458 11207.48901
v -1022.67933 -85.34357 11812.55150
v -1041.24606 -96.47913 11805.49335
v -1026.55125 -106.64461 11819.60964
v -1087.93974 -41.25940 11912.23621
v -1105.21209 -51.70028 11905.55191
v -1091.77792 -60.99079 11919.16180
v -1167.48357 15.55168 12023.52524
v -1182.85382 5.66075 12016.70647
v -1170.50922 -2.87553 12029.16908
v -1262.49719 58.13365 12154.06322
v -1276.23475 49.20541 12147.83096
v -1264.73629 41.31018 12158.44822
v -1359.19487 112.23018 12303.49064
v -1371.72329 104.72070 12298.88821
v -1361.16314 97.53906 12307.34062
v -1433.77888 156.71571 12450.45662
v -1445.51873 150.92550 12448.26889
v -1436.11634 144.49790 12455.08194
v -1476.98247 237.99230 12584.89037
v -1487.61654 234.12687 12584.82647
v -1479.70974 228.83423 12590.95001
v -1516.96813 386.32807 12753.06320
v -1524.48237 382.42215 12751.44768
v -1518.49186 378.44506 12756.20365
v -1656.69155 411.25336 12956.65741
v -1660.85470 408.24479 12954.20265
v -1656.85678 405.59599 12957.26967
v -1343.16194 -226.46308 12045.48264
v -1357.24044 -241.76815 12036.20434
v -1345.19422 -247.15899 12054.76093
v -1444.60940 -182.24974 12124.20177
v -1457.25119 -196.43599 12115.43465
v -1445.35291 -201.72812 12131.81591
v -1554.67248 -151.84055 12224.21074
v -1564.42356 -165.11214 12214.99157
v -1554.12424 -169.76015 12230.10826
v -1673.86901 -134.57651 12296.14544
v -1682.02615 -146.64295 12287.46033
v -1674.38579 -150.43978 12302.11544
v -1789.92987 -94.53601 12361.72485
v -1797.80352 -105.08379 12354.41780
v -1790.15732 -108.67943 12366.87756
v -1892.21907 -78.07798 12445.86372
v -1898.17345 -87.41304 12438.55858
v -1888.28099 -90.71335 12446.75732
v -1970.23690 -146.99580 12567.35897
v -1975.95990 -155.06914 12562.35886
v -1965.95621 -157.19827 12566.63990
v -2028.08571 -155.80042 12727.24152
v -2034.02829 -162.10878 12726.22108
v -2026.58486 -163.77084 12730.46207
v -2133.72684 -36.12784 12879.91047
v -2138.00931 -39.87843 12879.93908
v -2133.61645 -40.54652 12883.49819
v -1425.90618 -253.94171 12071.20132
v -1421.93902 -273.26086 12059.81827
v -1422.42587 -273.35447 12082.58438
v -1553.70986 -279.62613 12068.38322
v -1549.29888 -297.21338 12057.91569
v -1548.75350 -297.07155 12078.84502
v -1693.30025 -329.14504 12079.57172
v -1689.52322 -345.02017 12070.16373
v -1688.22885 -344.67185 12088.95206
v -1838.30941 -362.34078 12089.51855
v -1834.44965 -376.28627 12081.12431
v -1833.20701 -375.94864 12097.80312
v -1976.66991 -424.27158 12102.67448
v -1972.97156 -436.30511 12095.30926
v -1970.45302 -435.47025 12109.65061
v -2093.64843 -475.26291 12139.35852
v -2093.85753 -486.52628 12133.56018
v -2091.99190 -485.87734 12146.07525
v -2244.76552 -435.09099 12140.24925
v -2248.97027 -443.56006 12135.90240
v -2248.14320 -442.89023 12146.25454
v -2395.68281 -330.62834 12155.35545
v -2398.23365 -337.19847 12151.99757
v -2396.21115 -337.19930 12159.53827
v -2533.40602 -352.80898 12212.91828
v -2533.87952 -357.67078 12209.99527
v -2531.67510 -357.70872 12215.24334
v -1570.65272 -305.04233 12119.00139
v -1581.17545 -321.81484 12107.75471
v -1578.01783 -323.42166 12130.24807
v -1692.41083 -244.31399 12140.42377
v -1701.20299 -260.11354 12129.97627
v -1698.94874 -261.27422 12150.70438
v -1829.31781 -187.15164 12153.33366
v -1837.71133 -201.15946 12143.96667
v -1836.46643 -201.80877 12162.74071
v -1973.31357 -92.42953 12163.96809
v -1982.92029 -103.11415 12156.01158
v -1981.72414 -103.75464 12172.37949
v -2104.72989 36.82067 12182.45220
v -2113.73234 28.53455 12175.91381
v -2111.14478 26.68116 12189.41689
v -2207.72552 107.77786 12229.55418
v -2216.01510 100.93496 12224.11442
v -2211.03239 97.28219 12234.45606
v -2293.59412 156.51810 12314.85367
v -2299.29280 150.06272 12309.25179
v -2294.40427 146.65833 12317.62028
v -2451.55334 164.30543 12389.48345
v -2454.76508 159.11475 12384.49955
v -2451.71452 156.64731 12391.33358
v -2589.87617 194.67530 12461.04336
v -2592.51118 190.98338 12457.60250
v -2590.33895 189.20662 12462.55589
v -1657.46176 -325.95012 12141.35456
v -1654.47950 -345.48411 12130.03731
v -1652.03619 -344.95100 12152.67181
v -1792.65225 -356.66105 12156.66771
v -1790.83514 -374.62422 12146.47102
v -1788.30135 -374.07827 12167.04369
v -1930.54831 -375.73421 12176.32389
v -1929.21686 -391.97963 12167.17911
v -1926.17273 -391.35373 12185.60886
v -2058.75659 -406.24994 12202.20089
v -2058.06613 -420.85299 12194.07749
v -2056.92005 -420.50102 12210.75916
v -2216.92443 -399.73295 12193.45951
v -2218.48869 -412.21732 12186.48434
v -2219.28763 -411.85108 12200.84381
v -2379.49419 -357.21579 12182.96146
v -2379.44436 -367.69453 12177.21748
v -2379.61411 -367.42997 12189.16321
v -2519.60659 -395.38968 12188.11607
v -2519.89079 -404.04147 12183.41827
v -2517.61293 -403.71045 12192.99412
v -2626.31607 -387.91046 12237.23888
v -2627.78831 -395.19259 12233.92200
v -2623.12698 -394.61583 12240.56530
v -2737.91766 -433.72202 12355.33905
v -2738.64818 -438.74347 12352.75841
v -2734.64584 -438.15747 12356.76384
v 745.86916 651.34460 11593.79005
v 739.27867 668.78444 11583.16422
v 742.14059 669.61151 11604.41589
v 887.62587 693.53086 11573.08197
v 882.81989 709.67901 11563.21621
v 886.23679 710.62315 11582.41558
v 1036.66353 706.55274 11539.17217
v 1032.84776 721.12393 11530.18951
v 1037.73129 722.21112 11546.99898
v 1160.11631 717.41354 11493.86883
v 1154.19936 730.18456 11486.55891
v 1159.38926 731.29511 11501.50490
v 1275.09987 769.19872 11451.91765
v 1268.73827 780.22146 11445.67966
v 1271.15488 780.40683 11459.64432
v 1398.45216 833.18156 11452.22092
v 1395.97547 843.95123 11446.65623
v 1395.10453 843.00143 11458.96149
v 1554.37922 844.94990 11479.54178
v 1553.68829 854.25007 11475.11768
v 1551.63217 853.15287 11485.17323
v 1742.51842 903.05692 11531.97670
v 1741.07218 909.70004 11528.31841
v 1737.92148 908.33604 11535.23350
v 1852.90563 1000.90396 11641.95251
v 1851.68815 1005.37646 11639.25171
v 1848.74654 1003.92091 11643.49556
v 803.21831 714.42115 11628.16143
v 784.63185 713.42766 11617.48219
v 784.63703 715.50691 11638.84068
v 802.54316 853.44404 11614.62784
v 785.48539 852.20838 11604.86698
v 785.49397 854.92110 11624.37153
v 803.09010 976.07344 11592.39578
v 787.39572 974.71017 11583.45032
v 787.40764 977.70596 11601.31741
v 802.76829 1132.85315 11568.24112
v 788.84208 1130.63836 11560.42576
v 788.88023 1132.62320 11576.42555
v 773.37068 1285.26485 11554.04377
v 761.09290 1283.76043 11547.15729
v 761.34247 1283.55384 11561.31077
v 762.22938 1413.54549 11570.27817
v 751.26141 1414.99400 11564.45885
v 751.57070 1412.86874 11576.77269
v 793.34378 1612.17475 11613.66081
v 785.01624 1615.55815 11609.55429
v 785.11566 1612.93197 11619.08054
v 853.15371 1769.74607 11665.96031
v 847.22888 1773.74268 11663.25951
v 846.99589 1770.87891 11670.33863
v 935.32366 1911.50391 11739.67361
v 931.38158 1914.71827 11737.96844
v 931.05316 1912.39929 11742.79499
v 902.02010 817.62695 11690.58800
v 883.32963 817.50208 11680.04608
v 883.72970 821.47527 11701.12991
v 915.44551 962.16303 11663.09643
v 898.41801 961.76183 11653.56922
v 898.85098 966.05176 11672.60265
v 928.15232 1090.57021 11629.02451
v 912.57107 1089.01834 11620.61977
v 912.96858 1092.97502 11637.94041
v 918.66505 1236.20474 11600.96550
v 904.78981 1234.76613 11593.49060
v 905.15548 1236.69493 11609.19476
v 914.14547 1406.56078 11592.11540
v 902.28438 1407.30512 11585.56366
v 902.57233 1407.58133 11599.12872
v 942.40588 1581.08735 11593.66894
v 932.86043 1583.48715 11588.25874
v 932.99741 1583.04882 11599.48063
v 999.48436 1781.07822 11606.52256
v 993.02065 1785.04837 11602.73743
v 992.59478 1783.17583 11610.99434
v 1079.66292 1900.36297 11663.87844
v 1076.37632 1905.77471 11662.76169
v 1074.06318 1901.39675 11666.86344
v 1105.18813 1902.22955 11740.33833
v 1103.16718 1907.16422 11740.92579
v 1100.14379 1902.87638 11742.04540
v 1106.95517 1032.32801 11734.23290
v 1095.03293 1047.02556 11724.11728
v 1101.34113 1050.40133 11744.34853
v 1227.70739 1098.24049 11685.58311
v 1217.15736 1111.72986 11676.29623
v 1222.31722 1114.49075 11694.87762
v 1356.37641 1168.69032 11644.93561
v 1346.80331 1180.67610 11636.68156
v 1351.39048 1183.13026 11653.30601
v 1458.34208 1227.85401 11603.80840
v 1448.32826 1237.80334 11596.83704
v 1452.22890 1239.86232 11611.94992
v 1548.34986 1316.53285 11575.48332
v 1538.25843 1324.36013 11569.73839
v 1541.85677 1326.30277 11583.13179
v 1637.06350 1408.16844 11529.10995
v 1631.63447 1416.93723 11522.73846
v 1635.75339 1419.22390 11533.90789
v 1751.25694 1386.25133 11486.62186
v 1748.72363 1394.27996 11480.46875
v 1750.58234 1395.86341 11490.60631
v 1900.48921 1465.55710 11480.66235
v 1897.58706 1471.50695 11475.88825
v 1896.30818 1471.75086 11483.94585
v 2063.60650 1579.44059 11536.29971
v 2061.89108 1583.47452 11533.20694
v 2060.34517 1583.18222 11538.33580
v 1238.25908 1182.50108 11849.32423
v 1220.12103 1188.01081 11839.26773
v 1219.40160 1180.56726 11859.38072
v 1250.73528 1321.72990 11901.29089
v 1234.10082 1327.52466 11892.30251
v 1233.38056 1320.15622 11910.63976
v 1268.35144 1436.11288 11951.69163
v 1253.26252 1443.56346 11944.38457
v 1252.20227 1434.35717 11960.21748
v 1287.81056 1514.47690 12012.32338
v 1273.61989 1521.28255 12005.35297
v 1272.52400 1512.09676 12019.86885
v 1297.14727 1643.29684 12080.65033
v 1284.07371 1647.13192 12073.09628
v 1283.29110 1640.93184 12087.36610
v 1296.70715 1852.43726 12153.65887
v 1285.75075 1854.64275 12146.83437
v 1285.11477 1848.76275 12158.51784
v 1256.35672 2015.30004 12262.55989
v 1247.31112 2016.93511 12256.79493
v 1246.97018 2010.96129 12265.84625
v 1209.38504 2213.79828 12388.20839
v 1202.56829 2215.13772 12383.94737
v 1202.24965 2210.96015 12390.93781
v 1182.26969 2429.16918 12506.22845
v 1177.76883 2430.14503 12503.47710
v 1177.53696 2427.54674 12508.16441
v 1270.01464 1220.67738 11900.63000
v 1260.63764 1237.01739 11890.35606
v 1255.85151 1233.10030 11910.90393
v 1382.70211 1314.23044 11944.71550
v 1373.95287 1329.09715 11935.22930
v 1369.20440 1325.20258 11953.93276
v 1488.28673 1412.36258 11995.96691
v 1479.30062 1424.88432 11986.81259
v 1474.29490 1420.65883 12003.49903
v 1577.70932 1545.02249 12062.36839
v 1569.46051 1555.80807 12054.04758
v 1564.17847 1550.98963 12068.27736
v 1662.77492 1664.61527 12145.89310
v 1656.24011 1674.98016 12139.20975
v 1651.17383 1670.18342 12151.29757
v 1757.50101 1766.84976 12225.79575
v 1752.31969 1776.34084 12220.40272
v 1748.11113 1772.38119 12231.01521
v 1874.00031 1873.66331 12307.21188
v 1870.09704 1881.88684 12303.03669
v 1866.48989 1878.49605 12311.74183
v 2015.28096 1989.20035 12420.97378
v 2013.01003 1995.93365 12418.52188
v 2008.95095 1992.23852 12423.65742
v 2078.65787 2049.68286 12584.44023
v 2077.28434 2054.70586 12583.14991
v 2073.77791 2051.53275 12585.68287
v 1406.69703 1374.12834 12013.12923
v 1395.71440 1389.27877 12002.62547
v 1392.49480 1386.31237 12023.63300
v 1517.64345 1477.90134 12044.80076
v 1507.21204 1491.24956 12035.10380
v 1503.73495 1488.01327 12054.03709
v 1618.85214 1600.00312 12091.13216
v 1609.99668 1612.42712 12082.66926
v 1605.83222 1608.42240 12099.13158
v 1720.56139 1697.51251 12148.88573
v 1712.88180 1708.77755 12141.44993
v 1709.48982 1705.53291 12156.25286
v 1834.53345 1813.62033 12186.10573
v 1828.44830 1823.85361 12179.89826
v 1825.82176 1821.32101 12192.81960
v 1968.79232 1902.60875 12239.65931
v 1964.26141 1911.71157 12234.73740
v 1960.46484 1908.25236 12244.79866
v 2044.90733 1993.82794 12323.31848
v 2040.46822 2000.78106 12318.63022
v 2036.58986 1997.12229 12326.47896
v 2105.74937 2099.95699 12399.19758
v 2101.46952 2104.47216 12394.67812
v 2098.86408 2102.38957 12401.60656
v 2181.88357 2261.52062 12449.17583
v 2178.62797 2264.13488 12445.80746
v 2177.11139 2263.28039 12450.88196
v -385.58677 737.21033 11785.00175
v -392.10579 720.90304 11775.13027
v -395.63629 722.80777 11794.87324
v -510.60271 803.46507 11756.24466
v -517.48884 789.15536 11747.05124
v -520.14667 790.57097 11765.15198
v -626.90336 880.82641 11738.19828
v -633.14915 867.88565 11729.87652
v -634.93615 868.80243 11746.35983
v -737.12409 932.61915 11724.32518
v -741.21398 920.06433 11717.00382
v -743.26366 921.10866 11731.92596
v -864.34382 978.14178 11698.27938
v -863.89655 966.09730 11692.36088
v -865.53925 966.98725 11705.65796
v -981.32700 941.52409 11692.95502
v -980.44598 930.85641 11687.70123
v -979.15155 931.80788 11699.51630
v -1076.08593 942.45744 11720.44563
v -1081.81739 934.05074 11717.28134
v -1077.95048 934.43292 11727.20337
v -1175.95577 1087.70788 11771.78955
v -1183.09617 1083.58300 11770.51163
v -1179.32498 1083.19342 11777.94552
v -1308.41649 1301.51212 11860.41260
v -1312.79826 1299.13723 11859.68685
v -1310.43530 1298.76399 11864.11953
v -442.16830 857.80227 11853.21045
v -459.67230 859.26050 11843.34373
v -458.87122 863.23631 11863.07716
v -414.47574 1000.74387 11823.28606
v -430.44677 1001.55103 11814.44931
v -429.67144 1005.41639 11832.28970
v -392.48064 1157.63390 11785.87818
v -406.74493 1157.77278 11778.16296
v -406.06534 1161.14676 11794.01112
v -377.45622 1307.25479 11756.26469
v -389.79155 1308.71570 11749.23325
v -389.36606 1310.62901 11763.37147
v -354.19631 1389.21070 11749.39442
v -364.82245 1393.38005 11742.80643
v -365.15141 1392.48037 11755.95093
v -312.63736 1495.36788 11775.43736
v -322.24819 1498.49021 11769.52362
v -322.72065 1497.07711 11781.13651
v -294.01544 1692.93821 11780.72739
v -301.87443 1693.71128 11775.98858
v -302.00410 1693.96043 11785.19440
v -262.78427 1959.25593 11759.71222
v -266.67252 1962.50200 11756.91032
v -267.08239 1961.79664 11762.64095
v -213.03801 1982.34022 11778.32222
v -214.44862 1986.82511 11776.51596
v -215.60401 1985.53896 11781.24714
v -485.50093 934.41844 11889.58263
v -489.57250 917.38278 11879.62914
v -492.50367 918.36369 11899.53613
v -609.50100 974.91831 11869.32564
v -613.86395 959.48225 11860.09121
v -615.90606 960.15841 11878.47424
v -733.38097 1020.90073 11858.88386
v -737.65302 1006.93989 11850.43621
v -738.98423 1007.36642 11867.24567
v -853.16986 1060.61018 11847.87178
v -857.92965 1048.30372 11840.14225
v -858.89983 1048.59686 11855.40104
v -998.99852 1136.60359 11840.56377
v -1003.39210 1126.04499 11833.86040
v -1002.90906 1125.75674 11847.10407
v -1142.91823 1172.40608 11859.55048
v -1147.70973 1163.71572 11853.92761
v -1145.37191 1162.71794 11865.04745
v -1270.93613 1241.46807 11907.60612
v -1277.39096 1235.69572 11903.73135
v -1274.66190 1234.40337 11912.72545
v -1376.48940 1369.02010 11958.88805
v -1381.63400 1364.69138 11955.95551
v -1379.65417 1363.80613 11962.96215
v -1525.40255 1469.47551 12007.93266
v -1528.43571 1466.10630 12005.73826
v -1527.18806 1465.58738 12010.59055
v -572.73996 1059.10063 11946.95663
v -575.04719 1041.68189 11937.10136
v -579.08022 1042.71352 11956.81190
v -703.64600 1091.53342 11918.46085
v -707.08412 1075.99592 11909.18922
v -710.04385 1076.72751 11927.35195
v -827.61890 1139.96017 11902.01664
v -832.34274 1126.45257 11893.34679
v -834.36042 1126.86241 11909.95121
v -967.61197 1204.61917 11883.66508
v -970.86525 1192.32106 11876.09291
v -972.05877 1192.46233 11890.84816
v -1114.81357 1229.28524 11877.69127
v -1117.69509 1218.54329 11871.06895
v -1118.06202 1218.46354 11884.00745
v -1247.93434 1281.50749 11876.06144
v -1253.27754 1273.53883 11870.40901
v -1252.82514 1273.12899 11881.52790
v -1359.16913 1381.13594 11893.66436
v -1364.30705 1374.97342 11889.05525
v -1363.16681 1374.12977 11898.19908
v -1481.31621 1442.54565 11919.59190
v -1484.86555 1437.15167 11915.72762
v -1483.91354 1436.45060 11923.15865
v -1655.34067 1536.51786 11944.29302
v -1657.69887 1532.89807 11941.70475
v -1657.20212 1532.50456 11946.70105
v -677.11323 1176.05138 11986.30428
v -679.25161 1158.58114 11976.50146
v -683.74085 1159.74629 11996.10710
v -811.52415 1209.86116 11953.51219
v -814.29380 1194.17119 11944.38648
v -817.99167 1195.12188 11962.34608
v -947.72351 1256.71029 11926.40591
v -949.53728 1242.39790 11918.32256
v -952.25388 1243.09123 11934.62086
v -1095.73734 1271.53504 11903.56255
v -1096.68303 1258.71181 11896.51489
v -1099.23697 1259.35578 11910.93922
v -1232.36227 1303.97928 11873.99387
v -1235.72648 1293.48052 11867.39540
v -1237.43665 1293.89119 11880.12314
v -1348.18602 1372.31195 11865.70740
v -1352.59974 1363.88791 11859.87568
v -1352.62179 1363.56664 11871.02699
v -1455.53052 1418.22112 11875.52738
v -1459.37967 1410.90965 11870.46051
v -1459.32233 1410.59124 11880.14793
v -1628.23975 1517.90524 11866.91189
v -1628.94058 1511.87074 11863.01517
v -1628.33142 1511.47926 11870.19634
v -1785.47680 1446.00558 11901.63231
v -1784.36363 1442.08694 11898.67115
v -1783.21254 1441.94627 11903.57208
v -725.00873 1219.38884 12001.70898
v -742.14703 1222.75734 11991.66870
v -742.38652 1221.14444 12011.74927
v -702.48199 1378.56185 12014.76288
v -717.98694 1381.78587 12005.67818
v -718.20349 1380.32687 12023.87619
v -681.41985 1506.97458 12025.27714
v -695.30153 1511.45661 12017.10796
v -695.60158 1509.62937 12033.72383
v -640.34367 1629.10724 12043.41412
v -652.40210 1634.92715 12036.25202
v -652.94296 1632.41291 12051.21708
v -577.28159 1787.22322 12077.41833
v -587.52984 1792.77992 12071.33102
v -588.33456 1789.71708 12084.09500
v -504.91661 1991.05823 12141.12186
v -513.56047 1993.84308 12135.79559
v -514.27811 1991.11366 12145.93887
v -513.41748 2145.32232 12179.44431
v -520.58226 2146.52753 12174.69501
v -521.20388 2143.42546 12182.77740
v -530.42006 2280.19834 12249.40968
v -536.19516 2282.29952 12246.29688
v -536.54307 2277.95887 12251.63555
v -532.25666 2380.94449 12371.15479
v -536.50206 2383.01921 12369.41147
v -536.72612 2379.14157 12372.61772
v -912.82225 1363.63411 12060.35995
v -930.26108 1364.19094 12050.28820
v -930.26787 1363.90722 12070.43171
v -910.47704 1504.65655 12062.33883
v -926.36824 1506.30295 12053.15876
v -926.40150 1505.51426 12071.56754
v -896.26080 1616.40525 12070.39928
v -910.70372 1619.90225 12062.05845
v -910.87228 1618.10315 12079.00333
v -865.96400 1755.14054 12090.40928
v -879.10020 1757.09057 12082.79610
v -879.22502 1755.66936 12098.03677
v -873.41207 1938.61067 12098.69194
v -884.69958 1938.32266 12092.07344
v -884.77886 1938.07364 12105.15881
v -878.89093 2057.17874 12097.78976
v -888.93944 2057.44100 12091.91418
v -889.00763 2057.06382 12103.55091
v -870.10998 2246.29927 12111.50074
v -878.11285 2247.53714 12106.86588
v -878.20232 2246.52052 12116.14037
v -841.79157 2480.79634 12146.58833
v -847.32276 2482.02515 12143.53180
v -847.31233 2478.33824 12148.80943
v -883.87930 2529.79589 12243.28804
v -888.21894 2530.78914 12240.93342
v -887.62611 2526.43156 12243.38818
v -1076.24018 1534.98077 12114.18152
v -1093.63449 1536.35705 12104.11072
v -1093.66405 1535.90977 12124.25232
v -1067.49737 1681.97429 12117.44595
v -1083.32348 1684.45075 12108.27732
v -1083.43399 1683.11524 12126.68610
v -1046.64409 1815.84644 12134.18198
v -1061.11610 1818.32290 12125.81253
v -1061.36739 1815.48882 12142.47131
v -1050.33815 1962.17144 12165.91358
v -1063.40027 1962.65757 12158.16021
v -1063.59386 1961.28404 12173.29502
v -1054.11685 2142.32755 12159.83486
v -1065.40537 2142.55261 12153.12672
v -1065.56439 2142.74597 12166.25690
v -1041.87155 2331.54297 12160.69984
v -1051.16606 2333.32253 12155.17521
v -1051.39935 2332.19385 12166.07285
v -1016.65604 2472.33891 12190.48786
v -1024.55103 2473.53125 12185.72235
v -1024.80817 2470.09945 12194.36073
v -1069.85235 2598.05036 12267.62104
v -1076.15089 2598.62208 12263.55267
v -1076.00927 2594.24996 12269.66953
v -1124.91572 2758.58831 12402.89307
v -1129.23527 2759.25469 12400.39062
v -1129.04227 2756.05083 12404.27113
v -1125.76640 1596.11046 12133.38947
v -1143.03064 1598.85716 12123.37589
v -1143.23843 1596.68183 12143.40305
v -1113.42025 1735.64613 12148.67401
v -1129.17519 1738.76405 12139.58931
v -1129.48096 1735.56125 12157.75871
v -1102.26607 1862.64610 12180.09853
v -1116.70148 1865.15641 12171.71764
v -1117.04028 1861.34887 12188.15899
v -1106.00829 2021.46316 12214.55479
v -1118.79897 2022.48979 12206.92158
v -1119.07303 2020.47777 12221.71307
v -1104.58088 2213.68575 12225.37899
v -1115.37194 2214.93149 12218.97507
v -1115.58473 2213.83190 12231.53496
v -1083.11331 2418.59627 12250.15831
v -1091.73167 2420.35246 12245.16201
v -1091.99798 2417.57035 12254.88377
v -1089.48624 2541.79931 12307.77931
v -1096.69483 2542.87601 12303.42579
v -1096.81451 2538.87367 12310.91213
v -1143.56411 2710.63066 12409.38187
v -1148.63276 2711.21049 12406.14033
v -1148.22400 2706.90942 12410.36701
v -1181.00846 2743.36433 12477.35023
v -1185.29129 2743.92319 12474.76006
v -1184.41784 2739.65764 12477.29111
v -1178.50018 1660.74157 12161.81469
v -1193.39383 1651.55280 12151.83353
v -1191.78903 1649.35458 12171.79585
v -1255.59533 1764.86874 12179.47865
v -1269.74249 1756.86347 12170.34531
v -1267.57538 1753.89290 12188.62438
v -1331.20835 1867.97476 12213.71937
v -1345.07215 1861.92179 12205.70755
v -1342.41390 1858.20377 12222.20421
v -1410.37631 2013.55553 12260.86426
v -1422.72460 2008.35443 12253.82423
v -1420.72272 2005.65100 12268.58139
v -1500.75567 2160.81285 12290.21835
v -1511.43169 2156.24714 12284.09863
v -1509.67073 2153.85938 12296.88454
v -1579.74505 2300.48299 12337.31461
v -1589.25998 2297.33729 12332.31068
v -1587.49497 2294.81220 12343.07957
v -1637.65836 2429.64768 12375.84782
v -1646.22271 2428.13158 12372.00356
v -1644.45341 2425.34518 12380.92136
v -1675.00091 2570.81938 12441.87164
v -1681.90372 2569.57626 12438.75980
v -1680.14157 2566.47205 12445.55283
v -1785.64966 2736.22036 12557.88422
v -1789.95764 2734.99227 12555.58205
v -1788.70618 2732.77926 12559.92985
v 154.98997 -311.94645 11885.72693
v 166.70482 -324.10863 11875.99564
v 167.42171 -323.37484 11895.45822
v 62.63012 -408.01853 11892.75360
v 73.55114 -418.69321 11883.91685
v 74.36146 -417.85738 11901.52168
v -21.54097 -510.06508 11903.25642
v -11.90701 -519.79959 11895.36285
v -10.36143 -518.11844 11911.00407
v -89.66130 -589.80960 11925.66299
v -80.98377 -598.70088 11918.52665
v -78.46711 -595.77453 11932.32441
v -147.38676 -684.61549 11963.86528
v -139.50165 -692.23279 11957.45087
v -137.40447 -689.82351 11969.74468
v -218.89815 -775.47771 11984.05933
v -212.16422 -782.28784 11978.51658
v -211.03460 -781.08656 11989.45904
v -292.26282 -858.52808 11997.95341
v -288.03167 -865.84413 11993.61515
v -286.45337 -864.23594 12002.84386
v -397.07717 -910.21234 12039.38484
v -393.64788 -916.23729 12035.84766
v -391.35540 -914.08604 12042.96780
v -489.04526 -1075.82307 12132.42626
v -486.31933 -1078.86696 12129.77219
v -484.72270 -1077.31724 12134.10664
v 170.06555 -517.03018 12115.93533
v 180.65047 -530.24852 12106.28700
v 182.64079 -528.37157 12125.58365
v 61.48866 -620.93145 12137.22801
v 70.20033 -633.63463 12128.70216
v 72.61091 -631.38926 12145.99705
v -29.32759 -691.94931 12164.81972
v -22.85407 -704.77170 12157.48310
v -19.29707 -701.65515 12172.90306
v -113.87368 -749.58301 12203.05538
v -107.30069 -760.85973 12196.12312
v -104.94881 -758.67254 12210.54840
v -198.86065 -822.07036 12211.65657
v -194.03832 -832.97932 12205.59978
v -193.07765 -831.72768 12218.88351
v -316.97547 -852.05317 12227.67162
v -314.85212 -862.57464 12222.67532
v -312.83301 -860.99482 12234.23386
v -451.82803 -902.56667 12268.71395
v -448.40401 -910.68786 12263.97228
v -445.53557 -908.80120 12273.37265
v -575.42884 -1046.66436 12349.45202
v -572.33548 -1052.24121 12345.55626
v -569.11588 -1049.85440 12351.86386
v -669.74336 -1177.14417 12484.61914
v -667.88131 -1180.98056 12482.26166
v -665.41570 -1178.95055 12485.94189
v 170.62843 -636.96569 12227.19097
v 186.47096 -631.09714 12217.47303
v 185.90556 -629.75222 12236.90891
v 232.21092 -780.68447 12238.93452
v 245.95915 -773.98020 12229.97284
v 245.35090 -772.56292 12247.63298
v 306.72029 -885.57428 12251.43337
v 317.95686 -877.26980 12243.07537
v 318.03867 -876.95777 12259.35364
v 373.86906 -968.15252 12243.64948
v 384.03606 -960.14208 12235.92949
v 385.07515 -961.18355 12250.92888
v 453.64633 -1098.41681 12225.29984
v 462.95288 -1091.80439 12218.42670
v 463.69424 -1092.46147 12231.71520
v 530.70581 -1208.14502 12222.07832
v 539.41888 -1202.97205 12216.00914
v 538.75190 -1201.59280 12227.72121
v 620.37623 -1331.56276 12266.07037
v 629.07720 -1329.46169 12261.60431
v 627.34437 -1326.27845 12270.92838
v 667.57917 -1527.15480 12362.62798
v 674.52556 -1527.04370 12359.90047
v 673.17927 -1524.49751 12366.78600
v 694.84752 -1743.23452 12432.58095
v 699.39590 -1743.25526 12430.83382
v 698.55803 -1741.87279 12435.43053
v 194.49663 -999.47315 12614.62879
v 198.64735 -1016.18433 12605.49831
v 204.80257 -1013.26740 12623.75927
v 73.92877 -1057.72138 12664.57462
v 77.86708 -1072.86859 12656.19659
v 82.95950 -1070.45269 12673.02990
v -44.29326 -1112.53548 12703.33862
v -40.85274 -1126.32632 12695.78648
v -36.90404 -1124.43018 12711.27415
v -152.47419 -1154.61421 12734.37786
v -149.32242 -1167.14203 12727.50568
v -146.27695 -1165.63833 12741.73832
v -287.90429 -1210.37591 12764.88495
v -287.10622 -1221.93515 12759.44233
v -283.49957 -1220.33143 12771.61980
v -417.75513 -1217.06879 12820.18089
v -418.48779 -1227.35798 12816.13445
v -412.94399 -1225.48676 12825.54340
v -527.76289 -1255.34308 12916.61739
v -527.43191 -1263.61787 12912.46986
v -521.44307 -1261.58619 12919.23714
v -634.40681 -1351.38595 13056.13041
v -634.45109 -1357.66089 13053.42865
v -629.42028 -1355.79836 13057.65915
v -716.58540 -1381.36029 13190.90176
v -717.03452 -1386.03997 13189.62097
v -713.21124 -1384.59647 13192.27409
v 291.46400 -1425.21977 12925.68588
v 306.71039 -1433.29632 12916.62121
v 308.67574 -1426.41938 12934.75056
v 256.73854 -1550.12262 12976.82571
v 270.63790 -1557.81794 12968.63365
v 272.52916 -1551.20635 12985.13317
v 220.27917 -1671.16177 13032.37343
v 232.79950 -1678.64037 13025.14267
v 234.87812 -1671.39328 13039.56985
v 193.89629 -1777.54164 13099.41673
v 205.09361 -1784.90007 13093.16349
v 207.03672 -1778.14031 13106.16970
v 151.85253 -1879.85015 13151.44825
v 162.41807 -1885.06508 13145.11871
v 163.64446 -1880.70416 13157.70340
v 123.03530 -2096.06075 13206.30169
v 131.87705 -2098.43850 13200.60062
v 132.74840 -2095.58964 13210.96706
v 117.20476 -2319.42606 13275.45643
v 123.45183 -2323.21095 13272.02892
v 124.40208 -2319.44990 13279.10423
v 56.54843 -2411.16643 13362.49161
v 60.21029 -2416.44430 13362.26559
v 62.23832 -2411.26084 13365.48042
v 5.87964 -2409.52253 13486.49693
v 8.10668 -2413.74063 13487.49161
v 10.37912 -2409.52039 13488.36613
v 324.99868 -1485.28135 12971.85612
v 341.76290 -1480.93939 12962.91351
v 338.19315 -1474.06542 12980.79872
v 388.87620 -1606.00269 13031.00872
v 404.12927 -1602.16784 13022.94731
v 401.08922 -1596.32599 13039.34765
v 460.57165 -1759.82332 13093.86444
v 473.93331 -1756.48570 13086.81774
v 470.93403 -1750.70441 13100.85011
v 530.76106 -1873.50798 13169.20471
v 542.40972 -1870.39912 13162.87327
v 538.12873 -1862.83362 13173.35606
v 596.00949 -1923.31636 13259.96685
v 606.19146 -1920.33339 13254.08173
v 602.12857 -1913.32281 13263.11207
v 673.51168 -2016.00742 13339.72168
v 682.15418 -2013.39889 13334.63764
v 679.68518 -2008.57854 13343.46962
v 770.09010 -2156.05521 13433.02631
v 777.16506 -2154.74296 13429.56257
v 775.52956 -2151.47901 13436.66458
v 808.63297 -2288.07497 13497.27917
v 814.42535 -2287.90855 13495.27359
v 812.59811 -2284.06572 13499.68815
v 834.38599 -2329.09441 13588.98735
v 839.07861 -2329.15449 13587.67700
v 837.23021 -2325.25396 13589.93721
v 378.63356 37.11282 13179.92973
v 392.98859 43.14713 13171.89693
v 388.89909 48.82175 13187.96253
v 452.70249 -64.23239 13234.57146
v 466.48231 -59.56721 13227.68021
v 462.36765 -53.82251 13242.14363
v 512.54201 -174.13706 13302.19650
v 525.77496 -171.22413 13296.72050
v 521.71391 -165.41314 13309.50069
v 561.77616 -292.72422 13373.20232
v 573.73518 -290.35491 13368.43491
v 570.24753 -285.48944 13380.07641
v 610.88669 -407.31174 13429.57592
v 621.42932 -404.90398 13425.18520
v 618.71046 -401.52609 13436.02085
v 674.90178 -572.48718 13485.79216
v 683.82144 -570.80120 13482.25403
v 681.61100 -568.14212 13491.36257
v 738.40475 -783.05817 13572.34478
v 745.12267 -781.87370 13569.74125
v 742.65188 -777.95744 13575.38605
v 807.51395 -844.75422 13705.09052
v 812.32065 -843.51027 13702.41070
v 809.11291 -839.37407 13704.51641
v 870.99421 -810.06950 13804.10480
v 874.46308 -809.16214 13801.58901
v 871.48142 -806.06002 13802.40917
v 451.73678 62.29741 13363.89828
v 465.44623 70.22721 13356.40335
v 458.84371 76.45094 13371.39320
v 545.42726 -24.88063 13441.38050
v 557.87456 -17.45288 13434.35764
v 551.26780 -11.25353 13447.67475
v 635.96654 -90.62251 13525.86842
v 646.98052 -83.47824 13519.07825
v 641.16341 -77.98698 13531.50654
v 733.43563 -168.19504 13592.55123
v 743.54607 -161.78073 13586.45439
v 738.81674 -157.24826 13598.18554
v 814.51434 -243.82390 13656.79455
v 823.69560 -237.97357 13651.23367
v 818.54022 -233.16249 13661.21960
v 903.39237 -291.75574 13740.14759
v 911.92442 -286.71831 13735.41069
v 907.09549 -282.24471 13744.20166
v 1012.95888 -409.91086 13845.52765
v 1020.74802 -406.40137 13842.26418
v 1017.04228 -402.99228 13849.89834
v 1134.28605 -581.52252 13981.71234
v 1140.34426 -579.30499 13979.66290
v 1137.10856 -576.14261 13984.69734
v 1235.82673 -706.70873 14175.44842
v 1239.82084 -705.37007 14174.24774
v 1237.45346 -702.96633 14177.04105
vt 0.000000 0.950000
vt 0.000000 0.980000
vt 0.000000 0.960000
vt 0.000000 0.940000
vt 0.000000 0.920000
vt 0.144672 0.950000
vt 0.144672 0.980000
vt 0.144672 0.960000
vt 0.144672 0.940000
vt 0.144672 0.920000
vt 0.289340 0.950000
vt 0.289340 0.980000
vt 0.289340 0.960000
vt 0.289340 0.940000
vt 0.289340 0.920000
vt 0.433700 0.950000
vt 0.433700 0.980000
vt 0.433700 0.960000
vt 0.433700 0.940000
vt 0.433700 0.920000
vt 0.577269 0.950000
vt 0.577269 0.980000
vt 0.577269 0.960000
vt 0.577269 0.940000
vt 0.577269 0.920000
vt 0.719399 0.950000
vt 0.719399 0.980000
vt 0.719399 0.960000
vt 0.719399 0.940000
vt 0.719399 0.920000
vt 0.863997 0.950000
vt 0.863997 0.980000
vt 0.863997 0.960000
vt 0.863997 0.940000
vt 0.863997 0.920000
vt 1.008670 0.950000
vt 1.008670 0.980000
vt 1.008670 0.960000
vt 1.008670 0.940000
vt 1.008670 0.920000
vt 1.153260 0.950000
vt 1.153260 0.980000
vt 1.153260 0.960000
vt 1.153260 0.940000
vt 1.153260 0.920000
vt 1.200000 0.950000
vt 1.200000 0.980000
vt 1.200000 0.960000
vt 1.200000 0.940000
vt 1.200000 0.920000
vt 0.000000 0.950000
vt 0.000000 0.980000
vt 0.000000 0.960000
vt 0.000000 0.940000
vt 0.000000 0.920000
vt 0.136461 0.950000
vt 0.136461 0.980000
vt 0.136461 0.960000
vt 0.136461 0.940000
vt 0.136461 0.920000
vt 0.272735 0.950000
vt 0.272735 0.980000
vt 0.272735 0.960000
vt 0.272735 0.940000
vt 0.272735 0.920000
vt 0.409153 0.950000
vt 0.409153 0.980000
vt 0.409153 0.960000
vt 0.409153 0.940000
vt 0.409153 0.920000
vt 0.545610 0.950000
vt 0.545610 0.980000
vt 0.545610 0.960000
vt 0.545610 0.940000
vt 0.545610 0.920000
vt 0.682072 0.950000
vt 0.682072 0.980000
vt 0.682072 0.960000
vt 0.682072 0.940000
vt 0.682072 0.920000
vt 0.818525 0.950000
vt 0.818525 0.980000
vt 0.818525 0.960000
vt 0.818525 0.940000
vt 0.818525 0.920000
vt 0.954983 0.950000
vt 0.954983 0.980000
vt 0.954983 0.960000
vt 0.954983 0.940000
vt 0.954983 0.920000
vt 1.091444 0.950000
vt 1.091444 0.980000
vt 1.091444 0.960000
vt 1.091444 0.940000
vt 1.091444 0.920000
vt 1.200000 0.950000
vt 1.200000 0.980000
vt 1.200000 0.960000
vt 1.200000 0.940000
vt 1.200000 0.920000
vt 0.000000 0.950000
vt 0.000000 0.980000
vt 0.000000 0.960000
vt 0.000000 0.940000
vt 0.000000 0.920000
vt 0.133629 0.950000
vt 0.133629 0.980000
vt 0.133629 0.960000
vt 0.133629 0.940000
vt 0.133629 0.920000
vt 0.267139 0.950000
vt 0.267139 0.980000
vt 0.267139 0.960000
vt 0.267139 0.940000
vt 0.267139 0.920000
vt 0.400706 0.950000
vt 0.400706 0.980000
vt 0.400706 0.960000
vt 0.400706 0.940000
vt 0.400706 0.920000
vt 0.534335 0.950000
vt 0.534335 0.980000
vt 0.534335 0.960000
vt 0.534335 0.940000
vt 0.534335 0.920000
vt 0.667939 0.950000
vt 0.667939 0.980000
vt 0.667939 0.960000
vt 0.667939 0.940000
vt 0.667939 0.920000
vt 0.801470 0.950000
vt 0.801470 0.980000
vt 0.801470 0.960000
vt 0.801470 0.940000
vt 0.801470 0.920000
vt 0.935026 0.950000
vt 0.935026 0.980000
vt 0.935026 0.960000
vt 0.935026 0.940000
vt 0.935026 0.920000
vt 1.068655 0.950000
vt 1.068655 0.980000
vt 1.068655 0.960000
vt 1.068655 0.940000
vt 1.068655 0.920000
vt 1.200000 0.950000
vt 1.200000 0.980000
vt 1.200000 0.960000
vt 1.200000 0.940000
vt 1.200000 0.920000
vt 0.000000 0.950000
vt 0.000000 0.980000
vt 0.000000 0.960000
vt 0.000000 0.940000
vt 0.000000 0.920000
vt 0.206884 0.950000
vt 0.206884 0.980000
vt 0.206884 0.960000
vt 0.206884 0.940000
vt 0.206884 0.920000
vt 0.413639 0.950000
vt 0.413639 0.980000
vt 0.413639 0.960000
vt 0.413639 0.940000
vt 0.413639 0.920000
vt 0.620384 0.950000
vt 0.620384 0.980000
vt 0.620384 0.960000
vt 0.620384 0.940000
vt 0.620384 0.920000
vt 0.827269 0.950000
vt 0.827269 0.980000
vt 0.827269 0.960000
vt 0.827269 0.940000
vt 0.827269 0.920000
vt 1.034015 0.950000
vt 1.034015 0.980000
vt 1.034015 0.960000
vt 1.034015 0.940000
vt 1.034015 0.920000
vt 1.200000 0.950000
vt 1.200000 0.980000
vt 1.200000 0.960000
vt 1.200000 0.940000
vt 1.200000 0.920000
vt 0.000000 0.950000
vt 0.000000 0.980000
vt 0.000000 0.960000
vt 0.000000 0.940000
vt 0.000000 0.920000
vt 0.120328 0.950000
vt 0.120328 0.980000
vt 0.120328 0.960000
vt 0.120328 0.940000
vt 0.120328 0.920000
vt 0.240594 0.950000
vt 0.240594 0.980000
vt 0.240594 0.960000
vt 0.240594 0.940000
vt 0.240594 0.920000
vt 0.360843 0.950000
vt 0.360843 0.980000
vt 0.360843 0.960000
vt 0.360843 0.940000
vt 0.360843 0.920000
vt 0.481088 0.950000
vt 0.481088 0.980000
vt 0.481088 0.960000
vt 0.481088 0.940000
vt 0.481088 0.920000
vt 0.601416 0.950000
vt 0.601416 0.980000
vt 0.601416 0.960000
vt 0.601416 0.940000
vt 0.601416 0.920000
vt 0.721559 0.950000
vt 0.721559 0.980000
vt 0.721559 0.960000
vt 0.721559 0.940000
vt 0.721559 0.920000
vt 0.841612 0.950000
vt 0.841612 0.980000
vt 0.841612 0.960000
vt 0.841612 0.940000
vt 0.841612 0.920000
vt 0.961644 0.950000
vt 0.961644 0.980000
vt 0.961644 0.960000
vt 0.961644 0.940000
vt 0.961644 0.920000
vt 1.081417 0.950000
vt 1.081417 0.980000
vt 1.081417 0.960000
vt 1.081417 0.940000
vt 1.081417 0.920000
vt 1.200000 0.950000
vt 1.200000 0.980000
vt 1.200000 0.960000
vt 1.200000 0.940000
vt 1.200000 0.920000
vt 0.000000 0.950000
vt 0.000000 0.980000
vt 0.000000 0.960000
vt 0.000000 0.940000
vt 0.000000 0.920000
vt 0.115215 0.950000
vt 0.115215 0.980000
vt 0.115215 0.960000
vt 0.115215 0.940000
vt 0.115215 0.920000
vt 0.230209 0.950000
vt 0.230209 0.980000
vt 0.230209 0.960000
vt 0.230209 0.940000
vt 0.230209 0.920000
vt 0.345319 0.950000
vt 0.345319 0.980000
vt 0.345319 0.960000
vt 0.345319 0.940000
vt 0.345319 0.920000
vt 0.460522 0.950000
vt 0.460522 0.980000
vt 0.460522 0.960000
vt 0.460522 0.940000
vt 0.460522 0.920000
vt 0.575737 0.950000
vt 0.575737 0.980000
vt 0.575737 0.960000
vt 0.575737 0.940000
vt 0.575737 0.920000
vt 0.690104 0.950000
vt 0.690104 0.980000
vt 0.690104 0.960000
vt 0.690104 0.940000
vt 0.690104 0.920000
vt 0.804559 0.950000
vt 0.804559 0.980000
vt 0.804559 0.960000
vt 0.804559 0.940000
vt 0.804559 0.920000
vt 0.919774 0.950000
vt 0.919774 0.980000
vt 0.919774 0.960000
vt 0.919774 0.940000
vt 0.919774 0.920000
vt 1.034701 0.950000
vt 1.034701 0.980000
vt 1.034701 0.960000
vt 1.034701 0.940000
vt 1.034701 0.920000
vt 1.149070 0.950000
vt 1.149070 0.980000
vt 1.149070 0.960000
vt 1.149070 0.940000
vt 1.149070 0.920000
vt 1.200000 0.950000
vt 1.200000 0.980000
vt 1.200000 0.960000
vt 1.200000 0.940000
vt 1.200000 0.920000
vt 0.000000 0.950000
vt 0.000000 0.980000
vt 0.000000 0.960000
vt 0.000000 0.940000
vt 0.000000 0.920000
vt 0.186685 0.950000
vt 0.186685 0.980000
vt 0.186685 0.960000
vt 0.186685 0.940000
vt 0.186685 0.920000
vt 0.373318 0.950000
vt 0.373318 0.980000
vt 0.373318 0.960000
vt 0.373318 0.940000
vt 0.373318 0.920000
vt 0.559388 0.950000
vt 0.559388 0.980000
vt 0.559388 0.960000
vt 0.559388 0.940000
vt 0.559388 0.920000
vt 0.745102 0.950000
vt 0.745102 0.980000
vt 0.745102 0.960000
vt 0.745102 0.940000
vt 0.745102 0.920000
vt 0.931718 0.950000
vt 0.931718 0.980000
vt 0.931718 0.960000
vt 0.931718 0.940000
vt 0.931718 0.920000
vt 1.118110 0.950000
vt 1.118110 0.980000
vt 1.118110 0.960000
vt 1.118110 0.940000
vt 1.118110 0.920000
vt 1.200000 0.950000
vt 1.200000 0.980000
vt 1.200000 0.960000
vt 1.200000 0.940000
vt 1.200000 0.920000
vt 0.000000 0.950000
vt 0.000000 0.980000
vt 0.000000 0.960000
vt 0.000000 0.940000
vt 0.000000 0.920000
vt 0.110504 0.950000
vt 0.110504 0.980000
vt 0.110504 0.960000
vt 0.110504 0.940000
vt 0.110504 0.920000
vt 0.220945 0.950000
vt 0.220945 0.980000
vt 0.220945 0.960000
vt 0.220945 0.940000
vt 0.220945 0.920000
vt 0.331104 0.950000
vt 0.331104 0.980000
vt 0.331104 0.960000
vt 0.331104 0.940000
vt 0.331104 0.920000
vt 0.440956 0.950000
vt 0.440956 0.980000
vt 0.440956 0.960000
vt 0.440956 0.940000
vt 0.440956 0.920000
vt 0.550451 0.950000
vt 0.550451 0.980000
vt 0.550451 0.960000
vt 0.550451 0.940000
vt 0.550451 0.920000
vt 0.660895 0.950000
vt 0.660895 0.980000
vt 0.660895 0.960000
vt 0.660895 0.940000
vt 0.660895 0.920000
vt 0.771399 0.950000
vt 0.771399 0.980000
vt 0.771399 0.960000
vt 0.771399 0.940000
vt 0.771399 0.920000
vt 0.881103 0.950000
vt 0.881103 0.980000
vt 0.881103 0.960000
vt 0.881103 0.940000
vt 0.881103 0.920000
vt 0.991522 0.950000
vt 0.991522 0.980000
vt 0.991522 0.960000
vt 0.991522 0.940000
vt 0.991522 0.920000
vt 1.102027 0.950000
vt 1.102027 0.980000
vt 1.102027 0.960000
vt 1.102027 0.940000
vt 1.102027 0.920000
vt 1.200000 0.950000
vt 1.200000 0.980000
vt 1.200000 0.960000
vt 1.200000 0.940000
vt 1.200000 0.920000
vt 0.000000 0.950000
vt 0.000000 0.980000
vt 0.000000 0.960000
vt 0.000000 0.940000
vt 0.000000 0.920000
vt 0.106773 0.950000
vt 0.106773 0.980000
vt 0.106773 0.960000
vt 0.106773 0.940000
vt 0.106773 0.920000
vt 0.213374 0.950000
vt 0.213374 0.980000
vt 0.213374 0.960000
vt 0.213374 0.940000
vt 0.213374 0.920000
vt 0.319927 0.950000
vt 0.319927 0.980000
vt 0.319927 0.960000
vt 0.319927 0.940000
vt 0.319927 0.920000
vt 0.426701 0.950000
vt 0.426701 0.980000
vt 0.426701 0.960000
vt 0.426701 0.940000
vt 0.426701 0.920000
vt 0.533457 0.950000
vt 0.533457 0.980000
vt 0.533457 0.960000
vt 0.533457 0.940000
vt 0.533457 0.920000
vt 0.638470 0.950000
vt 0.638470 0.980000
vt 0.638470 0.960000
vt 0.638470 0.940000
vt 0.638470 0.920000
vt 0.744817 0.950000
vt 0.744817 0.980000
vt 0.744817 0.960000
vt 0.744817 0.940000
vt 0.744817 0.920000
vt 0.851591 0.950000
vt 0.851591 0.980000
vt 0.851591 0.960000
vt 0.851591 0.940000
vt 0.851591 0.920000
vt 0.958082 0.950000
vt 0.958082 0.980000
vt 0.958082 0.960000
vt 0.958082 0.940000
vt 0.958082 0.920000
vt 1.064855 0.950000
vt 1.064855 0.980000
vt 1.064855 0.960000
vt 1.064855 0.940000
vt 1.064855 0.920000
vt 1.164773 0.950000
vt 1.164773 0.980000
vt 1.164773 0.960000
vt 1.164773 0.940000
vt 1.164773 0.920000
vt 1.200000 0.950000
vt 1.200000 0.980000
vt 1.200000 0.960000
vt 1.200000 0.940000
vt 1.200000 0.920000
vt 0.000000 0.950000
vt 0.000000 0.980000
vt 0.000000 0.960000
vt 0.000000 0.940000
vt 0.000000 0.920000
vt 0.104456 0.950000
vt 0.104456 0.980000
vt 0.104456 0.960000
vt 0.104456 0.940000
vt 0.104456 0.920000
vt 0.208780 0.950000
vt 0.208780 0.980000
vt 0.208780 0.960000
vt 0.208780 0.940000
vt 0.208780 0.920000
vt 0.313230 0.950000
vt 0.313230 0.980000
vt 0.313230 0.960000
vt 0.313230 0.940000
vt 0.313230 0.920000
vt 0.416920 0.950000
vt 0.416920 0.980000
vt 0.416920 0.960000
vt 0.416920 0.940000
vt 0.416920 0.920000
vt 0.521322 0.950000
vt 0.521322 0.980000
vt 0.521322 0.960000
vt 0.521322 0.940000
vt 0.521322 0.920000
vt 0.625171 0.950000
vt 0.625171 0.980000
vt 0.625171 0.960000
vt 0.625171 0.940000
vt 0.625171 0.920000
vt 0.729627 0.950000
vt 0.729627 0.980000
vt 0.729627 0.960000
vt 0.729627 0.940000
vt 0.729627 0.920000
vt 0.833410 0.950000
vt 0.833410 0.980000
vt 0.833410 0.960000
vt 0.833410 0.940000
vt 0.833410 0.920000
vt 0.937866 0.950000
vt 0.937866 0.980000
vt 0.937866 0.960000
vt 0.937866 0.940000
vt 0.937866 0.920000
vt 1.042187 0.950000
vt 1.042187 0.980000
vt 1.042187 0.960000
vt 1.042187 0.940000
vt 1.042187 0.920000
vt 1.145172 0.950000
vt 1.145172 0.980000
vt 1.145172 0.960000
vt 1.145172 0.940000
vt 1.145172 0.920000
vt 1.200000 0.950000
vt 1.200000 0.980000
vt 1.200000 0.960000
vt 1.200000 0.940000
vt 1.200000 0.920000
vt 0.000000 0.950000
vt 0.000000 0.980000
vt 0.000000 0.960000
vt 0.000000 0.940000
vt 0.000000 0.920000
vt 0.098602 0.950000
vt 0.098602 0.980000
vt 0.098602 0.960000
vt 0.098602 0.940000
vt 0.098602 0.920000
vt 0.196976 0.950000
vt 0.196976 0.980000
vt 0.196976 0.960000
vt 0.196976 0.940000
vt 0.196976 0.920000
vt 0.294799 0.950000
vt 0.294799 0.980000
vt 0.294799 0.960000
vt 0.294799 0.940000
vt 0.294799 0.920000
vt 0.393100 0.950000
vt 0.393100 0.980000
vt 0.393100 0.960000
vt 0.393100 0.940000
vt 0.393100 0.920000
vt 0.489550 0.950000
vt 0.489550 0.980000
vt 0.489550 0.960000
vt 0.489550 0.940000
vt 0.489550 0.920000
vt 0.586970 0.950000
vt 0.586970 0.980000
vt 0.586970 0.960000
vt 0.586970 0.940000
vt 0.586970 0.920000
vt 0.685572 0.950000
vt 0.685572 0.980000
vt 0.685572 0.960000
vt 0.685572 0.940000
vt 0.685572 0.920000
vt 0.783143 0.950000
vt 0.783143 0.980000
vt 0.783143 0.960000
vt 0.783143 0.940000
vt 0.783143 0.920000
vt 0.881676 0.950000
vt 0.881676 0.980000
vt 0.881676 0.960000
vt 0.881676 0.940000
vt 0.881676 0.920000
vt 0.980278 0.950000
vt 0.980278 0.980000
vt 0.980278 0.960000
vt 0.980278 0.940000
vt 0.980278 0.920000
vt 1.078471 0.950000
vt 1.078471 0.980000
vt 1.078471 0.960000
vt 1.078471 0.940000
vt 1.078471 0.920000
vt 1.177044 0.950000
vt 1.177044 0.980000
vt 1.177044 0.960000
vt 1.177044 0.940000
vt 1.177044 0.920000
vt 1.200000 0.950000
vt 1.200000 0.980000
vt 1.200000 0.960000
vt 1.200000 0.940000
vt 1.200000 0.920000
vt 0.000000 0.950000
vt 0.000000 0.980000
vt 0.000000 0.960000
vt 0.000000 0.940000
vt 0.000000 0.920000
vt 0.160449 0.950000
vt 0.160449 0.980000
vt 0.160449 0.960000
vt 0.160449 0.940000
vt 0.160449 0.920000
vt 0.320536 0.950000
vt 0.320536 0.980000
vt 0.320536 0.960000
vt 0.320536 0.940000
vt 0.320536 0.920000
vt 0.480915 0.950000
vt 0.480915 0.980000
vt 0.480915 0.960000
vt 0.480915 0.940000
vt 0.480915 0.920000
vt 0.640230 0.950000
vt 0.640230 0.980000
vt 0.640230 0.960000
vt 0.640230 0.940000
vt 0.640230 0.920000
vt 0.800022 0.950000
vt 0.800022 0.980000
vt 0.800022 0.960000
vt 0.800022 0.940000
vt 0.800022 0.920000
vt 0.960471 0.950000
vt 0.960471 0.980000
vt 0.960471 0.960000
vt 0.960471 0.940000
vt 0.960471 0.920000
vt 1.118673 0.950000
vt 1.118673 0.980000
vt 1.118673 0.960000
vt 1.118673 0.940000
vt 1.118673 0.920000
vt 1.200000 0.950000
vt 1.200000 0.980000
vt 1.200000 0.960000
vt 1.200000 0.940000
vt 1.200000 0.920000
vt 0.000000 0.950000
vt 0.000000 0.980000
vt 0.000000 0.960000
vt 0.000000 0.940000
vt 0.000000 0.920000
vt 0.095842 0.950000
vt 0.095842 0.980000
vt 0.095842 0.960000
vt 0.095842 0.940000
vt 0.095842 0.920000
vt 0.191351 0.950000
vt 0.191351 0.980000
vt 0.191351 0.960000
vt 0.191351 0.940000
vt 0.191351 0.920000
vt 0.286662 0.950000
vt 0.286662 0.980000
vt 0.286662 0.960000
vt 0.286662 0.940000
vt 0.286662 0.920000
vt 0.381984 0.950000
vt 0.381984 0.980000
vt 0.381984 0.960000
vt 0.381984 0.940000
vt 0.381984 0.920000
vt 0.477826 0.950000
vt 0.477826 0.980000
vt 0.477826 0.960000
vt 0.477826 0.940000
vt 0.477826 0.920000
vt 0.573038 0.950000
vt 0.573038 0.980000
vt 0.573038 0.960000
vt 0.573038 0.940000
vt 0.573038 0.920000
vt 0.665738 0.950000
vt 0.665738 0.980000
vt 0.665738 0.960000
vt 0.665738 0.940000
vt 0.665738 0.920000
vt 0.761340 0.950000
vt 0.761340 0.980000
vt 0.761340 0.960000
vt 0.761340 0.940000
vt 0.761340 0.920000
vt 0.857182 0.950000
vt 0.857182 0.980000
vt 0.857182 0.960000
vt 0.857182 0.940000
vt 0.857182 0.920000
vt 0.952179 0.950000
vt 0.952179 0.980000
vt 0.952179 0.960000
vt 0.952179 0.940000
vt 0.952179 0.920000
vt 1.047330 0.950000
vt 1.047330 0.980000
vt 1.047330 0.960000
vt 1.047330 0.940000
vt 1.047330 0.920000
vt 1.143172 0.950000
vt 1.143172 0.980000
vt 1.143172 0.960000
vt 1.143172 0.940000
vt 1.143172 0.920000
vt 1.200000 0.950000
vt 1.200000 0.980000
vt 1.200000 0.960000
vt 1.200000 0.940000
vt 1.200000 0.920000
vt 0.000000 0.950000
vt 0.000000 0.980000
vt 0.000000 0.960000
vt 0.000000 0.940000
vt 0.000000 0.920000
vt 0.094761 0.950000
vt 0.094761 0.980000
vt 0.094761 0.960000
vt 0.094761 0.940000
vt 0.094761 0.920000
vt 0.189349 0.950000
vt 0.189349 0.980000
vt 0.189349 0.960000
vt 0.189349 0.940000
vt 0.189349 0.920000
vt 0.283894 0.950000
vt 0.283894 0.980000
vt 0.283894 0.960000
vt 0.283894 0.940000
vt 0.283894 0.920000
vt 0.378594 0.950000
vt 0.378594 0.980000
vt 0.378594 0.960000
vt 0.378594 0.940000
vt 0.378594 0.920000
vt 0.472543 0.950000
vt 0.472543 0.980000
vt 0.472543 0.960000
vt 0.472543 0.940000
vt 0.472543 0.920000
vt 0.566565 0.950000
vt 0.566565 0.980000
vt 0.566565 0.960000
vt 0.566565 0.940000
vt 0.566565 0.920000
vt 0.661292 0.950000
vt 0.661292 0.980000
vt 0.661292 0.960000
vt 0.661292 0.940000
vt 0.661292 0.920000
vt 0.754338 0.950000
vt 0.754338 0.980000
vt 0.754338 0.960000
vt 0.754338 0.940000
vt 0.754338 0.920000
vt 0.849099 0.950000
vt 0.849099 0.980000
vt 0.849099 0.960000
vt 0.849099 0.940000
vt 0.849099 0.920000
vt 0.943828 0.950000
vt 0.943828 0.980000
vt 0.943828 0.960000
vt 0.943828 0.940000
vt 0.943828 0.920000
vt 1.037311 0.950000
vt 1.037311 0.980000
vt 1.037311 0.960000
vt 1.037311 0.940000
vt 1.037311 0.920000
vt 1.132071 0.950000
vt 1.132071 0.980000
vt 1.132071 0.960000
vt 1.132071 0.940000
vt 1.132071 0.920000
vt 1.200000 0.950000
vt 1.200000 0.980000
vt 1.200000 0.960000
vt 1.200000 0.940000
vt 1.200000 0.920000
vt 0.000000 0.950000
vt 0.000000 0.980000
vt 0.000000 0.960000
vt 0.000000 0.940000
vt 0.000000 0.920000
vt 0.094494 0.950000
vt 0.094494 0.980000
vt 0.094494 0.960000
vt 0.094494 0.940000
vt 0.094494 0.920000
vt 0.188895 0.950000
vt 0.188895 0.980000
vt 0.188895 0.960000
vt 0.188895 0.940000
vt 0.188895 0.920000
vt 0.283388 0.950000
vt 0.283388 0.980000
vt 0.283388 0.960000
vt 0.283388 0.940000
vt 0.283388 0.920000
vt 0.377883 0.950000
vt 0.377883 0.980000
vt 0.377883 0.960000
vt 0.377883 0.940000
vt 0.377883 0.920000
vt 0.472289 0.950000
vt 0.472289 0.980000
vt 0.472289 0.960000
vt 0.472289 0.940000
vt 0.472289 0.920000
vt 0.565643 0.950000
vt 0.565643 0.980000
vt 0.565643 0.960000
vt 0.565643 0.940000
vt 0.565643 0.920000
vt 0.660128 0.950000
vt 0.660128 0.980000
vt 0.660128 0.960000
vt 0.660128 0.940000
vt 0.660128 0.920000
vt 0.754622 0.950000
vt 0.754622 0.980000
vt 0.754622 0.960000
vt 0.754622 0.940000
vt 0.754622 0.920000
vt 0.847715 0.950000
vt 0.847715 0.980000
vt 0.847715 0.960000
vt 0.847715 0.940000
vt 0.847715 0.920000
vt 0.939558 0.950000
vt 0.939558 0.980000
vt 0.939558 0.960000
vt 0.939558 0.940000
vt 0.939558 0.920000
vt 1.028893 0.950000
vt 1.028893 0.980000
vt 1.028893 0.960000
vt 1.028893 0.940000
vt 1.028893 0.920000
vt 1.123388 0.950000
vt 1.123388 0.980000
vt 1.123388 0.960000
vt 1.123388 0.940000
vt 1.123388 0.920000
vt 1.200000 0.950000
vt 1.200000 0.980000
vt 1.200000 0.960000
vt 1.200000 0.940000
vt 1.200000 0.920000
vt 0.000000 0.950000
vt 0.000000 0.980000
vt 0.000000 0.960000
vt 0.000000 0.940000
vt 0.000000 0.920000
vt 0.154566 0.950000
vt 0.154566 0.980000
vt 0.154566 0.960000
vt 0.154566 0.940000
vt 0.154566 0.920000
vt 0.308917 0.950000
vt 0.308917 0.980000
vt 0.308917 0.960000
vt 0.308917 0.940000
vt 0.308917 0.920000
vt 0.463367 0.950000
vt 0.463367 0.980000
vt 0.463367 0.960000
vt 0.463367 0.940000
vt 0.463367 0.920000
vt 0.617934 0.950000
vt 0.617934 0.980000
vt 0.617934 0.960000
vt 0.617934 0.940000
vt 0.617934 0.920000
vt 0.771792 0.950000
vt 0.771792 0.980000
vt 0.771792 0.960000
vt 0.771792 0.940000
vt 0.771792 0.920000
vt 0.923462 0.950000
vt 0.923462 0.980000
vt 0.923462 0.960000
vt 0.923462 0.940000
vt 0.923462 0.920000
vt 1.078029 0.950000
vt 1.078029 0.980000
vt 1.078029 0.960000
vt 1.078029 0.940000
vt 1.078029 0.920000
vt 1.200000 0.950000
vt 1.200000 0.980000
vt 1.200000 0.960000
vt 1.200000 0.940000
vt 1.200000 0.920000
vt 0.000000 0.950000
vt 0.000000 0.980000
vt 0.000000 0.960000
vt 0.000000 0.940000
vt 0.000000 0.920000
vt 0.093041 0.950000
vt 0.093041 0.980000
vt 0.093041 0.960000
vt 0.093041 0.940000
vt 0.093041 0.920000
vt 0.185914 0.950000
vt 0.185914 0.980000
vt 0.185914 0.960000
vt 0.185914 0.940000
vt 0.185914 0.920000
vt 0.278955 0.950000
vt 0.278955 0.980000
vt 0.278955 0.960000
vt 0.278955 0.940000
vt 0.278955 0.920000
vt 0.371975 0.950000
vt 0.371975 0.980000
vt 0.371975 0.960000
vt 0.371975 0.940000
vt 0.371975 0.920000
vt 0.464965 0.950000
vt 0.464965 0.980000
vt 0.464965 0.960000
vt 0.464965 0.940000
vt 0.464965 0.920000
vt 0.558006 0.950000
vt 0.558006 0.980000
vt 0.558006 0.960000
vt 0.558006 0.940000
vt 0.558006 0.920000
vt 0.650989 0.950000
vt 0.650989 0.980000
vt 0.650989 0.960000
vt 0.650989 0.940000
vt 0.650989 0.920000
vt 0.743585 0.950000
vt 0.743585 0.980000
vt 0.743585 0.960000
vt 0.743585 0.940000
vt 0.743585 0.920000
vt 0.835711 0.950000
vt 0.835711 0.980000
vt 0.835711 0.960000
vt 0.835711 0.940000
vt 0.835711 0.920000
vt 0.928752 0.950000
vt 0.928752 0.980000
vt 0.928752 0.960000
vt 0.928752 0.940000
vt 0.928752 0.920000
vt 1.021625 0.950000
vt 1.021625 0.980000
vt 1.021625 0.960000
vt 1.021625 0.940000
vt 1.021625 0.920000
vt 1.112169 0.950000
vt 1.112169 0.980000
vt 1.112169 0.960000
vt 1.112169 0.940000
vt 1.112169 0.920000
vt 1.200000 0.950000
vt 1.200000 0.980000
vt 1.200000 0.960000
vt 1.200000 0.940000
vt 1.200000 0.920000
vt 0.000000 0.950000
vt 0.000000 0.980000
vt 0.000000 0.960000
vt 0.000000 0.940000
vt 0.000000 0.920000
vt 0.152784 0.950000
vt 0.152784 0.980000
vt 0.152784 0.960000
vt 0.152784 0.940000
vt 0.152784 0.920000
vt 0.305060 0.950000
vt 0.305060 0.980000
vt 0.305060 0.960000
vt 0.305060 0.940000
vt 0.305060 0.920000
vt 0.457170 0.950000
vt 0.457170 0.980000
vt 0.457170 0.960000
vt 0.457170 0.940000
vt 0.457170 0.920000
vt 0.609940 0.950000
vt 0.609940 0.980000
vt 0.609940 0.960000
vt 0.609940 0.940000
vt 0.609940 0.920000
vt 0.762681 0.950000
vt 0.762681 0.980000
vt 0.762681 0.960000
vt 0.762681 0.940000
vt 0.762681 0.920000
vt 0.915465 0.950000
vt 0.915465 0.980000
vt 0.915465 0.960000
vt 0.915465 0.940000
vt 0.915465 0.920000
vt 1.067356 0.950000
vt 1.067356 0.980000
vt 1.067356 0.960000
vt 1.067356 0.940000
vt 1.067356 0.920000
vt 1.200000 0.950000
vt 1.200000 0.980000
vt 1.200000 0.960000
vt 1.200000 0.940000
vt 1.200000 0.920000
vt 0.000000 0.950000
vt 0.000000 0.980000
vt 0.000000 0.960000
vt 0.000000 0.940000
vt 0.000000 0.920000
vt 0.153008 0.950000
vt 0.153008 0.980000
vt 0.153008 0.960000
vt 0.153008 0.940000
vt 0.153008 0.920000
vt 0.305757 0.950000
vt 0.305757 0.980000
vt 0.305757 0.960000
vt 0.305757 0.940000
vt 0.305757 0.920000
vt 0.458765 0.950000
vt 0.458765 0.980000
vt 0.458765 0.960000
vt 0.458765 0.940000
vt 0.458765 0.920000
vt 0.611746 0.950000
vt 0.611746 0.980000
vt 0.611746 0.960000
vt 0.611746 0.940000
vt 0.611746 0.920000
vt 0.764748 0.950000
vt 0.764748 0.980000
vt 0.764748 0.960000
vt 0.764748 0.940000
vt 0.764748 0.920000
vt 0.917757 0.950000
vt 0.917757 0.980000
vt 0.917757 0.960000
vt 0.917757 0.940000
vt 0.917757 0.920000
vt 1.070429 0.950000
vt 1.070429 0.980000
vt 1.070429 0.960000
vt 1.070429 0.940000
vt 1.070429 0.920000
vt 1.200000 0.950000
vt 1.200000 0.980000
vt 1.200000 0.960000
vt 1.200000 0.940000
vt 1.200000 0.920000
vt 0.000000 0.950000
vt 0.000000 0.980000
vt 0.000000 0.960000
vt 0.000000 0.940000
vt 0.000000 0.920000
vt 0.092397 0.950000
vt 0.092397 0.980000
vt 0.092397 0.960000
vt 0.092397 0.940000
vt 0.092397 0.920000
vt 0.184647 0.950000
vt 0.184647 0.980000
vt 0.184647 0.960000
vt 0.184647 0.940000
vt 0.184647 0.920000
vt 0.277044 0.950000
vt 0.277044 0.980000
vt 0.277044 0.960000
vt 0.277044 0.940000
vt 0.277044 0.920000
vt 0.369327 0.950000
vt 0.369327 0.980000
vt 0.369327 0.960000
vt 0.369327 0.940000
vt 0.369327 0.920000
vt 0.461716 0.950000
vt 0.461716 0.980000
vt 0.461716 0.960000
vt 0.461716 0.940000
vt 0.461716 0.920000
vt 0.554108 0.950000
vt 0.554108 0.980000
vt 0.554108 0.960000
vt 0.554108 0.940000
vt 0.554108 0.920000
vt 0.646505 0.950000
vt 0.646505 0.980000
vt 0.646505 0.960000
vt 0.646505 0.940000
vt 0.646505 0.920000
vt 0.738882 0.950000
vt 0.738882 0.980000
vt 0.738882 0.960000
vt 0.738882 0.940000
vt 0.738882 0.920000
vt 0.830810 0.950000
vt 0.830810 0.980000
vt 0.830810 0.960000
vt 0.830810 0.940000
vt 0.830810 0.920000
vt 0.923207 0.950000
vt 0.923207 0.980000
vt 0.923207 0.960000
vt 0.923207 0.940000
vt 0.923207 0.920000
vt 1.013425 0.950000
vt 1.013425 0.980000
vt 1.013425 0.960000
vt 1.013425 0.940000
vt 1.013425 0.920000
vt 1.104945 0.950000
vt 1.104945 0.980000
vt 1.104945 0.960000
vt 1.104945 0.940000
vt 1.104945 0.920000
vt 1.186459 0.950000
vt 1.186459 0.980000
vt 1.186459 0.960000
vt 1.186459 0.940000
vt 1.186459 0.920000
vt 1.200000 0.950000
vt 1.200000 0.980000
vt 1.200000 0.960000
vt 1.200000 0.940000
vt 1.200000 0.920000
vt 0.000000 0.950000
vt 0.000000 0.980000
vt 0.000000 0.960000
vt 0.000000 0.940000
vt 0.000000 0.920000
vt 0.150790 0.950000
vt 0.150790 0.980000
vt 0.150790 0.960000
vt 0.150790 0.940000
vt 0.150790 0.920000
vt 0.301273 0.950000
vt 0.301273 0.980000
vt 0.301273 0.960000
vt 0.301273 0.940000
vt 0.301273 0.920000
vt 0.452063 0.950000
vt 0.452063 0.980000
vt 0.452063 0.960000
vt 0.452063 0.940000
vt 0.452063 0.920000
vt 0.602759 0.950000
vt 0.602759 0.980000
vt 0.602759 0.960000
vt 0.602759 0.940000
vt 0.602759 0.920000
vt 0.753246 0.950000
vt 0.753246 0.980000
vt 0.753246 0.960000
vt 0.753246 0.940000
vt 0.753246 0.920000
vt 0.903945 0.950000
vt 0.903945 0.980000
vt 0.903945 0.960000
vt 0.903945 0.940000
vt 0.903945 0.920000
vt 1.054735 0.950000
vt 1.054735 0.980000
vt 1.054735 0.960000
vt 1.054735 0.940000
vt 1.054735 0.920000
vt 1.200000 0.950000
vt 1.200000 0.980000
vt 1.200000 0.960000
vt 1.200000 0.940000
vt 1.200000 0.920000
vt 0.000000 0.950000
vt 0.000000 0.980000
vt 0.000000 0.960000
vt 0.000000 0.940000
vt 0.000000 0.920000
vt 0.091354 0.950000
vt 0.091354 0.980000
vt 0.091354 0.960000
vt 0.091354 0.940000
vt 0.091354 0.920000
vt 0.182557 0.950000
vt 0.182557 0.980000
vt 0.182557 0.960000
vt 0.182557 0.940000
vt 0.182557 0.920000
vt 0.273912 0.950000
vt 0.273912 0.980000
vt 0.273912 0.960000
vt 0.273912 0.940000
vt 0.273912 0.920000
vt 0.365239 0.950000
vt 0.365239 0.980000
vt 0.365239 0.960000
vt 0.365239 0.940000
vt 0.365239 0.920000
vt 0.456546 0.950000
vt 0.456546 0.980000
vt 0.456546 0.960000
vt 0.456546 0.940000
vt 0.456546 0.920000
vt 0.547900 0.950000
vt 0.547900 0.980000
vt 0.547900 0.960000
vt 0.547900 0.940000
vt 0.547900 0.920000
vt 0.639228 0.950000
vt 0.639228 0.980000
vt 0.639228 0.960000
vt 0.639228 0.940000
vt 0.639228 0.920000
vt 0.730453 0.950000
vt 0.730453 0.980000
vt 0.730453 0.960000
vt 0.730453 0.940000
vt 0.730453 0.920000
vt 0.821807 0.950000
vt 0.821807 0.980000
vt 0.821807 0.960000
vt 0.821807 0.940000
vt 0.821807 0.920000
vt 0.913113 0.950000
vt 0.913113 0.980000
vt 0.913113 0.960000
vt 0.913113 0.940000
vt 0.913113 0.920000
vt 1.004170 0.950000
vt 1.004170 0.980000
vt 1.004170 0.960000
vt 1.004170 0.940000
vt 1.004170 0.920000
vt 1.094511 0.950000
vt 1.094511 0.980000
vt 1.094511 0.960000
vt 1.094511 0.940000
vt 1.094511 0.920000
vt 1.184123 0.950000
vt 1.184123 0.980000
vt 1.184123 0.960000
vt 1.184123 0.940000
vt 1.184123 0.920000
vt 1.200000 0.950000
vt 1.200000 0.980000
vt 1.200000 0.960000
vt 1.200000 0.940000
vt 1.200000 0.920000
vt 0.000000 0.950000
vt 0.000000 0.980000
vt 0.000000 0.960000
vt 0.000000 0.940000
vt 0.000000 0.920000
vt 0.091876 0.950000
vt 0.091876 0.980000
vt 0.091876 0.960000
vt 0.091876 0.940000
vt 0.091876 0.920000
vt 0.183605 0.950000
vt 0.183605 0.980000
vt 0.183605 0.960000
vt 0.183605 0.940000
vt 0.183605 0.920000
vt 0.275480 0.950000
vt 0.275480 0.980000
vt 0.275480 0.960000
vt 0.275480 0.940000
vt 0.275480 0.920000
vt 0.367327 0.950000
vt 0.367327 0.980000
vt 0.367327 0.960000
vt 0.367327 0.940000
vt 0.367327 0.920000
vt 0.459190 0.950000
vt 0.459190 0.980000
vt 0.459190 0.960000
vt 0.459190 0.940000
vt 0.459190 0.920000
vt 0.551065 0.950000
vt 0.551065 0.980000
vt 0.551065 0.960000
vt 0.551065 0.940000
vt 0.551065 0.920000
vt 0.641513 0.950000
vt 0.641513 0.980000
vt 0.641513 0.960000
vt 0.641513 0.940000
vt 0.641513 0.920000
vt 0.731761 0.950000
vt 0.731761 0.980000
vt 0.731761 0.960000
vt 0.731761 0.940000
vt 0.731761 0.920000
vt 0.823552 0.950000
vt 0.823552 0.980000
vt 0.823552 0.960000
vt 0.823552 0.940000
vt 0.823552 0.920000
vt 0.915428 0.950000
vt 0.915428 0.980000
vt 0.915428 0.960000
vt 0.915428 0.940000
vt 0.915428 0.920000
vt 1.004318 0.950000
vt 1.004318 0.980000
vt 1.004318 0.960000
vt 1.004318 0.940000
vt 1.004318 0.920000
vt 1.094760 0.950000
vt 1.094760 0.980000
vt 1.094760 0.960000
vt 1.094760 0.940000
vt 1.094760 0.920000
vt 1.186630 0.950000
vt 1.186630 0.980000
vt 1.186630 0.960000
vt 1.186630 0.940000
vt 1.186630 0.920000
vt 1.200000 0.950000
vt 1.200000 0.980000
vt 1.200000 0.960000
vt 1.200000 0.940000
vt 1.200000 0.920000
vt 0.000000 0.950000
vt 0.000000 0.980000
vt 0.000000 0.960000
vt 0.000000 0.940000
vt 0.000000 0.920000
vt 0.091708 0.950000
vt 0.091708 0.980000
vt 0.091708 0.960000
vt 0.091708 0.940000
vt 0.091708 0.920000
vt 0.183355 0.950000
vt 0.183355 0.980000
vt 0.183355 0.960000
vt 0.183355 0.940000
vt 0.183355 0.920000
vt 0.275063 0.950000
vt 0.275063 0.980000
vt 0.275063 0.960000
vt 0.275063 0.940000
vt 0.275063 0.920000
vt 0.366757 0.950000
vt 0.366757 0.980000
vt 0.366757 0.960000
vt 0.366757 0.940000
vt 0.366757 0.920000
vt 0.457983 0.950000
vt 0.457983 0.980000
vt 0.457983 0.960000
vt 0.457983 0.940000
vt 0.457983 0.920000
vt 0.549359 0.950000
vt 0.549359 0.980000
vt 0.549359 0.960000
vt 0.549359 0.940000
vt 0.549359 0.920000
vt 0.636306 0.950000
vt 0.636306 0.980000
vt 0.636306 0.960000
vt 0.636306 0.940000
vt 0.636306 0.920000
vt 0.727179 0.950000
vt 0.727179 0.980000
vt 0.727179 0.960000
vt 0.727179 0.940000
vt 0.727179 0.920000
vt 0.818534 0.950000
vt 0.818534 0.980000
vt 0.818534 0.960000
vt 0.818534 0.940000
vt 0.818534 0.920000
vt 0.908884 0.950000
vt 0.908884 0.980000
vt 0.908884 0.960000
vt 0.908884 0.940000
vt 0.908884 0.920000
vt 1.000361 0.950000
vt 1.000361 0.980000
vt 1.000361 0.960000
vt 1.000361 0.940000
vt 1.000361 0.920000
vt 1.092068 0.950000
vt 1.092068 0.980000
vt 1.092068 0.960000
vt 1.092068 0.940000
vt 1.092068 0.920000
vt 1.181542 0.950000
vt 1.181542 0.980000
vt 1.181542 0.960000
vt 1.181542 0.940000
vt 1.181542 0.920000
vt 1.200000 0.950000
vt 1.200000 0.980000
vt 1.200000 0.960000
vt 1.200000 0.940000
vt 1.200000 0.920000
vt 0.000000 0.950000
vt 0.000000 0.980000
vt 0.000000 0.960000
vt 0.000000 0.940000
vt 0.000000 0.920000
vt 0.091859 0.950000
vt 0.091859 0.980000
vt 0.091859 0.960000
vt 0.091859 0.940000
vt 0.091859 0.920000
vt 0.183680 0.950000
vt 0.183680 0.980000
vt 0.183680 0.960000
vt 0.183680 0.940000
vt 0.183680 0.920000
vt 0.275538 0.950000
vt 0.275538 0.980000
vt 0.275538 0.960000
vt 0.275538 0.940000
vt 0.275538 0.920000
vt 0.367130 0.950000
vt 0.367130 0.980000
vt 0.367130 0.960000
vt 0.367130 0.940000
vt 0.367130 0.920000
vt 0.458913 0.950000
vt 0.458913 0.980000
vt 0.458913 0.960000
vt 0.458913 0.940000
vt 0.458913 0.920000
vt 0.550772 0.950000
vt 0.550772 0.980000
vt 0.550772 0.960000
vt 0.550772 0.940000
vt 0.550772 0.920000
vt 0.642587 0.950000
vt 0.642587 0.980000
vt 0.642587 0.960000
vt 0.642587 0.940000
vt 0.642587 0.920000
vt 0.733478 0.950000
vt 0.733478 0.980000
vt 0.733478 0.960000
vt 0.733478 0.940000
vt 0.733478 0.920000
vt 0.825337 0.950000
vt 0.825337 0.980000
vt 0.825337 0.960000
vt 0.825337 0.940000
vt 0.825337 0.920000
vt 0.916942 0.950000
vt 0.916942 0.980000
vt 0.916942 0.960000
vt 0.916942 0.940000
vt 0.916942 0.920000
vt 1.008224 0.950000
vt 1.008224 0.980000
vt 1.008224 0.960000
vt 1.008224 0.940000
vt 1.008224 0.920000
vt 1.097198 0.950000
vt 1.097198 0.980000
vt 1.097198 0.960000
vt 1.097198 0.940000
vt 1.097198 0.920000
vt 1.189057 0.950000
vt 1.189057 0.980000
vt 1.189057 0.960000
vt 1.189057 0.940000
vt 1.189057 0.920000
vt 1.200000 0.950000
vt 1.200000 0.980000
vt 1.200000 0.960000
vt 1.200000 0.940000
vt 1.200000 0.920000
vt 0.000000 0.950000
vt 0.000000 0.980000
vt 0.000000 0.960000
vt 0.000000 0.940000
vt 0.000000 0.920000
vt 0.151559 0.950000
vt 0.151559 0.980000
vt 0.151559 0.960000
vt 0.151559 0.940000
vt 0.151559 0.920000
vt 0.302900 0.950000
vt 0.302900 0.980000
vt 0.302900 0.960000
vt 0.302900 0.940000
vt 0.302900 0.920000
vt 0.454458 0.950000
vt 0.454458 0.980000
vt 0.454458 0.960000
vt 0.454458 0.940000
vt 0.454458 0.920000
vt 0.605992 0.950000
vt 0.605992 0.980000
vt 0.605992 0.960000
vt 0.605992 0.940000
vt 0.605992 0.920000
vt 0.757545 0.950000
vt 0.757545 0.980000
vt 0.757545 0.960000
vt 0.757545 0.940000
vt 0.757545 0.920000
vt 0.909103 0.950000
vt 0.909103 0.980000
vt 0.909103 0.960000
vt 0.909103 0.940000
vt 0.909103 0.920000
vt 1.058922 0.950000
vt 1.058922 0.980000
vt 1.058922 0.960000
vt 1.058922 0.940000
vt 1.058922 0.920000
vt 1.200000 0.950000
vt 1.200000 0.980000
vt 1.200000 0.960000
vt 1.200000 0.940000
vt 1.200000 0.920000
vt 0.000000 0.950000
vt 0.000000 0.980000
vt 0.000000 0.960000
vt 0.000000 0.940000
vt 0.000000 0.920000
vt 0.092381 0.950000
vt 0.092381 0.980000
vt 0.092381 0.960000
vt 0.092381 0.940000
vt 0.092381 0.920000
vt 0.184633 0.950000
vt 0.184633 0.980000
vt 0.184633 0.960000
vt 0.184633 0.940000
vt 0.184633 0.920000
vt 0.277013 0.950000
vt 0.277013 0.980000
vt 0.277013 0.960000
vt 0.277013 0.940000
vt 0.277013 0.920000
vt 0.369365 0.950000
vt 0.369365 0.980000
vt 0.369365 0.960000
vt 0.369365 0.940000
vt 0.369365 0.920000
vt 0.461126 0.950000
vt 0.461126 0.980000
vt 0.461126 0.960000
vt 0.461126 0.940000
vt 0.461126 0.920000
vt 0.553506 0.950000
vt 0.553506 0.980000
vt 0.553506 0.960000
vt 0.553506 0.940000
vt 0.553506 0.920000
vt 0.645854 0.950000
vt 0.645854 0.980000
vt 0.645854 0.960000
vt 0.645854 0.940000
vt 0.645854 0.920000
vt 0.738101 0.950000
vt 0.738101 0.980000
vt 0.738101 0.960000
vt 0.738101 0.940000
vt 0.738101 0.920000
vt 0.829621 0.950000
vt 0.829621 0.980000
vt 0.829621 0.960000
vt 0.829621 0.940000
vt 0.829621 0.920000
vt 0.921619 0.950000
vt 0.921619 0.980000
vt 0.921619 0.960000
vt 0.921619 0.940000
vt 0.921619 0.920000
vt 1.012690 0.950000
vt 1.012690 0.980000
vt 1.012690 0.960000
vt 1.012690 0.940000
vt 1.012690 0.920000
vt 1.103510 0.950000
vt 1.103510 0.980000
vt 1.103510 0.960000
vt 1.103510 0.940000
vt 1.103510 0.920000
vt 1.195890 0.950000
vt 1.195890 0.980000
vt 1.195890 0.960000
vt 1.195890 0.940000
vt 1.195890 0.920000
vt 1.200000 0.950000
vt 1.200000 0.980000
vt 1.200000 0.960000
vt 1.200000 0.940000
vt 1.200000 0.920000
vt 0.000000 0.950000
vt 0.000000 0.980000
vt 0.000000 0.960000
vt 0.000000 0.940000
vt 0.000000 0.920000
vt 0.092964 0.950000
vt 0.092964 0.980000
vt 0.092964 0.960000
vt 0.092964 0.940000
vt 0.092964 0.920000
vt 0.185887 0.950000
vt 0.185887 0.980000
vt 0.185887 0.960000
vt 0.185887 0.940000
vt 0.185887 0.920000
vt 0.278852 0.950000
vt 0.278852 0.980000
vt 0.278852 0.960000
vt 0.278852 0.940000
vt 0.278852 0.920000
vt 0.371749 0.950000
vt 0.371749 0.980000
vt 0.371749 0.960000
vt 0.371749 0.940000
vt 0.371749 0.920000
vt 0.464479 0.950000
vt 0.464479 0.980000
vt 0.464479 0.960000
vt 0.464479 0.940000
vt 0.464479 0.920000
vt 0.557444 0.950000
vt 0.557444 0.980000
vt 0.557444 0.960000
vt 0.557444 0.940000
vt 0.557444 0.920000
vt 0.650280 0.950000
vt 0.650280 0.980000
vt 0.650280 0.960000
vt 0.650280 0.940000
vt 0.650280 0.920000
vt 0.742714 0.950000
vt 0.742714 0.980000
vt 0.742714 0.960000
vt 0.742714 0.940000
vt 0.742714 0.920000
vt 0.835465 0.950000
vt 0.835465 0.980000
vt 0.835465 0.960000
vt 0.835465 0.940000
vt 0.835465 0.920000
vt 0.928429 0.950000
vt 0.928429 0.980000
vt 0.928429 0.960000
vt 0.928429 0.940000
vt 0.928429 0.920000
vt 1.021393 0.950000
vt 1.021393 0.980000
vt 1.021393 0.960000
vt 1.021393 0.940000
vt 1.021393 0.920000
vt 1.113874 0.950000
vt 1.113874 0.980000
vt 1.113874 0.960000
vt 1.113874 0.940000
vt 1.113874 0.920000
vt 1.200000 0.950000
vt 1.200000 0.980000
vt 1.200000 0.960000
vt 1.200000 0.940000
vt 1.200000 0.920000
vt 0.000000 0.950000
vt 0.000000 0.980000
vt 0.000000 0.960000
vt 0.000000 0.940000
vt 0.000000 0.920000
vt 0.096596 0.950000
vt 0.096596 0.980000
vt 0.096596 0.960000
vt 0.096596 0.940000
vt 0.096596 0.920000
vt 0.193082 0.950000
vt 0.193082 0.980000
vt 0.193082 0.960000
vt 0.193082 0.940000
vt 0.193082 0.920000
vt 0.289678 0.950000
vt 0.289678 0.980000
vt 0.289678 0.960000
vt 0.289678 0.940000
vt 0.289678 0.920000
vt 0.386224 0.950000
vt 0.386224 0.980000
vt 0.386224 0.960000
vt 0.386224 0.940000
vt 0.386224 0.920000
vt 0.482788 0.950000
vt 0.482788 0.980000
vt 0.482788 0.960000
vt 0.482788 0.940000
vt 0.482788 0.920000
vt 0.579384 0.950000
vt 0.579384 0.980000
vt 0.579384 0.960000
vt 0.579384 0.940000
vt 0.579384 0.920000
vt 0.675846 0.950000
vt 0.675846 0.980000
vt 0.675846 0.960000
vt 0.675846 0.940000
vt 0.675846 0.920000
vt 0.772442 0.950000
vt 0.772442 0.980000
vt 0.772442 0.960000
vt 0.772442 0.940000
vt 0.772442 0.920000
vt 0.867959 0.950000
vt 0.867959 0.980000
vt 0.867959 0.960000
vt 0.867959 0.940000
vt 0.867959 0.920000
vt 0.963116 0.950000
vt 0.963116 0.980000
vt 0.963116 0.960000
vt 0.963116 0.940000
vt 0.963116 0.920000
vt 1.042963 0.950000
vt 1.042963 0.980000
vt 1.042963 0.960000
vt 1.042963 0.940000
vt 1.042963 0.920000
vt 1.109578 0.950000
vt 1.109578 0.980000
vt 1.109578 0.960000
vt 1.109578 0.940000
vt 1.109578 0.920000
vt 1.200000 0.950000
vt 1.200000 0.980000
vt 1.200000 0.960000
vt 1.200000 0.940000
vt 1.200000 0.920000
vt 0.000000 0.950000
vt 0.000000 0.980000
vt 0.000000 0.960000
vt 0.000000 0.940000
vt 0.000000 0.920000
vt 0.097424 0.950000
vt 0.097424 0.980000
vt 0.097424 0.960000
vt 0.097424 0.940000
vt 0.097424 0.920000
vt 0.194684 0.950000
vt 0.194684 0.980000
vt 0.194684 0.960000
vt 0.194684 0.940000
vt 0.194684 0.920000
vt 0.292108 0.950000
vt 0.292108 0.980000
vt 0.292108 0.960000
vt 0.292108 0.940000
vt 0.292108 0.920000
vt 0.389046 0.950000
vt 0.389046 0.980000
vt 0.389046 0.960000
vt 0.389046 0.940000
vt 0.389046 0.920000
vt 0.486388 0.950000
vt 0.486388 0.980000
vt 0.486388 0.960000
vt 0.486388 0.940000
vt 0.486388 0.920000
vt 0.583811 0.950000
vt 0.583811 0.980000
vt 0.583811 0.960000
vt 0.583811 0.940000
vt 0.583811 0.920000
vt 0.681145 0.950000
vt 0.681145 0.980000
vt 0.681145 0.960000
vt 0.681145 0.940000
vt 0.681145 0.920000
vt 0.777003 0.950000
vt 0.777003 0.980000
vt 0.777003 0.960000
vt 0.777003 0.940000
vt 0.777003 0.920000
vt 0.874017 0.950000
vt 0.874017 0.980000
vt 0.874017 0.960000
vt 0.874017 0.940000
vt 0.874017 0.920000
vt 0.971441 0.950000
vt 0.971441 0.980000
vt 0.971441 0.960000
vt 0.971441 0.940000
vt 0.971441 0.920000
vt 1.068790 0.950000
vt 1.068790 0.980000
vt 1.068790 0.960000
vt 1.068790 0.940000
vt 1.068790 0.920000
vt 1.165841 0.950000
vt 1.165841 0.980000
vt 1.165841 0.960000
vt 1.165841 0.940000
vt 1.165841 0.920000
vt 1.200000 0.950000
vt 1.200000 0.980000
vt 1.200000 0.960000
vt 1.200000 0.940000
vt 1.200000 0.920000
vt 0.000000 0.950000
vt 0.000000 0.980000
vt 0.000000 0.960000
vt 0.000000 0.940000
vt 0.000000 0.920000
vt 0.099033 0.950000
vt 0.099033 0.980000
vt 0.099033 0.960000
vt 0.099033 0.940000
vt 0.099033 0.920000
vt 0.197988 0.950000
vt 0.197988 0.980000
vt 0.197988 0.960000
vt 0.197988 0.940000
vt 0.197988 0.920000
vt 0.297020 0.950000
vt 0.297020 0.980000
vt 0.297020 0.960000
vt 0.297020 0.940000
vt 0.297020 0.920000
vt 0.395710 0.950000
vt 0.395710 0.980000
vt 0.395710 0.960000
vt 0.395710 0.940000
vt 0.395710 0.920000
vt 0.494742 0.950000
vt 0.494742 0.980000
vt 0.494742 0.960000
vt 0.494742 0.940000
vt 0.494742 0.920000
vt 0.593774 0.950000
vt 0.593774 0.980000
vt 0.593774 0.960000
vt 0.593774 0.940000
vt 0.593774 0.920000
vt 0.692807 0.950000
vt 0.692807 0.980000
vt 0.692807 0.960000
vt 0.692807 0.940000
vt 0.692807 0.920000
vt 0.791838 0.950000
vt 0.791838 0.980000
vt 0.791838 0.960000
vt 0.791838 0.940000
vt 0.791838 0.920000
vt 0.889688 0.950000
vt 0.889688 0.980000
vt 0.889688 0.960000
vt 0.889688 0.940000
vt 0.889688 0.920000
vt 0.988690 0.950000
vt 0.988690 0.980000
vt 0.988690 0.960000
vt 0.988690 0.940000
vt 0.988690 0.920000
vt 1.087722 0.950000
vt 1.087722 0.980000
vt 1.087722 0.960000
vt 1.087722 0.940000
vt 1.087722 0.920000
vt 1.183413 0.950000
vt 1.183413 0.980000
vt 1.183413 0.960000
vt 1.183413 0.940000
vt 1.183413 0.920000
vt 1.200000 0.950000
vt 1.200000 0.980000
vt 1.200000 0.960000
vt 1.200000 0.940000
vt 1.200000 0.920000
vt 0.000000 0.950000
vt 0.000000 0.980000
vt 0.000000 0.960000
vt 0.000000 0.940000
vt 0.000000 0.920000
vt 0.107621 0.950000
vt 0.107621 0.980000
vt 0.107621 0.960000
vt 0.107621 0.940000
vt 0.107621 0.920000
vt 0.215241 0.950000
vt 0.215241 0.980000
vt 0.215241 0.960000
vt 0.215241 0.940000
vt 0.215241 0.920000
vt 0.322860 0.950000
vt 0.322860 0.980000
vt 0.322860 0.960000
vt 0.322860 0.940000
vt 0.322860 0.920000
vt 0.430481 0.950000
vt 0.430481 0.980000
vt 0.430481 0.960000
vt 0.430481 0.940000
vt 0.430481 0.920000
vt 0.538101 0.950000
vt 0.538101 0.980000
vt 0.538101 0.960000
vt 0.538101 0.940000
vt 0.538101 0.920000
vt 0.645720 0.950000
vt 0.645720 0.980000
vt 0.645720 0.960000
vt 0.645720 0.940000
vt 0.645720 0.920000
vt 0.753265 0.950000
vt 0.753265 0.980000
vt 0.753265 0.960000
vt 0.753265 0.940000
vt 0.753265 0.920000
vt 0.860796 0.950000
vt 0.860796 0.980000
vt 0.860796 0.960000
vt 0.860796 0.940000
vt 0.860796 0.920000
vt 0.968416 0.950000
vt 0.968416 0.980000
vt 0.968416 0.960000
vt 0.968416 0.940000
vt 0.968416 0.920000
vt 1.075769 0.950000
vt 1.075769 0.980000
vt 1.075769 0.960000
vt 1.075769 0.940000
vt 1.075769 0.920000
vt 1.183390 0.950000
vt 1.183390 0.980000
vt 1.183390 0.960000
vt 1.183390 0.940000
vt 1.183390 0.920000
vt 1.200000 0.950000
vt 1.200000 0.980000
vt 1.200000 0.960000
vt 1.200000 0.940000
vt 1.200000 0.920000
vt 0.000000 0.950000
vt 0.000000 0.980000
vt 0.000000 0.960000
vt 0.000000 0.940000
vt 0.000000 0.920000
vt 0.215231 0.950000
vt 0.215231 0.980000
vt 0.215231 0.960000
vt 0.215231 0.940000
vt 0.215231 0.920000
vt 0.430464 0.950000
vt 0.430464 0.980000
vt 0.430464 0.960000
vt 0.430464 0.940000
vt 0.430464 0.920000
vt 0.645694 0.950000
vt 0.645694 0.980000
vt 0.645694 0.960000
vt 0.645694 0.940000
vt 0.645694 0.920000
vt 0.860925 0.950000
vt 0.860925 0.980000
vt 0.860925 0.960000
vt 0.860925 0.940000
vt 0.860925 0.920000
vt 1.076154 0.950000
vt 1.076154 0.980000
vt 1.076154 0.960000
vt 1.076154 0.940000
vt 1.076154 0.920000
vt 1.200000 0.950000
vt 1.200000 0.980000
vt 1.200000 0.960000
vt 1.200000 0.940000
vt 1.200000 0.920000
vt 0.000000 0.950000
vt 0.000000 0.966667
vt 0.000000 0.933333
vt 0.138071 0.950000
vt 0.138071 0.966667
vt 0.138071 0.933333
vt 0.281774 0.950000
vt 0.281774 0.966667
vt 0.281774 0.933333
vt 0.441342 0.950000
vt 0.441342 0.966667
vt 0.441342 0.933333
vt 0.605700 0.950000
vt 0.605700 0.966667
vt 0.605700 0.933333
vt 0.752973 0.950000
vt 0.752973 0.966667
vt 0.752973 0.933333
vt 0.923201 0.950000
vt 0.923201 0.966667
vt 0.923201 0.933333
vt 1.082159 0.950000
vt 1.082159 0.966667
vt 1.082159 0.933333
vt 1.200000 0.950000
vt 1.200000 0.966667
vt 1.200000 0.933333
vt 0.000000 0.950000
vt 0.000000 0.966667
vt 0.000000 0.933333
vt 0.148903 0.950000
vt 0.148903 0.966667
vt 0.148903 0.933333
vt 0.306870 0.950000
vt 0.306870 0.966667
vt 0.306870 0.933333
vt 0.452936 0.950000
vt 0.452936 0.966667
vt 0.452936 0.933333
vt 0.578850 0.950000
vt 0.578850 0.966667
vt 0.578850 0.933333
vt 0.708481 0.950000
vt 0.708481 0.966667
vt 0.708481 0.933333
vt 0.876117 0.950000
vt 0.876117 0.966667
vt 0.876117 0.933333
vt 1.027625 0.950000
vt 1.027625 0.966667
vt 1.027625 0.933333
vt 1.200000 0.950000
vt 1.200000 0.966667
vt 1.200000 0.933333
vt 0.000000 0.950000
vt 0.000000 0.966667
vt 0.000000 0.933333
vt 0.140527 0.950000
vt 0.140527 0.966667
vt 0.140527 0.933333
vt 0.291833 0.950000
vt 0.291833 0.966667
vt 0.291833 0.933333
vt 0.424390 0.950000
vt 0.424390 0.966667
vt 0.424390 0.933333
vt 0.582193 0.950000
vt 0.582193 0.966667
vt 0.582193 0.933333
vt 0.708754 0.950000
vt 0.708754 0.966667
vt 0.708754 0.933333
vt 0.851640 0.950000
vt 0.851640 0.966667
vt 0.851640 0.933333
vt 1.047209 0.950000
vt 1.047209 0.966667
vt 1.047209 0.933333
vt 1.200000 0.950000
vt 1.200000 0.966667
vt 1.200000 0.933333
vt 0.000000 0.950000
vt 0.000000 0.966667
vt 0.000000 0.933333
vt 0.141095 0.950000
vt 0.141095 0.966667
vt 0.141095 0.933333
vt 0.283689 0.950000
vt 0.283689 0.966667
vt 0.283689 0.933333
vt 0.460193 0.950000
vt 0.460193 0.966667
vt 0.460193 0.933333
vt 0.632982 0.950000
vt 0.632982 0.966667
vt 0.632982 0.933333
vt 0.755598 0.950000
vt 0.755598 0.966667
vt 0.755598 0.933333
vt 0.845254 0.950000
vt 0.845254 0.966667
vt 0.845254 0.933333
vt 1.039781 0.950000
vt 1.039781 0.966667
vt 1.039781 0.933333
vt 1.200000 0.950000
vt 1.200000 0.966667
vt 1.200000 0.933333
vt 0.000000 0.950000
vt 0.000000 0.966667
vt 0.000000 0.933333
vt 0.172782 0.950000
vt 0.172782 0.966667
vt 0.172782 0.933333
vt 0.369346 0.950000
vt 0.369346 0.966667
vt 0.369346 0.933333
vt 0.570875 0.950000
vt 0.570875 0.966667
vt 0.570875 0.933333
vt 0.747328 0.950000
vt 0.747328 0.966667
vt 0.747328 0.933333
vt 0.923713 0.950000
vt 0.923713 0.966667
vt 0.923713 0.933333
vt 1.064928 0.950000
vt 1.064928 0.966667
vt 1.064928 0.933333
vt 1.128308 0.950000
vt 1.128308 0.966667
vt 1.128308 0.933333
vt 1.200000 0.950000
vt 1.200000 0.966667
vt 1.200000 0.933333
vt 0.000000 0.950000
vt 0.000000 0.966667
vt 0.000000 0.933333
vt 0.179135 0.950000
vt 0.179135 0.966667
vt 0.179135 0.933333
vt 0.385320 0.950000
vt 0.385320 0.966667
vt 0.385320 0.933333
vt 0.566861 0.950000
vt 0.566861 0.966667
vt 0.566861 0.933333
vt 0.735314 0.950000
vt 0.735314 0.966667
vt 0.735314 0.933333
vt 0.911079 0.950000
vt 0.911079 0.966667
vt 0.911079 0.933333
vt 1.030239 0.950000
vt 1.030239 0.966667
vt 1.030239 0.933333
vt 1.110289 0.950000
vt 1.110289 0.966667
vt 1.110289 0.933333
vt 1.200000 0.950000
vt 1.200000 0.966667
vt 1.200000 0.933333
vt 0.000000 0.950000
vt 0.000000 0.966667
vt 0.000000 0.933333
vt 0.147341 0.950000
vt 0.147341 0.966667
vt 0.147341 0.933333
vt 0.287689 0.950000
vt 0.287689 0.966667
vt 0.287689 0.933333
vt 0.403417 0.950000
vt 0.403417 0.966667
vt 0.403417 0.933333
vt 0.537006 0.950000
vt 0.537006 0.966667
vt 0.537006 0.933333
vt 0.696014 0.950000
vt 0.696014 0.966667
vt 0.696014 0.933333
vt 0.906432 0.950000
vt 0.906432 0.966667
vt 0.906432 0.933333
vt 1.081147 0.950000
vt 1.081147 0.966667
vt 1.081147 0.933333
vt 1.200000 0.950000
vt 1.200000 0.966667
vt 1.200000 0.933333
vt 0.000000 0.950000
vt 0.000000 0.966667
vt 0.000000 0.933333
vt 0.177482 0.950000
vt 0.177482 0.966667
vt 0.177482 0.933333
vt 0.330686 0.950000
vt 0.330686 0.966667
vt 0.330686 0.933333
vt 0.532386 0.950000
vt 0.532386 0.966667
vt 0.532386 0.933333
vt 0.729856 0.950000
vt 0.729856 0.966667
vt 0.729856 0.933333
vt 0.880702 0.950000
vt 0.880702 0.966667
vt 0.880702 0.933333
vt 0.960495 0.950000
vt 0.960495 0.966667
vt 0.960495 0.933333
vt 1.074426 0.950000
vt 1.074426 0.966667
vt 1.074426 0.933333
vt 1.200000 0.950000
vt 1.200000 0.966667
vt 1.200000 0.933333
vt 0.000000 0.950000
vt 0.000000 0.966667
vt 0.000000 0.933333
vt 0.155756 0.950000
vt 0.155756 0.966667
vt 0.155756 0.933333
vt 0.301130 0.950000
vt 0.301130 0.966667
vt 0.301130 0.933333
vt 0.458861 0.950000
vt 0.458861 0.966667
vt 0.458861 0.933333
vt 0.636315 0.950000
vt 0.636315 0.966667
vt 0.636315 0.933333
vt 0.816308 0.950000
vt 0.816308 0.966667
vt 0.816308 0.933333
vt 0.976349 0.950000
vt 0.976349 0.966667
vt 0.976349 0.933333
vt 1.085600 0.950000
vt 1.085600 0.966667
vt 1.085600 0.933333
vt 1.200000 0.950000
vt 1.200000 0.966667
vt 1.200000 0.933333
vt 0.000000 0.950000
vt 0.000000 0.966667
vt 0.000000 0.933333
vt 0.158812 0.950000
vt 0.158812 0.966667
vt 0.158812 0.933333
vt 0.294421 0.950000
vt 0.294421 0.966667
vt 0.294421 0.933333
vt 0.457987 0.950000
vt 0.457987 0.966667
vt 0.457987 0.933333
vt 0.668881 0.950000
vt 0.668881 0.966667
vt 0.668881 0.933333
vt 0.851274 0.950000
vt 0.851274 0.966667
vt 0.851274 0.933333
vt 0.949765 0.950000
vt 0.949765 0.966667
vt 0.949765 0.933333
vt 1.036079 0.950000
vt 1.036079 0.966667
vt 1.036079 0.933333
vt 1.200000 0.950000
vt 1.200000 0.966667
vt 1.200000 0.933333
vt 0.000000 0.950000
vt 0.000000 0.966667
vt 0.000000 0.933333
vt 0.149175 0.950000
vt 0.149175 0.966667
vt 0.149175 0.933333
vt 0.290757 0.950000
vt 0.290757 0.966667
vt 0.290757 0.933333
vt 0.431137 0.950000
vt 0.431137 0.966667
vt 0.431137 0.933333
vt 0.553766 0.950000
vt 0.553766 0.966667
vt 0.553766 0.933333
vt 0.709550 0.950000
vt 0.709550 0.966667
vt 0.709550 0.933333
vt 0.840144 0.950000
vt 0.840144 0.966667
vt 0.840144 0.933333
vt 0.975926 0.950000
vt 0.975926 0.966667
vt 0.975926 0.933333
vt 1.200000 0.950000
vt 1.200000 0.966667
vt 1.200000 0.933333
vt 0.000000 0.950000
vt 0.000000 0.966667
vt 0.000000 0.933333
vt 0.138392 0.950000
vt 0.138392 0.966667
vt 0.138392 0.933333
vt 0.276946 0.950000
vt 0.276946 0.966667
vt 0.276946 0.933333
vt 0.413645 0.950000
vt 0.413645 0.966667
vt 0.413645 0.933333
vt 0.550465 0.950000
vt 0.550465 0.966667
vt 0.550465 0.933333
vt 0.729643 0.950000
vt 0.729643 0.966667
vt 0.729643 0.933333
vt 0.877444 0.950000
vt 0.877444 0.966667
vt 0.877444 0.933333
vt 0.999695 0.950000
vt 0.999695 0.966667
vt 0.999695 0.933333
vt 1.200000 0.950000
vt 1.200000 0.966667
vt 1.200000 0.933333
vt 0.000000 0.950000
vt 0.000000 0.966667
vt 0.000000 0.933333
vt 0.167922 0.950000
vt 0.167922 0.966667
vt 0.167922 0.933333
vt 0.314403 0.950000
vt 0.314403 0.966667
vt 0.314403 0.933333
vt 0.467757 0.950000
vt 0.467757 0.966667
vt 0.467757 0.933333
vt 0.610747 0.950000
vt 0.610747 0.966667
vt 0.610747 0.933333
vt 0.775764 0.950000
vt 0.775764 0.966667
vt 0.775764 0.933333
vt 0.903482 0.950000
vt 0.903482 0.966667
vt 0.903482 0.933333
vt 1.041888 0.950000
vt 1.041888 0.966667
vt 1.041888 0.933333
vt 1.200000 0.950000
vt 1.200000 0.966667
vt 1.200000 0.933333
vt 0.000000 0.950000
vt 0.000000 0.966667
vt 0.000000 0.933333
vt 0.136824 0.950000
vt 0.136824 0.966667
vt 0.136824 0.933333
vt 0.259064 0.950000
vt 0.259064 0.966667
vt 0.259064 0.933333
vt 0.396926 0.950000
vt 0.396926 0.966667
vt 0.396926 0.933333
vt 0.520528 0.950000
vt 0.520528 0.966667
vt 0.520528 0.933333
vt 0.657343 0.950000
vt 0.657343 0.966667
vt 0.657343 0.933333
vt 0.781573 0.950000
vt 0.781573 0.966667
vt 0.781573 0.933333
vt 0.967819 0.950000
vt 0.967819 0.966667
vt 0.967819 0.933333
vt 1.200000 0.950000
vt 1.200000 0.966667
vt 1.200000 0.933333
vt 0.000000 0.950000
vt 0.000000 0.966667
vt 0.000000 0.933333
vt 0.129004 0.950000
vt 0.129004 0.966667
vt 0.129004 0.933333
vt 0.257006 0.950000
vt 0.257006 0.966667
vt 0.257006 0.933333
vt 0.390078 0.950000
vt 0.390078 0.966667
vt 0.390078 0.933333
vt 0.517729 0.950000
vt 0.517729 0.966667
vt 0.517729 0.933333
vt 0.698603 0.950000
vt 0.698603 0.966667
vt 0.698603 0.933333
vt 0.879462 0.950000
vt 0.879462 0.966667
vt 0.879462 0.933333
vt 1.047864 0.950000
vt 1.047864 0.966667
vt 1.047864 0.933333
vt 1.200000 0.950000
vt 1.200000 0.966667
vt 1.200000 0.933333
vt 0.000000 0.950000
vt 0.000000 0.966667
vt 0.000000 0.933333
vt 0.143172 0.950000
vt 0.143172 0.966667
vt 0.143172 0.933333
vt 0.282573 0.950000
vt 0.282573 0.966667
vt 0.282573 0.933333
vt 0.414025 0.950000
vt 0.414025 0.966667
vt 0.414025 0.933333
vt 0.547421 0.950000
vt 0.547421 0.966667
vt 0.547421 0.933333
vt 0.703013 0.950000
vt 0.703013 0.966667
vt 0.703013 0.933333
vt 0.847375 0.950000
vt 0.847375 0.966667
vt 0.847375 0.933333
vt 1.020356 0.950000
vt 1.020356 0.966667
vt 1.020356 0.933333
vt 1.200000 0.950000
vt 1.200000 0.966667
vt 1.200000 0.933333
vt 0.000000 0.950000
vt 0.000000 0.966667
vt 0.000000 0.933333
vt 0.157331 0.950000
vt 0.157331 0.966667
vt 0.157331 0.933333
vt 0.309729 0.950000
vt 0.309729 0.966667
vt 0.309729 0.933333
vt 0.429621 0.950000
vt 0.429621 0.966667
vt 0.429621 0.933333
vt 0.614139 0.950000
vt 0.614139 0.966667
vt 0.614139 0.933333
vt 0.840803 0.950000
vt 0.840803 0.966667
vt 0.840803 0.933333
vt 0.987774 0.950000
vt 0.987774 0.966667
vt 0.987774 0.933333
vt 1.035610 0.950000
vt 1.035610 0.966667
vt 1.035610 0.933333
vt 1.200000 0.950000
vt 1.200000 0.966667
vt 1.200000 0.933333
vt 0.000000 0.950000
vt 0.000000 0.966667
vt 0.000000 0.933333
vt 0.165825 0.950000
vt 0.165825 0.966667
vt 0.165825 0.933333
vt 0.327563 0.950000
vt 0.327563 0.966667
vt 0.327563 0.933333
vt 0.452567 0.950000
vt 0.452567 0.966667
vt 0.452567 0.933333
vt 0.649653 0.950000
vt 0.649653 0.966667
vt 0.649653 0.933333
vt 0.834424 0.950000
vt 0.834424 0.966667
vt 0.834424 0.933333
vt 0.938328 0.950000
vt 0.938328 0.966667
vt 0.938328 0.933333
vt 1.023150 0.950000
vt 1.023150 0.966667
vt 1.023150 0.933333
vt 1.200000 0.950000
vt 1.200000 0.966667
vt 1.200000 0.933333
vt 0.000000 0.950000
vt 0.000000 0.966667
vt 0.000000 0.933333
vt 0.147309 0.950000
vt 0.147309 0.966667
vt 0.147309 0.933333
vt 0.293986 0.950000
vt 0.293986 0.966667
vt 0.293986 0.933333
vt 0.428033 0.950000
vt 0.428033 0.966667
vt 0.428033 0.933333
vt 0.554997 0.950000
vt 0.554997 0.966667
vt 0.554997 0.933333
vt 0.727194 0.950000
vt 0.727194 0.966667
vt 0.727194 0.933333
vt 0.876162 0.950000
vt 0.876162 0.966667
vt 0.876162 0.933333
vt 1.041941 0.950000
vt 1.041941 0.966667
vt 1.041941 0.933333
vt 1.200000 0.950000
vt 1.200000 0.966667
vt 1.200000 0.933333
vt 0.000000 0.950000
vt 0.000000 0.966667
vt 0.000000 0.933333
vt 0.151057 0.950000
vt 0.151057 0.966667
vt 0.151057 0.933333
vt 0.329840 0.950000
vt 0.329840 0.966667
vt 0.329840 0.933333
vt 0.529973 0.950000
vt 0.529973 0.966667
vt 0.529973 0.933333
vt 0.699548 0.950000
vt 0.699548 0.966667
vt 0.699548 0.933333
vt 0.825777 0.950000
vt 0.825777 0.966667
vt 0.825777 0.933333
vt 0.934803 0.950000
vt 0.934803 0.966667
vt 0.934803 0.933333
vt 1.110878 0.950000
vt 1.110878 0.966667
vt 1.110878 0.933333
vt 1.200000 0.950000
vt 1.200000 0.966667
vt 1.200000 0.933333
vt 0.000000 0.950000
vt 0.000000 0.966667
vt 0.000000 0.933333
vt 0.136714 0.950000
vt 0.136714 0.966667
vt 0.136714 0.933333
vt 0.273974 0.950000
vt 0.273974 0.966667
vt 0.273974 0.933333
vt 0.425263 0.950000
vt 0.425263 0.966667
vt 0.425263 0.933333
vt 0.609593 0.950000
vt 0.609593 0.966667
vt 0.609593 0.933333
vt 0.771461 0.950000
vt 0.771461 0.966667
vt 0.771461 0.933333
vt 0.901792 0.950000
vt 0.901792 0.966667
vt 0.901792 0.933333
vt 1.056383 0.950000
vt 1.056383 0.966667
vt 1.056383 0.933333
vt 1.200000 0.950000
vt 1.200000 0.966667
vt 1.200000 0.933333
vt 0.000000 0.950000
vt 0.000000 0.966667
vt 0.000000 0.933333
vt 0.170363 0.950000
vt 0.170363 0.966667
vt 0.170363 0.933333
vt 0.352514 0.950000
vt 0.352514 0.966667
vt 0.352514 0.933333
vt 0.522585 0.950000
vt 0.522585 0.966667
vt 0.522585 0.933333
vt 0.664050 0.950000
vt 0.664050 0.966667
vt 0.664050 0.933333
vt 0.807442 0.950000
vt 0.807442 0.966667
vt 0.807442 0.933333
vt 0.945979 0.950000
vt 0.945979 0.966667
vt 0.945979 0.933333
vt 1.051614 0.950000
vt 1.051614 0.966667
vt 1.051614 0.933333
vt 1.200000 0.950000
vt 1.200000 0.966667
vt 1.200000 0.933333
vt 0.000000 0.950000
vt 0.000000 0.966667
vt 0.000000 0.933333
vt 0.145143 0.950000
vt 0.145143 0.966667
vt 0.145143 0.933333
vt 0.284207 0.950000
vt 0.284207 0.966667
vt 0.284207 0.933333
vt 0.421544 0.950000
vt 0.421544 0.966667
vt 0.421544 0.933333
vt 0.569700 0.950000
vt 0.569700 0.966667
vt 0.569700 0.933333
vt 0.714834 0.950000
vt 0.714834 0.966667
vt 0.714834 0.933333
vt 0.839871 0.950000
vt 0.839871 0.966667
vt 0.839871 0.933333
vt 0.983760 0.950000
vt 0.983760 0.966667
vt 0.983760 0.933333
vt 1.200000 0.950000
vt 1.200000 0.966667
vt 1.200000 0.933333
vt 0.000000 0.950000
vt 0.000000 0.966667
vt 0.000000 0.933333
vt 0.178398 0.950000
vt 0.178398 0.966667
vt 0.178398 0.933333
vt 0.337572 0.950000
vt 0.337572 0.966667
vt 0.337572 0.933333
vt 0.514772 0.950000
vt 0.514772 0.966667
vt 0.514772 0.933333
vt 0.728320 0.950000
vt 0.728320 0.966667
vt 0.728320 0.933333
vt 0.913124 0.950000
vt 0.913124 0.966667
vt 0.913124 0.933333
vt 0.994395 0.950000
vt 0.994395 0.966667
vt 0.994395 0.933333
vt 1.105304 0.950000
vt 1.105304 0.966667
vt 1.105304 0.933333
vt 1.200000 0.950000
vt 1.200000 0.966667
vt 1.200000 0.933333
vt 0.000000 0.950000
vt 0.000000 0.966667
vt 0.000000 0.933333
vt 0.154882 0.950000
vt 0.154882 0.966667
vt 0.154882 0.933333
vt 0.298754 0.950000
vt 0.298754 0.966667
vt 0.298754 0.933333
vt 0.453945 0.950000
vt 0.453945 0.966667
vt 0.453945 0.933333
vt 0.584788 0.950000
vt 0.584788 0.966667
vt 0.584788 0.933333
vt 0.688066 0.950000
vt 0.688066 0.966667
vt 0.688066 0.933333
vt 0.822223 0.950000
vt 0.822223 0.966667
vt 0.822223 0.933333
vt 0.996071 0.950000
vt 0.996071 0.966667
vt 0.996071 0.933333
vt 1.200000 0.950000
vt 1.200000 0.966667
vt 1.200000 0.933333
vt 0.000000 0.950000
vt 0.000000 0.966667
vt 0.000000 0.933333
vt 0.155921 0.950000
vt 0.155921 0.966667
vt 0.155921 0.933333
vt 0.310932 0.950000
vt 0.310932 0.966667
vt 0.310932 0.933333
vt 0.489253 0.950000
vt 0.489253 0.966667
vt 0.489253 0.933333
vt 0.641382 0.950000
vt 0.641382 0.966667
vt 0.641382 0.933333
vt 0.718152 0.950000
vt 0.718152 0.966667
vt 0.718152 0.933333
vt 0.828415 0.950000
vt 0.828415 0.966667
vt 0.828415 0.933333
vt 1.056601 0.950000
vt 1.056601 0.966667
vt 1.056601 0.933333
vt 1.200000 0.950000
vt 1.200000 0.966667
vt 1.200000 0.933333
vt 0.000000 0.950000
vt 0.000000 0.966667
vt 0.000000 0.933333
vt 0.137815 0.950000
vt 0.137815 0.966667
vt 0.137815 0.933333
vt 0.287073 0.950000
vt 0.287073 0.966667
vt 0.287073 0.933333
vt 0.434508 0.950000
vt 0.434508 0.966667
vt 0.434508 0.933333
vt 0.575447 0.950000
vt 0.575447 0.966667
vt 0.575447 0.933333
vt 0.769138 0.950000
vt 0.769138 0.966667
vt 0.769138 0.933333
vt 0.927504 0.950000
vt 0.927504 0.966667
vt 0.927504 0.933333
vt 1.041697 0.950000
vt 1.041697 0.966667
vt 1.041697 0.933333
vt 1.200000 0.950000
vt 1.200000 0.966667
vt 1.200000 0.933333
vt 0.000000 0.950000
vt 0.000000 0.966667
vt 0.000000 0.933333
vt 0.148542 0.950000
vt 0.148542 0.966667
vt 0.148542 0.933333
vt 0.307791 0.950000
vt 0.307791 0.966667
vt 0.307791 0.933333
vt 0.448120 0.950000
vt 0.448120 0.966667
vt 0.448120 0.933333
vt 0.591789 0.950000
vt 0.591789 0.966667
vt 0.591789 0.933333
vt 0.740110 0.950000
vt 0.740110 0.966667
vt 0.740110 0.933333
vt 0.932705 0.950000
vt 0.932705 0.966667
vt 0.932705 0.933333
vt 1.060362 0.950000
vt 1.060362 0.966667
vt 1.060362 0.933333
vt 1.200000 0.950000
vt 1.200000 0.966667
vt 1.200000 0.933333
vt 0.000000 0.950000
vt 0.000000 0.966667
vt 0.000000 0.933333
vt 0.140523 0.950000
vt 0.140523 0.966667
vt 0.140523 0.933333
vt 0.291437 0.950000
vt 0.291437 0.966667
vt 0.291437 0.933333
vt 0.438415 0.950000
vt 0.438415 0.966667
vt 0.438415 0.933333
vt 0.570563 0.950000
vt 0.570563 0.966667
vt 0.570563 0.933333
vt 0.693220 0.950000
vt 0.693220 0.966667
vt 0.693220 0.933333
vt 0.855155 0.950000
vt 0.855155 0.966667
vt 0.855155 0.933333
vt 1.053452 0.950000
vt 1.053452 0.966667
vt 1.053452 0.933333
vt 1.200000 0.950000
vt 1.200000 0.966667
vt 1.200000 0.933333
vt 0.000000 0.950000
vt 0.000000 0.966667
vt 0.000000 0.933333
vt 0.149247 0.950000
vt 0.149247 0.966667
vt 0.149247 0.933333
vt 0.297332 0.950000
vt 0.297332 0.966667
vt 0.297332 0.933333
vt 0.433035 0.950000
vt 0.433035 0.966667
vt 0.433035 0.933333
vt 0.547889 0.950000
vt 0.547889 0.966667
vt 0.547889 0.933333
vt 0.715234 0.950000
vt 0.715234 0.966667
vt 0.715234 0.933333
vt 0.898667 0.950000
vt 0.898667 0.966667
vt 0.898667 0.933333
vt 1.073210 0.950000
vt 1.073210 0.966667
vt 1.073210 0.933333
vt 1.200000 0.950000
vt 1.200000 0.966667
vt 1.200000 0.933333
vt 0.000000 0.950000
vt 0.000000 0.966667
vt 0.000000 0.933333
vt 0.148744 0.950000
vt 0.148744 0.966667
vt 0.148744 0.933333
vt 0.297535 0.950000
vt 0.297535 0.966667
vt 0.297535 0.933333
vt 0.435133 0.950000
vt 0.435133 0.966667
vt 0.435133 0.933333
vt 0.559674 0.950000
vt 0.559674 0.966667
vt 0.559674 0.933333
vt 0.718259 0.950000
vt 0.718259 0.966667
vt 0.718259 0.933333
vt 0.916486 0.950000
vt 0.916486 0.966667
vt 0.916486 0.933333
vt 1.083832 0.950000
vt 1.083832 0.966667
vt 1.083832 0.933333
vt 1.200000 0.950000
vt 1.200000 0.966667
vt 1.200000 0.933333
vt 0.000000 0.950000
vt 0.000000 0.966667
vt 0.000000 0.933333
vt 0.145690 0.950000
vt 0.145690 0.966667
vt 0.145690 0.933333
vt 0.299624 0.950000
vt 0.299624 0.966667
vt 0.299624 0.933333
vt 0.450134 0.950000
vt 0.450134 0.966667
vt 0.450134 0.933333
vt 0.575367 0.950000
vt 0.575367 0.966667
vt 0.575367 0.933333
vt 0.699347 0.950000
vt 0.699347 0.966667
vt 0.699347 0.933333
vt 0.849276 0.950000
vt 0.849276 0.966667
vt 0.849276 0.933333
vt 1.065996 0.950000
vt 1.065996 0.966667
vt 1.065996 0.933333
vt 1.200000 0.950000
vt 1.200000 0.966667
vt 1.200000 0.933333
vt 0.000000 0.950000
vt 0.000000 0.966667
vt 0.000000 0.933333
vt 0.146016 0.950000
vt 0.146016 0.966667
vt 0.146016 0.933333
vt 0.304764 0.950000
vt 0.304764 0.966667
vt 0.304764 0.933333
vt 0.431964 0.950000
vt 0.431964 0.966667
vt 0.431964 0.933333
vt 0.541853 0.950000
vt 0.541853 0.966667
vt 0.541853 0.933333
vt 0.667048 0.950000
vt 0.667048 0.966667
vt 0.667048 0.933333
vt 0.871044 0.950000
vt 0.871044 0.966667
vt 0.871044 0.933333
vt 1.046653 0.950000
vt 1.046653 0.966667
vt 1.046653 0.933333
vt 1.200000 0.950000
vt 1.200000 0.966667
vt 1.200000 0.933333
vt 0.000000 0.950000
vt 0.000000 0.966667
vt 0.000000 0.933333
vt 0.146237 0.950000
vt 0.146237 0.966667
vt 0.146237 0.933333
vt 0.292827 0.950000
vt 0.292827 0.966667
vt 0.292827 0.933333
vt 0.434081 0.950000
vt 0.434081 0.966667
vt 0.434081 0.933333
vt 0.577860 0.950000
vt 0.577860 0.966667
vt 0.577860 0.933333
vt 0.709488 0.950000
vt 0.709488 0.966667
vt 0.709488 0.933333
vt 0.857207 0.950000
vt 0.857207 0.966667
vt 0.857207 0.933333
vt 1.038808 0.950000
vt 1.038808 0.966667
vt 1.038808 0.933333
vt 1.200000 0.950000
vt 1.200000 0.966667
vt 1.200000 0.933333
vt 0.000000 0.950000
vt 0.000000 0.966667
vt 0.000000 0.933333
vt 0.162869 0.950000
vt 0.162869 0.966667
vt 0.162869 0.933333
vt 0.310698 0.950000
vt 0.310698 0.966667
vt 0.310698 0.933333
vt 0.415169 0.950000
vt 0.415169 0.966667
vt 0.415169 0.933333
vt 0.524100 0.950000
vt 0.524100 0.966667
vt 0.524100 0.933333
vt 0.697020 0.950000
vt 0.697020 0.966667
vt 0.697020 0.933333
vt 0.906745 0.950000
vt 0.906745 0.966667
vt 0.906745 0.933333
vt 1.062204 0.950000
vt 1.062204 0.966667
vt 1.062204 0.933333
vt 1.200000 0.950000
vt 1.200000 0.966667
vt 1.200000 0.933333
vt 0.000000 0.950000
vt 0.000000 0.966667
vt 0.000000 0.933333
vt 0.176130 0.950000
vt 0.176130 0.966667
vt 0.176130 0.933333
vt 0.377191 0.950000
vt 0.377191 0.966667
vt 0.377191 0.933333
vt 0.555957 0.950000
vt 0.555957 0.966667
vt 0.555957 0.933333
vt 0.708941 0.950000
vt 0.708941 0.966667
vt 0.708941 0.933333
vt 0.838714 0.950000
vt 0.838714 0.966667
vt 0.838714 0.933333
vt 0.992635 0.950000
vt 0.992635 0.966667
vt 0.992635 0.933333
vt 1.083900 0.950000
vt 1.083900 0.966667
vt 1.083900 0.933333
vt 1.200000 0.950000
vt 1.200000 0.966667
vt 1.200000 0.933333
vt 0.000000 0.950000
vt 0.000000 0.966667
vt 0.000000 0.933333
vt 0.171046 0.950000
vt 0.171046 0.966667
vt 0.171046 0.933333
vt 0.347341 0.950000
vt 0.347341 0.966667
vt 0.347341 0.933333
vt 0.532060 0.950000
vt 0.532060 0.966667
vt 0.532060 0.933333
vt 0.687885 0.950000
vt 0.687885 0.966667
vt 0.687885 0.933333
vt 0.800443 0.950000
vt 0.800443 0.966667
vt 0.800443 0.933333
vt 0.903518 0.950000
vt 0.903518 0.966667
vt 0.903518 0.933333
vt 1.067288 0.950000
vt 1.067288 0.966667
vt 1.067288 0.933333
vt 1.200000 0.950000
vt 1.200000 0.966667
vt 1.200000 0.933333
vt 0.000000 0.950000
vt 0.000000 0.966667
vt 0.000000 0.933333
vt 0.166831 0.950000
vt 0.166831 0.966667
vt 0.166831 0.933333
vt 0.331973 0.950000
vt 0.331973 0.966667
vt 0.331973 0.933333
vt 0.501142 0.950000
vt 0.501142 0.966667
vt 0.501142 0.933333
vt 0.668071 0.950000
vt 0.668071 0.966667
vt 0.668071 0.933333
vt 0.805151 0.950000
vt 0.805151 0.966667
vt 0.805151 0.933333
vt 0.969239 0.950000
vt 0.969239 0.966667
vt 0.969239 0.933333
vt 1.142763 0.950000
vt 1.142763 0.966667
vt 1.142763 0.933333
vt 1.200000 0.950000
vt 1.200000 0.966667
vt 1.200000 0.933333
vt 0.000000 0.950000
vt 0.000000 0.966667
vt 0.000000 0.933333
vt 0.151833 0.950000
vt 0.151833 0.966667
vt 0.151833 0.933333
vt 0.308082 0.950000
vt 0.308082 0.966667
vt 0.308082 0.933333
vt 0.458852 0.950000
vt 0.458852 0.966667
vt 0.458852 0.933333
vt 0.638882 0.950000
vt 0.638882 0.966667
vt 0.638882 0.933333
vt 0.751541 0.950000
vt 0.751541 0.966667
vt 0.751541 0.933333
vt 0.865098 0.950000
vt 0.865098 0.966667
vt 0.865098 0.933333
vt 1.068808 0.950000
vt 1.068808 0.966667
vt 1.068808 0.933333
vt 1.200000 0.950000
vt 1.200000 0.966667
vt 1.200000 0.933333
vt 0.000000 0.950000
vt 0.000000 0.966667
vt 0.000000 0.933333
vt 0.137883 0.950000
vt 0.137883 0.966667
vt 0.137883 0.933333
vt 0.262428 0.950000
vt 0.262428 0.966667
vt 0.262428 0.933333
vt 0.428395 0.950000
vt 0.428395 0.966667
vt 0.428395 0.933333
vt 0.548218 0.950000
vt 0.548218 0.966667
vt 0.548218 0.933333
vt 0.673092 0.950000
vt 0.673092 0.966667
vt 0.673092 0.933333
vt 0.809637 0.950000
vt 0.809637 0.966667
vt 0.809637 0.933333
vt 1.036832 0.950000
vt 1.036832 0.966667
vt 1.036832 0.933333
vt 1.200000 0.950000
vt 1.200000 0.966667
vt 1.200000 0.933333
vt 0.000000 0.950000
vt 0.000000 0.966667
vt 0.000000 0.933333
vt 0.150123 0.950000
vt 0.150123 0.966667
vt 0.150123 0.933333
vt 0.286695 0.950000
vt 0.286695 0.966667
vt 0.286695 0.933333
vt 0.456421 0.950000
vt 0.456421 0.966667
vt 0.456421 0.933333
vt 0.672420 0.950000
vt 0.672420 0.966667
vt 0.672420 0.933333
vt 0.825127 0.950000
vt 0.825127 0.966667
vt 0.825127 0.933333
vt 0.950211 0.950000
vt 0.950211 0.966667
vt 0.950211 0.933333
vt 1.055451 0.950000
vt 1.055451 0.966667
vt 1.055451 0.933333
vt 1.200000 0.950000
vt 1.200000 0.966667
vt 1.200000 0.933333
vt 0.000000 0.950000
vt 0.000000 0.966667
vt 0.000000 0.933333
vt 0.167981 0.950000
vt 0.167981 0.966667
vt 0.167981 0.933333
vt 0.326613 0.950000
vt 0.326613 0.966667
vt 0.326613 0.933333
vt 0.477846 0.950000
vt 0.477846 0.966667
vt 0.477846 0.933333
vt 0.647841 0.950000
vt 0.647841 0.966667
vt 0.647841 0.933333
vt 0.778445 0.950000
vt 0.778445 0.966667
vt 0.778445 0.933333
vt 0.880524 0.950000
vt 0.880524 0.966667
vt 0.880524 0.933333
vt 1.031110 0.950000
vt 1.031110 0.966667
vt 1.031110 0.933333
vt 1.200000 0.950000
vt 1.200000 0.966667
vt 1.200000 0.933333
vt 0.000000 0.950000
vt 0.000000 0.966667
vt 0.000000 0.933333
vt 0.178078 0.950000
vt 0.178078 0.966667
vt 0.178078 0.933333
vt 0.320526 0.950000
vt 0.320526 0.966667
vt 0.320526 0.933333
vt 0.462223 0.950000
vt 0.462223 0.966667
vt 0.462223 0.933333
vt 0.625321 0.950000
vt 0.625321 0.966667
vt 0.625321 0.933333
vt 0.757746 0.950000
vt 0.757746 0.966667
vt 0.757746 0.933333
vt 0.859602 0.950000
vt 0.859602 0.966667
vt 0.859602 0.933333
vt 1.009567 0.950000
vt 1.009567 0.966667
vt 1.009567 0.933333
vt 1.200000 0.950000
vt 1.200000 0.966667
vt 1.200000 0.933333
vt 0.000000 0.950000
vt 0.000000 0.966667
vt 0.000000 0.933333
vt 0.160586 0.950000
vt 0.160586 0.966667
vt 0.160586 0.933333
vt 0.279489 0.950000
vt 0.279489 0.966667
vt 0.279489 0.933333
vt 0.407087 0.950000
vt 0.407087 0.966667
vt 0.407087 0.933333
vt 0.534184 0.950000
vt 0.534184 0.966667
vt 0.534184 0.933333
vt 0.658548 0.950000
vt 0.658548 0.966667
vt 0.658548 0.933333
vt 0.779502 0.950000
vt 0.779502 0.966667
vt 0.779502 0.933333
vt 0.962396 0.950000
vt 0.962396 0.966667
vt 0.962396 0.933333
vt 1.200000 0.950000
vt 1.200000 0.966667
vt 1.200000 0.933333
vt 0.000000 0.950000
vt 0.000000 0.966667
vt 0.000000 0.933333
vt 0.163043 0.950000
vt 0.163043 0.966667
vt 0.163043 0.933333
vt 0.305464 0.950000
vt 0.305464 0.966667
vt 0.305464 0.933333
vt 0.461536 0.950000
vt 0.461536 0.966667
vt 0.461536 0.933333
vt 0.617287 0.950000
vt 0.617287 0.966667
vt 0.617287 0.933333
vt 0.789944 0.950000
vt 0.789944 0.966667
vt 0.789944 0.933333
vt 1.014347 0.950000
vt 1.014347 0.966667
vt 1.014347 0.933333
vt 1.103730 0.950000
vt 1.103730 0.966667
vt 1.103730 0.933333
vt 1.200000 0.950000
vt 1.200000 0.966667
vt 1.200000 0.933333
vt 0.000000 0.950000
vt 0.000000 0.966667
vt 0.000000 0.933333
vt 0.151753 0.950000
vt 0.151753 0.966667
vt 0.151753 0.933333
vt 0.293619 0.950000
vt 0.293619 0.966667
vt 0.293619 0.933333
vt 0.442166 0.950000
vt 0.442166 0.966667
vt 0.442166 0.933333
vt 0.608299 0.950000
vt 0.608299 0.966667
vt 0.608299 0.933333
vt 0.795355 0.950000
vt 0.795355 0.966667
vt 0.795355 0.933333
vt 0.965514 0.950000
vt 0.965514 0.966667
vt 0.965514 0.933333
vt 1.101487 0.950000
vt 1.101487 0.966667
vt 1.101487 0.933333
vt 1.200000 0.950000
vt 1.200000 0.966667
vt 1.200000 0.933333
vt 0.000000 0.950000
vt 0.000000 0.966667
vt 0.000000 0.933333
vt 0.158717 0.950000
vt 0.158717 0.966667
vt 0.158717 0.933333
vt 0.313814 0.950000
vt 0.313814 0.966667
vt 0.313814 0.933333
vt 0.459618 0.950000
vt 0.459618 0.966667
vt 0.459618 0.933333
vt 0.607958 0.950000
vt 0.607958 0.966667
vt 0.607958 0.933333
vt 0.773446 0.950000
vt 0.773446 0.966667
vt 0.773446 0.933333
vt 0.949839 0.950000
vt 0.949839 0.966667
vt 0.949839 0.933333
vt 1.063165 0.950000
vt 1.063165 0.966667
vt 1.063165 0.933333
vt 1.200000 0.950000
vt 1.200000 0.966667
vt 1.200000 0.933333
vt 0.000000 0.950000
vt 0.000000 0.966667
vt 0.000000 0.933333
vt 0.140364 0.950000
vt 0.140364 0.966667
vt 0.140364 0.933333
vt 0.279728 0.950000
vt 0.279728 0.966667
vt 0.279728 0.933333
vt 0.383071 0.950000
vt 0.383071 0.966667
vt 0.383071 0.933333
vt 0.504795 0.950000
vt 0.504795 0.966667
vt 0.504795 0.933333
vt 0.634163 0.950000
vt 0.634163 0.966667
vt 0.634163 0.933333
vt 0.800266 0.950000
vt 0.800266 0.966667
vt 0.800266 0.933333
vt 1.029040 0.950000
vt 1.029040 0.966667
vt 1.029040 0.933333
vt 1.200000 0.950000
vt 1.200000 0.966667
vt 1.200000 0.933333
vt 0.000000 0.950000
vt 0.000000 0.966667
vt 0.000000 0.933333
vt 0.147808 0.950000
vt 0.147808 0.966667
vt 0.147808 0.933333
vt 0.315613 0.950000
vt 0.315613 0.966667
vt 0.315613 0.933333
vt 0.477057 0.950000
vt 0.477057 0.966667
vt 0.477057 0.933333
vt 0.590673 0.950000
vt 0.590673 0.966667
vt 0.590673 0.933333
vt 0.663935 0.950000
vt 0.663935 0.966667
vt 0.663935 0.933333
vt 0.789404 0.950000
vt 0.789404 0.966667
vt 0.789404 0.933333
vt 1.016799 0.950000
vt 1.016799 0.966667
vt 1.016799 0.933333
vt 1.200000 0.950000
vt 1.200000 0.966667
vt 1.200000 0.933333
vt 0.000000 0.950000
vt 0.000000 0.966667
vt 0.000000 0.933333
vt 0.173001 0.950000
vt 0.173001 0.966667
vt 0.173001 0.933333
vt 0.336977 0.950000
vt 0.336977 0.966667
vt 0.336977 0.933333
vt 0.518504 0.950000
vt 0.518504 0.966667
vt 0.518504 0.933333
vt 0.718954 0.950000
vt 0.718954 0.966667
vt 0.718954 0.933333
vt 0.866432 0.950000
vt 0.866432 0.966667
vt 0.866432 0.933333
vt 0.957858 0.950000
vt 0.957858 0.966667
vt 0.957858 0.933333
vt 1.034268 0.950000
vt 1.034268 0.966667
vt 1.034268 0.933333
vt 1.200000 0.950000
vt 1.200000 0.966667
vt 1.200000 0.933333
vt 0.000000 0.950000
vt 0.000000 0.966667
vt 0.000000 0.933333
vt 0.156896 0.950000
vt 0.156896 0.966667
vt 0.156896 0.933333
vt 0.319410 0.950000
vt 0.319410 0.966667
vt 0.319410 0.933333
vt 0.507628 0.950000
vt 0.507628 0.966667
vt 0.507628 0.933333
vt 0.684474 0.950000
vt 0.684474 0.966667
vt 0.684474 0.933333
vt 0.793451 0.950000
vt 0.793451 0.966667
vt 0.793451 0.933333
vt 0.910717 0.950000
vt 0.910717 0.966667
vt 0.910717 0.933333
vt 1.059231 0.950000
vt 1.059231 0.966667
vt 1.059231 0.933333
vt 1.200000 0.950000
vt 1.200000 0.966667
vt 1.200000 0.933333
vt 0.000000 0.950000
vt 0.000000 0.966667
vt 0.000000 0.933333
vt 0.172769 0.950000
vt 0.172769 0.966667
vt 0.172769 0.933333
vt 0.366830 0.950000
vt 0.366830 0.966667
vt 0.366830 0.933333
vt 0.558421 0.950000
vt 0.558421 0.966667
vt 0.558421 0.933333
vt 0.708910 0.950000
vt 0.708910 0.966667
vt 0.708910 0.933333
vt 0.860329 0.950000
vt 0.860329 0.966667
vt 0.860329 0.933333
vt 1.011118 0.950000
vt 1.011118 0.966667
vt 1.011118 0.933333
vt 1.128555 0.950000
vt 1.128555 0.966667
vt 1.128555 0.933333
vt 1.200000 0.950000
vt 1.200000 0.966667
vt 1.200000 0.933333
vt 0.000000 0.950000
vt 0.000000 0.966667
vt 0.000000 0.933333
vt 0.154388 0.950000
vt 0.154388 0.966667
vt 0.154388 0.933333
vt 0.290385 0.950000
vt 0.290385 0.966667
vt 0.290385 0.933333
vt 0.425266 0.950000
vt 0.425266 0.966667
vt 0.425266 0.933333
vt 0.561396 0.950000
vt 0.561396 0.966667
vt 0.561396 0.933333
vt 0.675588 0.950000
vt 0.675588 0.966667
vt 0.675588 0.933333
vt 0.792944 0.950000
vt 0.792944 0.966667
vt 0.792944 0.933333
vt 1.008670 0.950000
vt 1.008670 0.966667
vt 1.008670 0.933333
vt 1.200000 0.950000
vt 1.200000 0.966667
vt 1.200000 0.933333
vt 0.000000 0.950000
vt 0.000000 0.966667
vt 0.000000 0.933333
vt 0.162288 0.950000
vt 0.162288 0.966667
vt 0.162288 0.933333
vt 0.309154 0.950000
vt 0.309154 0.966667
vt 0.309154 0.933333
vt 0.468343 0.950000
vt 0.468343 0.966667
vt 0.468343 0.933333
vt 0.622799 0.950000
vt 0.622799 0.966667
vt 0.622799 0.933333
vt 0.778811 0.950000
vt 0.778811 0.966667
vt 0.778811 0.933333
vt 0.882226 0.950000
vt 0.882226 0.966667
vt 0.882226 0.933333
vt 1.056572 0.950000
vt 1.056572 0.966667
vt 1.056572 0.933333
vt 1.200000 0.950000
vt 1.200000 0.966667
vt 1.200000 0.933333
vt 0.000000 0.950000
vt 0.000000 0.966667
vt 0.000000 0.933333
vt 0.145534 0.950000
vt 0.145534 0.966667
vt 0.145534 0.933333
vt 0.287404 0.950000
vt 0.287404 0.966667
vt 0.287404 0.933333
vt 0.433533 0.950000
vt 0.433533 0.966667
vt 0.433533 0.933333
vt 0.557414 0.950000
vt 0.557414 0.966667
vt 0.557414 0.933333
vt 0.703005 0.950000
vt 0.703005 0.966667
vt 0.703005 0.933333
vt 0.847652 0.950000
vt 0.847652 0.966667
vt 0.847652 0.933333
vt 1.034281 0.950000
vt 1.034281 0.966667
vt 1.034281 0.933333
vt 1.200000 0.950000
vt 1.200000 0.966667
vt 1.200000 0.933333
vt 0.000000 0.950000
vt 0.000000 0.966667
vt 0.000000 0.933333
vt 0.173281 0.950000
vt 0.173281 0.966667
vt 0.173281 0.933333
vt 0.349485 0.950000
vt 0.349485 0.966667
vt 0.349485 0.933333
vt 0.505462 0.950000
vt 0.505462 0.966667
vt 0.505462 0.933333
vt 0.620075 0.950000
vt 0.620075 0.966667
vt 0.620075 0.933333
vt 0.774278 0.950000
vt 0.774278 0.966667
vt 0.774278 0.933333
vt 0.978293 0.950000
vt 0.978293 0.966667
vt 0.978293 0.933333
vt 1.101140 0.950000
vt 1.101140 0.966667
vt 1.101140 0.933333
vt 1.200000 0.950000
vt 1.200000 0.966667
vt 1.200000 0.933333
vt 0.000000 0.950000
vt 0.000000 0.966667
vt 0.000000 0.933333
vt 0.142869 0.950000
vt 0.142869 0.966667
vt 0.142869 0.933333
vt 0.304966 0.950000
vt 0.304966 0.966667
vt 0.304966 0.933333
vt 0.451588 0.950000
vt 0.451588 0.966667
vt 0.451588 0.933333
vt 0.566996 0.950000
vt 0.566996 0.966667
vt 0.566996 0.933333
vt 0.683685 0.950000
vt 0.683685 0.966667
vt 0.683685 0.933333
vt 0.894121 0.950000
vt 0.894121 0.966667
vt 0.894121 0.933333
vt 1.081242 0.950000
vt 1.081242 0.966667
vt 1.081242 0.933333
vt 1.200000 0.950000
vt 1.200000 0.966667
vt 1.200000 0.933333
vt 0.000000 0.950000
vt 0.000000 0.966667
vt 0.000000 0.933333
vt 0.163949 0.950000
vt 0.163949 0.966667
vt 0.163949 0.933333
vt 0.324296 0.950000
vt 0.324296 0.966667
vt 0.324296 0.933333
vt 0.494353 0.950000
vt 0.494353 0.966667
vt 0.494353 0.933333
vt 0.654027 0.950000
vt 0.654027 0.966667
vt 0.654027 0.933333
vt 0.793377 0.950000
vt 0.793377 0.966667
vt 0.793377 0.933333
vt 0.916738 0.950000
vt 0.916738 0.966667
vt 0.916738 0.933333
vt 1.052069 0.950000
vt 1.052069 0.966667
vt 1.052069 0.933333
vt 1.200000 0.950000
vt 1.200000 0.966667
vt 1.200000 0.933333
vt 0.000000 0.950000
vt 0.000000 0.966667
vt 0.000000 0.933333
vt 0.156005 0.950000
vt 0.156005 0.966667
vt 0.156005 0.933333
vt 0.309126 0.950000
vt 0.309126 0.966667
vt 0.309126 0.933333
vt 0.436076 0.950000
vt 0.436076 0.966667
vt 0.436076 0.933333
vt 0.536143 0.950000
vt 0.536143 0.966667
vt 0.536143 0.933333
vt 0.653197 0.950000
vt 0.653197 0.966667
vt 0.653197 0.933333
vt 0.797391 0.950000
vt 0.797391 0.966667
vt 0.797391 0.933333
vt 1.021613 0.950000
vt 1.021613 0.966667
vt 1.021613 0.933333
vt 1.200000 0.950000
vt 1.200000 0.966667
vt 1.200000 0.933333
vt 0.000000 0.950000
vt 0.000000 0.966667
vt 0.000000 0.933333
vt 0.157292 0.950000
vt 0.157292 0.966667
vt 0.157292 0.933333
vt 0.319174 0.950000
vt 0.319174 0.966667
vt 0.319174 0.933333
vt 0.475987 0.950000
vt 0.475987 0.966667
vt 0.475987 0.933333
vt 0.618144 0.950000
vt 0.618144 0.966667
vt 0.618144 0.933333
vt 0.752225 0.950000
vt 0.752225 0.966667
vt 0.752225 0.933333
vt 0.855069 0.950000
vt 0.855069 0.966667
vt 0.855069 0.933333
vt 0.995502 0.950000
vt 0.995502 0.966667
vt 0.995502 0.933333
vt 1.200000 0.950000
vt 1.200000 0.966667
vt 1.200000 0.933333
vt 0.000000 0.950000
vt 0.000000 0.966667
vt 0.000000 0.933333
vt 0.181030 0.950000
vt 0.181030 0.966667
vt 0.181030 0.933333
vt 0.340368 0.950000
vt 0.340368 0.966667
vt 0.340368 0.933333
vt 0.486355 0.950000
vt 0.486355 0.966667
vt 0.486355 0.933333
vt 0.635082 0.950000
vt 0.635082 0.966667
vt 0.635082 0.933333
vt 0.779346 0.950000
vt 0.779346 0.966667
vt 0.779346 0.933333
vt 0.933793 0.950000
vt 0.933793 0.966667
vt 0.933793 0.933333
vt 1.115300 0.950000
vt 1.115300 0.966667
vt 1.115300 0.933333
vt 1.200000 0.950000
vt 1.200000 0.966667
vt 1.200000 0.933333
vt 0.000000 0.950000
vt 0.000000 0.966667
vt 0.000000 0.933333
vt 0.162741 0.950000
vt 0.162741 0.966667
vt 0.162741 0.933333
vt 0.312648 0.950000
vt 0.312648 0.966667
vt 0.312648 0.933333
vt 0.428193 0.950000
vt 0.428193 0.966667
vt 0.428193 0.933333
vt 0.544265 0.950000
vt 0.544265 0.966667
vt 0.544265 0.933333
vt 0.720004 0.950000
vt 0.720004 0.966667
vt 0.720004 0.933333
vt 0.936269 0.950000
vt 0.936269 0.966667
vt 0.936269 0.933333
vt 1.100595 0.950000
vt 1.100595 0.966667
vt 1.100595 0.933333
vt 1.200000 0.950000
vt 1.200000 0.966667
vt 1.200000 0.933333
vt 0.000000 0.950000
vt 0.000000 0.966667
vt 0.000000 0.933333
vt 0.160536 0.950000
vt 0.160536 0.966667
vt 0.160536 0.933333
vt 0.311553 0.950000
vt 0.311553 0.966667
vt 0.311553 0.933333
vt 0.456262 0.950000
vt 0.456262 0.966667
vt 0.456262 0.933333
vt 0.599562 0.950000
vt 0.599562 0.966667
vt 0.599562 0.933333
vt 0.772699 0.950000
vt 0.772699 0.966667
vt 0.772699 0.933333
vt 0.928100 0.950000
vt 0.928100 0.966667
vt 0.928100 0.933333
vt 1.063669 0.950000
vt 1.063669 0.966667
vt 1.063669 0.933333
vt 1.200000 0.950000
vt 1.200000 0.966667
vt 1.200000 0.933333
vt 0.000000 0.950000
vt 0.000000 0.966667
vt 0.000000 0.933333
vt 0.133890 0.950000
vt 0.133890 0.966667
vt 0.133890 0.933333
vt 0.288625 0.950000
vt 0.288625 0.966667
vt 0.288625 0.933333
vt 0.473657 0.950000
vt 0.473657 0.966667
vt 0.473657 0.933333
vt 0.654171 0.950000
vt 0.654171 0.966667
vt 0.654171 0.933333
vt 0.781589 0.950000
vt 0.781589 0.966667
vt 0.781589 0.933333
vt 0.889450 0.950000
vt 0.889450 0.966667
vt 0.889450 0.933333
vt 1.047160 0.950000
vt 1.047160 0.966667
vt 1.047160 0.933333
vt 1.200000 0.950000
vt 1.200000 0.966667
vt 1.200000 0.933333
vt 0.000000 0.950000
vt 0.000000 0.966667
vt 0.000000 0.933333
vt 0.157331 0.950000
vt 0.157331 0.966667
vt 0.157331 0.933333
vt 0.322075 0.950000
vt 0.322075 0.966667
vt 0.322075 0.933333
vt 0.498199 0.950000
vt 0.498199 0.966667
vt 0.498199 0.933333
vt 0.656598 0.950000
vt 0.656598 0.966667
vt 0.656598 0.933333
vt 0.802751 0.950000
vt 0.802751 0.966667
vt 0.802751 0.933333
vt 0.974764 0.950000
vt 0.974764 0.966667
vt 0.974764 0.933333
vt 1.134541 0.950000
vt 1.134541 0.966667
vt 1.134541 0.933333
vt 1.200000 0.950000
vt 1.200000 0.966667
vt 1.200000 0.933333
vt 0.000000 0.950000
vt 0.000000 0.966667
vt 0.000000 0.933333
vt 0.159129 0.950000
vt 0.159129 0.966667
vt 0.159129 0.933333
vt 0.311615 0.950000
vt 0.311615 0.966667
vt 0.311615 0.933333
vt 0.465701 0.950000
vt 0.465701 0.966667
vt 0.465701 0.933333
vt 0.629372 0.950000
vt 0.629372 0.966667
vt 0.629372 0.933333
vt 0.798651 0.950000
vt 0.798651 0.966667
vt 0.798651 0.933333
vt 0.955700 0.950000
vt 0.955700 0.966667
vt 0.955700 0.933333
vt 1.084231 0.950000
vt 1.084231 0.966667
vt 1.084231 0.933333
vt 1.200000 0.950000
vt 1.200000 0.966667
vt 1.200000 0.933333
vt 0.000000 0.950000
vt 0.000000 0.966667
vt 0.000000 0.933333
vt 0.149548 0.950000
vt 0.149548 0.966667
vt 0.149548 0.933333
vt 0.302496 0.950000
vt 0.302496 0.966667
vt 0.302496 0.933333
vt 0.469998 0.950000
vt 0.469998 0.966667
vt 0.469998 0.933333
vt 0.561287 0.950000
vt 0.561287 0.966667
vt 0.561287 0.933333
vt 0.691458 0.950000
vt 0.691458 0.966667
vt 0.691458 0.933333
vt 0.888656 0.950000
vt 0.888656 0.966667
vt 0.888656 0.933333
vt 1.018854 0.950000
vt 1.018854 0.966667
vt 1.018854 0.933333
vt 1.200000 0.950000
vt 1.200000 0.966667
vt 1.200000 0.933333
vt 0.000000 0.950000
vt 0.000000 0.966667
vt 0.000000 0.933333
vt 0.149188 0.950000
vt 0.149188 0.966667
vt 0.149188 0.933333
vt 0.303524 0.950000
vt 0.303524 0.966667
vt 0.303524 0.933333
vt 0.444445 0.950000
vt 0.444445 0.966667
vt 0.444445 0.933333
vt 0.570398 0.950000
vt 0.570398 0.966667
vt 0.570398 0.933333
vt 0.698129 0.950000
vt 0.698129 0.966667
vt 0.698129 0.933333
vt 0.856135 0.950000
vt 0.856135 0.966667
vt 0.856135 0.933333
vt 1.024250 0.950000
vt 1.024250 0.966667
vt 1.024250 0.933333
vt 1.200000 0.950000
vt 1.200000 0.966667
vt 1.200000 0.933333
vt 0.000000 0.950000
vt 0.000000 0.966667
vt 0.000000 0.933333
vt 0.159336 0.950000
vt 0.159336 0.966667
vt 0.159336 0.933333
vt 0.323910 0.950000
vt 0.323910 0.966667
vt 0.323910 0.933333
vt 0.487290 0.950000
vt 0.487290 0.966667
vt 0.487290 0.933333
vt 0.608038 0.950000
vt 0.608038 0.966667
vt 0.608038 0.933333
vt 0.718727 0.950000
vt 0.718727 0.966667
vt 0.718727 0.933333
vt 0.919159 0.950000
vt 0.919159 0.966667
vt 0.919159 0.933333
vt 1.057487 0.950000
vt 1.057487 0.966667
vt 1.057487 0.933333
vt 1.200000 0.950000
vt 1.200000 0.966667
vt 1.200000 0.933333
vt 0.000000 0.950000
vt 0.000000 0.966667
vt 0.000000 0.933333
vt 0.143619 0.950000
vt 0.143619 0.966667
vt 0.143619 0.933333
vt 0.280202 0.950000
vt 0.280202 0.966667
vt 0.280202 0.933333
vt 0.413118 0.950000
vt 0.413118 0.966667
vt 0.413118 0.933333
vt 0.564022 0.950000
vt 0.564022 0.966667
vt 0.564022 0.933333
vt 0.673987 0.950000
vt 0.673987 0.966667
vt 0.673987 0.933333
vt 0.770403 0.950000
vt 0.770403 0.966667
vt 0.770403 0.933333
vt 0.946554 0.950000
vt 0.946554 0.966667
vt 0.946554 0.933333
vt 1.200000 0.950000
vt 1.200000 0.966667
vt 1.200000 0.933333
vt 0.000000 0.950000
vt 0.000000 0.966667
vt 0.000000 0.933333
vt 0.154767 0.950000
vt 0.154767 0.966667
vt 0.154767 0.933333
vt 0.299894 0.950000
vt 0.299894 0.966667
vt 0.299894 0.933333
vt 0.463067 0.950000
vt 0.463067 0.966667
vt 0.463067 0.933333
vt 0.601791 0.950000
vt 0.601791 0.966667
vt 0.601791 0.933333
vt 0.721553 0.950000
vt 0.721553 0.966667
vt 0.721553 0.933333
vt 0.842999 0.950000
vt 0.842999 0.966667
vt 0.842999 0.933333
vt 1.019927 0.950000
vt 1.019927 0.966667
vt 1.019927 0.933333
vt 1.200000 0.950000
vt 1.200000 0.966667
vt 1.200000 0.933333
vt 0.000000 0.950000
vt 0.000000 0.966667
vt 0.000000 0.933333
vt 0.163406 0.950000
vt 0.163406 0.966667
vt 0.163406 0.933333
vt 0.330008 0.950000
vt 0.330008 0.966667
vt 0.330008 0.933333
vt 0.470503 0.950000
vt 0.470503 0.966667
vt 0.470503 0.933333
vt 0.581338 0.950000
vt 0.581338 0.966667
vt 0.581338 0.933333
vt 0.742836 0.950000
vt 0.742836 0.966667
vt 0.742836 0.933333
vt 0.863089 0.950000
vt 0.863089 0.966667
vt 0.863089 0.933333
vt 0.988432 0.950000
vt 0.988432 0.966667
vt 0.988432 0.933333
vt 1.200000 0.950000
vt 1.200000 0.966667
vt 1.200000 0.933333
vt 0.000000 0.950000
vt 0.000000 0.966667
vt 0.000000 0.933333
vt 0.124966 0.950000
vt 0.124966 0.966667
vt 0.124966 0.933333
vt 0.271167 0.950000
vt 0.271167 0.966667
vt 0.271167 0.933333
vt 0.418082 0.950000
vt 0.418082 0.966667
vt 0.418082 0.933333
vt 0.557780 0.950000
vt 0.557780 0.966667
vt 0.557780 0.933333
vt 0.678113 0.950000
vt 0.678113 0.966667
vt 0.678113 0.933333
vt 0.778400 0.950000
vt 0.778400 0.966667
vt 0.778400 0.933333
vt 0.972004 0.950000
vt 0.972004 0.966667
vt 0.972004 0.933333
vt 1.200000 0.950000
vt 1.200000 0.966667
vt 1.200000 0.933333
vt 0.000000 0.950000
vt 0.000000 0.966667
vt 0.000000 0.933333
vt 0.173778 0.950000
vt 0.173778 0.966667
vt 0.173778 0.933333
vt 0.343292 0.950000
vt 0.343292 0.966667
vt 0.343292 0.933333
vt 0.508460 0.950000
vt 0.508460 0.966667
vt 0.508460 0.933333
vt 0.661253 0.950000
vt 0.661253 0.966667
vt 0.661253 0.933333
vt 0.821181 0.950000
vt 0.821181 0.966667
vt 0.821181 0.933333
vt 0.990718 0.950000
vt 0.990718 0.966667
vt 0.990718 0.933333
vt 1.082710 0.950000
vt 1.082710 0.966667
vt 1.082710 0.933333
vt 1.200000 0.950000
vt 1.200000 0.966667
vt 1.200000 0.933333
vt 0.000000 0.950000
vt 0.000000 0.966667
vt 0.000000 0.933333
vt 0.155733 0.950000
vt 0.155733 0.966667
vt 0.155733 0.933333
vt 0.316716 0.950000
vt 0.316716 0.966667
vt 0.316716 0.933333
vt 0.480217 0.950000
vt 0.480217 0.966667
vt 0.480217 0.933333
vt 0.631732 0.950000
vt 0.631732 0.966667
vt 0.631732 0.933333
vt 0.794539 0.950000
vt 0.794539 0.966667
vt 0.794539 0.933333
vt 0.933249 0.950000
vt 0.933249 0.966667
vt 0.933249 0.933333
vt 1.078793 0.950000
vt 1.078793 0.966667
vt 1.078793 0.933333
vt 1.200000 0.950000
vt 1.200000 0.966667
vt 1.200000 0.933333
vt 0.000000 0.950000
vt 0.000000 0.966667
vt 0.000000 0.933333
vt 0.167065 0.950000
vt 0.167065 0.966667
vt 0.167065 0.933333
vt 0.341041 0.950000
vt 0.341041 0.966667
vt 0.341041 0.933333
vt 0.518135 0.950000
vt 0.518135 0.966667
vt 0.518135 0.933333
vt 0.671523 0.950000
vt 0.671523 0.966667
vt 0.671523 0.933333
vt 0.806759 0.950000
vt 0.806759 0.966667
vt 0.806759 0.933333
vt 0.923876 0.950000
vt 0.923876 0.966667
vt 0.923876 0.933333
vt 1.040887 0.950000
vt 1.040887 0.966667
vt 1.040887 0.933333
vt 1.200000 0.950000
vt 1.200000 0.966667
vt 1.200000 0.933333
vt 0.000000 0.950000
vt 0.000000 0.966667
vt 0.000000 0.933333
vt 0.175761 0.950000
vt 0.175761 0.966667
vt 0.175761 0.933333
vt 0.346605 0.950000
vt 0.346605 0.966667
vt 0.346605 0.933333
vt 0.519836 0.950000
vt 0.519836 0.966667
vt 0.519836 0.933333
vt 0.676533 0.950000
vt 0.676533 0.966667
vt 0.676533 0.933333
vt 0.797831 0.950000
vt 0.797831 0.966667
vt 0.797831 0.933333
vt 0.907554 0.950000
vt 0.907554 0.966667
vt 0.907554 0.933333
vt 1.038813 0.950000
vt 1.038813 0.966667
vt 1.038813 0.933333
vt 1.200000 0.950000
vt 1.200000 0.966667
vt 1.200000 0.933333
vt 0.000000 0.950000
vt 0.000000 0.966667
vt 0.000000 0.933333
vt 0.183927 0.950000
vt 0.183927 0.966667
vt 0.183927 0.933333
vt 0.360874 0.950000
vt 0.360874 0.966667
vt 0.360874 0.933333
vt 0.541660 0.950000
vt 0.541660 0.966667
vt 0.541660 0.933333
vt 0.699645 0.950000
vt 0.699645 0.966667
vt 0.699645 0.933333
vt 0.824921 0.950000
vt 0.824921 0.966667
vt 0.824921 0.933333
vt 0.984091 0.950000
vt 0.984091 0.966667
vt 0.984091 0.933333
vt 1.122984 0.950000
vt 1.122984 0.966667
vt 1.122984 0.933333
vt 1.200000 0.950000
vt 1.200000 0.966667
vt 1.200000 0.933333
vt 0.000000 0.950000
vt 0.000000 0.966667
vt 0.000000 0.933333
vt 0.157002 0.950000
vt 0.157002 0.966667
vt 0.157002 0.933333
vt 0.309875 0.950000
vt 0.309875 0.966667
vt 0.309875 0.933333
vt 0.450255 0.950000
vt 0.450255 0.966667
vt 0.450255 0.933333
vt 0.579600 0.950000
vt 0.579600 0.966667
vt 0.579600 0.933333
vt 0.754686 0.950000
vt 0.754686 0.966667
vt 0.754686 0.933333
vt 0.944910 0.950000
vt 0.944910 0.966667
vt 0.944910 0.933333
vt 1.102750 0.950000
vt 1.102750 0.966667
vt 1.102750 0.933333
vt 1.200000 0.950000
vt 1.200000 0.966667
vt 1.200000 0.933333
vt 0.000000 0.950000
vt 0.000000 0.966667
vt 0.000000 0.933333
vt 0.160754 0.950000
vt 0.160754 0.966667
vt 0.160754 0.933333
vt 0.315440 0.950000
vt 0.315440 0.966667
vt 0.315440 0.933333
vt 0.461927 0.950000
vt 0.461927 0.966667
vt 0.461927 0.933333
vt 0.613714 0.950000
vt 0.613714 0.966667
vt 0.613714 0.933333
vt 0.769550 0.950000
vt 0.769550 0.966667
vt 0.769550 0.933333
vt 0.917001 0.950000
vt 0.917001 0.966667
vt 0.917001 0.933333
vt 1.068576 0.950000
vt 1.068576 0.966667
vt 1.068576 0.933333
vt 1.200000 0.950000
vt 1.200000 0.966667
vt 1.200000 0.933333
vt 0.000000 0.950000
vt 0.000000 0.966667
vt 0.000000 0.933333
vt 0.148172 0.950000
vt 0.148172 0.966667
vt 0.148172 0.933333
vt 0.294157 0.950000
vt 0.294157 0.966667
vt 0.294157 0.933333
vt 0.437655 0.950000
vt 0.437655 0.966667
vt 0.437655 0.933333
vt 0.569223 0.950000
vt 0.569223 0.966667
vt 0.569223 0.933333
vt 0.677838 0.950000
vt 0.677838 0.966667
vt 0.677838 0.933333
vt 0.822333 0.950000
vt 0.822333 0.966667
vt 0.822333 0.933333
vt 1.012618 0.950000
vt 1.012618 0.966667
vt 1.012618 0.933333
vt 1.200000 0.950000
vt 1.200000 0.966667
vt 1.200000 0.933333
vt 0.000000 0.950000
vt 0.000000 0.966667
vt 0.000000 0.933333
vt 0.145944 0.950000
vt 0.145944 0.966667
vt 0.145944 0.933333
vt 0.289156 0.950000
vt 0.289156 0.966667
vt 0.289156 0.933333
vt 0.454342 0.950000
vt 0.454342 0.966667
vt 0.454342 0.933333
vt 0.629448 0.950000
vt 0.629448 0.966667
vt 0.629448 0.933333
vt 0.774295 0.950000
vt 0.774295 0.966667
vt 0.774295 0.933333
vt 0.913990 0.950000
vt 0.913990 0.966667
vt 0.913990 0.933333
vt 1.027790 0.950000
vt 1.027790 0.966667
vt 1.027790 0.933333
vt 1.200000 0.950000
vt 1.200000 0.966667
vt 1.200000 0.933333
vt 0.000000 0.950000
vt 0.000000 0.966667
vt 0.000000 0.933333
vt 0.159843 0.950000
vt 0.159843 0.966667
vt 0.159843 0.933333
vt 0.330217 0.950000
vt 0.330217 0.966667
vt 0.330217 0.933333
vt 0.476209 0.950000
vt 0.476209 0.966667
vt 0.476209 0.933333
vt 0.581160 0.950000
vt 0.581160 0.966667
vt 0.581160 0.933333
vt 0.721927 0.950000
vt 0.721927 0.966667
vt 0.721927 0.933333
vt 0.885142 0.950000
vt 0.885142 0.966667
vt 0.885142 0.933333
vt 1.050680 0.950000
vt 1.050680 0.966667
vt 1.050680 0.933333
vt 1.200000 0.950000
vt 1.200000 0.966667
vt 1.200000 0.933333
vt 0.000000 0.950000
vt 0.000000 0.966667
vt 0.000000 0.933333
vt 0.181204 0.950000
vt 0.181204 0.966667
vt 0.181204 0.933333
vt 0.337562 0.950000
vt 0.337562 0.966667
vt 0.337562 0.933333
vt 0.459836 0.950000
vt 0.459836 0.966667
vt 0.459836 0.933333
vt 0.611003 0.950000
vt 0.611003 0.966667
vt 0.611003 0.933333
vt 0.846982 0.950000
vt 0.846982 0.966667
vt 0.846982 0.933333
vt 1.060398 0.950000
vt 1.060398 0.966667
vt 1.060398 0.933333
vt 1.140871 0.950000
vt 1.140871 0.966667
vt 1.140871 0.933333
vt 1.200000 0.950000
vt 1.200000 0.966667
vt 1.200000 0.933333
vt 0.000000 0.950000
vt 0.000000 0.966667
vt 0.000000 0.933333
vt 0.154317 0.950000
vt 0.154317 0.966667
vt 0.154317 0.933333
vt 0.326790 0.950000
vt 0.326790 0.966667
vt 0.326790 0.933333
vt 0.466612 0.950000
vt 0.466612 0.966667
vt 0.466612 0.933333
vt 0.584163 0.950000
vt 0.584163 0.966667
vt 0.584163 0.933333
vt 0.703852 0.950000
vt 0.703852 0.966667
vt 0.703852 0.933333
vt 0.861615 0.950000
vt 0.861615 0.966667
vt 0.861615 0.933333
vt 1.042542 0.950000
vt 1.042542 0.966667
vt 1.042542 0.933333
vt 1.200000 0.950000
vt 1.200000 0.966667
vt 1.200000 0.933333
vt 0.000000 0.950000
vt 0.000000 0.966667
vt 0.000000 0.933333
vt 0.144168 0.950000
vt 0.144168 0.966667
vt 0.144168 0.933333
vt 0.307341 0.950000
vt 0.307341 0.966667
vt 0.307341 0.933333
vt 0.502038 0.950000
vt 0.502038 0.966667
vt 0.502038 0.933333
vt 0.659445 0.950000
vt 0.659445 0.966667
vt 0.659445 0.933333
vt 0.734863 0.950000
vt 0.734863 0.966667
vt 0.734863 0.933333
vt 0.924275 0.950000
vt 0.924275 0.966667
vt 0.924275 0.933333
vt 1.117860 0.950000
vt 1.117860 0.966667
vt 1.117860 0.933333
vt 1.200000 0.950000
vt 1.200000 0.966667
vt 1.200000 0.933333
vt 0.000000 0.950000
vt 0.000000 0.966667
vt 0.000000 0.933333
vt 0.141636 0.950000
vt 0.141636 0.966667
vt 0.141636 0.933333
vt 0.300933 0.950000
vt 0.300933 0.966667
vt 0.300933 0.933333
vt 0.458452 0.950000
vt 0.458452 0.966667
vt 0.458452 0.933333
vt 0.569589 0.950000
vt 0.569589 0.966667
vt 0.569589 0.933333
vt 0.671775 0.950000
vt 0.671775 0.966667
vt 0.671775 0.933333
vt 0.837563 0.950000
vt 0.837563 0.966667
vt 0.837563 0.933333
vt 0.955496 0.950000
vt 0.955496 0.966667
vt 0.955496 0.933333
vt 1.200000 0.950000
vt 1.200000 0.966667
vt 1.200000 0.933333
vt 0.000000 0.950000
vt 0.000000 0.966667
vt 0.000000 0.933333
vt 0.163350 0.950000
vt 0.163350 0.966667
vt 0.163350 0.933333
vt 0.326064 0.950000
vt 0.326064 0.966667
vt 0.326064 0.933333
vt 0.479340 0.950000
vt 0.479340 0.966667
vt 0.479340 0.933333
vt 0.622375 0.950000
vt 0.622375 0.966667
vt 0.622375 0.933333
vt 0.759059 0.950000
vt 0.759059 0.966667
vt 0.759059 0.933333
vt 0.923356 0.950000
vt 0.923356 0.966667
vt 0.923356 0.933333
vt 1.075306 0.950000
vt 1.075306 0.966667
vt 1.075306 0.933333
vt 1.200000 0.950000
vt 1.200000 0.966667
vt 1.200000 0.933333
vt 0.000000 0.950000
vt 0.000000 0.966667
vt 0.000000 0.933333
vt 0.162134 0.950000
vt 0.162134 0.966667
vt 0.162134 0.933333
vt 0.325920 0.950000
vt 0.325920 0.966667
vt 0.325920 0.933333
vt 0.483479 0.950000
vt 0.483479 0.966667
vt 0.483479 0.933333
vt 0.630134 0.950000
vt 0.630134 0.966667
vt 0.630134 0.933333
vt 0.781808 0.950000
vt 0.781808 0.966667
vt 0.781808 0.933333
vt 0.878345 0.950000
vt 0.878345 0.966667
vt 0.878345 0.933333
vt 1.056412 0.950000
vt 1.056412 0.966667
vt 1.056412 0.933333
vt 1.200000 0.950000
vt 1.200000 0.966667
vt 1.200000 0.933333
vt 0.000000 0.950000
vt 0.000000 0.966667
vt 0.000000 0.933333
vt 0.154958 0.950000
vt 0.154958 0.966667
vt 0.154958 0.933333
vt 0.316331 0.950000
vt 0.316331 0.966667
vt 0.316331 0.933333
vt 0.457562 0.950000
vt 0.457562 0.966667
vt 0.457562 0.933333
vt 0.606017 0.950000
vt 0.606017 0.966667
vt 0.606017 0.933333
vt 0.767610 0.950000
vt 0.767610 0.966667
vt 0.767610 0.933333
vt 0.899137 0.950000
vt 0.899137 0.966667
vt 0.899137 0.933333
vt 1.037538 0.950000
vt 1.037538 0.966667
vt 1.037538 0.933333
vt 1.200000 0.950000
vt 1.200000 0.966667
vt 1.200000 0.933333
vt 0.000000 0.950000
vt 0.000000 0.966667
vt 0.000000 0.933333
vt 0.160660 0.950000
vt 0.160660 0.966667
vt 0.160660 0.933333
vt 0.322392 0.950000
vt 0.322392 0.966667
vt 0.322392 0.933333
vt 0.460887 0.950000
vt 0.460887 0.966667
vt 0.460887 0.933333
vt 0.588037 0.950000
vt 0.588037 0.966667
vt 0.588037 0.933333
vt 0.738148 0.950000
vt 0.738148 0.966667
vt 0.738148 0.933333
vt 0.901936 0.950000
vt 0.901936 0.966667
vt 0.901936 0.933333
vt 1.082174 0.950000
vt 1.082174 0.966667
vt 1.082174 0.933333
vt 1.200000 0.950000
vt 1.200000 0.966667
vt 1.200000 0.933333
vt 0.000000 0.950000
vt 0.000000 0.966667
vt 0.000000 0.933333
vt 0.151607 0.950000
vt 0.151607 0.966667
vt 0.151607 0.933333
vt 0.317067 0.950000
vt 0.317067 0.966667
vt 0.317067 0.933333
vt 0.475138 0.950000
vt 0.475138 0.966667
vt 0.475138 0.933333
vt 0.613125 0.950000
vt 0.613125 0.966667
vt 0.613125 0.933333
vt 0.743239 0.950000
vt 0.743239 0.966667
vt 0.743239 0.933333
vt 0.923482 0.950000
vt 0.923482 0.966667
vt 0.923482 0.933333
vt 1.116058 0.950000
vt 1.116058 0.966667
vt 1.116058 0.933333
vt 1.200000 0.950000
vt 1.200000 0.966667
vt 1.200000 0.933333
vt 0.000000 0.950000
vt 0.000000 0.966667
vt 0.000000 0.933333
vt 0.167548 0.950000
vt 0.167548 0.966667
vt 0.167548 0.933333
vt 0.329282 0.950000
vt 0.329282 0.966667
vt 0.329282 0.933333
vt 0.477407 0.950000
vt 0.477407 0.966667
vt 0.477407 0.933333
vt 0.625718 0.950000
vt 0.625718 0.966667
vt 0.625718 0.933333
vt 0.762996 0.950000
vt 0.762996 0.966667
vt 0.762996 0.933333
vt 0.911991 0.950000
vt 0.911991 0.966667
vt 0.911991 0.933333
vt 1.050387 0.950000
vt 1.050387 0.966667
vt 1.050387 0.933333
vt 1.200000 0.950000
vt 1.200000 0.966667
vt 1.200000 0.933333
vt 0.000000 0.950000
vt 0.000000 0.966667
vt 0.000000 0.933333
vt 0.167667 0.950000
vt 0.167667 0.966667
vt 0.167667 0.933333
vt 0.330890 0.950000
vt 0.330890 0.966667
vt 0.330890 0.933333
vt 0.486294 0.950000
vt 0.486294 0.966667
vt 0.486294 0.933333
vt 0.644820 0.950000
vt 0.644820 0.966667
vt 0.644820 0.933333
vt 0.786794 0.950000
vt 0.786794 0.966667
vt 0.786794 0.933333
vt 0.919381 0.950000
vt 0.919381 0.966667
vt 0.919381 0.933333
vt 1.079073 0.950000
vt 1.079073 0.966667
vt 1.079073 0.933333
vt 1.200000 0.950000
vt 1.200000 0.966667
vt 1.200000 0.933333
vt 0.000000 0.950000
vt 0.000000 0.966667
vt 0.000000 0.933333
vt 0.163092 0.950000
vt 0.163092 0.966667
vt 0.163092 0.933333
vt 0.322847 0.950000
vt 0.322847 0.966667
vt 0.322847 0.933333
vt 0.473556 0.950000
vt 0.473556 0.966667
vt 0.473556 0.933333
vt 0.619742 0.950000
vt 0.619742 0.966667
vt 0.619742 0.933333
vt 0.748785 0.950000
vt 0.748785 0.966667
vt 0.748785 0.933333
vt 0.893173 0.950000
vt 0.893173 0.966667
vt 0.893173 0.933333
vt 1.037042 0.950000
vt 1.037042 0.966667
vt 1.037042 0.933333
vt 1.200000 0.950000
vt 1.200000 0.966667
vt 1.200000 0.933333
vt 0.000000 0.950000
vt 0.000000 0.966667
vt 0.000000 0.933333
vt 0.163241 0.950000
vt 0.163241 0.966667
vt 0.163241 0.933333
vt 0.317674 0.950000
vt 0.317674 0.966667
vt 0.317674 0.933333
vt 0.479843 0.950000
vt 0.479843 0.966667
vt 0.479843 0.933333
vt 0.654054 0.950000
vt 0.654054 0.966667
vt 0.654054 0.933333
vt 0.822022 0.950000
vt 0.822022 0.966667
vt 0.822022 0.933333
vt 0.956701 0.950000
vt 0.956701 0.966667
vt 0.956701 0.933333
vt 1.086290 0.950000
vt 1.086290 0.966667
vt 1.086290 0.933333
vt 1.200000 0.950000
vt 1.200000 0.966667
vt 1.200000 0.933333
vt 0.000000 0.950000
vt 0.000000 0.966667
vt 0.000000 0.933333
vt 0.161306 0.950000
vt 0.161306 0.966667
vt 0.161306 0.933333
vt 0.315248 0.950000
vt 0.315248 0.966667
vt 0.315248 0.933333
vt 0.469137 0.950000
vt 0.469137 0.966667
vt 0.469137 0.933333
vt 0.633983 0.950000
vt 0.633983 0.966667
vt 0.633983 0.933333
vt 0.787143 0.950000
vt 0.787143 0.966667
vt 0.787143 0.933333
vt 0.934092 0.950000
vt 0.934092 0.966667
vt 0.934092 0.933333
vt 1.072024 0.950000
vt 1.072024 0.966667
vt 1.072024 0.933333
vt 1.200000 0.950000
vt 1.200000 0.966667
vt 1.200000 0.933333
vt 0.000000 0.950000
vt 0.000000 0.966667
vt 0.000000 0.933333
vt 0.176786 0.950000
vt 0.176786 0.966667
vt 0.176786 0.933333
vt 0.353471 0.950000
vt 0.353471 0.966667
vt 0.353471 0.933333
vt 0.516730 0.950000
vt 0.516730 0.966667
vt 0.516730 0.933333
vt 0.679302 0.950000
vt 0.679302 0.966667
vt 0.679302 0.933333
vt 0.817030 0.950000
vt 0.817030 0.966667
vt 0.817030 0.933333
vt 0.923003 0.950000
vt 0.923003 0.966667
vt 0.923003 0.933333
vt 1.027101 0.950000
vt 1.027101 0.966667
vt 1.027101 0.933333
vt 1.200000 0.950000
vt 1.200000 0.966667
vt 1.200000 0.933333
vt 0.000000 0.950000
vt 0.000000 0.966667
vt 0.000000 0.933333
vt 0.158584 0.950000
vt 0.158584 0.966667
vt 0.158584 0.933333
vt 0.310017 0.950000
vt 0.310017 0.966667
vt 0.310017 0.933333
vt 0.480391 0.950000
vt 0.480391 0.966667
vt 0.480391 0.933333
vt 0.687658 0.950000
vt 0.687658 0.966667
vt 0.687658 0.933333
vt 0.876316 0.950000
vt 0.876316 0.966667
vt 0.876316 0.933333
vt 1.056417 0.950000
vt 1.056417 0.966667
vt 1.056417 0.933333
vt 1.134492 0.950000
vt 1.134492 0.966667
vt 1.134492 0.933333
vt 1.200000 0.950000
vt 1.200000 0.966667
vt 1.200000 0.933333
vt 0.000000 0.950000
vt 0.000000 0.966667
vt 0.000000 0.933333
vt 0.147795 0.950000
vt 0.147795 0.966667
vt 0.147795 0.933333
vt 0.316695 0.950000
vt 0.316695 0.966667
vt 0.316695 0.933333
vt 0.514355 0.950000
vt 0.514355 0.966667
vt 0.514355 0.933333
vt 0.675443 0.950000
vt 0.675443 0.966667
vt 0.675443 0.933333
vt 0.808159 0.950000
vt 0.808159 0.966667
vt 0.808159 0.933333
vt 0.914488 0.950000
vt 0.914488 0.966667
vt 0.914488 0.933333
vt 1.043032 0.950000
vt 1.043032 0.966667
vt 1.043032 0.933333
vt 1.200000 0.950000
vt 1.200000 0.966667
vt 1.200000 0.933333
vt 0.000000 0.950000
vt 0.000000 0.966667
vt 0.000000 0.933333
vt 0.187390 0.950000
vt 0.187390 0.966667
vt 0.187390 0.933333
vt 0.372485 0.950000
vt 0.372485 0.966667
vt 0.372485 0.933333
vt 0.542525 0.950000
vt 0.542525 0.966667
vt 0.542525 0.933333
vt 0.722254 0.950000
vt 0.722254 0.966667
vt 0.722254 0.933333
vt 0.905526 0.950000
vt 0.905526 0.966667
vt 0.905526 0.933333
vt 1.091204 0.950000
vt 1.091204 0.966667
vt 1.091204 0.933333
vt 1.180714 0.950000
vt 1.180714 0.966667
vt 1.180714 0.933333
vt 1.200000 0.950000
vt 1.200000 0.966667
vt 1.200000 0.933333
vt 0.000000 0.950000
vt 0.000000 0.966667
vt 0.000000 0.933333
vt 0.174986 0.950000
vt 0.174986 0.966667
vt 0.174986 0.933333
vt 0.328371 0.950000
vt 0.328371 0.966667
vt 0.328371 0.933333
vt 0.451121 0.950000
vt 0.451121 0.966667
vt 0.451121 0.933333
vt 0.589162 0.950000
vt 0.589162 0.966667
vt 0.589162 0.933333
vt 0.754850 0.950000
vt 0.754850 0.966667
vt 0.754850 0.933333
vt 0.907327 0.950000
vt 0.907327 0.966667
vt 0.907327 0.933333
vt 1.055528 0.950000
vt 1.055528 0.966667
vt 1.055528 0.933333
vt 1.200000 0.950000
vt 1.200000 0.966667
vt 1.200000 0.933333
vt 0.000000 0.950000
vt 0.000000 0.966667
vt 0.000000 0.933333
vt 0.157311 0.950000
vt 0.157311 0.966667
vt 0.157311 0.933333
vt 0.305359 0.950000
vt 0.305359 0.966667
vt 0.305359 0.933333
vt 0.456221 0.950000
vt 0.456221 0.966667
vt 0.456221 0.933333
vt 0.585404 0.950000
vt 0.585404 0.966667
vt 0.585404 0.933333
vt 0.691834 0.950000
vt 0.691834 0.966667
vt 0.691834 0.933333
vt 0.848312 0.950000
vt 0.848312 0.966667
vt 0.848312 0.933333
vt 0.996250 0.950000
vt 0.996250 0.966667
vt 0.996250 0.933333
vt 1.200000 0.950000
vt 1.200000 0.966667
vt 1.200000 0.933333
vt 0.000000 0.950000
vt 0.000000 0.966667
vt 0.000000 0.933333
vt 0.162256 0.950000
vt 0.162256 0.966667
vt 0.162256 0.933333
vt 0.329279 0.950000
vt 0.329279 0.966667
vt 0.329279 0.933333
vt 0.508015 0.950000
vt 0.508015 0.966667
vt 0.508015 0.933333
vt 0.684394 0.950000
vt 0.684394 0.966667
vt 0.684394 0.933333
vt 0.835067 0.950000
vt 0.835067 0.966667
vt 0.835067 0.933333
vt 0.949526 0.950000
vt 0.949526 0.966667
vt 0.949526 0.933333
vt 1.066696 0.950000
vt 1.066696 0.966667
vt 1.066696 0.933333
vt 1.200000 0.950000
vt 1.200000 0.966667
vt 1.200000 0.933333
vt 0.000000 0.950000
vt 0.000000 0.966667
vt 0.000000 0.933333
vt 0.170847 0.950000
vt 0.170847 0.966667
vt 0.170847 0.933333
vt 0.344599 0.950000
vt 0.344599 0.966667
vt 0.344599 0.933333
vt 0.516941 0.950000
vt 0.516941 0.966667
vt 0.516941 0.933333
vt 0.644435 0.950000
vt 0.644435 0.966667
vt 0.644435 0.933333
vt 0.786081 0.950000
vt 0.786081 0.966667
vt 0.786081 0.933333
vt 0.903672 0.950000
vt 0.903672 0.966667
vt 0.903672 0.933333
vt 1.018590 0.950000
vt 1.018590 0.966667
vt 1.018590 0.933333
vt 1.200000 0.950000
vt 1.200000 0.966667
vt 1.200000 0.933333
vt 0.000000 0.950000
vt 0.000000 0.966667
vt 0.000000 0.933333
vt 0.154949 0.950000
vt 0.154949 0.966667
vt 0.154949 0.933333
vt 0.308809 0.950000
vt 0.308809 0.966667
vt 0.308809 0.933333
vt 0.467855 0.950000
vt 0.467855 0.966667
vt 0.467855 0.933333
vt 0.593122 0.950000
vt 0.593122 0.966667
vt 0.593122 0.933333
vt 0.709684 0.950000
vt 0.709684 0.966667
vt 0.709684 0.933333
vt 0.818109 0.950000
vt 0.818109 0.966667
vt 0.818109 0.933333
vt 0.958859 0.950000
vt 0.958859 0.966667
vt 0.958859 0.933333
vt 1.200000 0.950000
vt 1.200000 0.966667
vt 1.200000 0.933333
vt 0.000000 0.950000
vt 0.000000 0.966667
vt 0.000000 0.933333
vt 0.160932 0.950000
vt 0.160932 0.966667
vt 0.160932 0.933333
vt 0.331427 0.950000
vt 0.331427 0.966667
vt 0.331427 0.933333
vt 0.491203 0.950000
vt 0.491203 0.966667
vt 0.491203 0.933333
vt 0.636739 0.950000
vt 0.636739 0.966667
vt 0.636739 0.933333
vt 0.756473 0.950000
vt 0.756473 0.966667
vt 0.756473 0.933333
vt 0.857371 0.950000
vt 0.857371 0.966667
vt 0.857371 0.933333
vt 0.970403 0.950000
vt 0.970403 0.966667
vt 0.970403 0.933333
vt 1.200000 0.950000
vt 1.200000 0.966667
vt 1.200000 0.933333
vt 0.000000 0.950000
vt 0.000000 0.966667
vt 0.000000 0.933333
vt 0.136390 0.950000
vt 0.136390 0.966667
vt 0.136390 0.933333
vt 0.273497 0.950000
vt 0.273497 0.966667
vt 0.273497 0.933333
vt 0.433321 0.950000
vt 0.433321 0.966667
vt 0.433321 0.933333
vt 0.577527 0.950000
vt 0.577527 0.966667
vt 0.577527 0.933333
vt 0.732757 0.950000
vt 0.732757 0.966667
vt 0.732757 0.933333
vt 0.871458 0.950000
vt 0.871458 0.966667
vt 0.871458 0.933333
vt 1.009416 0.950000
vt 1.009416 0.966667
vt 1.009416 0.933333
vt 1.200000 0.950000
vt 1.200000 0.966667
vt 1.200000 0.933333
vt 0.000000 0.950000
vt 0.000000 0.966667
vt 0.000000 0.933333
vt 0.141365 0.950000
vt 0.141365 0.966667
vt 0.141365 0.933333
vt 0.283930 0.950000
vt 0.283930 0.966667
vt 0.283930 0.933333
vt 0.449604 0.950000
vt 0.449604 0.966667
vt 0.449604 0.933333
vt 0.566187 0.950000
vt 0.566187 0.966667
vt 0.566187 0.933333
vt 0.650233 0.950000
vt 0.650233 0.966667
vt 0.650233 0.933333
vt 0.772806 0.950000
vt 0.772806 0.966667
vt 0.772806 0.933333
vt 0.950084 0.950000
vt 0.950084 0.966667
vt 0.950084 0.933333
vt 1.200000 0.950000
vt 1.200000 0.966667
vt 1.200000 0.933333
vt 0.000000 0.950000
vt 0.000000 0.966667
vt 0.000000 0.933333
vt 0.130708 0.950000
vt 0.130708 0.966667
vt 0.130708 0.933333
vt 0.280651 0.950000
vt 0.280651 0.966667
vt 0.280651 0.933333
vt 0.428671 0.950000
vt 0.428671 0.966667
vt 0.428671 0.933333
vt 0.573664 0.950000
vt 0.573664 0.966667
vt 0.573664 0.933333
vt 0.724929 0.950000
vt 0.724929 0.966667
vt 0.724929 0.933333
vt 0.859566 0.950000
vt 0.859566 0.966667
vt 0.859566 0.933333
vt 1.002702 0.950000
vt 1.002702 0.966667
vt 1.002702 0.933333
vt 1.200000 0.950000
vt 1.200000 0.966667
vt 1.200000 0.933333
vt 0.000000 0.950000
vt 0.000000 0.966667
vt 0.000000 0.933333
vt 0.164564 0.950000
vt 0.164564 0.966667
vt 0.164564 0.933333
vt 0.320122 0.950000
vt 0.320122 0.966667
vt 0.320122 0.933333
vt 0.484397 0.950000
vt 0.484397 0.966667
vt 0.484397 0.933333
vt 0.664031 0.950000
vt 0.664031 0.966667
vt 0.664031 0.933333
vt 0.820050 0.950000
vt 0.820050 0.966667
vt 0.820050 0.933333
vt 0.943039 0.950000
vt 0.943039 0.966667
vt 0.943039 0.933333
vt 1.073491 0.950000
vt 1.073491 0.966667
vt 1.073491 0.933333
vt 1.200000 0.950000
vt 1.200000 0.966667
vt 1.200000 0.933333
vt 0.000000 0.950000
vt 0.000000 0.966667
vt 0.000000 0.933333
vt 0.156714 0.950000
vt 0.156714 0.966667
vt 0.156714 0.933333
vt 0.293830 0.950000
vt 0.293830 0.966667
vt 0.293830 0.933333
vt 0.405193 0.950000
vt 0.405193 0.966667
vt 0.405193 0.933333
vt 0.549482 0.950000
vt 0.549482 0.966667
vt 0.549482 0.933333
vt 0.730848 0.950000
vt 0.730848 0.966667
vt 0.730848 0.933333
vt 0.903295 0.950000
vt 0.903295 0.966667
vt 0.903295 0.933333
vt 1.018665 0.950000
vt 1.018665 0.966667
vt 1.018665 0.933333
vt 1.200000 0.950000
vt 1.200000 0.966667
vt 1.200000 0.933333
vt 0.000000 0.950000
vt 0.000000 0.966667
vt 0.000000 0.933333
vt 0.138338 0.950000
vt 0.138338 0.966667
vt 0.138338 0.933333
vt 0.266408 0.950000
vt 0.266408 0.966667
vt 0.266408 0.933333
vt 0.411198 0.950000
vt 0.411198 0.966667
vt 0.411198 0.933333
vt 0.586010 0.950000
vt 0.586010 0.966667
vt 0.586010 0.933333
vt 0.728775 0.950000
vt 0.728775 0.966667
vt 0.728775 0.933333
vt 0.953779 0.950000
vt 0.953779 0.966667
vt 0.953779 0.933333
vt 1.112029 0.950000
vt 1.112029 0.966667
vt 1.112029 0.933333
vt 1.200000 0.950000
vt 1.200000 0.966667
vt 1.200000 0.933333
vt 0.000000 0.950000
vt 0.000000 0.966667
vt 0.000000 0.933333
vt 0.133762 0.950000
vt 0.133762 0.966667
vt 0.133762 0.933333
vt 0.275928 0.950000
vt 0.275928 0.966667
vt 0.275928 0.933333
vt 0.423512 0.950000
vt 0.423512 0.966667
vt 0.423512 0.933333
vt 0.561798 0.950000
vt 0.561798 0.966667
vt 0.561798 0.933333
vt 0.689969 0.950000
vt 0.689969 0.966667
vt 0.689969 0.933333
vt 0.833775 0.950000
vt 0.833775 0.966667
vt 0.833775 0.933333
vt 1.005564 0.950000
vt 1.005564 0.966667
vt 1.005564 0.933333
vt 1.200000 0.950000
vt 1.200000 0.966667
vt 1.200000 0.933333
vt 0.000000 0.950000
vt 0.000000 0.966667
vt 0.000000 0.933333
vt 0.153350 0.950000
vt 0.153350 0.966667
vt 0.153350 0.933333
vt 0.310643 0.950000
vt 0.310643 0.966667
vt 0.310643 0.933333
vt 0.458470 0.950000
vt 0.458470 0.966667
vt 0.458470 0.933333
vt 0.603755 0.950000
vt 0.603755 0.966667
vt 0.603755 0.933333
vt 0.763416 0.950000
vt 0.763416 0.966667
vt 0.763416 0.933333
vt 0.948407 0.950000
vt 0.948407 0.966667
vt 0.948407 0.933333
vt 1.052822 0.950000
vt 1.052822 0.966667
vt 1.052822 0.933333
vt 1.200000 0.950000
vt 1.200000 0.966667
vt 1.200000 0.933333
vt 0.000000 0.950000
vt 0.000000 0.966667
vt 0.000000 0.933333
vt 0.127480 0.950000
vt 0.127480 0.966667
vt 0.127480 0.933333
vt 0.245515 0.950000
vt 0.245515 0.966667
vt 0.245515 0.933333
vt 0.346210 0.950000
vt 0.346210 0.966667
vt 0.346210 0.933333
vt 0.474556 0.950000
vt 0.474556 0.966667
vt 0.474556 0.933333
vt 0.635051 0.950000
vt 0.635051 0.966667
vt 0.635051 0.933333
vt 0.782554 0.950000
vt 0.782554 0.966667
vt 0.782554 0.933333
vt 0.981586 0.950000
vt 0.981586 0.966667
vt 0.981586 0.933333
vt 1.200000 0.950000
vt 1.200000 0.966667
vt 1.200000 0.933333
vt 0.000000 0.950000
vt 0.000000 0.966667
vt 0.000000 0.933333
vt 0.138955 0.950000
vt 0.138955 0.966667
vt 0.138955 0.933333
vt 0.287543 0.950000
vt 0.287543 0.966667
vt 0.287543 0.933333
vt 0.457957 0.950000
vt 0.457957 0.966667
vt 0.457957 0.933333
vt 0.630327 0.950000
vt 0.630327 0.966667
vt 0.630327 0.933333
vt 0.786021 0.950000
vt 0.786021 0.966667
vt 0.786021 0.933333
vt 0.926822 0.950000
vt 0.926822 0.966667
vt 0.926822 0.933333
vt 1.040446 0.950000
vt 1.040446 0.966667
vt 1.040446 0.933333
vt 1.200000 0.950000
vt 1.200000 0.966667
vt 1.200000 0.933333
vt 0.000000 0.950000
vt 0.000000 0.966667
vt 0.000000 0.933333
vt 0.185859 0.950000
vt 0.185859 0.966667
vt 0.185859 0.933333
vt 0.346100 0.950000
vt 0.346100 0.966667
vt 0.346100 0.933333
vt 0.513139 0.950000
vt 0.513139 0.966667
vt 0.513139 0.933333
vt 0.701122 0.950000
vt 0.701122 0.966667
vt 0.701122 0.933333
vt 0.866183 0.950000
vt 0.866183 0.966667
vt 0.866183 0.933333
vt 1.030966 0.950000
vt 1.030966 0.966667
vt 1.030966 0.933333
vt 1.114418 0.950000
vt 1.114418 0.966667
vt 1.114418 0.933333
vt 1.200000 0.950000
vt 1.200000 0.966667
vt 1.200000 0.933333
vt 0.000000 0.950000
vt 0.000000 0.966667
vt 0.000000 0.933333
vt 0.131988 0.950000
vt 0.131988 0.966667
vt 0.131988 0.933333
vt 0.248428 0.950000
vt 0.248428 0.966667
vt 0.248428 0.933333
vt 0.395254 0.950000
vt 0.395254 0.966667
vt 0.395254 0.933333
vt 0.542214 0.950000
vt 0.542214 0.966667
vt 0.542214 0.933333
vt 0.746771 0.950000
vt 0.746771 0.966667
vt 0.746771 0.933333
vt 0.906608 0.950000
vt 0.906608 0.966667
vt 0.906608 0.933333
vt 0.986703 0.950000
vt 0.986703 0.966667
vt 0.986703 0.933333
vt 1.200000 0.950000
vt 1.200000 0.966667
vt 1.200000 0.933333
vt 0.000000 0.950000
vt 0.000000 0.966667
vt 0.000000 0.933333
vt 0.130764 0.950000
vt 0.130764 0.966667
vt 0.130764 0.933333
vt 0.267662 0.950000
vt 0.267662 0.966667
vt 0.267662 0.933333
vt 0.426004 0.950000
vt 0.426004 0.966667
vt 0.426004 0.933333
vt 0.594398 0.950000
vt 0.594398 0.966667
vt 0.594398 0.933333
vt 0.727914 0.950000
vt 0.727914 0.966667
vt 0.727914 0.933333
vt 0.856662 0.950000
vt 0.856662 0.966667
vt 0.856662 0.933333
vt 1.009779 0.950000
vt 1.009779 0.966667
vt 1.009779 0.933333
vt 1.200000 0.950000
vt 1.200000 0.966667
vt 1.200000 0.933333
vt 0.000000 0.950000
vt 0.000000 0.966667
vt 0.000000 0.933333
vt 0.139699 0.950000
vt 0.139699 0.966667
vt 0.139699 0.933333
vt 0.277590 0.950000
vt 0.277590 0.966667
vt 0.277590 0.933333
vt 0.430193 0.950000
vt 0.430193 0.966667
vt 0.430193 0.933333
vt 0.574701 0.950000
vt 0.574701 0.966667
vt 0.574701 0.933333
vt 0.735547 0.950000
vt 0.735547 0.966667
vt 0.735547 0.933333
vt 0.890554 0.950000
vt 0.890554 0.966667
vt 0.890554 0.933333
vt 1.058516 0.950000
vt 1.058516 0.966667
vt 1.058516 0.933333
vt 1.200000 0.950000
vt 1.200000 0.966667
vt 1.200000 0.933333
vt 0.000000 0.950000
vt 0.000000 0.966667
vt 0.000000 0.933333
vt 0.144305 0.950000
vt 0.144305 0.966667
vt 0.144305 0.933333
vt 0.299924 0.950000
vt 0.299924 0.966667
vt 0.299924 0.933333
vt 0.463438 0.950000
vt 0.463438 0.966667
vt 0.463438 0.933333
vt 0.603397 0.950000
vt 0.603397 0.966667
vt 0.603397 0.933333
vt 0.755278 0.950000
vt 0.755278 0.966667
vt 0.755278 0.933333
vt 0.930788 0.950000
vt 0.930788 0.966667
vt 0.930788 0.933333
vt 1.115734 0.950000
vt 1.115734 0.966667
vt 1.115734 0.933333
vt 1.200000 0.950000
vt 1.200000 0.966667
vt 1.200000 0.933333
vt 0.000000 0.950000
vt 0.000000 0.966667
vt 0.000000 0.933333
vt 0.150228 0.950000
vt 0.150228 0.966667
vt 0.150228 0.933333
vt 0.324823 0.950000
vt 0.324823 0.966667
vt 0.324823 0.933333
vt 0.511240 0.950000
vt 0.511240 0.966667
vt 0.511240 0.933333
vt 0.637918 0.950000
vt 0.637918 0.966667
vt 0.637918 0.933333
vt 0.783124 0.950000
vt 0.783124 0.966667
vt 0.783124 0.933333
vt 0.994164 0.950000
vt 0.994164 0.966667
vt 0.994164 0.933333
vt 1.130042 0.950000
vt 1.130042 0.966667
vt 1.130042 0.933333
vt 1.200000 0.950000
vt 1.200000 0.966667
vt 1.200000 0.933333
vt 0.000000 0.950000
vt 0.000000 0.966667
vt 0.000000 0.933333
vt 0.122813 0.950000
vt 0.122813 0.966667
vt 0.122813 0.933333
vt 0.245158 0.950000
vt 0.245158 0.966667
vt 0.245158 0.933333
vt 0.364437 0.950000
vt 0.364437 0.966667
vt 0.364437 0.933333
vt 0.489166 0.950000
vt 0.489166 0.966667
vt 0.489166 0.933333
vt 0.637709 0.950000
vt 0.637709 0.966667
vt 0.637709 0.933333
vt 0.832475 0.950000
vt 0.832475 0.966667
vt 0.832475 0.933333
vt 1.065930 0.950000
vt 1.065930 0.966667
vt 1.065930 0.933333
vt 1.200000 0.950000
vt 1.200000 0.966667
vt 1.200000 0.933333
vt 0.000000 0.950000
vt 0.000000 0.966667
vt 0.000000 0.933333
vt 0.155568 0.950000
vt 0.155568 0.966667
vt 0.155568 0.933333
vt 0.292078 0.950000
vt 0.292078 0.966667
vt 0.292078 0.933333
vt 0.423045 0.950000
vt 0.423045 0.966667
vt 0.423045 0.933333
vt 0.572133 0.950000
vt 0.572133 0.966667
vt 0.572133 0.933333
vt 0.687001 0.950000
vt 0.687001 0.966667
vt 0.687001 0.933333
vt 0.816800 0.950000
vt 0.816800 0.966667
vt 0.816800 0.933333
vt 1.043462 0.950000
vt 1.043462 0.966667
vt 1.043462 0.933333
vt 1.200000 0.950000
vt 1.200000 0.966667
vt 1.200000 0.933333
vt 0.000000 0.950000
vt 0.000000 0.966667
vt 0.000000 0.933333
vt 0.156033 0.950000
vt 0.156033 0.966667
vt 0.156033 0.933333
vt 0.314799 0.950000
vt 0.314799 0.966667
vt 0.314799 0.933333
vt 0.541273 0.950000
vt 0.541273 0.966667
vt 0.541273 0.933333
vt 0.791547 0.950000
vt 0.791547 0.966667
vt 0.791547 0.933333
vt 0.955639 0.950000
vt 0.955639 0.966667
vt 0.955639 0.933333
vt 1.038525 0.950000
vt 1.038525 0.966667
vt 1.038525 0.933333
vt 1.101165 0.950000
vt 1.101165 0.966667
vt 1.101165 0.933333
vt 1.200000 0.950000
vt 1.200000 0.966667
vt 1.200000 0.933333
vt 0.000000 0.950000
vt 0.000000 0.966667
vt 0.000000 0.933333
vt 0.153537 0.950000
vt 0.153537 0.966667
vt 0.153537 0.933333
vt 0.308654 0.950000
vt 0.308654 0.966667
vt 0.308654 0.933333
vt 0.470398 0.950000
vt 0.470398 0.966667
vt 0.470398 0.933333
vt 0.632853 0.950000
vt 0.632853 0.966667
vt 0.632853 0.933333
vt 0.774250 0.950000
vt 0.774250 0.966667
vt 0.774250 0.933333
vt 0.930061 0.950000
vt 0.930061 0.966667
vt 0.930061 0.933333
vt 1.045246 0.950000
vt 1.045246 0.966667
vt 1.045246 0.933333
vt 1.200000 0.950000
vt 1.200000 0.966667
vt 1.200000 0.933333
vt 0.000000 0.950000
vt 0.000000 0.966667
vt 0.000000 0.933333
vt 0.141849 0.950000
vt 0.141849 0.966667
vt 0.141849 0.933333
vt 0.294180 0.950000
vt 0.294180 0.966667
vt 0.294180 0.933333
vt 0.458660 0.950000
vt 0.458660 0.966667
vt 0.458660 0.933333
vt 0.613641 0.950000
vt 0.613641 0.966667
vt 0.613641 0.933333
vt 0.741464 0.950000
vt 0.741464 0.966667
vt 0.741464 0.933333
vt 0.906419 0.950000
vt 0.906419 0.966667
vt 0.906419 0.933333
vt 1.074406 0.950000
vt 1.074406 0.966667
vt 1.074406 0.933333
vt 1.200000 0.950000
vt 1.200000 0.966667
vt 1.200000 0.933333
vt 0.000000 0.950000
vt 0.000000 0.966667
vt 0.000000 0.933333
vt 0.159056 0.950000
vt 0.159056 0.966667
vt 0.159056 0.933333
vt 0.333364 0.950000
vt 0.333364 0.966667
vt 0.333364 0.933333
vt 0.489417 0.950000
vt 0.489417 0.966667
vt 0.489417 0.933333
vt 0.676907 0.950000
vt 0.676907 0.966667
vt 0.676907 0.933333
vt 0.847469 0.950000
vt 0.847469 0.966667
vt 0.847469 0.933333
vt 0.884532 0.950000
vt 0.884532 0.966667
vt 0.884532 0.933333
vt 0.953800 0.950000
vt 0.953800 0.966667
vt 0.953800 0.933333
vt 1.200000 0.950000
vt 1.200000 0.966667
vt 1.200000 0.933333
vt 0.000000 0.950000
vt 0.000000 0.966667
vt 0.000000 0.933333
vt 0.149713 0.950000
vt 0.149713 0.966667
vt 0.149713 0.933333
vt 0.316111 0.950000
vt 0.316111 0.966667
vt 0.316111 0.933333
vt 0.478866 0.950000
vt 0.478866 0.966667
vt 0.478866 0.933333
vt 0.666599 0.950000
vt 0.666599 0.966667
vt 0.666599 0.933333
vt 0.776421 0.950000
vt 0.776421 0.966667
vt 0.776421 0.933333
vt 0.820478 0.950000
vt 0.820478 0.966667
vt 0.820478 0.933333
vt 0.930777 0.950000
vt 0.930777 0.966667
vt 0.930777 0.933333
vt 1.200000 0.950000
vt 1.200000 0.966667
vt 1.200000 0.933333
vt 0.000000 0.950000
vt 0.000000 0.966667
vt 0.000000 0.933333
vt 0.146687 0.950000
vt 0.146687 0.966667
vt 0.146687 0.933333
vt 0.289477 0.950000
vt 0.289477 0.966667
vt 0.289477 0.933333
vt 0.426625 0.950000
vt 0.426625 0.966667
vt 0.426625 0.933333
vt 0.536773 0.950000
vt 0.536773 0.966667
vt 0.536773 0.933333
vt 0.676696 0.950000
vt 0.676696 0.966667
vt 0.676696 0.933333
vt 0.842945 0.950000
vt 0.842945 0.966667
vt 0.842945 0.933333
vt 1.052252 0.950000
vt 1.052252 0.966667
vt 1.052252 0.933333
vt 1.200000 0.950000
vt 1.200000 0.966667
vt 1.200000 0.933333
vt 0.000000 0.950000
vt 0.000000 0.966667
vt 0.000000 0.933333
vt 0.127434 0.950000
vt 0.127434 0.966667
vt 0.127434 0.933333
vt 0.235740 0.950000
vt 0.235740 0.966667
vt 0.235740 0.933333
vt 0.364477 0.950000
vt 0.364477 0.966667
vt 0.364477 0.933333
vt 0.518788 0.950000
vt 0.518788 0.966667
vt 0.518788 0.933333
vt 0.674083 0.950000
vt 0.674083 0.966667
vt 0.674083 0.933333
vt 0.841645 0.950000
vt 0.841645 0.966667
vt 0.841645 0.933333
vt 1.038189 0.950000
vt 1.038189 0.966667
vt 1.038189 0.933333
vt 1.200000 0.950000
vt 1.200000 0.966667
vt 1.200000 0.933333
vt 0.000000 0.950000
vt 0.000000 0.966667
vt 0.000000 0.933333
vt 0.141688 0.950000
vt 0.141688 0.966667
vt 0.141688 0.933333
vt 0.308271 0.950000
vt 0.308271 0.966667
vt 0.308271 0.933333
vt 0.497480 0.950000
vt 0.497480 0.966667
vt 0.497480 0.933333
vt 0.649782 0.950000
vt 0.649782 0.966667
vt 0.649782 0.933333
vt 0.742211 0.950000
vt 0.742211 0.966667
vt 0.742211 0.933333
vt 0.819980 0.950000
vt 0.819980 0.966667
vt 0.819980 0.933333
vt 1.019855 0.950000
vt 1.019855 0.966667
vt 1.019855 0.933333
vt 1.200000 0.950000
vt 1.200000 0.966667
vt 1.200000 0.933333
vt 0.000000 0.950000
vt 0.000000 0.966667
vt 0.000000 0.933333
vt 0.161391 0.950000
vt 0.161391 0.966667
vt 0.161391 0.933333
vt 0.341746 0.950000
vt 0.341746 0.966667
vt 0.341746 0.933333
vt 0.517096 0.950000
vt 0.517096 0.966667
vt 0.517096 0.933333
vt 0.651077 0.950000
vt 0.651077 0.966667
vt 0.651077 0.933333
vt 0.777353 0.950000
vt 0.777353 0.966667
vt 0.777353 0.933333
vt 0.852778 0.950000
vt 0.852778 0.966667
vt 0.852778 0.933333
vt 1.033816 0.950000
vt 1.033816 0.966667
vt 1.033816 0.933333
vt 1.200000 0.950000
vt 1.200000 0.966667
vt 1.200000 0.933333
vt 0.000000 0.950000
vt 0.000000 0.966667
vt 0.000000 0.933333
vt 0.120722 0.950000
vt 0.120722 0.966667
vt 0.120722 0.933333
vt 0.249299 0.950000
vt 0.249299 0.966667
vt 0.249299 0.933333
vt 0.380293 0.950000
vt 0.380293 0.966667
vt 0.380293 0.933333
vt 0.511986 0.950000
vt 0.511986 0.966667
vt 0.511986 0.933333
vt 0.661721 0.950000
vt 0.661721 0.966667
vt 0.661721 0.933333
vt 0.836719 0.950000
vt 0.836719 0.966667
vt 0.836719 0.933333
vt 1.022001 0.950000
vt 1.022001 0.966667
vt 1.022001 0.933333
vt 1.200000 0.950000
vt 1.200000 0.966667
vt 1.200000 0.933333
vt 0.000000 0.950000
vt 0.000000 0.966667
vt 0.000000 0.933333
vt 0.176094 0.950000
vt 0.176094 0.966667
vt 0.176094 0.933333
vt 0.384139 0.950000
vt 0.384139 0.966667
vt 0.384139 0.933333
vt 0.630231 0.950000
vt 0.630231 0.966667
vt 0.630231 0.933333
vt 0.770312 0.950000
vt 0.770312 0.966667
vt 0.770312 0.933333
vt 0.863307 0.950000
vt 0.863307 0.966667
vt 0.863307 0.933333
vt 0.929234 0.950000
vt 0.929234 0.966667
vt 0.929234 0.933333
vt 1.152960 0.950000
vt 1.152960 0.966667
vt 1.152960 0.933333
vt 1.200000 0.950000
vt 1.200000 0.966667
vt 1.200000 0.933333
vt 0.000000 0.950000
vt 0.000000 0.966667
vt 0.000000 0.933333
vt 0.154976 0.950000
vt 0.154976 0.966667
vt 0.154976 0.933333
vt 0.318641 0.950000
vt 0.318641 0.966667
vt 0.318641 0.933333
vt 0.429055 0.950000
vt 0.429055 0.966667
vt 0.429055 0.933333
vt 0.561585 0.950000
vt 0.561585 0.966667
vt 0.561585 0.933333
vt 0.751328 0.950000
vt 0.751328 0.966667
vt 0.751328 0.933333
vt 0.964996 0.950000
vt 0.964996 0.966667
vt 0.964996 0.933333
vt 1.077109 0.950000
vt 1.077109 0.966667
vt 1.077109 0.933333
vt 1.200000 0.950000
vt 1.200000 0.966667
vt 1.200000 0.933333
vt 0.000000 0.950000
vt 0.000000 0.966667
vt 0.000000 0.933333
vt 0.172875 0.950000
vt 0.172875 0.966667
vt 0.172875 0.933333
vt 0.369721 0.950000
vt 0.369721 0.966667
vt 0.369721 0.933333
vt 0.523808 0.950000
vt 0.523808 0.966667
vt 0.523808 0.933333
vt 0.620940 0.950000
vt 0.620940 0.966667
vt 0.620940 0.933333
vt 0.732809 0.950000
vt 0.732809 0.966667
vt 0.732809 0.933333
vt 0.903359 0.950000
vt 0.903359 0.966667
vt 0.903359 0.933333
vt 1.150445 0.950000
vt 1.150445 0.966667
vt 1.150445 0.933333
vt 1.200000 0.950000
vt 1.200000 0.966667
vt 1.200000 0.933333
vt 0.000000 0.950000
vt 0.000000 0.966667
vt 0.000000 0.933333
vt 0.116199 0.950000
vt 0.116199 0.966667
vt 0.116199 0.933333
vt 0.232846 0.950000
vt 0.232846 0.966667
vt 0.232846 0.933333
vt 0.344323 0.950000
vt 0.344323 0.966667
vt 0.344323 0.933333
vt 0.459519 0.950000
vt 0.459519 0.966667
vt 0.459519 0.933333
vt 0.615889 0.950000
vt 0.615889 0.966667
vt 0.615889 0.933333
vt 0.829925 0.950000
vt 0.829925 0.966667
vt 0.829925 0.933333
vt 1.012813 0.950000
vt 1.012813 0.966667
vt 1.012813 0.933333
vt 1.200000 0.950000
vt 1.200000 0.966667
vt 1.200000 0.933333
vt 0.000000 0.950000
vt 0.000000 0.966667
vt 0.000000 0.933333
vt 0.129641 0.950000
vt 0.129641 0.966667
vt 0.129641 0.933333
vt 0.257066 0.950000
vt 0.257066 0.966667
vt 0.257066 0.933333
vt 0.400096 0.950000
vt 0.400096 0.966667
vt 0.400096 0.933333
vt 0.581875 0.950000
vt 0.581875 0.966667
vt 0.581875 0.933333
vt 0.742725 0.950000
vt 0.742725 0.966667
vt 0.742725 0.933333
vt 0.883608 0.950000
vt 0.883608 0.966667
vt 0.883608 0.933333
vt 1.041149 0.950000
vt 1.041149 0.966667
vt 1.041149 0.933333
vt 1.200000 0.950000
vt 1.200000 0.966667
vt 1.200000 0.933333
vt 0.000000 0.950000
vt 0.000000 0.966667
vt 0.000000 0.933333
vt 0.137560 0.950000
vt 0.137560 0.966667
vt 0.137560 0.933333
vt 0.272263 0.950000
vt 0.272263 0.966667
vt 0.272263 0.933333
vt 0.413943 0.950000
vt 0.413943 0.966667
vt 0.413943 0.933333
vt 0.517479 0.950000
vt 0.517479 0.966667
vt 0.517479 0.933333
vt 0.651101 0.950000
vt 0.651101 0.966667
vt 0.651101 0.933333
vt 0.848567 0.950000
vt 0.848567 0.966667
vt 0.848567 0.933333
vt 1.035416 0.950000
vt 1.035416 0.966667
vt 1.035416 0.933333
vt 1.200000 0.950000
vt 1.200000 0.966667
vt 1.200000 0.933333
vt 0.000000 0.950000
vt 0.000000 0.966667
vt 0.000000 0.933333
vt 0.135440 0.950000
vt 0.135440 0.966667
vt 0.135440 0.933333
vt 0.263859 0.950000
vt 0.263859 0.966667
vt 0.263859 0.933333
vt 0.403135 0.950000
vt 0.403135 0.966667
vt 0.403135 0.933333
vt 0.517729 0.950000
vt 0.517729 0.966667
vt 0.517729 0.933333
vt 0.679208 0.950000
vt 0.679208 0.966667
vt 0.679208 0.933333
vt 0.892493 0.950000
vt 0.892493 0.966667
vt 0.892493 0.933333
vt 1.049228 0.950000
vt 1.049228 0.966667
vt 1.049228 0.933333
vt 1.200000 0.950000
vt 1.200000 0.966667
vt 1.200000 0.933333
vt 0.000000 0.950000
vt 0.000000 0.966667
vt 0.000000 0.933333
vt 0.143420 0.950000
vt 0.143420 0.966667
vt 0.143420 0.933333
vt 0.283107 0.950000
vt 0.283107 0.966667
vt 0.283107 0.933333
vt 0.410560 0.950000
vt 0.410560 0.966667
vt 0.410560 0.933333
vt 0.552544 0.950000
vt 0.552544 0.966667
vt 0.552544 0.933333
vt 0.729013 0.950000
vt 0.729013 0.966667
vt 0.729013 0.933333
vt 0.855770 0.950000
vt 0.855770 0.966667
vt 0.855770 0.933333
vt 0.993830 0.950000
vt 0.993830 0.966667
vt 0.993830 0.933333
vt 1.200000 0.950000
vt 1.200000 0.966667
vt 1.200000 0.933333
vt 0.000000 0.950000
vt 0.000000 0.966667
vt 0.000000 0.933333
vt 0.142397 0.950000
vt 0.142397 0.966667
vt 0.142397 0.933333
vt 0.296165 0.950000
vt 0.296165 0.966667
vt 0.296165 0.933333
vt 0.490398 0.950000
vt 0.490398 0.966667
vt 0.490398 0.933333
vt 0.664504 0.950000
vt 0.664504 0.966667
vt 0.664504 0.933333
vt 0.827457 0.950000
vt 0.827457 0.966667
vt 0.827457 0.933333
vt 0.944282 0.950000
vt 0.944282 0.966667
vt 0.944282 0.933333
vt 1.038802 0.950000
vt 1.038802 0.966667
vt 1.038802 0.933333
vt 1.200000 0.950000
vt 1.200000 0.966667
vt 1.200000 0.933333
vt 0.000000 0.950000
vt 0.000000 0.966667
vt 0.000000 0.933333
vt 0.132516 0.950000
vt 0.132516 0.966667
vt 0.132516 0.933333
vt 0.259629 0.950000
vt 0.259629 0.966667
vt 0.259629 0.933333
vt 0.375078 0.950000
vt 0.375078 0.966667
vt 0.375078 0.933333
vt 0.496563 0.950000
vt 0.496563 0.966667
vt 0.496563 0.933333
vt 0.642750 0.950000
vt 0.642750 0.966667
vt 0.642750 0.933333
vt 0.793463 0.950000
vt 0.793463 0.966667
vt 0.793463 0.933333
vt 0.962384 0.950000
vt 0.962384 0.966667
vt 0.962384 0.933333
vt 1.200000 0.950000
vt 1.200000 0.966667
vt 1.200000 0.933333
vt 0.000000 0.950000
vt 0.000000 0.966667
vt 0.000000 0.933333
vt 0.153032 0.950000
vt 0.153032 0.966667
vt 0.153032 0.933333
vt 0.281624 0.950000
vt 0.281624 0.966667
vt 0.281624 0.933333
vt 0.411431 0.950000
vt 0.411431 0.966667
vt 0.411431 0.933333
vt 0.566701 0.950000
vt 0.566701 0.966667
vt 0.566701 0.933333
vt 0.683868 0.950000
vt 0.683868 0.966667
vt 0.683868 0.933333
vt 0.841974 0.950000
vt 0.841974 0.966667
vt 0.841974 0.933333
vt 1.065753 0.950000
vt 1.065753 0.966667
vt 1.065753 0.933333
vt 1.200000 0.950000
vt 1.200000 0.966667
vt 1.200000 0.933333
vt 0.000000 0.950000
vt 0.000000 0.966667
vt 0.000000 0.933333
vt 0.130206 0.950000
vt 0.130206 0.966667
vt 0.130206 0.933333
vt 0.243735 0.950000
vt 0.243735 0.966667
vt 0.243735 0.933333
vt 0.359204 0.950000
vt 0.359204 0.966667
vt 0.359204 0.933333
vt 0.501911 0.950000
vt 0.501911 0.966667
vt 0.501911 0.933333
vt 0.682434 0.950000
vt 0.682434 0.966667
vt 0.682434 0.933333
vt 0.855273 0.950000
vt 0.855273 0.966667
vt 0.855273 0.933333
vt 1.024562 0.950000
vt 1.024562 0.966667
vt 1.024562 0.933333
vt 1.200000 0.950000
vt 1.200000 0.966667
vt 1.200000 0.933333
vt 0.000000 0.950000
vt 0.000000 0.966667
vt 0.000000 0.933333
vt 0.126904 0.950000
vt 0.126904 0.966667
vt 0.126904 0.933333
vt 0.246678 0.950000
vt 0.246678 0.966667
vt 0.246678 0.933333
vt 0.361104 0.950000
vt 0.361104 0.966667
vt 0.361104 0.933333
vt 0.456106 0.950000
vt 0.456106 0.966667
vt 0.456106 0.933333
vt 0.574954 0.950000
vt 0.574954 0.966667
vt 0.574954 0.933333
vt 0.755689 0.950000
vt 0.755689 0.966667
vt 0.755689 0.933333
vt 0.976518 0.950000
vt 0.976518 0.966667
vt 0.976518 0.933333
vt 1.200000 0.950000
vt 1.200000 0.966667
vt 1.200000 0.933333
vt 0.000000 0.950000
vt 0.000000 0.966667
vt 0.000000 0.933333
vt 0.156777 0.950000
vt 0.156777 0.966667
vt 0.156777 0.933333
vt 0.288159 0.950000
vt 0.288159 0.966667
vt 0.288159 0.933333
vt 0.448116 0.950000
vt 0.448116 0.966667
vt 0.448116 0.933333
vt 0.640418 0.950000
vt 0.640418 0.966667
vt 0.640418 0.933333
vt 0.768216 0.950000
vt 0.768216 0.966667
vt 0.768216 0.933333
vt 0.888772 0.950000
vt 0.888772 0.966667
vt 0.888772 0.933333
vt 1.104983 0.950000
vt 1.104983 0.966667
vt 1.104983 0.933333
vt 1.200000 0.950000
vt 1.200000 0.966667
vt 1.200000 0.933333
vt 0.000000 0.950000
vt 0.000000 0.966667
vt 0.000000 0.933333
vt 0.136833 0.950000
vt 0.136833 0.966667
vt 0.136833 0.933333
vt 0.268311 0.950000
vt 0.268311 0.966667
vt 0.268311 0.933333
vt 0.417764 0.950000
vt 0.417764 0.966667
vt 0.417764 0.933333
vt 0.531184 0.950000
vt 0.531184 0.966667
vt 0.531184 0.933333
vt 0.633845 0.950000
vt 0.633845 0.966667
vt 0.633845 0.933333
vt 0.789812 0.950000
vt 0.789812 0.966667
vt 0.789812 0.933333
vt 1.026890 0.950000
vt 1.026890 0.966667
vt 1.026890 0.933333
vt 1.200000 0.950000
vt 1.200000 0.966667
vt 1.200000 0.933333
vt 0.000000 0.950000
vt 0.000000 0.966667
vt 0.000000 0.933333
vt 0.144345 0.950000
vt 0.144345 0.966667
vt 0.144345 0.933333
vt 0.274893 0.950000
vt 0.274893 0.966667
vt 0.274893 0.933333
vt 0.386738 0.950000
vt 0.386738 0.966667
vt 0.386738 0.933333
vt 0.540986 0.950000
vt 0.540986 0.966667
vt 0.540986 0.933333
vt 0.730464 0.950000
vt 0.730464 0.966667
vt 0.730464 0.933333
vt 0.874415 0.950000
vt 0.874415 0.966667
vt 0.874415 0.933333
vt 1.035020 0.950000
vt 1.035020 0.966667
vt 1.035020 0.933333
vt 1.200000 0.950000
vt 1.200000 0.966667
vt 1.200000 0.933333
vt 0.000000 0.950000
vt 0.000000 0.966667
vt 0.000000 0.933333
vt 0.156715 0.950000
vt 0.156715 0.966667
vt 0.156715 0.933333
vt 0.307632 0.950000
vt 0.307632 0.966667
vt 0.307632 0.933333
vt 0.446284 0.950000
vt 0.446284 0.966667
vt 0.446284 0.933333
vt 0.648790 0.950000
vt 0.648790 0.966667
vt 0.648790 0.933333
vt 0.848962 0.950000
vt 0.848962 0.966667
vt 0.848962 0.933333
vt 0.990981 0.950000
vt 0.990981 0.966667
vt 0.990981 0.933333
vt 1.111554 0.950000
vt 1.111554 0.966667
vt 1.111554 0.933333
vt 1.200000 0.950000
vt 1.200000 0.966667
vt 1.200000 0.933333
vt 0.000000 0.950000
vt 0.000000 0.966667
vt 0.000000 0.933333
vt 0.131683 0.950000
vt 0.131683 0.966667
vt 0.131683 0.933333
vt 0.275727 0.950000
vt 0.275727 0.966667
vt 0.275727 0.933333
vt 0.430157 0.950000
vt 0.430157 0.966667
vt 0.430157 0.933333
vt 0.581325 0.950000
vt 0.581325 0.966667
vt 0.581325 0.933333
vt 0.818132 0.950000
vt 0.818132 0.966667
vt 0.818132 0.933333
vt 1.021457 0.950000
vt 1.021457 0.966667
vt 1.021457 0.933333
vt 1.108301 0.950000
vt 1.108301 0.966667
vt 1.108301 0.933333
vt 1.200000 0.950000
vt 1.200000 0.966667
vt 1.200000 0.933333
vt 0.000000 0.950000
vt 0.000000 0.966667
vt 0.000000 0.933333
vt 0.123729 0.950000
vt 0.123729 0.966667
vt 0.123729 0.933333
vt 0.253870 0.950000
vt 0.253870 0.966667
vt 0.253870 0.933333
vt 0.383532 0.950000
vt 0.383532 0.966667
vt 0.383532 0.933333
vt 0.495304 0.950000
vt 0.495304 0.966667
vt 0.495304 0.933333
vt 0.617910 0.950000
vt 0.617910 0.966667
vt 0.617910 0.933333
vt 0.779236 0.950000
vt 0.779236 0.966667
vt 0.779236 0.933333
vt 1.002119 0.950000
vt 1.002119 0.966667
vt 1.002119 0.933333
vt 1.200000 0.950000
vt 1.200000 0.966667
vt 1.200000 0.933333
vt 0.000000 0.950000
vt 0.000000 0.966667
vt 0.000000 0.933333
vt 0.132831 0.950000
vt 0.132831 0.966667
vt 0.132831 0.933333
vt 0.265947 0.950000
vt 0.265947 0.966667
vt 0.265947 0.933333
vt 0.386683 0.950000
vt 0.386683 0.966667
vt 0.386683 0.933333
vt 0.513496 0.950000
vt 0.513496 0.966667
vt 0.513496 0.933333
vt 0.672899 0.950000
vt 0.672899 0.966667
vt 0.672899 0.933333
vt 0.879271 0.950000
vt 0.879271 0.966667
vt 0.879271 0.933333
vt 1.064057 0.950000
vt 1.064057 0.966667
vt 1.064057 0.933333
vt 1.200000 0.950000
vt 1.200000 0.966667
vt 1.200000 0.933333
vt 0.000000 0.950000
vt 0.000000 0.966667
vt 0.000000 0.933333
vt 0.165242 0.950000
vt 0.165242 0.966667
vt 0.165242 0.933333
vt 0.320697 0.950000
vt 0.320697 0.966667
vt 0.320697 0.933333
vt 0.465150 0.950000
vt 0.465150 0.966667
vt 0.465150 0.933333
vt 0.635500 0.950000
vt 0.635500 0.966667
vt 0.635500 0.933333
vt 0.776593 0.950000
vt 0.776593 0.966667
vt 0.776593 0.933333
vt 0.880205 0.950000
vt 0.880205 0.966667
vt 0.880205 0.933333
vt 1.009730 0.950000
vt 1.009730 0.966667
vt 1.009730 0.933333
vt 1.200000 0.950000
vt 1.200000 0.966667
vt 1.200000 0.933333
vt 0.000000 0.950000
vt 0.000000 0.966667
vt 0.000000 0.933333
vt 0.146374 0.950000
vt 0.146374 0.966667
vt 0.146374 0.933333
vt 0.269656 0.950000
vt 0.269656 0.966667
vt 0.269656 0.933333
vt 0.398498 0.950000
vt 0.398498 0.966667
vt 0.398498 0.933333
vt 0.539442 0.950000
vt 0.539442 0.966667
vt 0.539442 0.933333
vt 0.722061 0.950000
vt 0.722061 0.966667
vt 0.722061 0.933333
vt 0.897590 0.950000
vt 0.897590 0.966667
vt 0.897590 0.933333
vt 1.030188 0.950000
vt 1.030188 0.966667
vt 1.030188 0.933333
vt 1.200000 0.950000
vt 1.200000 0.966667
vt 1.200000 0.933333
vt 0.000000 0.950000
vt 0.000000 0.966667
vt 0.000000 0.933333
vt 0.138801 0.950000
vt 0.138801 0.966667
vt 0.138801 0.933333
vt 0.269238 0.950000
vt 0.269238 0.966667
vt 0.269238 0.933333
vt 0.403241 0.950000
vt 0.403241 0.966667
vt 0.403241 0.933333
vt 0.559928 0.950000
vt 0.559928 0.966667
vt 0.559928 0.933333
vt 0.740478 0.950000
vt 0.740478 0.966667
vt 0.740478 0.933333
vt 0.921182 0.950000
vt 0.921182 0.966667
vt 0.921182 0.933333
vt 1.058142 0.950000
vt 1.058142 0.966667
vt 1.058142 0.933333
vt 1.200000 0.950000
vt 1.200000 0.966667
vt 1.200000 0.933333
vt 0.000000 0.950000
vt 0.000000 0.966667
vt 0.000000 0.933333
vt 0.149887 0.950000
vt 0.149887 0.966667
vt 0.149887 0.933333
vt 0.302882 0.950000
vt 0.302882 0.966667
vt 0.302882 0.933333
vt 0.433663 0.950000
vt 0.433663 0.966667
vt 0.433663 0.933333
vt 0.548259 0.950000
vt 0.548259 0.966667
vt 0.548259 0.933333
vt 0.777693 0.950000
vt 0.777693 0.966667
vt 0.777693 0.933333
vt 0.996065 0.950000
vt 0.996065 0.966667
vt 0.996065 0.933333
vt 1.122049 0.950000
vt 1.122049 0.966667
vt 1.122049 0.933333
vt 1.200000 0.950000
vt 1.200000 0.966667
vt 1.200000 0.933333
vt 0.000000 0.950000
vt 0.000000 0.966667
vt 0.000000 0.933333
vt 0.151267 0.950000
vt 0.151267 0.966667
vt 0.151267 0.933333
vt 0.292328 0.950000
vt 0.292328 0.966667
vt 0.292328 0.933333
vt 0.443325 0.950000
vt 0.443325 0.966667
vt 0.443325 0.933333
vt 0.611196 0.950000
vt 0.611196 0.966667
vt 0.611196 0.933333
vt 0.753750 0.950000
vt 0.753750 0.966667
vt 0.753750 0.933333
vt 0.854742 0.950000
vt 0.854742 0.966667
vt 0.854742 0.933333
vt 0.984941 0.950000
vt 0.984941 0.966667
vt 0.984941 0.933333
vt 1.200000 0.950000
vt 1.200000 0.966667
vt 1.200000 0.933333
vt 0.000000 0.950000
vt 0.000000 0.966667
vt 0.000000 0.933333
vt 0.124040 0.950000
vt 0.124040 0.966667
vt 0.124040 0.933333
vt 0.233552 0.950000
vt 0.233552 0.966667
vt 0.233552 0.933333
vt 0.376334 0.950000
vt 0.376334 0.966667
vt 0.376334 0.933333
vt 0.559358 0.950000
vt 0.559358 0.966667
vt 0.559358 0.933333
vt 0.740397 0.950000
vt 0.740397 0.966667
vt 0.740397 0.933333
vt 0.838282 0.950000
vt 0.838282 0.966667
vt 0.838282 0.933333
vt 1.053770 0.950000
vt 1.053770 0.966667
vt 1.053770 0.933333
vt 1.200000 0.950000
vt 1.200000 0.966667
vt 1.200000 0.933333
vt 0.000000 0.950000
vt 0.000000 0.966667
vt 0.000000 0.933333
vt 0.130924 0.950000
vt 0.130924 0.966667
vt 0.130924 0.933333
vt 0.270695 0.950000
vt 0.270695 0.966667
vt 0.270695 0.933333
vt 0.383896 0.950000
vt 0.383896 0.966667
vt 0.383896 0.933333
vt 0.455505 0.950000
vt 0.455505 0.966667
vt 0.455505 0.933333
vt 0.603081 0.950000
vt 0.603081 0.966667
vt 0.603081 0.933333
vt 0.788991 0.950000
vt 0.788991 0.966667
vt 0.788991 0.933333
vt 1.037514 0.950000
vt 1.037514 0.966667
vt 1.037514 0.933333
vt 1.200000 0.950000
vt 1.200000 0.966667
vt 1.200000 0.933333
vt 0.000000 0.950000
vt 0.000000 0.966667
vt 0.000000 0.933333
vt 0.114397 0.950000
vt 0.114397 0.966667
vt 0.114397 0.933333
vt 0.238421 0.950000
vt 0.238421 0.966667
vt 0.238421 0.933333
vt 0.387962 0.950000
vt 0.387962 0.966667
vt 0.387962 0.933333
vt 0.546337 0.950000
vt 0.546337 0.966667
vt 0.546337 0.933333
vt 0.707136 0.950000
vt 0.707136 0.966667
vt 0.707136 0.933333
vt 0.833407 0.950000
vt 0.833407 0.966667
vt 0.833407 0.933333
vt 0.992580 0.950000
vt 0.992580 0.966667
vt 0.992580 0.933333
vt 1.200000 0.950000
vt 1.200000 0.966667
vt 1.200000 0.933333
vt 0.000000 0.950000
vt 0.000000 0.966667
vt 0.000000 0.933333
vt 0.129643 0.950000
vt 0.129643 0.966667
vt 0.129643 0.933333
vt 0.274589 0.950000
vt 0.274589 0.966667
vt 0.274589 0.933333
vt 0.398203 0.950000
vt 0.398203 0.966667
vt 0.398203 0.933333
vt 0.499034 0.950000
vt 0.499034 0.966667
vt 0.499034 0.933333
vt 0.667403 0.950000
vt 0.667403 0.966667
vt 0.667403 0.933333
vt 0.852934 0.950000
vt 0.852934 0.966667
vt 0.852934 0.933333
vt 1.028851 0.950000
vt 1.028851 0.966667
vt 1.028851 0.933333
vt 1.200000 0.950000
vt 1.200000 0.966667
vt 1.200000 0.933333
vt 0.000000 0.950000
vt 0.000000 0.966667
vt 0.000000 0.933333
vt 0.132935 0.950000
vt 0.132935 0.966667
vt 0.132935 0.933333
vt 0.285038 0.950000
vt 0.285038 0.966667
vt 0.285038 0.933333
vt 0.418455 0.950000
vt 0.418455 0.966667
vt 0.418455 0.933333
vt 0.562202 0.950000
vt 0.562202 0.966667
vt 0.562202 0.933333
vt 0.731700 0.950000
vt 0.731700 0.966667
vt 0.731700 0.933333
vt 0.913435 0.950000
vt 0.913435 0.966667
vt 0.913435 0.933333
vt 1.061597 0.950000
vt 1.061597 0.966667
vt 1.061597 0.933333
vt 1.200000 0.950000
vt 1.200000 0.966667
vt 1.200000 0.933333
vt 0.000000 0.950000
vt 0.000000 0.966667
vt 0.000000 0.933333
vt 0.148107 0.950000
vt 0.148107 0.966667
vt 0.148107 0.933333
vt 0.260418 0.950000
vt 0.260418 0.966667
vt 0.260418 0.933333
vt 0.390358 0.950000
vt 0.390358 0.966667
vt 0.390358 0.933333
vt 0.591140 0.950000
vt 0.591140 0.966667
vt 0.591140 0.933333
vt 0.755551 0.950000
vt 0.755551 0.966667
vt 0.755551 0.933333
vt 0.972728 0.950000
vt 0.972728 0.966667
vt 0.972728 0.933333
vt 1.073865 0.950000
vt 1.073865 0.966667
vt 1.073865 0.933333
vt 1.200000 0.950000
vt 1.200000 0.966667
vt 1.200000 0.933333
vt 0.000000 0.950000
vt 0.000000 0.966667
vt 0.000000 0.933333
vt 0.137919 0.950000
vt 0.137919 0.966667
vt 0.137919 0.933333
vt 0.251254 0.950000
vt 0.251254 0.966667
vt 0.251254 0.933333
vt 0.398777 0.950000
vt 0.398777 0.966667
vt 0.398777 0.933333
vt 0.595105 0.950000
vt 0.595105 0.966667
vt 0.595105 0.933333
vt 0.697145 0.950000
vt 0.697145 0.966667
vt 0.697145 0.933333
vt 0.825893 0.950000
vt 0.825893 0.966667
vt 0.825893 0.933333
vt 1.038156 0.950000
vt 1.038156 0.966667
vt 1.038156 0.933333
vt 1.200000 0.950000
vt 1.200000 0.966667
vt 1.200000 0.933333
vt 0.000000 0.950000
vt 0.000000 0.966667
vt 0.000000 0.933333
vt 0.132281 0.950000
vt 0.132281 0.966667
vt 0.132281 0.933333
vt 0.269730 0.950000
vt 0.269730 0.966667
vt 0.269730 0.933333
vt 0.435124 0.950000
vt 0.435124 0.966667
vt 0.435124 0.933333
vt 0.512752 0.950000
vt 0.512752 0.966667
vt 0.512752 0.933333
vt 0.609063 0.950000
vt 0.609063 0.966667
vt 0.609063 0.933333
vt 0.805906 0.950000
vt 0.805906 0.966667
vt 0.805906 0.933333
vt 1.018114 0.950000
vt 1.018114 0.966667
vt 1.018114 0.933333
vt 1.200000 0.950000
vt 1.200000 0.966667
vt 1.200000 0.933333
vt 0.000000 0.950000
vt 0.000000 0.966667
vt 0.000000 0.933333
vt 0.166702 0.950000
vt 0.166702 0.966667
vt 0.166702 0.933333
vt 0.308782 0.950000
vt 0.308782 0.966667
vt 0.308782 0.933333
vt 0.449895 0.950000
vt 0.449895 0.966667
vt 0.449895 0.933333
vt 0.607467 0.950000
vt 0.607467 0.966667
vt 0.607467 0.933333
vt 0.713214 0.950000
vt 0.713214 0.966667
vt 0.713214 0.933333
vt 0.861292 0.950000
vt 0.861292 0.966667
vt 0.861292 0.933333
vt 1.026379 0.950000
vt 1.026379 0.966667
vt 1.026379 0.933333
vt 1.200000 0.950000
vt 1.200000 0.966667
vt 1.200000 0.933333
vt 0.000000 0.950000
vt 0.000000 0.966667
vt 0.000000 0.933333
vt 0.137614 0.950000
vt 0.137614 0.966667
vt 0.137614 0.933333
vt 0.268795 0.950000
vt 0.268795 0.966667
vt 0.268795 0.933333
vt 0.363952 0.950000
vt 0.363952 0.966667
vt 0.363952 0.933333
vt 0.493771 0.950000
vt 0.493771 0.966667
vt 0.493771 0.933333
vt 0.685678 0.950000
vt 0.685678 0.966667
vt 0.685678 0.933333
vt 0.840986 0.950000
vt 0.840986 0.966667
vt 0.840986 0.933333
vt 0.993381 0.950000
vt 0.993381 0.966667
vt 0.993381 0.933333
vt 1.200000 0.950000
vt 1.200000 0.966667
vt 1.200000 0.933333
vt 0.000000 0.950000
vt 0.000000 0.966667
vt 0.000000 0.933333
vt 0.150862 0.950000
vt 0.150862 0.966667
vt 0.150862 0.933333
vt 0.308305 0.950000
vt 0.308305 0.966667
vt 0.308305 0.933333
vt 0.454894 0.950000
vt 0.454894 0.966667
vt 0.454894 0.933333
vt 0.574253 0.950000
vt 0.574253 0.966667
vt 0.574253 0.933333
vt 0.699518 0.950000
vt 0.699518 0.966667
vt 0.699518 0.933333
vt 0.855983 0.950000
vt 0.855983 0.966667
vt 0.855983 0.933333
vt 1.049618 0.950000
vt 1.049618 0.966667
vt 1.049618 0.933333
vt 1.200000 0.950000
vt 1.200000 0.966667
vt 1.200000 0.933333
vt 0.000000 0.950000
vt 0.000000 0.966667
vt 0.000000 0.933333
vt 0.142830 0.950000
vt 0.142830 0.966667
vt 0.142830 0.933333
vt 0.261501 0.950000
vt 0.261501 0.966667
vt 0.261501 0.933333
vt 0.393823 0.950000
vt 0.393823 0.966667
vt 0.393823 0.933333
vt 0.579262 0.950000
vt 0.579262 0.966667
vt 0.579262 0.933333
vt 0.758067 0.950000
vt 0.758067 0.966667
vt 0.758067 0.933333
vt 0.914926 0.950000
vt 0.914926 0.966667
vt 0.914926 0.933333
vt 1.016291 0.950000
vt 1.016291 0.966667
vt 1.016291 0.933333
vt 1.200000 0.950000
vt 1.200000 0.966667
vt 1.200000 0.933333
vt 0.000000 0.950000
vt 0.000000 0.966667
vt 0.000000 0.933333
vt 0.130297 0.950000
vt 0.130297 0.966667
vt 0.130297 0.933333
vt 0.262027 0.950000
vt 0.262027 0.966667
vt 0.262027 0.933333
vt 0.395579 0.950000
vt 0.395579 0.966667
vt 0.395579 0.933333
vt 0.553181 0.950000
vt 0.553181 0.966667
vt 0.553181 0.933333
vt 0.711974 0.950000
vt 0.711974 0.966667
vt 0.711974 0.933333
vt 0.911497 0.950000
vt 0.911497 0.966667
vt 0.911497 0.933333
vt 1.069779 0.950000
vt 1.069779 0.966667
vt 1.069779 0.933333
vt 1.200000 0.950000
vt 1.200000 0.966667
vt 1.200000 0.933333
vt 0.000000 0.950000
vt 0.000000 0.966667
vt 0.000000 0.933333
vt 0.143640 0.950000
vt 0.143640 0.966667
vt 0.143640 0.933333
vt 0.279535 0.950000
vt 0.279535 0.966667
vt 0.279535 0.933333
vt 0.410095 0.950000
vt 0.410095 0.966667
vt 0.410095 0.933333
vt 0.584494 0.950000
vt 0.584494 0.966667
vt 0.584494 0.933333
vt 0.732361 0.950000
vt 0.732361 0.966667
vt 0.732361 0.933333
vt 0.866639 0.950000
vt 0.866639 0.966667
vt 0.866639 0.933333
vt 1.021752 0.950000
vt 1.021752 0.966667
vt 1.021752 0.933333
vt 1.200000 0.950000
vt 1.200000 0.966667
vt 1.200000 0.933333
vt 0.000000 0.950000
vt 0.000000 0.966667
vt 0.000000 0.933333
vt 0.124030 0.950000
vt 0.124030 0.966667
vt 0.124030 0.933333
vt 0.225785 0.950000
vt 0.225785 0.966667
vt 0.225785 0.933333
vt 0.352180 0.950000
vt 0.352180 0.966667
vt 0.352180 0.933333
vt 0.522605 0.950000
vt 0.522605 0.966667
vt 0.522605 0.933333
vt 0.639593 0.950000
vt 0.639593 0.966667
vt 0.639593 0.933333
vt 0.791208 0.950000
vt 0.791208 0.966667
vt 0.791208 0.933333
vt 0.971802 0.950000
vt 0.971802 0.966667
vt 0.971802 0.933333
vt 1.200000 0.950000
vt 1.200000 0.966667
vt 1.200000 0.933333
vt 0.000000 0.950000
vt 0.000000 0.966667
vt 0.000000 0.933333
vt 0.133682 0.950000
vt 0.133682 0.966667
vt 0.133682 0.933333
vt 0.262803 0.950000
vt 0.262803 0.966667
vt 0.262803 0.933333
vt 0.423667 0.950000
vt 0.423667 0.966667
vt 0.423667 0.933333
vt 0.576461 0.950000
vt 0.576461 0.966667
vt 0.576461 0.933333
vt 0.715608 0.950000
vt 0.715608 0.966667
vt 0.715608 0.933333
vt 0.893466 0.950000
vt 0.893466 0.966667
vt 0.893466 0.933333
vt 1.077595 0.950000
vt 1.077595 0.966667
vt 1.077595 0.933333
vt 1.200000 0.950000
vt 1.200000 0.966667
vt 1.200000 0.933333
vt 0.000000 0.950000
vt 0.000000 0.966667
vt 0.000000 0.933333
vt 0.163609 0.950000
vt 0.163609 0.966667
vt 0.163609 0.933333
vt 0.347191 0.950000
vt 0.347191 0.966667
vt 0.347191 0.933333
vt 0.524263 0.950000
vt 0.524263 0.966667
vt 0.524263 0.933333
vt 0.664540 0.950000
vt 0.664540 0.966667
vt 0.664540 0.933333
vt 0.775429 0.950000
vt 0.775429 0.966667
vt 0.775429 0.933333
vt 0.873029 0.950000
vt 0.873029 0.966667
vt 0.873029 0.933333
vt 1.030561 0.950000
vt 1.030561 0.966667
vt 1.030561 0.933333
vt 1.200000 0.950000
vt 1.200000 0.966667
vt 1.200000 0.933333
vt 0.000000 0.950000
vt 0.000000 0.966667
vt 0.000000 0.933333
vt 0.156659 0.950000
vt 0.156659 0.966667
vt 0.156659 0.933333
vt 0.317833 0.950000
vt 0.317833 0.966667
vt 0.317833 0.933333
vt 0.454452 0.950000
vt 0.454452 0.966667
vt 0.454452 0.933333
vt 0.618128 0.950000
vt 0.618128 0.966667
vt 0.618128 0.933333
vt 0.814159 0.950000
vt 0.814159 0.966667
vt 0.814159 0.933333
vt 0.906408 0.950000
vt 0.906408 0.966667
vt 0.906408 0.933333
vt 1.026329 0.950000
vt 1.026329 0.966667
vt 1.026329 0.933333
vt 1.200000 0.950000
vt 1.200000 0.966667
vt 1.200000 0.933333
vt 0.000000 0.950000
vt 0.000000 0.966667
vt 0.000000 0.933333
vt 0.171430 0.950000
vt 0.171430 0.966667
vt 0.171430 0.933333
vt 0.339698 0.950000
vt 0.339698 0.966667
vt 0.339698 0.933333
vt 0.506142 0.950000
vt 0.506142 0.966667
vt 0.506142 0.933333
vt 0.606043 0.950000
vt 0.606043 0.966667
vt 0.606043 0.933333
vt 0.715424 0.950000
vt 0.715424 0.966667
vt 0.715424 0.933333
vt 0.896567 0.950000
vt 0.896567 0.966667
vt 0.896567 0.933333
vt 1.032291 0.950000
vt 1.032291 0.966667
vt 1.032291 0.933333
vt 1.200000 0.950000
vt 1.200000 0.966667
vt 1.200000 0.933333
vt 0.000000 0.950000
vt 0.000000 0.966667
vt 0.000000 0.933333
vt 0.138037 0.950000
vt 0.138037 0.966667
vt 0.138037 0.933333
vt 0.261026 0.950000
vt 0.261026 0.966667
vt 0.261026 0.933333
vt 0.379733 0.950000
vt 0.379733 0.966667
vt 0.379733 0.933333
vt 0.516447 0.950000
vt 0.516447 0.966667
vt 0.516447 0.933333
vt 0.706876 0.950000
vt 0.706876 0.966667
vt 0.706876 0.933333
vt 0.828104 0.950000
vt 0.828104 0.966667
vt 0.828104 0.933333
vt 1.005867 0.950000
vt 1.005867 0.966667
vt 1.005867 0.933333
vt 1.200000 0.950000
vt 1.200000 0.966667
vt 1.200000 0.933333
vt 0.000000 0.950000
vt 0.000000 0.966667
vt 0.000000 0.933333
vt 0.113171 0.950000
vt 0.113171 0.966667
vt 0.113171 0.933333
vt 0.236488 0.950000
vt 0.236488 0.966667
vt 0.236488 0.933333
vt 0.404249 0.950000
vt 0.404249 0.966667
vt 0.404249 0.933333
vt 0.572062 0.950000
vt 0.572062 0.966667
vt 0.572062 0.933333
vt 0.749907 0.950000
vt 0.749907 0.966667
vt 0.749907 0.933333
vt 0.850956 0.950000
vt 0.850956 0.966667
vt 0.850956 0.933333
vt 0.996750 0.950000
vt 0.996750 0.966667
vt 0.996750 0.933333
vt 1.200000 0.950000
vt 1.200000 0.966667
vt 1.200000 0.933333
vt 0.000000 0.950000
vt 0.000000 0.966667
vt 0.000000 0.933333
vt 0.124804 0.950000
vt 0.124804 0.966667
vt 0.124804 0.933333
vt 0.252168 0.950000
vt 0.252168 0.966667
vt 0.252168 0.933333
vt 0.410374 0.950000
vt 0.410374 0.966667
vt 0.410374 0.933333
vt 0.575418 0.950000
vt 0.575418 0.966667
vt 0.575418 0.933333
vt 0.736544 0.950000
vt 0.736544 0.966667
vt 0.736544 0.933333
vt 0.857990 0.950000
vt 0.857990 0.966667
vt 0.857990 0.933333
vt 1.018148 0.950000
vt 1.018148 0.966667
vt 1.018148 0.933333
vt 1.200000 0.950000
vt 1.200000 0.966667
vt 1.200000 0.933333
vt 0.000000 0.950000
vt 0.000000 0.966667
vt 0.000000 0.933333
vt 0.144611 0.950000
vt 0.144611 0.966667
vt 0.144611 0.933333
vt 0.274654 0.950000
vt 0.274654 0.966667
vt 0.274654 0.933333
vt 0.400456 0.950000
vt 0.400456 0.966667
vt 0.400456 0.933333
vt 0.553829 0.950000
vt 0.553829 0.966667
vt 0.553829 0.933333
vt 0.725194 0.950000
vt 0.725194 0.966667
vt 0.725194 0.933333
vt 0.911398 0.950000
vt 0.911398 0.966667
vt 0.911398 0.933333
vt 1.038231 0.950000
vt 1.038231 0.966667
vt 1.038231 0.933333
vt 1.200000 0.950000
vt 1.200000 0.966667
vt 1.200000 0.933333
vt 0.000000 0.950000
vt 0.000000 0.966667
vt 0.000000 0.933333
vt 0.145521 0.950000
vt 0.145521 0.966667
vt 0.145521 0.933333
vt 0.285975 0.950000
vt 0.285975 0.966667
vt 0.285975 0.933333
vt 0.418254 0.950000
vt 0.418254 0.966667
vt 0.418254 0.933333
vt 0.568190 0.950000
vt 0.568190 0.966667
vt 0.568190 0.933333
vt 0.708316 0.950000
vt 0.708316 0.966667
vt 0.708316 0.933333
vt 0.846011 0.950000
vt 0.846011 0.966667
vt 0.846011 0.933333
vt 1.022593 0.950000
vt 1.022593 0.966667
vt 1.022593 0.933333
vt 1.200000 0.950000
vt 1.200000 0.966667
vt 1.200000 0.933333
vt 0.000000 0.950000
vt 0.000000 0.966667
vt 0.000000 0.933333
vt 0.138402 0.950000
vt 0.138402 0.966667
vt 0.138402 0.933333
vt 0.271741 0.950000
vt 0.271741 0.966667
vt 0.271741 0.933333
vt 0.405274 0.950000
vt 0.405274 0.966667
vt 0.405274 0.933333
vt 0.554994 0.950000
vt 0.554994 0.966667
vt 0.554994 0.933333
vt 0.692283 0.950000
vt 0.692283 0.966667
vt 0.692283 0.933333
vt 0.826654 0.950000
vt 0.826654 0.966667
vt 0.826654 0.933333
vt 0.997560 0.950000
vt 0.997560 0.966667
vt 0.997560 0.933333
vt 1.200000 0.950000
vt 1.200000 0.966667
vt 1.200000 0.933333
vt 0.000000 0.950000
vt 0.000000 0.966667
vt 0.000000 0.933333
vt 0.135627 0.950000
vt 0.135627 0.966667
vt 0.135627 0.933333
vt 0.273389 0.950000
vt 0.273389 0.966667
vt 0.273389 0.933333
vt 0.424601 0.950000
vt 0.424601 0.966667
vt 0.424601 0.933333
vt 0.591839 0.950000
vt 0.591839 0.966667
vt 0.591839 0.933333
vt 0.765498 0.950000
vt 0.765498 0.966667
vt 0.765498 0.933333
vt 0.902844 0.950000
vt 0.902844 0.966667
vt 0.902844 0.933333
vt 1.060322 0.950000
vt 1.060322 0.966667
vt 1.060322 0.933333
vt 1.200000 0.950000
vt 1.200000 0.966667
vt 1.200000 0.933333
vt 0.000000 0.950000
vt 0.000000 0.966667
vt 0.000000 0.933333
vt 0.137335 0.950000
vt 0.137335 0.966667
vt 0.137335 0.933333
vt 0.280943 0.950000
vt 0.280943 0.966667
vt 0.280943 0.933333
vt 0.417893 0.950000
vt 0.417893 0.966667
vt 0.417893 0.933333
vt 0.549601 0.950000
vt 0.549601 0.966667
vt 0.549601 0.933333
vt 0.676584 0.950000
vt 0.676584 0.966667
vt 0.676584 0.933333
vt 0.840258 0.950000
vt 0.840258 0.966667
vt 0.840258 0.933333
vt 1.011281 0.950000
vt 1.011281 0.966667
vt 1.011281 0.933333
vt 1.200000 0.950000
vt 1.200000 0.966667
vt 1.200000 0.933333
vt 0.000000 0.950000
vt 0.000000 0.966667
vt 0.000000 0.933333
vt 0.106140 0.950000
vt 0.106140 0.966667
vt 0.106140 0.933333
vt 0.229295 0.950000
vt 0.229295 0.966667
vt 0.229295 0.933333
vt 0.368346 0.950000
vt 0.368346 0.966667
vt 0.368346 0.933333
vt 0.523966 0.950000
vt 0.523966 0.966667
vt 0.523966 0.933333
vt 0.667497 0.950000
vt 0.667497 0.966667
vt 0.667497 0.933333
vt 0.804971 0.950000
vt 0.804971 0.966667
vt 0.804971 0.933333
vt 0.994228 0.950000
vt 0.994228 0.966667
vt 0.994228 0.933333
vt 1.200000 0.950000
vt 1.200000 0.966667
vt 1.200000 0.933333
vt 0.000000 0.950000
vt 0.000000 0.966667
vt 0.000000 0.933333
vt 0.129608 0.950000
vt 0.129608 0.966667
vt 0.129608 0.933333
vt 0.273899 0.950000
vt 0.273899 0.966667
vt 0.273899 0.933333
vt 0.408511 0.950000
vt 0.408511 0.966667
vt 0.408511 0.933333
vt 0.542216 0.950000
vt 0.542216 0.966667
vt 0.542216 0.933333
vt 0.667963 0.950000
vt 0.667963 0.966667
vt 0.667963 0.933333
vt 0.820956 0.950000
vt 0.820956 0.966667
vt 0.820956 0.933333
vt 0.986857 0.950000
vt 0.986857 0.966667
vt 0.986857 0.933333
vt 1.200000 0.950000
vt 1.200000 0.966667
vt 1.200000 0.933333
vt 0.000000 0.950000
vt 0.000000 0.966667
vt 0.000000 0.933333
vt 0.128921 0.950000
vt 0.128921 0.966667
vt 0.128921 0.933333
vt 0.276529 0.950000
vt 0.276529 0.966667
vt 0.276529 0.933333
vt 0.424610 0.950000
vt 0.424610 0.966667
vt 0.424610 0.933333
vt 0.575185 0.950000
vt 0.575185 0.966667
vt 0.575185 0.933333
vt 0.709775 0.950000
vt 0.709775 0.966667
vt 0.709775 0.933333
vt 0.868793 0.950000
vt 0.868793 0.966667
vt 0.868793 0.933333
vt 1.051450 0.950000
vt 1.051450 0.966667
vt 1.051450 0.933333
vt 1.200000 0.950000
vt 1.200000 0.966667
vt 1.200000 0.933333
vt 0.000000 0.950000
vt 0.000000 0.966667
vt 0.000000 0.933333
vt 0.132727 0.950000
vt 0.132727 0.966667
vt 0.132727 0.933333
vt 0.277235 0.950000
vt 0.277235 0.966667
vt 0.277235 0.933333
vt 0.445985 0.950000
vt 0.445985 0.966667
vt 0.445985 0.933333
vt 0.625239 0.950000
vt 0.625239 0.966667
vt 0.625239 0.933333
vt 0.753537 0.950000
vt 0.753537 0.966667
vt 0.753537 0.933333
vt 0.878208 0.950000
vt 0.878208 0.966667
vt 0.878208 0.933333
vt 1.046320 0.950000
vt 1.046320 0.966667
vt 1.046320 0.933333
vt 1.200000 0.950000
vt 1.200000 0.966667
vt 1.200000 0.933333
vt 0.000000 0.950000
vt 0.000000 0.966667
vt 0.000000 0.933333
vt 0.143079 0.950000
vt 0.143079 0.966667
vt 0.143079 0.933333
vt 0.286774 0.950000
vt 0.286774 0.966667
vt 0.286774 0.933333
vt 0.424878 0.950000
vt 0.424878 0.966667
vt 0.424878 0.933333
vt 0.589188 0.950000
vt 0.589188 0.966667
vt 0.589188 0.933333
vt 0.760352 0.950000
vt 0.760352 0.966667
vt 0.760352 0.933333
vt 0.907961 0.950000
vt 0.907961 0.966667
vt 0.907961 0.933333
vt 1.028319 0.950000
vt 1.028319 0.966667
vt 1.028319 0.933333
vt 1.200000 0.950000
vt 1.200000 0.966667
vt 1.200000 0.933333
vt 0.000000 0.950000
vt 0.000000 0.966667
vt 0.000000 0.933333
vt 0.144250 0.950000
vt 0.144250 0.966667
vt 0.144250 0.933333
vt 0.292369 0.950000
vt 0.292369 0.966667
vt 0.292369 0.933333
vt 0.417469 0.950000
vt 0.417469 0.966667
vt 0.417469 0.933333
vt 0.543219 0.950000
vt 0.543219 0.966667
vt 0.543219 0.933333
vt 0.677491 0.950000
vt 0.677491 0.966667
vt 0.677491 0.933333
vt 0.830374 0.950000
vt 0.830374 0.966667
vt 0.830374 0.933333
vt 1.024349 0.950000
vt 1.024349 0.966667
vt 1.024349 0.933333
vt 1.200000 0.950000
vt 1.200000 0.966667
vt 1.200000 0.933333
vt 0.000000 0.950000
vt 0.000000 0.966667
vt 0.000000 0.933333
vt 0.131731 0.950000
vt 0.131731 0.966667
vt 0.131731 0.933333
vt 0.249242 0.950000
vt 0.249242 0.966667
vt 0.249242 0.933333
vt 0.397931 0.950000
vt 0.397931 0.966667
vt 0.397931 0.933333
vt 0.544435 0.950000
vt 0.544435 0.966667
vt 0.544435 0.933333
vt 0.667970 0.950000
vt 0.667970 0.966667
vt 0.667970 0.933333
vt 0.863184 0.950000
vt 0.863184 0.966667
vt 0.863184 0.933333
vt 1.030343 0.950000
vt 1.030343 0.966667
vt 1.030343 0.933333
vt 1.200000 0.950000
vt 1.200000 0.966667
vt 1.200000 0.933333
vt 0.000000 0.950000
vt 0.000000 0.966667
vt 0.000000 0.933333
vt 0.144876 0.950000
vt 0.144876 0.966667
vt 0.144876 0.933333
vt 0.274939 0.950000
vt 0.274939 0.966667
vt 0.274939 0.933333
vt 0.419987 0.950000
vt 0.419987 0.966667
vt 0.419987 0.933333
vt 0.588152 0.950000
vt 0.588152 0.966667
vt 0.588152 0.933333
vt 0.762573 0.950000
vt 0.762573 0.966667
vt 0.762573 0.933333
vt 0.967915 0.950000
vt 0.967915 0.966667
vt 0.967915 0.933333
vt 1.120633 0.950000
vt 1.120633 0.966667
vt 1.120633 0.933333
vt 1.200000 0.950000
vt 1.200000 0.966667
vt 1.200000 0.933333
vt 0.000000 0.950000
vt 0.000000 0.966667
vt 0.000000 0.933333
vt 0.147472 0.950000
vt 0.147472 0.966667
vt 0.147472 0.933333
vt 0.301197 0.950000
vt 0.301197 0.966667
vt 0.301197 0.933333
vt 0.426134 0.950000
vt 0.426134 0.966667
vt 0.426134 0.933333
vt 0.555849 0.950000
vt 0.555849 0.966667
vt 0.555849 0.933333
vt 0.696104 0.950000
vt 0.696104 0.966667
vt 0.696104 0.933333
vt 0.822527 0.950000
vt 0.822527 0.966667
vt 0.822527 0.933333
vt 0.991417 0.950000
vt 0.991417 0.966667
vt 0.991417 0.933333
vt 1.200000 0.950000
vt 1.200000 0.966667
vt 1.200000 0.933333
vt 0.000000 0.950000
vt 0.000000 0.966667
vt 0.000000 0.933333
vt 0.125515 0.950000
vt 0.125515 0.966667
vt 0.125515 0.933333
vt 0.232099 0.950000
vt 0.232099 0.966667
vt 0.232099 0.933333
vt 0.316607 0.950000
vt 0.316607 0.966667
vt 0.316607 0.933333
vt 0.438446 0.950000
vt 0.438446 0.966667
vt 0.438446 0.933333
vt 0.623591 0.950000
vt 0.623591 0.966667
vt 0.623591 0.933333
vt 0.790982 0.950000
vt 0.790982 0.966667
vt 0.790982 0.933333
vt 0.992346 0.950000
vt 0.992346 0.966667
vt 0.992346 0.933333
vt 1.200000 0.950000
vt 1.200000 0.966667
vt 1.200000 0.933333
vt 0.000000 0.950000
vt 0.000000 0.966667
vt 0.000000 0.933333
vt 0.132171 0.950000
vt 0.132171 0.966667
vt 0.132171 0.933333
vt 0.263430 0.950000
vt 0.263430 0.966667
vt 0.263430 0.933333
vt 0.412605 0.950000
vt 0.412605 0.966667
vt 0.412605 0.933333
vt 0.559341 0.950000
vt 0.559341 0.966667
vt 0.559341 0.933333
vt 0.699042 0.950000
vt 0.699042 0.966667
vt 0.699042 0.933333
vt 0.853311 0.950000
vt 0.853311 0.966667
vt 0.853311 0.933333
vt 1.039529 0.950000
vt 1.039529 0.966667
vt 1.039529 0.933333
vt 1.200000 0.950000
vt 1.200000 0.966667
vt 1.200000 0.933333
vt 0.000000 0.950000
vt 0.000000 0.966667
vt 0.000000 0.933333
vt 0.144611 0.950000
vt 0.144611 0.966667
vt 0.144611 0.933333
vt 0.299139 0.950000
vt 0.299139 0.966667
vt 0.299139 0.933333
vt 0.442068 0.950000
vt 0.442068 0.966667
vt 0.442068 0.933333
vt 0.598889 0.950000
vt 0.598889 0.966667
vt 0.598889 0.933333
vt 0.757709 0.950000
vt 0.757709 0.966667
vt 0.757709 0.933333
vt 0.892546 0.950000
vt 0.892546 0.966667
vt 0.892546 0.933333
vt 1.026652 0.950000
vt 1.026652 0.966667
vt 1.026652 0.933333
vt 1.200000 0.950000
vt 1.200000 0.966667
vt 1.200000 0.933333
vt 0.000000 0.950000
vt 0.000000 0.966667
vt 0.000000 0.933333
vt 0.142724 0.950000
vt 0.142724 0.966667
vt 0.142724 0.933333
vt 0.281270 0.950000
vt 0.281270 0.966667
vt 0.281270 0.933333
vt 0.400916 0.950000
vt 0.400916 0.966667
vt 0.400916 0.933333
vt 0.533607 0.950000
vt 0.533607 0.966667
vt 0.533607 0.933333
vt 0.652997 0.950000
vt 0.652997 0.966667
vt 0.652997 0.933333
vt 0.753775 0.950000
vt 0.753775 0.966667
vt 0.753775 0.933333
vt 0.937280 0.950000
vt 0.937280 0.966667
vt 0.937280 0.933333
vt 1.200000 0.950000
vt 1.200000 0.966667
vt 1.200000 0.933333
vt 0.000000 0.950000
vt 0.000000 0.966667
vt 0.000000 0.933333
vt 0.148981 0.950000
vt 0.148981 0.966667
vt 0.148981 0.933333
vt 0.311976 0.950000
vt 0.311976 0.966667
vt 0.311976 0.933333
vt 0.466398 0.950000
vt 0.466398 0.966667
vt 0.466398 0.933333
vt 0.553302 0.950000
vt 0.553302 0.966667
vt 0.553302 0.933333
vt 0.670143 0.950000
vt 0.670143 0.966667
vt 0.670143 0.933333
vt 0.868589 0.950000
vt 0.868589 0.966667
vt 0.868589 0.933333
vt 1.140279 0.950000
vt 1.140279 0.966667
vt 1.140279 0.933333
vt 1.200000 0.950000
vt 1.200000 0.966667
vt 1.200000 0.933333
vt 0.000000 0.950000
vt 0.000000 0.966667
vt 0.000000 0.933333
vt 0.130027 0.950000
vt 0.130027 0.966667
vt 0.130027 0.933333
vt 0.260419 0.950000
vt 0.260419 0.966667
vt 0.260419 0.933333
vt 0.385523 0.950000
vt 0.385523 0.966667
vt 0.385523 0.933333
vt 0.547210 0.950000
vt 0.547210 0.966667
vt 0.547210 0.933333
vt 0.694158 0.950000
vt 0.694158 0.966667
vt 0.694158 0.933333
vt 0.846579 0.950000
vt 0.846579 0.966667
vt 0.846579 0.933333
vt 1.017446 0.950000
vt 1.017446 0.966667
vt 1.017446 0.933333
vt 1.200000 0.950000
vt 1.200000 0.966667
vt 1.200000 0.933333
vt 0.000000 0.950000
vt 0.000000 0.966667
vt 0.000000 0.933333
vt 0.137299 0.950000
vt 0.137299 0.966667
vt 0.137299 0.933333
vt 0.271186 0.950000
vt 0.271186 0.966667
vt 0.271186 0.933333
vt 0.424275 0.950000
vt 0.424275 0.966667
vt 0.424275 0.933333
vt 0.571981 0.950000
vt 0.571981 0.966667
vt 0.571981 0.933333
vt 0.715623 0.950000
vt 0.715623 0.966667
vt 0.715623 0.933333
vt 0.865096 0.950000
vt 0.865096 0.966667
vt 0.865096 0.933333
vt 1.002389 0.950000
vt 1.002389 0.966667
vt 1.002389 0.933333
vt 1.200000 0.950000
vt 1.200000 0.966667
vt 1.200000 0.933333
vt 0.000000 0.950000
vt 0.000000 0.966667
vt 0.000000 0.933333
vt 0.141807 0.950000
vt 0.141807 0.966667
vt 0.141807 0.933333
vt 0.286635 0.950000
vt 0.286635 0.966667
vt 0.286635 0.933333
vt 0.435491 0.950000
vt 0.435491 0.966667
vt 0.435491 0.933333
vt 0.579580 0.950000
vt 0.579580 0.966667
vt 0.579580 0.933333
vt 0.714012 0.950000
vt 0.714012 0.966667
vt 0.714012 0.933333
vt 0.830234 0.950000
vt 0.830234 0.966667
vt 0.830234 0.933333
vt 1.026816 0.950000
vt 1.026816 0.966667
vt 1.026816 0.933333
vt 1.200000 0.950000
vt 1.200000 0.966667
vt 1.200000 0.933333
vt 0.000000 0.950000
vt 0.000000 0.966667
vt 0.000000 0.933333
vt 0.150023 0.950000
vt 0.150023 0.966667
vt 0.150023 0.933333
vt 0.272194 0.950000
vt 0.272194 0.966667
vt 0.272194 0.933333
vt 0.394075 0.950000
vt 0.394075 0.966667
vt 0.394075 0.933333
vt 0.555503 0.950000
vt 0.555503 0.966667
vt 0.555503 0.933333
vt 0.763869 0.950000
vt 0.763869 0.966667
vt 0.763869 0.933333
vt 0.910651 0.950000
vt 0.910651 0.966667
vt 0.910651 0.933333
vt 1.052889 0.950000
vt 1.052889 0.966667
vt 1.052889 0.933333
vt 1.200000 0.950000
vt 1.200000 0.966667
vt 1.200000 0.933333
vt 0.000000 0.950000
vt 0.000000 0.966667
vt 0.000000 0.933333
vt 0.136655 0.950000
vt 0.136655 0.966667
vt 0.136655 0.933333
vt 0.246598 0.950000
vt 0.246598 0.966667
vt 0.246598 0.933333
vt 0.384292 0.950000
vt 0.384292 0.966667
vt 0.384292 0.933333
vt 0.560530 0.950000
vt 0.560530 0.966667
vt 0.560530 0.933333
vt 0.675334 0.950000
vt 0.675334 0.966667
vt 0.675334 0.933333
vt 0.858969 0.950000
vt 0.858969 0.966667
vt 0.858969 0.933333
vt 1.088676 0.950000
vt 1.088676 0.966667
vt 1.088676 0.933333
vt 1.200000 0.950000
vt 1.200000 0.966667
vt 1.200000 0.933333
vt 0.000000 0.950000
vt 0.000000 0.966667
vt 0.000000 0.933333
vt 0.134181 0.950000
vt 0.134181 0.966667
vt 0.134181 0.933333
vt 0.257797 0.950000
vt 0.257797 0.966667
vt 0.257797 0.933333
vt 0.392994 0.950000
vt 0.392994 0.966667
vt 0.392994 0.933333
vt 0.556985 0.950000
vt 0.556985 0.966667
vt 0.556985 0.933333
vt 0.729758 0.950000
vt 0.729758 0.966667
vt 0.729758 0.933333
vt 0.861497 0.950000
vt 0.861497 0.966667
vt 0.861497 0.933333
vt 1.002784 0.950000
vt 1.002784 0.966667
vt 1.002784 0.933333
vt 1.200000 0.950000
vt 1.200000 0.966667
vt 1.200000 0.933333
vt 0.000000 0.950000
vt 0.000000 0.966667
vt 0.000000 0.933333
vt 0.134552 0.950000
vt 0.134552 0.966667
vt 0.134552 0.933333
vt 0.259424 0.950000
vt 0.259424 0.966667
vt 0.259424 0.933333
vt 0.414252 0.950000
vt 0.414252 0.966667
vt 0.414252 0.933333
vt 0.598549 0.950000
vt 0.598549 0.966667
vt 0.598549 0.933333
vt 0.796644 0.950000
vt 0.796644 0.966667
vt 0.796644 0.933333
vt 0.925752 0.950000
vt 0.925752 0.966667
vt 0.925752 0.933333
vt 1.119965 0.950000
vt 1.119965 0.966667
vt 1.119965 0.933333
vt 1.200000 0.950000
vt 1.200000 0.966667
vt 1.200000 0.933333
vt 0.000000 0.950000
vt 0.000000 0.966667
vt 0.000000 0.933333
vt 0.119221 0.950000
vt 0.119221 0.966667
vt 0.119221 0.933333
vt 0.240488 0.950000
vt 0.240488 0.966667
vt 0.240488 0.933333
vt 0.397935 0.950000
vt 0.397935 0.966667
vt 0.397935 0.933333
vt 0.557614 0.950000
vt 0.557614 0.966667
vt 0.557614 0.933333
vt 0.710432 0.950000
vt 0.710432 0.966667
vt 0.710432 0.933333
vt 0.844782 0.950000
vt 0.844782 0.966667
vt 0.844782 0.933333
vt 0.990621 0.950000
vt 0.990621 0.966667
vt 0.990621 0.933333
vt 1.200000 0.950000
vt 1.200000 0.966667
vt 1.200000 0.933333
vt 0.000000 0.950000
vt 0.000000 0.966667
vt 0.000000 0.933333
vt 0.151536 0.950000
vt 0.151536 0.966667
vt 0.151536 0.933333
vt 0.302306 0.950000
vt 0.302306 0.966667
vt 0.302306 0.933333
vt 0.423818 0.950000
vt 0.423818 0.966667
vt 0.423818 0.933333
vt 0.557252 0.950000
vt 0.557252 0.966667
vt 0.557252 0.933333
vt 0.691593 0.950000
vt 0.691593 0.966667
vt 0.691593 0.933333
vt 0.820125 0.950000
vt 0.820125 0.966667
vt 0.820125 0.933333
vt 0.961063 0.950000
vt 0.961063 0.966667
vt 0.961063 0.933333
vt 1.200000 0.950000
vt 1.200000 0.966667
vt 1.200000 0.933333
vt 0.000000 0.950000
vt 0.000000 0.966667
vt 0.000000 0.933333
vt 0.154689 0.950000
vt 0.154689 0.966667
vt 0.154689 0.933333
vt 0.275891 0.950000
vt 0.275891 0.966667
vt 0.275891 0.933333
vt 0.386716 0.950000
vt 0.386716 0.966667
vt 0.386716 0.933333
vt 0.501847 0.950000
vt 0.501847 0.966667
vt 0.501847 0.933333
vt 0.628047 0.950000
vt 0.628047 0.966667
vt 0.628047 0.933333
vt 0.778378 0.950000
vt 0.778378 0.966667
vt 0.778378 0.933333
vt 0.986513 0.950000
vt 0.986513 0.966667
vt 0.986513 0.933333
vt 1.200000 0.950000
vt 1.200000 0.966667
vt 1.200000 0.933333
vt 0.000000 0.950000
vt 0.000000 0.966667
vt 0.000000 0.933333
vt 0.144640 0.950000
vt 0.144640 0.966667
vt 0.144640 0.933333
vt 0.263416 0.950000
vt 0.263416 0.966667
vt 0.263416 0.933333
vt 0.362786 0.950000
vt 0.362786 0.966667
vt 0.362786 0.933333
vt 0.506013 0.950000
vt 0.506013 0.966667
vt 0.506013 0.933333
vt 0.630356 0.950000
vt 0.630356 0.966667
vt 0.630356 0.933333
vt 0.778769 0.950000
vt 0.778769 0.966667
vt 0.778769 0.933333
vt 0.987275 0.950000
vt 0.987275 0.966667
vt 0.987275 0.933333
vt 1.200000 0.950000
vt 1.200000 0.966667
vt 1.200000 0.933333
vt 0.000000 0.950000
vt 0.000000 0.966667
vt 0.000000 0.933333
vt 0.142667 0.950000
vt 0.142667 0.966667
vt 0.142667 0.933333
vt 0.278674 0.950000
vt 0.278674 0.966667
vt 0.278674 0.933333
vt 0.398767 0.950000
vt 0.398767 0.966667
vt 0.398767 0.933333
vt 0.549091 0.950000
vt 0.549091 0.966667
vt 0.549091 0.933333
vt 0.690374 0.950000
vt 0.690374 0.966667
vt 0.690374 0.933333
vt 0.839678 0.950000
vt 0.839678 0.966667
vt 0.839678 0.933333
vt 1.039161 0.950000
vt 1.039161 0.966667
vt 1.039161 0.933333
vt 1.200000 0.950000
vt 1.200000 0.966667
vt 1.200000 0.933333
vt 0.000000 0.950000
vt 0.000000 0.966667
vt 0.000000 0.933333
vt 0.132554 0.950000
vt 0.132554 0.966667
vt 0.132554 0.933333
vt 0.263696 0.950000
vt 0.263696 0.966667
vt 0.263696 0.933333
vt 0.386151 0.950000
vt 0.386151 0.966667
vt 0.386151 0.933333
vt 0.501976 0.950000
vt 0.501976 0.966667
vt 0.501976 0.933333
vt 0.714568 0.950000
vt 0.714568 0.966667
vt 0.714568 0.933333
vt 0.937622 0.950000
vt 0.937622 0.966667
vt 0.937622 0.933333
vt 1.072316 0.950000
vt 1.072316 0.966667
vt 1.072316 0.933333
vt 1.200000 0.950000
vt 1.200000 0.966667
vt 1.200000 0.933333
vt 0.000000 0.950000
vt 0.000000 0.966667
vt 0.000000 0.933333
vt 0.149147 0.950000
vt 0.149147 0.966667
vt 0.149147 0.933333
vt 0.329978 0.950000
vt 0.329978 0.966667
vt 0.329978 0.933333
vt 0.482047 0.950000
vt 0.482047 0.966667
vt 0.482047 0.933333
vt 0.603972 0.950000
vt 0.603972 0.966667
vt 0.603972 0.933333
vt 0.749438 0.950000
vt 0.749438 0.966667
vt 0.749438 0.933333
vt 0.944421 0.950000
vt 0.944421 0.966667
vt 0.944421 0.933333
vt 1.096593 0.950000
vt 1.096593 0.966667
vt 1.096593 0.933333
vt 1.200000 0.950000
vt 1.200000 0.966667
vt 1.200000 0.933333
vt 0.000000 0.950000
vt 0.000000 0.966667
vt 0.000000 0.933333
vt 0.130023 0.950000
vt 0.130023 0.966667
vt 0.130023 0.933333
vt 0.265459 0.950000
vt 0.265459 0.966667
vt 0.265459 0.933333
vt 0.404618 0.950000
vt 0.404618 0.966667
vt 0.404618 0.933333
vt 0.534186 0.950000
vt 0.534186 0.966667
vt 0.534186 0.933333
vt 0.710314 0.950000
vt 0.710314 0.966667
vt 0.710314 0.933333
vt 0.933262 0.950000
vt 0.933262 0.966667
vt 0.933262 0.933333
vt 1.084792 0.950000
vt 1.084792 0.966667
vt 1.084792 0.933333
vt 1.200000 0.950000
vt 1.200000 0.966667
vt 1.200000 0.933333
vt 0.000000 0.950000
vt 0.000000 0.966667
vt 0.000000 0.933333
vt 0.129177 0.950000
vt 0.129177 0.966667
vt 0.129177 0.933333
vt 0.250319 0.950000
vt 0.250319 0.966667
vt 0.250319 0.933333
vt 0.373028 0.950000
vt 0.373028 0.966667
vt 0.373028 0.933333
vt 0.483641 0.950000
vt 0.483641 0.966667
vt 0.483641 0.933333
vt 0.597145 0.950000
vt 0.597145 0.966667
vt 0.597145 0.933333
vt 0.764852 0.950000
vt 0.764852 0.966667
vt 0.764852 0.933333
vt 0.981864 0.950000
vt 0.981864 0.966667
vt 0.981864 0.933333
vt 1.200000 0.950000
vt 1.200000 0.966667
vt 1.200000 0.933333
f 1/1 2/2 7/7
f 1/1 7/7 6/6
f 2/2 3/3 8/8
f 2/2 8/8 7/7
f 3/3 4/4 9/9
f 3/3 9/9 8/8
f 4/4 5/5 10/10
f 4/4 10/10 9/9
f 5/5 1/1 6/6
f 5/5 6/6 10/10
f 6/6 7/7 12/12
f 6/6 12/12 11/11
f 7/7 8/8 13/13
f 7/7 13/13 12/12
f 8/8 9/9 14/14
f 8/8 14/14 13/13
f 9/9 10/10 15/15
f 9/9 15/15 14/14
f 10/10 6/6 11/11
f 10/10 11/11 15/15
f 11/11 12/12 17/17
f 11/11 17/17 16/16
f 12/12 13/13 18/18
f 12/12 18/18 17/17
f 13/13 14/14 19/19
f 13/13 19/19 18/18
f 14/14 15/15 20/20
f 14/14 20/20 19/19
f 15/15 11/11 16/16
f 15/15 16/16 20/20
f 16/16 17/17 22/22
f 16/16 22/22 21/21
f 17/17 18/18 23/23
f 17/17 23/23 22/22
f 18/18 19/19 24/24
f 18/18 24/24 23/23
f 19/19 20/20 25/25
f 19/19 25/25 24/24
f 20/20 16/16 21/21
f 20/20 21/21 25/25
f 21/21 22/22 27/27
f 21/21 27/27 26/26
f 22/22 23/23 28/28
f 22/22 28/28 27/27
f 23/23 24/24 29/29
f 23/23 29/29 28/28
f 24/24 25/25 30/30
f 24/24 30/30 29/29
f 25/25 21/21 26/26
f 25/25 26/26 30/30
f 26/26 27/27 32/32
f 26/26 32/32 31/31
f 27/27 28/28 33/33
f 27/27 33/33 32/32
f 28/28 29/29 34/34
f 28/28 34/34 33/33
f 29/29 30/30 35/35
f 29/29 35/35 34/34
f 30/30 26/26 31/31
f 30/30 31/31 35/35
f 31/31 32/32 37/37
f 31/31 37/37 36/36
f 32/32 33/33 38/38
f 32/32 38/38 37/37
f 33/33 34/34 39/39
f 33/33 39/39 38/38
f 34/34 35/35 40/40
f 34/34 40/40 39/39
f 35/35 31/31 36/36
f 35/35 36/36 40/40
f 36/36 37/37 42/42
f 36/36 42/42 41/41
f 37/37 38/38 43/43
f 37/37 43/43 42/42
f 38/38 39/39 44/44
f 38/38 44/44 43/43
f 39/39 40/40 45/45
f 39/39 45/45 44/44
f 40/40 36/36 41/41
f 40/40 41/41 45/45
f 41/41 42/42 47/47
f 41/41 47/47 46/46
f 42/42 43/43 48/48
f 42/42 48/48 47/47
f 43/43 44/44 49/49
f 43/43 49/49 48/48
f 44/44 45/45 50/50
f 44/44 50/50 49/49
f 45/45 41/41 46/46
f 45/45 46/46 50/50
f 51/51 52/52 57/57
f 51/51 57/57 56/56
f 52/52 53/53 58/58
f 52/52 58/58 57/57
f 53/53 54/54 59/59
f 53/53 59/59 58/58
f 54/54 55/55 60/60
f 54/54 60/60 59/59
f 55/55 51/51 56/56
f 55/55 56/56 60/60
f 56/56 57/57 62/62
f 56/56 62/62 61/61
f 57/57 58/58 63/63
f 57/57 63/63 62/62
f 58/58 59/59 64/64
f 58/58 64/64 63/63
f 59/59 60/60 65/65
f 59/59 65/65 64/64
f 60/60 56/56 61/61
f 60/60 61/61 65/65
f 61/61 62/62 67/67
f 61/61 67/67 66/66
f 62/62 63/63 68/68
f 62/62 68/68 67/67
f 63/63 64/64 69/69
f 63/63 69/69 68/68
f 64/64 65/65 70/70
f 64/64 70/70 69/69
f 65/65 61/61 66/66
f 65/65 66/66 70/70
f 66/66 67/67 72/72
f 66/66 72/72 71/71
f 67/67 68/68 73/73
f 67/67 73/73 72/72
f 68/68 69/69 74/74
f 68/68 74/74 73/73
f 69/69 70/70 75/75
f 69/69 75/75 74/74
f 70/70 66/66 71/71
f 70/70 71/71 75/75
f 71/71 72/72 77/77
f 71/71 77/77 76/76
f 72/72 73/73 78/78
f 72/72 78/78 77/77
f 73/73 74/74 79/79
f 73/73 79/79 78/78
f 74/74 75/75 80/80
f 74/74 80/80 79/79
f 75/75 71/71 76/76
f 75/75 76/76 80/80
f 76/76 77/77 82/82
f 76/76 82/82 81/81
f 77/77 78/78 83/83
f 77/77 83/83 82/82
f 78/78 79/79 84/84
f 78/78 84/84 83/83
f 79/79 80/80 85/85
f 79/79 85/85 84/84
f 80/80 76/76 81/81
f 80/80 81/81 85/85
f 81/81 82/82 87/87
f 81/81 87/87 86/86
f 82/82 83/83 88/88
f 82/82 88/88 87/87
f 83/83 84/84 89/89
f 83/83 89/89 88/88
f 84/84 85/85 90/90
f 84/84 90/90 89/89
f 85/85 81/81 86/86
f 85/85 86/86 90/90
f 86/86 87/87 92/92
f 86/86 92/92 91/91
f 87/87 88/88 93/93
f 87/87 93/93 92/92
f 88/88 89/89 94/94
f 88/88 94/94 93/93
f 89/89 90/90 95/95
f 89/89 95/95 94/94
f 90/90 86/86 91/91
f 90/90 91/91 95/95
f 91/91 92/92 97/97
f 91/91 97/97 96/96
f 92/92 93/93 98/98
f 92/92 98/98 97/97
f 93/93 94/94 99/99
f 93/93 99/99 98/98
f 94/94 95/95 100/100
f 94/94 100/100 99/99
f 95/95 91/91 96/96
f 95/95 96/96 100/100
f 101/101 102/102 107/107
f 101/101 107/107 106/106
f 102/102 103/103 108/108
f 102/102 108/108 107/107
f 103/103 104/104 109/109
f 103/103 109/109 108/108
f 104/104 105/105 110/110
f 104/104 110/110 109/109
f 105/105 101/101 106/106
f 105/105 106/106 110/110
f 106/106 107/107 112/112
f 106/106 112/112 111/111
f 107/107 108/108 113/113
f 107/107 113/113 112/112
f 108/108 109/109 114/114
f 108/108 114/114 113/113
f 109/109 110/110 115/115
f 109/109 115/115 114/114
f 110/110 106/106 111/111
f 110/110 111/111 115/115
f 111/111 112/112 117/117
f 111/111 117/117 116/116
f 112/112 113/113 118/118
f 112/112 118/118 117/117
f 113/113 114/114 119/119
f 113/113 119/119 118/118
f 114/114 115/115 120/120
f 114/114 120/120 119/119
f 115/115 111/111 116/116
f 115/115 116/116 120/120
f 116/116 117/117 122/122
f 116/116 122/122 121/121
f 117/117 118/118 123/123
f 117/117 123/123 122/122
f 118/118 119/119 124/124
f 118/118 124/124 123/123
f 119/119 120/120 125/125
f 119/119 125/125 124/124
f 120/120 116/116 121/121
f 120/120 121/121 125/125
f 121/121 122/122 127/127
f 121/121 127/127 126/126
f 122/122 123/123 128/128
f 122/122 128/128 127/127
f 123/123 124/124 129/129
f 123/123 129/129 128/128
f 124/124 125/125 130/130
f 124/124 130/130 129/129
f 125/125 121/121 126/126
f 125/125 126/126 130/130
f 126/126 127/127 132/132
f 126/126 132/132 131/131
f 127/127 128/128 133/133
f 127/127 133/133 132/132
f 128/128 129/129 134/134
f 128/128 134/134 133/133
f 129/129 130/130 135/135
f 129/129 135/135 134/134
f 130/130 126/126 131/131
f 130/130 131/131 135/135
f 131/131 132/132 137/137
f 131/131 137/137 136/136
f 132/132 133/133 138/138
f 132/132 138/138 137/137
f 133/133 134/134 139/139
f 133/133 139/139 138/138
f 134/134 135/135 140/140
f 134/134 140/140 139/139
f 135/135 131/131 136/136
f 135/135 136/136 140/140
f 136/136 137/137 142/142
f 136/136 142/142 141/141
f 137/137 138/138 143/143
f 137/137 143/143 142/142
f 138/138 139/139 144/144
f 138/138 144/144 143/143
f 139/139 140/140 145/145
f 139/139 145/145 144/144
f 140/140 136/136 141/141
f 140/140 141/141 145/145
f 141/141 142/142 147/147
f 141/141 147/147 146/146
f 142/142 143/143 148/148
f 142/142 148/148 147/147
f 143/143 144/144 149/149
f 143/143 149/149 148/148
f 144/144 145/145 150/150
f 144/144 150/150 149/149
f 145/145 141/141 146/146
f 145/145 146/146 150/150
f 151/151 152/152 157/157
f 151/151 157/157 156/156
f 152/152 153/153 158/158
f 152/152 158/158 157/157
f 153/153 154/154 159/159
f 153/153 159/159 158/158
f 154/154 155/155 160/160
f 154/154 160/160 159/159
f 155/155 151/151 156/156
f 155/155 156/156 160/160
f 156/156 157/157 162/162
f 156/156 162/162 161/161
f 157/157 158/158 163/163
f 157/157 163/163 162/162
f 158/158 159/159 164/164
f 158/158 164/164 163/163
f 159/159 160/160 165/165
f 159/159 165/165 164/164
f 160/160 156/156 161/161
f 160/160 161/161 165/165
f 161/161 162/162 167/167
f 161/161 167/167 166/166
f 162/162 163/163 168/168
f 162/162 168/168 167/167
f 163/163 164/164 169/169
f 163/163 169/169 168/168
f 164/164 165/165 170/170
f 164/164 170/170 169/169
f 165/165 161/161 166/166
f 165/165 166/166 170/170
f 166/166 167/167 172/172
f 166/166 172/172 171/171
f 167/167 168/168 173/173
f 167/167 173/173 172/172
f 168/168 169/169 174/174
f 168/168 174/174 173/173
f 169/169 170/170 175/175
f 169/169 175/175 174/174
f 170/170 166/166 171/171
f 170/170 171/171 175/175
f 171/171 172/172 177/177
f 171/171 177/177 176/176
f 172/172 173/173 178/178
f 172/172 178/178 177/177
f 173/173 174/174 179/179
f 173/173 179/179 178/178
f 174/174 175/175 180/180
f 174/174 180/180 179/179
f 175/175 171/171 176/176
f 175/175 176/176 180/180
f 176/176 177/177 182/182
f 176/176 182/182 181/181
f 177/177 178/178 183/183
f 177/177 183/183 182/182
f 178/178 179/179 184/184
f 178/178 184/184 183/183
f 179/179 180/180 185/185
f 179/179 185/185 184/184
f 180/180 176/176 181/181
f 180/180 181/181 185/185
f 186/186 187/187 192/192
f 186/186 192/192 191/191
f 187/187 188/188 193/193
f 187/187 193/193 192/192
f 188/188 189/189 194/194
f 188/188 194/194 193/193
f 189/189 190/190 195/195
f 189/189 195/195 194/194
f 190/190 186/186 191/191
f 190/190 191/191 195/195
f 191/191 192/192 197/197
f 191/191 197/197 196/196
f 192/192 193/193 198/198
f 192/192 198/198 197/197
f 193/193 194/194 199/199
f 193/193 199/199 198/198
f 194/194 195/195 200/200
f 194/194 200/200 199/199
f 195/195 191/191 196/196
f 195/195 196/196 200/200
f 196/196 197/197 202/202
f 196/196 202/202 201/201
f 197/197 198/198 203/203
f 197/197 203/203 202/202
f 198/198 199/199 204/204
f 198/198 204/204 203/203
f 199/199 200/200 205/205
f 199/199 205/205 204/204
f 200/200 196/196 201/201
f 200/200 201/201 205/205
f 201/201 202/202 207/207
f 201/201 207/207 206/206
f 202/202 203/203 208/208
f 202/202 208/208 207/207
f 203/203 204/204 209/209
f 203/203 209/209 208/208
f 204/204 205/205 210/210
f 204/204 210/210 209/209
f 205/205 201/201 206/206
f 205/205 206/206 210/210
f 206/206 207/207 212/212
f 206/206 212/212 211/211
f 207/207 208/208 213/213
f 207/207 213/213 212/212
f 208/208 209/209 214/214
f 208/208 214/214 213/213
f 209/209 210/210 215/215
f 209/209 215/215 214/214
f 210/210 206/206 211/211
f 210/210 211/211 215/215
f 211/211 212/212 217/217
f 211/211 217/217 216/216
f 212/212 213/213 218/218
f 212/212 218/218 217/217
f 213/213 214/214 219/219
f 213/213 219/219 218/218
f 214/214 215/215 220/220
f 214/214 220/220 219/219
f 215/215 211/211 216/216
f 215/215 216/216 220/220
f 216/216 217/217 222/222
f 216/216 222/222 221/221
f 217/217 218/218 223/223
f 217/217 223/223 222/222
f 218/218 219/219 224/224
f 218/218 224/224 223/223
f 219/219 220/220 225/225
f 219/219 225/225 224/224
f 220/220 216/216 221/221
f 220/220 221/221 225/225
f 221/221 222/222 227/227
f 221/221 227/227 226/226
f 222/222 223/223 228/228
f 222/222 228/228 227/227
f 223/223 224/224 229/229
f 223/223 229/229 228/228
f 224/224 225/225 230/230
f 224/224 230/230 229/229
f 225/225 221/221 226/226
f 225/225 226/226 230/230
f 226/226 227/227 232/232
f 226/226 232/232 231/231
f 227/227 228/228 233/233
f 227/227 233/233 232/232
f 228/228 229/229 234/234
f 228/228 234/234 233/233
f 229/229 230/230 235/235
f 229/229 235/235 234/234
f 230/230 226/226 231/231
f 230/230 231/231 235/235
f 231/231 232/232 237/237
f 231/231 237/237 236/236
f 232/232 233/233 238/238
f 232/232 238/238 237/237
f 233/233 234/234 239/239
f 233/233 239/239 238/238
f 234/234 235/235 240/240
f 234/234 240/240 239/239
f 235/235 231/231 236/236
f 235/235 236/236 240/240
f 241/241 242/242 247/247
f 241/241 247/247 246/246
f 242/242 243/243 248/248
f 242/242 248/248 247/247
f 243/243 244/244 249/249
f 243/243 249/249 248/248
f 244/244 245/245 250/250
f 244/244 250/250 249/249
f 245/245 241/241 246/246
f 245/245 246/246 250/250
f 246/246 247/247 252/252
f 246/246 252/252 251/251
f 247/247 248/248 253/253
f 247/247 253/253 252/252
f 248/248 249/249 254/254
f 248/248 254/254 253/253
f 249/249 250/250 255/255
f 249/249 255/255 254/254
f 250/250 246/246 251/251
f 250/250 251/251 255/255
f 251/251 252/252 257/257
f 251/251 257/257 256/256
f 252/252 253/253 258/258
f 252/252 258/258 257/257
f 253/253 254/254 259/259
f 253/253 259/259 258/258
f 254/254 255/255 260/260
f 254/254 260/260 259/259
f 255/255 251/251 256/256
f 255/255 256/256 260/260
f 256/256 257/257 262/262
f 256/256 262/262 261/261
f 257/257 258/258 263/263
f 257/257 263/263 262/262
f 258/258 259/259 264/264
f 258/258 264/264 263/263
f 259/259 260/260 265/265
f 259/259 265/265 264/264
f 260/260 256/256 261/261
f 260/260 261/261 265/265
f 261/261 262/262 267/267
f 261/261 267/267 266/266
f 262/262 263/263 268/268
f 262/262 268/268 267/267
f 263/263 264/264 269/269
f 263/263 269/269 268/268
f 264/264 265/265 270/270
f 264/264 270/270 269/269
f 265/265 261/261 266/266
f 265/265 266/266 270/270
f 266/266 267/267 272/272
f 266/266 272/272 271/271
f 267/267 268/268 273/273
f 267/267 273/273 272/272
f 268/268 269/269 274/274
f 268/268 274/274 273/273
f 269/269 270/270 275/275
f 269/269 275/275 274/274
f 270/270 266/266 271/271
f 270/270 271/271 275/275
f 271/271 272/272 277/277
f 271/271 277/277 276/276
f 272/272 273/273 278/278
f 272/272 278/278 277/277
f 273/273 274/274 279/279
f 273/273 279/279 278/278
f 274/274 275/275 280/280
f 274/274 280/280 279/279
f 275/275 271/271 276/276
f 275/275 276/276 280/280
f 276/276 277/277 282/282
f 276/276 282/282 281/281
f 277/277 278/278 283/283
f 277/277 283/283 282/282
f 278/278 279/279 284/284
f 278/278 284/284 283/283
f 279/279 280/280 285/285
f 279/279 285/285 284/284
f 280/280 276/276 281/281
f 280/280 281/281 285/285
f 281/281 282/282 287/287
f 281/281 287/287 286/286
f 282/282 283/283 288/288
f 282/282 288/288 287/287
f 283/283 284/284 289/289
f 283/283 289/289 288/288
f 284/284 285/285 290/290
f 284/284 290/290 289/289
f 285/285 281/281 286/286
f 285/285 286/286 290/290
f 286/286 287/287 292/292
f 286/286 292/292 291/291
f 287/287 288/288 293/293
f 287/287 293/293 292/292
f 288/288 289/289 294/294
f 288/288 294/294 293/293
f 289/289 290/290 295/295
f 289/289 295/295 294/294
f 290/290 286/286 291/291
f 290/290 291/291 295/295
f 291/291 292/292 297/297
f 291/291 297/297 296/296
f 292/292 293/293 298/298
f 292/292 298/298 297/297
f 293/293 294/294 299/299
f 293/293 299/299 298/298
f 294/294 295/295 300/300
f 294/294 300/300 299/299
f 295/295 291/291 296/296
f 295/295 296/296 300/300
f 301/301 302/302 307/307
f 301/301 307/307 306/306
f 302/302 303/303 308/308
f 302/302 308/308 307/307
f 303/303 304/304 309/309
f 303/303 309/309 308/308
f 304/304 305/305 310/310
f 304/304 310/310 309/309
f 305/305 301/301 306/306
f 305/305 306/306 310/310
f 306/306 307/307 312/312
f 306/306 312/312 311/311
f 307/307 308/308 313/313
f 307/307 313/313 312/312
f 308/308 309/309 314/314
f 308/308 314/314 313/313
f 309/309 310/310 315/315
f 309/309 315/315 314/314
f 310/310 306/306 311/311
f 310/310 311/311 315/315
f 311/311 312/312 317/317
f 311/311 317/317 316/316
f 312/312 313/313 318/318
f 312/312 318/318 317/317
f 313/313 314/314 319/319
f 313/313 319/319 318/318
f 314/314 315/315 320/320
f 314/314 320/320 319/319
f 315/315 311/311 316/316
f 315/315 316/316 320/320
f 316/316 317/317 322/322
f 316/316 322/322 321/321
f 317/317 318/318 323/323
f 317/317 323/323 322/322
f 318/318 319/319 324/324
f 318/318 324/324 323/323
f 319/319 320/320 325/325
f 319/319 325/325 324/324
f 320/320 316/316 321/321
f 320/320 321/321 325/325
f 321/321 322/322 327/327
f 321/321 327/327 326/326
f 322/322 323/323 328/328
f 322/322 328/328 327/327
f 323/323 324/324 329/329
f 323/323 329/329 328/328
f 324/324 325/325 330/330
f 324/324 330/330 329/329
f 325/325 321/321 326/326
f 325/325 326/326 330/330
f 326/326 327/327 332/332
f 326/326 332/332 331/331
f 327/327 328/328 333/333
f 327/327 333/333 332/332
f 328/328 329/329 334/334
f 328/328 334/334 333/333
f 329/329 330/330 335/335
f 329/329 335/335 334/334
f 330/330 326/326 331/331
f 330/330 331/331 335/335
f 331/331 332/332 337/337
f 331/331 337/337 336/336
f 332/332 333/333 338/338
f 332/332 338/338 337/337
f 333/333 334/334 339/339
f 333/333 339/339 338/338
f 334/334 335/335 340/340
f 334/334 340/340 339/339
f 335/335 331/331 336/336
f 335/335 336/336 340/340
f 341/341 342/342 347/347
f 341/341 347/347 346/346
f 342/342 343/343 348/348
f 342/342 348/348 347/347
f 343/343 344/344 349/349
f 343/343 349/349 348/348
f 344/344 345/345 350/350
f 344/344 350/350 349/349
f 345/345 341/341 346/346
f 345/345 346/346 350/350
f 346/346 347/347 352/352
f 346/346 352/352 351/351
f 347/347 348/348 353/353
f 347/347 353/353 352/352
f 348/348 349/349 354/354
f 348/348 354/354 353/353
f 349/349 350/350 355/355
f 349/349 355/355 354/354
f 350/350 346/346 351/351
f 350/350 351/351 355/355
f 351/351 352/352 357/357
f 351/351 357/357 356/356
f 352/352 353/353 358/358
f 352/352 358/358 357/357
f 353/353 354/354 359/359
f 353/353 359/359 358/358
f 354/354 355/355 360/360
f 354/354 360/360 359/359
f 355/355 351/351 356/356
f 355/355 356/356 360/360
f 356/356 357/357 362/362
f 356/356 362/362 361/361
f 357/357 358/358 363/363
f 357/357 363/363 362/362
f 358/358 359/359 364/364
f 358/358 364/364 363/363
f 359/359 360/360 365/365
f 359/359 365/365 364/364
f 360/360 356/356 361/361
f 360/360 361/361 365/365
f 361/361 362/362 367/367
f 361/361 367/367 366/366
f 362/362 363/363 368/368
f 362/362 368/368 367/367
f 363/363 364/364 369/369
f 363/363 369/369 368/368
f 364/364 365/365 370/370
f 364/364 370/370 369/369
f 365/365 361/361 366/366
f 365/365 366/366 370/370
f 366/366 367/367 372/372
f 366/366 372/372 371/371
f 367/367 368/368 373/373
f 367/367 373/373 372/372
f 368/368 369/369 374/374
f 368/368 374/374 373/373
f 369/369 370/370 375/375
f 369/369 375/375 374/374
f 370/370 366/366 371/371
f 370/370 371/371 375/375
f 371/371 372/372 377/377
f 371/371 377/377 376/376
f 372/372 373/373 378/378
f 372/372 378/378 377/377
f 373/373 374/374 379/379
f 373/373 379/379 378/378
f 374/374 375/375 380/380
f 374/374 380/380 379/379
f 375/375 371/371 376/376
f 375/375 376/376 380/380
f 376/376 377/377 382/382
f 376/376 382/382 381/381
f 377/377 378/378 383/383
f 377/377 383/383 382/382
f 378/378 379/379 384/384
f 378/378 384/384 383/383
f 379/379 380/380 385/385
f 379/379 385/385 384/384
f 380/380 376/376 381/381
f 380/380 381/381 385/385
f 381/381 382/382 387/387
f 381/381 387/387 386/386
f 382/382 383/383 388/388
f 382/382 388/388 387/387
f 383/383 384/384 389/389
f 383/383 389/389 388/388
f 384/384 385/385 390/390
f 384/384 390/390 389/389
f 385/385 381/381 386/386
f 385/385 386/386 390/390
f 386/386 387/387 392/392
f 386/386 392/392 391/391
f 387/387 388/388 393/393
f 387/387 393/393 392/392
f 388/388 389/389 394/394
f 388/388 394/394 393/393
f 389/389 390/390 395/395
f 389/389 395/395 394/394
f 390/390 386/386 391/391
f 390/390 391/391 395/395
f 391/391 392/392 397/397
f 391/391 397/397 396/396
f 392/392 393/393 398/398
f 392/392 398/398 397/397
f 393/393 394/394 399/399
f 393/393 399/399 398/398
f 394/394 395/395 400/400
f 394/394 400/400 399/399
f 395/395 391/391 396/396
f 395/395 396/396 400/400
f 401/401 402/402 407/407
f 401/401 407/407 406/406
f 402/402 403/403 408/408
f 402/402 408/408 407/407
f 403/403 404/404 409/409
f 403/403 409/409 408/408
f 404/404 405/405 410/410
f 404/404 410/410 409/409
f 405/405 401/401 406/406
f 405/405 406/406 410/410
f 406/406 407/407 412/412
f 406/406 412/412 411/411
f 407/407 408/408 413/413
f 407/407 413/413 412/412
f 408/408 409/409 414/414
f 408/408 414/414 413/413
f 409/409 410/410 415/415
f 409/409 415/415 414/414
f 410/410 406/406 411/411
f 410/410 411/411 415/415
f 411/411 412/412 417/417
f 411/411 417/417 416/416
f 412/412 413/413 418/418
f 412/412 418/418 417/417
f 413/413 414/414 419/419
f 413/413 419/419 418/418
f 414/414 415/415 420/420
f 414/414 420/420 419/419
f 415/415 411/411 416/416
f 415/415 416/416 420/420
f 416/416 417/417 422/422
f 416/416 422/422 421/421
f 417/417 418/418 423/423
f 417/417 423/423 422/422
f 418/418 419/419 424/424
f 418/418 424/424 423/423
f 419/419 420/420 425/425
f 419/419 425/425 424/424
f 420/420 416/416 421/421
f 420/420 421/421 425/425
f 421/421 422/422 427/427
f 421/421 427/427 426/426
f 422/422 423/423 428/428
f 422/422 428/428 427/427
f 423/423 424/424 429/429
f 423/423 429/429 428/428
f 424/424 425/425 430/430
f 424/424 430/430 429/429
f 425/425 421/421 426/426
f 425/425 426/426 430/430
f 426/426 427/427 432/432
f 426/426 432/432 431/431
f 427/427 428/428 433/433
f 427/427 433/433 432/432
f 428/428 429/429 434/434
f 428/428 434/434 433/433
f 429/429 430/430 435/435
f 429/429 435/435 434/434
f 430/430 426/426 431/431
f 430/430 431/431 435/435
f 431/431 432/432 437/437
f 431/431 437/437 436/436
f 432/432 433/433 438/438
f 432/432 438/438 437/437
f 433/433 434/434 439/439
f 433/433 439/439 438/438
f 434/434 435/435 440/440
f 434/434 440/440 439/439
f 435/435 431/431 436/436
f 435/435 436/436 440/440
f 436/436 437/437 442/442
f 436/436 442/442 441/441
f 437/437 438/438 443/443
f 437/437 443/443 442/442
f 438/438 439/439 444/444
f 438/438 444/444 443/443
f 439/439 440/440 445/445
f 439/439 445/445 444/444
f 440/440 436/436 441/441
f 440/440 441/441 445/445
f 441/441 442/442 447/447
f 441/441 447/447 446/446
f 442/442 443/443 448/448
f 442/442 448/448 447/447
f 443/443 444/444 449/449
f 443/443 449/449 448/448
f 444/444 445/445 450/450
f 444/444 450/450 449/449
f 445/445 441/441 446/446
f 445/445 446/446 450/450
f 446/446 447/447 452/452
f 446/446 452/452 451/451
f 447/447 448/448 453/453
f 447/447 453/453 452/452
f 448/448 449/449 454/454
f 448/448 454/454 453/453
f 449/449 450/450 455/455
f 449/449 455/455 454/454
f 450/450 446/446 451/451
f 450/450 451/451 455/455
f 451/451 452/452 457/457
f 451/451 457/457 456/456
f 452/452 453/453 458/458
f 452/452 458/458 457/457
f 453/453 454/454 459/459
f 453/453 459/459 458/458
f 454/454 455/455 460/460
f 454/454 460/460 459/459
f 455/455 451/451 456/456
f 455/455 456/456 460/460
f 456/456 457/457 462/462
f 456/456 462/462 461/461
f 457/457 458/458 463/463
f 457/457 463/463 462/462
f 458/458 459/459 464/464
f 458/458 464/464 463/463
f 459/459 460/460 465/465
f 459/459 465/465 464/464
f 460/460 456/456 461/461
f 460/460 461/461 465/465
f 466/466 467/467 472/472
f 466/466 472/472 471/471
f 467/467 468/468 473/473
f 467/467 473/473 472/472
f 468/468 469/469 474/474
f 468/468 474/474 473/473
f 469/469 470/470 475/475
f 469/469 475/475 474/474
f 470/470 466/466 471/471
f 470/470 471/471 475/475
f 471/471 472/472 477/477
f 471/471 477/477 476/476
f 472/472 473/473 478/478
f 472/472 478/478 477/477
f 473/473 474/474 479/479
f 473/473 479/479 478/478
f 474/474 475/475 480/480
f 474/474 480/480 479/479
f 475/475 471/471 476/476
f 475/475 476/476 480/480
f 476/476 477/477 482/482
f 476/476 482/482 481/481
f 477/477 478/478 483/483
f 477/477 483/483 482/482
f 478/478 479/479 484/484
f 478/478 484/484 483/483
f 479/479 480/480 485/485
f 479/479 485/485 484/484
f 480/480 476/476 481/481
f 480/480 481/481 485/485
f 481/481 482/482 487/487
f 481/481 487/487 486/486
f 482/482 483/483 488/488
f 482/482 488/488 487/487
f 483/483 484/484 489/489
f 483/483 489/489 488/488
f 484/484 485/485 490/490
f 484/484 490/490 489/489
f 485/485 481/481 486/486
f 485/485 486/486 490/490
f 486/486 487/487 492/492
f 486/486 492/492 491/491
f 487/487 488/488 493/493
f 487/487 493/493 492/492
f 488/488 489/489 494/494
f 488/488 494/494 493/493
f 489/489 490/490 495/495
f 489/489 495/495 494/494
f 490/490 486/486 491/491
f 490/490 491/491 495/495
f 491/491 492/492 497/497
f 491/491 497/497 496/496
f 492/492 493/493 498/498
f 492/492 498/498 497/497
f 493/493 494/494 499/499
f 493/493 499/499 498/498
f 494/494 495/495 500/500
f 494/494 500/500 499/499
f 495/495 491/491 496/496
f 495/495 496/496 500/500
f 496/496 497/497 502/502
f 496/496 502/502 501/501
f 497/497 498/498 503/503
f 497/497 503/503 502/502
f 498/498 499/499 504/504
f 498/498 504/504 503/503
f 499/499 500/500 505/505
f 499/499 505/505 504/504
f 500/500 496/496 501/501
f 500/500 501/501 505/505
f 501/501 502/502 507/507
f 501/501 507/507 506/506
f 502/502 503/503 508/508
f 502/502 508/508 507/507
f 503/503 504/504 509/509
f 503/503 509/509 508/508
f 504/504 505/505 510/510
f 504/504 510/510 509/509
f 505/505 501/501 506/506
f 505/505 506/506 510/510
f 506/506 507/507 512/512
f 506/506 512/512 511/511
f 507/507 508/508 513/513
f 507/507 513/513 512/512
f 508/508 509/509 514/514
f 508/508 514/514 513/513
f 509/509 510/510 515/515
f 509/509 515/515 514/514
f 510/510 506/506 511/511
f 510/510 511/511 515/515
f 511/511 512/512 517/517
f 511/511 517/517 516/516
f 512/512 513/513 518/518
f 512/512 518/518 517/517
f 513/513 514/514 519/519
f 513/513 519/519 518/518
f 514/514 515/515 520/520
f 514/514 520/520 519/519
f 515/515 511/511 516/516
f 515/515 516/516 520/520
f 516/516 517/517 522/522
f 516/516 522/522 521/521
f 517/517 518/518 523/523
f 517/517 523/523 522/522
f 518/518 519/519 524/524
f 518/518 524/524 523/523
f 519/519 520/520 525/525
f 519/519 525/525 524/524
f 520/520 516/516 521/521
f 520/520 521/521 525/525
f 521/521 522/522 527/527
f 521/521 527/527 526/526
f 522/522 523/523 528/528
f 522/522 528/528 527/527
f 523/523 524/524 529/529
f 523/523 529/529 528/528
f 524/524 525/525 530/530
f 524/524 530/530 529/529
f 525/525 521/521 526/526
f 525/525 526/526 530/530
f 531/531 532/532 537/537
f 531/531 537/537 536/536
f 532/532 533/533 538/538
f 532/532 538/538 537/537
f 533/533 534/534 539/539
f 533/533 539/539 538/538
f 534/534 535/535 540/540
f 534/534 540/540 539/539
f 535/535 531/531 536/536
f 535/535 536/536 540/540
f 536/536 537/537 542/542
f 536/536 542/542 541/541
f 537/537 538/538 543/543
f 537/537 543/543 542/542
f 538/538 539/539 544/544
f 538/538 544/544 543/543
f 539/539 540/540 545/545
f 539/539 545/545 544/544
f 540/540 536/536 541/541
f 540/540 541/541 545/545
f 541/541 542/542 547/547
f 541/541 547/547 546/546
f 542/542 543/543 548/548
f 542/542 548/548 547/547
f 543/543 544/544 549/549
f 543/543 549/549 548/548
f 544/544 545/545 550/550
f 544/544 550/550 549/549
f 545/545 541/541 546/546
f 545/545 546/546 550/550
f 546/546 547/547 552/552
f 546/546 552/552 551/551
f 547/547 548/548 553/553
f 547/547 553/553 552/552
f 548/548 549/549 554/554
f 548/548 554/554 553/553
f 549/549 550/550 555/555
f 549/549 555/555 554/554
f 550/550 546/546 551/551
f 550/550 551/551 555/555
f 551/551 552/552 557/557
f 551/551 557/557 556/556
f 552/552 553/553 558/558
f 552/552 558/558 557/557
f 553/553 554/554 559/559
f 553/553 559/559 558/558
f 554/554 555/555 560/560
f 554/554 560/560 559/559
f 555/555 551/551 556/556
f 555/555 556/556 560/560
f 556/556 557/557 562/562
f 556/556 562/562 561/561
f 557/557 558/558 563/563
f 557/557 563/563 562/562
f 558/558 559/559 564/564
f 558/558 564/564 563/563
f 559/559 560/560 565/565
f 559/559 565/565 564/564
f 560/560 556/556 561/561
f 560/560 561/561 565/565
f 561/561 562/562 567/567
f 561/561 567/567 566/566
f 562/562 563/563 568/568
f 562/562 568/568 567/567
f 563/563 564/564 569/569
f 563/563 569/569 568/568
f 564/564 565/565 570/570
f 564/564 570/570 569/569
f 565/565 561/561 566/566
f 565/565 566/566 570/570
f 566/566 567/567 572/572
f 566/566 572/572 571/571
f 567/567 568/568 573/573
f 567/567 573/573 572/572
f 568/568 569/569 574/574
f 568/568 574/574 573/573
f 569/569 570/570 575/575
f 569/569 575/575 574/574
f 570/570 566/566 571/571
f 570/570 571/571 575/575
f 571/571 572/572 577/577
f 571/571 577/577 576/576
f 572/572 573/573 578/578
f 572/572 578/578 577/577
f 573/573 574/574 579/579
f 573/573 579/579 578/578
f 574/574 575/575 580/580
f 574/574 580/580 579/579
f 575/575 571/571 576/576
f 575/575 576/576 580/580
f 576/576 577/577 582/582
f 576/576 582/582 581/581
f 577/577 578/578 583/583
f 577/577 583/583 582/582
f 578/578 579/579 584/584
f 578/578 584/584 583/583
f 579/579 580/580 585/585
f 579/579 585/585 584/584
f 580/580 576/576 581/581
f 580/580 581/581 585/585
f 581/581 582/582 587/587
f 581/581 587/587 586/586
f 582/582 583/583 588/588
f 582/582 588/588 587/587
f 583/583 584/584 589/589
f 583/583 589/589 588/588
f 584/584 585/585 590/590
f 584/584 590/590 589/589
f 585/585 581/581 586/586
f 585/585 586/586 590/590
f 586/586 587/587 592/592
f 586/586 592/592 591/591
f 587/587 588/588 593/593
f 587/587 593/593 592/592
f 588/588 589/589 594/594
f 588/588 594/594 593/593
f 589/589 590/590 595/595
f 589/589 595/595 594/594
f 590/590 586/586 591/591
f 590/590 591/591 595/595
f 591/591 592/592 597/597
f 591/591 597/597 596/596
f 592/592 593/593 598/598
f 592/592 598/598 597/597
f 593/593 594/594 599/599
f 593/593 599/599 598/598
f 594/594 595/595 600/600
f 594/594 600/600 599/599
f 595/595 591/591 596/596
f 595/595 596/596 600/600
f 601/601 602/602 607/607
f 601/601 607/607 606/606
f 602/602 603/603 608/608
f 602/602 608/608 607/607
f 603/603 604/604 609/609
f 603/603 609/609 608/608
f 604/604 605/605 610/610
f 604/604 610/610 609/609
f 605/605 601/601 606/606
f 605/605 606/606 610/610
f 606/606 607/607 612/612
f 606/606 612/612 611/611
f 607/607 608/608 613/613
f 607/607 613/613 612/612
f 608/608 609/609 614/614
f 608/608 614/614 613/613
f 609/609 610/610 615/615
f 609/609 615/615 614/614
f 610/610 606/606 611/611
f 610/610 611/611 615/615
f 611/611 612/612 617/617
f 611/611 617/617 616/616
f 612/612 613/613 618/618
f 612/612 618/618 617/617
f 613/613 614/614 619/619
f 613/613 619/619 618/618
f 614/614 615/615 620/620
f 614/614 620/620 619/619
f 615/615 611/611 616/616
f 615/615 616/616 620/620
f 616/616 617/617 622/622
f 616/616 622/622 621/621
f 617/617 618/618 623/623
f 617/617 623/623 622/622
f 618/618 619/619 624/624
f 618/618 624/624 623/623
f 619/619 620/620 625/625
f 619/619 625/625 624/624
f 620/620 616/616 621/621
f 620/620 621/621 625/625
f 621/621 622/622 627/627
f 621/621 627/627 626/626
f 622/622 623/623 628/628
f 622/622 628/628 627/627
f 623/623 624/624 629/629
f 623/623 629/629 628/628
f 624/624 625/625 630/630
f 624/624 630/630 629/629
f 625/625 621/621 626/626
f 625/625 626/626 630/630
f 626/626 627/627 632/632
f 626/626 632/632 631/631
f 627/627 628/628 633/633
f 627/627 633/633 632/632
f 628/628 629/629 634/634
f 628/628 634/634 633/633
f 629/629 630/630 635/635
f 629/629 635/635 634/634
f 630/630 626/626 631/631
f 630/630 631/631 635/635
f 631/631 632/632 637/637
f 631/631 637/637 636/636
f 632/632 633/633 638/638
f 632/632 638/638 637/637
f 633/633 634/634 639/639
f 633/633 639/639 638/638
f 634/634 635/635 640/640
f 634/634 640/640 639/639
f 635/635 631/631 636/636
f 635/635 636/636 640/640
f 636/636 637/637 642/642
f 636/636 642/642 641/641
f 637/637 638/638 643/643
f 637/637 643/643 642/642
f 638/638 639/639 644/644
f 638/638 644/644 643/643
f 639/639 640/640 645/645
f 639/639 645/645 644/644
f 640/640 636/636 641/641
f 640/640 641/641 645/645
f 646/646 647/647 652/652
f 646/646 652/652 651/651
f 647/647 648/648 653/653
f 647/647 653/653 652/652
f 648/648 649/649 654/654
f 648/648 654/654 653/653
f 649/649 650/650 655/655
f 649/649 655/655 654/654
f 650/650 646/646 651/651
f 650/650 651/651 655/655
f 651/651 652/652 657/657
f 651/651 657/657 656/656
f 652/652 653/653 658/658
f 652/652 658/658 657/657
f 653/653 654/654 659/659
f 653/653 659/659 658/658
f 654/654 655/655 660/660
f 654/654 660/660 659/659
f 655/655 651/651 656/656
f 655/655 656/656 660/660
f 656/656 657/657 662/662
f 656/656 662/662 661/661
f 657/657 658/658 663/663
f 657/657 663/663 662/662
f 658/658 659/659 664/664
f 658/658 664/664 663/663
f 659/659 660/660 665/665
f 659/659 665/665 664/664
f 660/660 656/656 661/661
f 660/660 661/661 665/665
f 661/661 662/662 667/667
f 661/661 667/667 666/666
f 662/662 663/663 668/668
f 662/662 668/668 667/667
f 663/663 664/664 669/669
f 663/663 669/669 668/668
f 664/664 665/665 670/670
f 664/664 670/670 669/669
f 665/665 661/661 666/666
f 665/665 666/666 670/670
f 666/666 667/667 672/672
f 666/666 672/672 671/671
f 667/667 668/668 673/673
f 667/667 673/673 672/672
f 668/668 669/669 674/674
f 668/668 674/674 673/673
f 669/669 670/670 675/675
f 669/669 675/675 674/674
f 670/670 666/666 671/671
f 670/670 671/671 675/675
f 671/671 672/672 677/677
f 671/671 677/677 676/676
f 672/672 673/673 678/678
f 672/672 678/678 677/677
f 673/673 674/674 679/679
f 673/673 679/679 678/678
f 674/674 675/675 680/680
f 674/674 680/680 679/679
f 675/675 671/671 676/676
f 675/675 676/676 680/680
f 676/676 677/677 682/682
f 676/676 682/682 681/681
f 677/677 678/678 683/683
f 677/677 683/683 682/682
f 678/678 679/679 684/684
f 678/678 684/684 683/683
f 679/679 680/680 685/685
f 679/679 685/685 684/684
f 680/680 676/676 681/681
f 680/680 681/681 685/685
f 681/681 682/682 687/687
f 681/681 687/687 686/686
f 682/682 683/683 688/688
f 682/682 688/688 687/687
f 683/683 684/684 689/689
f 683/683 689/689 688/688
f 684/684 685/685 690/690
f 684/684 690/690 689/689
f 685/685 681/681 686/686
f 685/685 686/686 690/690
f 686/686 687/687 692/692
f 686/686 692/692 691/691
f 687/687 688/688 693/693
f 687/687 693/693 692/692
f 688/688 689/689 694/694
f 688/688 694/694 693/693
f 689/689 690/690 695/695
f 689/689 695/695 694/694
f 690/690 686/686 691/691
f 690/690 691/691 695/695
f 691/691 692/692 697/697
f 691/691 697/697 696/696
f 692/692 693/693 698/698
f 692/692 698/698 697/697
f 693/693 694/694 699/699
f 693/693 699/699 698/698
f 694/694 695/695 700/700
f 694/694 700/700 699/699
f 695/695 691/691 696/696
f 695/695 696/696 700/700
f 696/696 697/697 702/702
f 696/696 702/702 701/701
f 697/697 698/698 703/703
f 697/697 703/703 702/702
f 698/698 699/699 704/704
f 698/698 704/704 703/703
f 699/699 700/700 705/705
f 699/699 705/705 704/704
f 700/700 696/696 701/701
f 700/700 701/701 705/705
f 701/701 702/702 707/707
f 701/701 707/707 706/706
f 702/702 703/703 708/708
f 702/702 708/708 707/707
f 703/703 704/704 709/709
f 703/703 709/709 708/708
f 704/704 705/705 710/710
f 704/704 710/710 709/709
f 705/705 701/701 706/706
f 705/705 706/706 710/710
f 706/706 707/707 712/712
f 706/706 712/712 711/711
f 707/707 708/708 713/713
f 707/707 713/713 712/712
f 708/708 709/709 714/714
f 708/708 714/714 713/713
f 709/709 710/710 715/715
f 709/709 715/715 714/714
f 710/710 706/706 711/711
f 710/710 711/711 715/715
f 716/716 717/717 722/722
f 716/716 722/722 721/721
f 717/717 718/718 723/723
f 717/717 723/723 722/722
f 718/718 719/719 724/724
f 718/718 724/724 723/723
f 719/719 720/720 725/725
f 719/719 725/725 724/724
f 720/720 716/716 721/721
f 720/720 721/721 725/725
f 721/721 722/722 727/727
f 721/721 727/727 726/726
f 722/722 723/723 728/728
f 722/722 728/728 727/727
f 723/723 724/724 729/729
f 723/723 729/729 728/728
f 724/724 725/725 730/730
f 724/724 730/730 729/729
f 725/725 721/721 726/726
f 725/725 726/726 730/730
f 726/726 727/727 732/732
f 726/726 732/732 731/731
f 727/727 728/728 733/733
f 727/727 733/733 732/732
f 728/728 729/729 734/734
f 728/728 734/734 733/733
f 729/729 730/730 735/735
f 729/729 735/735 734/734
f 730/730 726/726 731/731
f 730/730 731/731 735/735
f 731/731 732/732 737/737
f 731/731 737/737 736/736
f 732/732 733/733 738/738
f 732/732 738/738 737/737
f 733/733 734/734 739/739
f 733/733 739/739 738/738
f 734/734 735/735 740/740
f 734/734 740/740 739/739
f 735/735 731/731 736/736
f 735/735 736/736 740/740
f 736/736 737/737 742/742
f 736/736 742/742 741/741
f 737/737 738/738 743/743
f 737/737 743/743 742/742
f 738/738 739/739 744/744
f 738/738 744/744 743/743
f 739/739 740/740 745/745
f 739/739 745/745 744/744
f 740/740 736/736 741/741
f 740/740 741/741 745/745
f 741/741 742/742 747/747
f 741/741 747/747 746/746
f 742/742 743/743 748/748
f 742/742 748/748 747/747
f 743/743 744/744 749/749
f 743/743 749/749 748/748
f 744/744 745/745 750/750
f 744/744 750/750 749/749
f 745/745 741/741 746/746
f 745/745 746/746 750/750
f 746/746 747/747 752/752
f 746/746 752/752 751/751
f 747/747 748/748 753/753
f 747/747 753/753 752/752
f 748/748 749/749 754/754
f 748/748 754/754 753/753
f 749/749 750/750 755/755
f 749/749 755/755 754/754
f 750/750 746/746 751/751
f 750/750 751/751 755/755
f 751/751 752/752 757/757
f 751/751 757/757 756/756
f 752/752 753/753 758/758
f 752/752 758/758 757/757
f 753/753 754/754 759/759
f 753/753 759/759 758/758
f 754/754 755/755 760/760
f 754/754 760/760 759/759
f 755/755 751/751 756/756
f 755/755 756/756 760/760
f 756/756 757/757 762/762
f 756/756 762/762 761/761
f 757/757 758/758 763/763
f 757/757 763/763 762/762
f 758/758 759/759 764/764
f 758/758 764/764 763/763
f 759/759 760/760 765/765
f 759/759 765/765 764/764
f 760/760 756/756 761/761
f 760/760 761/761 765/765
f 761/761 762/762 767/767
f 761/761 767/767 766/766
f 762/762 763/763 768/768
f 762/762 768/768 767/767
f 763/763 764/764 769/769
f 763/763 769/769 768/768
f 764/764 765/765 770/770
f 764/764 770/770 769/769
f 765/765 761/761 766/766
f 765/765 766/766 770/770
f 766/766 767/767 772/772
f 766/766 772/772 771/771
f 767/767 768/768 773/773
f 767/767 773/773 772/772
f 768/768 769/769 774/774
f 768/768 774/774 773/773
f 769/769 770/770 775/775
f 769/769 775/775 774/774
f 770/770 766/766 771/771
f 770/770 771/771 775/775
f 771/771 772/772 777/777
f 771/771 777/777 776/776
f 772/772 773/773 778/778
f 772/772 778/778 777/777
f 773/773 774/774 779/779
f 773/773 779/779 778/778
f 774/774 775/775 780/780
f 774/774 780/780 779/779
f 775/775 771/771 776/776
f 775/775 776/776 780/780
f 776/776 777/777 782/782
f 776/776 782/782 781/781
f 777/777 778/778 783/783
f 777/777 783/783 782/782
f 778/778 779/779 784/784
f 778/778 784/784 783/783
f 779/779 780/780 785/785
f 779/779 785/785 784/784
f 780/780 776/776 781/781
f 780/780 781/781 785/785
f 786/786 787/787 792/792
f 786/786 792/792 791/791
f 787/787 788/788 793/793
f 787/787 793/793 792/792
f 788/788 789/789 794/794
f 788/788 794/794 793/793
f 789/789 790/790 795/795
f 789/789 795/795 794/794
f 790/790 786/786 791/791
f 790/790 791/791 795/795
f 791/791 792/792 797/797
f 791/791 797/797 796/796
f 792/792 793/793 798/798
f 792/792 798/798 797/797
f 793/793 794/794 799/799
f 793/793 799/799 798/798
f 794/794 795/795 800/800
f 794/794 800/800 799/799
f 795/795 791/791 796/796
f 795/795 796/796 800/800
f 796/796 797/797 802/802
f 796/796 802/802 801/801
f 797/797 798/798 803/803
f 797/797 803/803 802/802
f 798/798 799/799 804/804
f 798/798 804/804 803/803
f 799/799 800/800 805/805
f 799/799 805/805 804/804
f 800/800 796/796 801/801
f 800/800 801/801 805/805
f 801/801 802/802 807/807
f 801/801 807/807 806/806
f 802/802 803/803 808/808
f 802/802 808/808 807/807
f 803/803 804/804 809/809
f 803/803 809/809 808/808
f 804/804 805/805 810/810
f 804/804 810/810 809/809
f 805/805 801/801 806/806
f 805/805 806/806 810/810
f 806/806 807/807 812/812
f 806/806 812/812 811/811
f 807/807 808/808 813/813
f 807/807 813/813 812/812
f 808/808 809/809 814/814
f 808/808 814/814 813/813
f 809/809 810/810 815/815
f 809/809 815/815 814/814
f 810/810 806/806 811/811
f 810/810 811/811 815/815
f 811/811 812/812 817/817
f 811/811 817/817 816/816
f 812/812 813/813 818/818
f 812/812 818/818 817/817
f 813/813 814/814 819/819
f 813/813 819/819 818/818
f 814/814 815/815 820/820
f 814/814 820/820 819/819
f 815/815 811/811 816/816
f 815/815 816/816 820/820
f 816/816 817/817 822/822
f 816/816 822/822 821/821
f 817/817 818/818 823/823
f 817/817 823/823 822/822
f 818/818 819/819 824/824
f 818/818 824/824 823/823
f 819/819 820/820 825/825
f 819/819 825/825 824/824
f 820/820 816/816 821/821
f 820/820 821/821 825/825
f 821/821 822/822 827/827
f 821/821 827/827 826/826
f 822/822 823/823 828/828
f 822/822 828/828 827/827
f 823/823 824/824 829/829
f 823/823 829/829 828/828
f 824/824 825/825 830/830
f 824/824 830/830 829/829
f 825/825 821/821 826/826
f 825/825 826/826 830/830
f 826/826 827/827 832/832
f 826/826 832/832 831/831
f 827/827 828/828 833/833
f 827/827 833/833 832/832
f 828/828 829/829 834/834
f 828/828 834/834 833/833
f 829/829 830/830 835/835
f 829/829 835/835 834/834
f 830/830 826/826 831/831
f 830/830 831/831 835/835
f 831/831 832/832 837/837
f 831/831 837/837 836/836
f 832/832 833/833 838/838
f 832/832 838/838 837/837
f 833/833 834/834 839/839
f 833/833 839/839 838/838
f 834/834 835/835 840/840
f 834/834 840/840 839/839
f 835/835 831/831 836/836
f 835/835 836/836 840/840
f 836/836 837/837 842/842
f 836/836 842/842 841/841
f 837/837 838/838 843/843
f 837/837 843/843 842/842
f 838/838 839/839 844/844
f 838/838 844/844 843/843
f 839/839 840/840 845/845
f 839/839 845/845 844/844
f 840/840 836/836 841/841
f 840/840 841/841 845/845
f 841/841 842/842 847/847
f 841/841 847/847 846/846
f 842/842 843/843 848/848
f 842/842 848/848 847/847
f 843/843 844/844 849/849
f 843/843 849/849 848/848
f 844/844 845/845 850/850
f 844/844 850/850 849/849
f 845/845 841/841 846/846
f 845/845 846/846 850/850
f 846/846 847/847 852/852
f 846/846 852/852 851/851
f 847/847 848/848 853/853
f 847/847 853/853 852/852
f 848/848 849/849 854/854
f 848/848 854/854 853/853
f 849/849 850/850 855/855
f 849/849 855/855 854/854
f 850/850 846/846 851/851
f 850/850 851/851 855/855
f 856/856 857/857 862/862
f 856/856 862/862 861/861
f 857/857 858/858 863/863
f 857/857 863/863 862/862
f 858/858 859/859 864/864
f 858/858 864/864 863/863
f 859/859 860/860 865/865
f 859/859 865/865 864/864
f 860/860 856/856 861/861
f 860/860 861/861 865/865
f 861/861 862/862 867/867
f 861/861 867/867 866/866
f 862/862 863/863 868/868
f 862/862 868/868 867/867
f 863/863 864/864 869/869
f 863/863 869/869 868/868
f 864/864 865/865 870/870
f 864/864 870/870 869/869
f 865/865 861/861 866/866
f 865/865 866/866 870/870
f 866/866 867/867 872/872
f 866/866 872/872 871/871
f 867/867 868/868 873/873
f 867/867 873/873 872/872
f 868/868 869/869 874/874
f 868/868 874/874 873/873
f 869/869 870/870 875/875
f 869/869 875/875 874/874
f 870/870 866/866 871/871
f 870/870 871/871 875/875
f 871/871 872/872 877/877
f 871/871 877/877 876/876
f 872/872 873/873 878/878
f 872/872 878/878 877/877
f 873/873 874/874 879/879
f 873/873 879/879 878/878
f 874/874 875/875 880/880
f 874/874 880/880 879/879
f 875/875 871/871 876/876
f 875/875 876/876 880/880
f 876/876 877/877 882/882
f 876/876 882/882 881/881
f 877/877 878/878 883/883
f 877/877 883/883 882/882
f 878/878 879/879 884/884
f 878/878 884/884 883/883
f 879/879 880/880 885/885
f 879/879 885/885 884/884
f 880/880 876/876 881/881
f 880/880 881/881 885/885
f 881/881 882/882 887/887
f 881/881 887/887 886/886
f 882/882 883/883 888/888
f 882/882 888/888 887/887
f 883/883 884/884 889/889
f 883/883 889/889 888/888
f 884/884 885/885 890/890
f 884/884 890/890 889/889
f 885/885 881/881 886/886
f 885/885 886/886 890/890
f 886/886 887/887 892/892
f 886/886 892/892 891/891
f 887/887 888/888 893/893
f 887/887 893/893 892/892
f 888/888 889/889 894/894
f 888/888 894/894 893/893
f 889/889 890/890 895/895
f 889/889 895/895 894/894
f 890/890 886/886 891/891
f 890/890 891/891 895/895
f 891/891 892/892 897/897
f 891/891 897/897 896/896
f 892/892 893/893 898/898
f 892/892 898/898 897/897
f 893/893 894/894 899/899
f 893/893 899/899 898/898
f 894/894 895/895 900/900
f 894/894 900/900 899/899
f 895/895 891/891 896/896
f 895/895 896/896 900/900
f 901/901 902/902 907/907
f 901/901 907/907 906/906
f 902/902 903/903 908/908
f 902/902 908/908 907/907
f 903/903 904/904 909/909
f 903/903 909/909 908/908
f 904/904 905/905 910/910
f 904/904 910/910 909/909
f 905/905 901/901 906/906
f 905/905 906/906 910/910
f 906/906 907/907 912/912
f 906/906 912/912 911/911
f 907/907 908/908 913/913
f 907/907 913/913 912/912
f 908/908 909/909 914/914
f 908/908 914/914 913/913
f 909/909 910/910 915/915
f 909/909 915/915 914/914
f 910/910 906/906 911/911
f 910/910 911/911 915/915
f 911/911 912/912 917/917
f 911/911 917/917 916/916
f 912/912 913/913 918/918
f 912/912 918/918 917/917
f 913/913 914/914 919/919
f 913/913 919/919 918/918
f 914/914 915/915 920/920
f 914/914 920/920 919/919
f 915/915 911/911 916/916
f 915/915 916/916 920/920
f 916/916 917/917 922/922
f 916/916 922/922 921/921
f 917/917 918/918 923/923
f 917/917 923/923 922/922
f 918/918 919/919 924/924
f 918/918 924/924 923/923
f 919/919 920/920 925/925
f 919/919 925/925 924/924
f 920/920 916/916 921/921
f 920/920 921/921 925/925
f 921/921 922/922 927/927
f 921/921 927/927 926/926
f 922/922 923/923 928/928
f 922/922 928/928 927/927
f 923/923 924/924 929/929
f 923/923 929/929 928/928
f 924/924 925/925 930/930
f 924/924 930/930 929/929
f 925/925 921/921 926/926
f 925/925 926/926 930/930
f 926/926 927/927 932/932
f 926/926 932/932 931/931
f 927/927 928/928 933/933
f 927/927 933/933 932/932
f 928/928 929/929 934/934
f 928/928 934/934 933/933
f 929/929 930/930 935/935
f 929/929 935/935 934/934
f 930/930 926/926 931/931
f 930/930 931/931 935/935
f 931/931 932/932 937/937
f 931/931 937/937 936/936
f 932/932 933/933 938/938
f 932/932 938/938 937/937
f 933/933 934/934 939/939
f 933/933 939/939 938/938
f 934/934 935/935 940/940
f 934/934 940/940 939/939
f 935/935 931/931 936/936
f 935/935 936/936 940/940
f 936/936 937/937 942/942
f 936/936 942/942 941/941
f 937/937 938/938 943/943
f 937/937 943/943 942/942
f 938/938 939/939 944/944
f 938/938 944/944 943/943
f 939/939 940/940 945/945
f 939/939 945/945 944/944
f 940/940 936/936 941/941
f 940/940 941/941 945/945
f 941/941 942/942 947/947
f 941/941 947/947 946/946
f 942/942 943/943 948/948
f 942/942 948/948 947/947
f 943/943 944/944 949/949
f 943/943 949/949 948/948
f 944/944 945/945 950/950
f 944/944 950/950 949/949
f 945/945 941/941 946/946
f 945/945 946/946 950/950
f 946/946 947/947 952/952
f 946/946 952/952 951/951
f 947/947 948/948 953/953
f 947/947 953/953 952/952
f 948/948 949/949 954/954
f 948/948 954/954 953/953
f 949/949 950/950 955/955
f 949/949 955/955 954/954
f 950/950 946/946 951/951
f 950/950 951/951 955/955
f 951/951 952/952 957/957
f 951/951 957/957 956/956
f 952/952 953/953 958/958
f 952/952 958/958 957/957
f 953/953 954/954 959/959
f 953/953 959/959 958/958
f 954/954 955/955 960/960
f 954/954 960/960 959/959
f 955/955 951/951 956/956
f 955/955 956/956 960/960
f 956/956 957/957 962/962
f 956/956 962/962 961/961
f 957/957 958/958 963/963
f 957/957 963/963 962/962
f 958/958 959/959 964/964
f 958/958 964/964 963/963
f 959/959 960/960 965/965
f 959/959 965/965 964/964
f 960/960 956/956 961/961
f 960/960 961/961 965/965
f 961/961 962/962 967/967
f 961/961 967/967 966/966
f 962/962 963/963 968/968
f 962/962 968/968 967/967
f 963/963 964/964 969/969
f 963/963 969/969 968/968
f 964/964 965/965 970/970
f 964/964 970/970 969/969
f 965/965 961/961 966/966
f 965/965 966/966 970/970
f 971/971 972/972 977/977
f 971/971 977/977 976/976
f 972/972 973/973 978/978
f 972/972 978/978 977/977
f 973/973 974/974 979/979
f 973/973 979/979 978/978
f 974/974 975/975 980/980
f 974/974 980/980 979/979
f 975/975 971/971 976/976
f 975/975 976/976 980/980
f 976/976 977/977 982/982
f 976/976 982/982 981/981
f 977/977 978/978 983/983
f 977/977 983/983 982/982
f 978/978 979/979 984/984
f 978/978 984/984 983/983
f 979/979 980/980 985/985
f 979/979 985/985 984/984
f 980/980 976/976 981/981
f 980/980 981/981 985/985
f 981/981 982/982 987/987
f 981/981 987/987 986/986
f 982/982 983/983 988/988
f 982/982 988/988 987/987
f 983/983 984/984 989/989
f 983/983 989/989 988/988
f 984/984 985/985 990/990
f 984/984 990/990 989/989
f 985/985 981/981 986/986
f 985/985 986/986 990/990
f 986/986 987/987 992/992
f 986/986 992/992 991/991
f 987/987 988/988 993/993
f 987/987 993/993 992/992
f 988/988 989/989 994/994
f 988/988 994/994 993/993
f 989/989 990/990 995/995
f 989/989 995/995 994/994
f 990/990 986/986 991/991
f 990/990 991/991 995/995
f 991/991 992/992 997/997
f 991/991 997/997 996/996
f 992/992 993/993 998/998
f 992/992 998/998 997/997
f 993/993 994/994 999/999
f 993/993 999/999 998/998
f 994/994 995/995 1000/1000
f 994/994 1000/1000 999/999
f 995/995 991/991 996/996
f 995/995 996/996 1000/1000
f 996/996 997/997 1002/1002
f 996/996 1002/1002 1001/1001
f 997/997 998/998 1003/1003
f 997/997 1003/1003 1002/1002
f 998/998 999/999 1004/1004
f 998/998 1004/1004 1003/1003
f 999/999 1000/1000 1005/1005
f 999/999 1005/1005 1004/1004
f 1000/1000 996/996 1001/1001
f 1000/1000 1001/1001 1005/1005
f 1001/1001 1002/1002 1007/1007
f 1001/1001 1007/1007 1006/1006
f 1002/1002 1003/1003 1008/1008
f 1002/1002 1008/1008 1007/1007
f 1003/1003 1004/1004 1009/1009
f 1003/1003 1009/1009 1008/1008
f 1004/1004 1005/1005 1010/1010
f 1004/1004 1010/1010 1009/1009
f 1005/1005 1001/1001 1006/1006
f 1005/1005 1006/1006 1010/1010
f 1006/1006 1007/1007 1012/1012
f 1006/1006 1012/1012 1011/1011
f 1007/1007 1008/1008 1013/1013
f 1007/1007 1013/1013 1012/1012
f 1008/1008 1009/1009 1014/1014
f 1008/1008 1014/1014 1013/1013
f 1009/1009 1010/1010 1015/1015
f 1009/1009 1015/1015 1014/1014
f 1010/1010 1006/1006 1011/1011
f 1010/1010 1011/1011 1015/1015
f 1016/1016 1017/1017 1022/1022
f 1016/1016 1022/1022 1021/1021
f 1017/1017 1018/1018 1023/1023
f 1017/1017 1023/1023 1022/1022
f 1018/1018 1019/1019 1024/1024
f 1018/1018 1024/1024 1023/1023
f 1019/1019 1020/1020 1025/1025
f 1019/1019 1025/1025 1024/1024
f 1020/1020 1016/1016 1021/1021
f 1020/1020 1021/1021 1025/1025
f 1021/1021 1022/1022 1027/1027
f 1021/1021 1027/1027 1026/1026
f 1022/1022 1023/1023 1028/1028
f 1022/1022 1028/1028 1027/1027
f 1023/1023 1024/1024 1029/1029
f 1023/1023 1029/1029 1028/1028
f 1024/1024 1025/1025 1030/1030
f 1024/1024 1030/1030 1029/1029
f 1025/1025 1021/1021 1026/1026
f 1025/1025 1026/1026 1030/1030
f 1026/1026 1027/1027 1032/1032
f 1026/1026 1032/1032 1031/1031
f 1027/1027 1028/1028 1033/1033
f 1027/1027 1033/1033 1032/1032
f 1028/1028 1029/1029 1034/1034
f 1028/1028 1034/1034 1033/1033
f 1029/1029 1030/1030 1035/1035
f 1029/1029 1035/1035 1034/1034
f 1030/1030 1026/1026 1031/1031
f 1030/1030 1031/1031 1035/1035
f 1031/1031 1032/1032 1037/1037
f 1031/1031 1037/1037 1036/1036
f 1032/1032 1033/1033 1038/1038
f 1032/1032 1038/1038 1037/1037
f 1033/1033 1034/1034 1039/1039
f 1033/1033 1039/1039 1038/1038
f 1034/1034 1035/1035 1040/1040
f 1034/1034 1040/1040 1039/1039
f 1035/1035 1031/1031 1036/1036
f 1035/1035 1036/1036 1040/1040
f 1036/1036 1037/1037 1042/1042
f 1036/1036 1042/1042 1041/1041
f 1037/1037 1038/1038 1043/1043
f 1037/1037 1043/1043 1042/1042
f 1038/1038 1039/1039 1044/1044
f 1038/1038 1044/1044 1043/1043
f 1039/1039 1040/1040 1045/1045
f 1039/1039 1045/1045 1044/1044
f 1040/1040 1036/1036 1041/1041
f 1040/1040 1041/1041 1045/1045
f 1041/1041 1042/1042 1047/1047
f 1041/1041 1047/1047 1046/1046
f 1042/1042 1043/1043 1048/1048
f 1042/1042 1048/1048 1047/1047
f 1043/1043 1044/1044 1049/1049
f 1043/1043 1049/1049 1048/1048
f 1044/1044 1045/1045 1050/1050
f 1044/1044 1050/1050 1049/1049
f 1045/1045 1041/1041 1046/1046
f 1045/1045 1046/1046 1050/1050
f 1046/1046 1047/1047 1052/1052
f 1046/1046 1052/1052 1051/1051
f 1047/1047 1048/1048 1053/1053
f 1047/1047 1053/1053 1052/1052
f 1048/1048 1049/1049 1054/1054
f 1048/1048 1054/1054 1053/1053
f 1049/1049 1050/1050 1055/1055
f 1049/1049 1055/1055 1054/1054
f 1050/1050 1046/1046 1051/1051
f 1050/1050 1051/1051 1055/1055
f 1051/1051 1052/1052 1057/1057
f 1051/1051 1057/1057 1056/1056
f 1052/1052 1053/1053 1058/1058
f 1052/1052 1058/1058 1057/1057
f 1053/1053 1054/1054 1059/1059
f 1053/1053 1059/1059 1058/1058
f 1054/1054 1055/1055 1060/1060
f 1054/1054 1060/1060 1059/1059
f 1055/1055 1051/1051 1056/1056
f 1055/1055 1056/1056 1060/1060
f 1061/1061 1062/1062 1067/1067
f 1061/1061 1067/1067 1066/1066
f 1062/1062 1063/1063 1068/1068
f 1062/1062 1068/1068 1067/1067
f 1063/1063 1064/1064 1069/1069
f 1063/1063 1069/1069 1068/1068
f 1064/1064 1065/1065 1070/1070
f 1064/1064 1070/1070 1069/1069
f 1065/1065 1061/1061 1066/1066
f 1065/1065 1066/1066 1070/1070
f 1066/1066 1067/1067 1072/1072
f 1066/1066 1072/1072 1071/1071
f 1067/1067 1068/1068 1073/1073
f 1067/1067 1073/1073 1072/1072
f 1068/1068 1069/1069 1074/1074
f 1068/1068 1074/1074 1073/1073
f 1069/1069 1070/1070 1075/1075
f 1069/1069 1075/1075 1074/1074
f 1070/1070 1066/1066 1071/1071
f 1070/1070 1071/1071 1075/1075
f 1071/1071 1072/1072 1077/1077
f 1071/1071 1077/1077 1076/1076
f 1072/1072 1073/1073 1078/1078
f 1072/1072 1078/1078 1077/1077
f 1073/1073 1074/1074 1079/1079
f 1073/1073 1079/1079 1078/1078
f 1074/1074 1075/1075 1080/1080
f 1074/1074 1080/1080 1079/1079
f 1075/1075 1071/1071 1076/1076
f 1075/1075 1076/1076 1080/1080
f 1076/1076 1077/1077 1082/1082
f 1076/1076 1082/1082 1081/1081
f 1077/1077 1078/1078 1083/1083
f 1077/1077 1083/1083 1082/1082
f 1078/1078 1079/1079 1084/1084
f 1078/1078 1084/1084 1083/1083
f 1079/1079 1080/1080 1085/1085
f 1079/1079 1085/1085 1084/1084
f 1080/1080 1076/1076 1081/1081
f 1080/1080 1081/1081 1085/1085
f 1081/1081 1082/1082 1087/1087
f 1081/1081 1087/1087 1086/1086
f 1082/1082 1083/1083 1088/1088
f 1082/1082 1088/1088 1087/1087
f 1083/1083 1084/1084 1089/1089
f 1083/1083 1089/1089 1088/1088
f 1084/1084 1085/1085 1090/1090
f 1084/1084 1090/1090 1089/1089
f 1085/1085 1081/1081 1086/1086
f 1085/1085 1086/1086 1090/1090
f 1086/1086 1087/1087 1092/1092
f 1086/1086 1092/1092 1091/1091
f 1087/1087 1088/1088 1093/1093
f 1087/1087 1093/1093 1092/1092
f 1088/1088 1089/1089 1094/1094
f 1088/1088 1094/1094 1093/1093
f 1089/1089 1090/1090 1095/1095
f 1089/1089 1095/1095 1094/1094
f 1090/1090 1086/1086 1091/1091
f 1090/1090 1091/1091 1095/1095
f 1091/1091 1092/1092 1097/1097
f 1091/1091 1097/1097 1096/1096
f 1092/1092 1093/1093 1098/1098
f 1092/1092 1098/1098 1097/1097
f 1093/1093 1094/1094 1099/1099
f 1093/1093 1099/1099 1098/1098
f 1094/1094 1095/1095 1100/1100
f 1094/1094 1100/1100 1099/1099
f 1095/1095 1091/1091 1096/1096
f 1095/1095 1096/1096 1100/1100
f 1096/1096 1097/1097 1102/1102
f 1096/1096 1102/1102 1101/1101
f 1097/1097 1098/1098 1103/1103
f 1097/1097 1103/1103 1102/1102
f 1098/1098 1099/1099 1104/1104
f 1098/1098 1104/1104 1103/1103
f 1099/1099 1100/1100 1105/1105
f 1099/1099 1105/1105 1104/1104
f 1100/1100 1096/1096 1101/1101
f 1100/1100 1101/1101 1105/1105
f 1101/1101 1102/1102 1107/1107
f 1101/1101 1107/1107 1106/1106
f 1102/1102 1103/1103 1108/1108
f 1102/1102 1108/1108 1107/1107
f 1103/1103 1104/1104 1109/1109
f 1103/1103 1109/1109 1108/1108
f 1104/1104 1105/1105 1110/1110
f 1104/1104 1110/1110 1109/1109
f 1105/1105 1101/1101 1106/1106
f 1105/1105 1106/1106 1110/1110
f 1106/1106 1107/1107 1112/1112
f 1106/1106 1112/1112 1111/1111
f 1107/1107 1108/1108 1113/1113
f 1107/1107 1113/1113 1112/1112
f 1108/1108 1109/1109 1114/1114
f 1108/1108 1114/1114 1113/1113
f 1109/1109 1110/1110 1115/1115
f 1109/1109 1115/1115 1114/1114
f 1110/1110 1106/1106 1111/1111
f 1110/1110 1111/1111 1115/1115
f 1111/1111 1112/1112 1117/1117
f 1111/1111 1117/1117 1116/1116
f 1112/1112 1113/1113 1118/1118
f 1112/1112 1118/1118 1117/1117
f 1113/1113 1114/1114 1119/1119
f 1113/1113 1119/1119 1118/1118
f 1114/1114 1115/1115 1120/1120
f 1114/1114 1120/1120 1119/1119
f 1115/1115 1111/1111 1116/1116
f 1115/1115 1116/1116 1120/1120
f 1116/1116 1117/1117 1122/1122
f 1116/1116 1122/1122 1121/1121
f 1117/1117 1118/1118 1123/1123
f 1117/1117 1123/1123 1122/1122
f 1118/1118 1119/1119 1124/1124
f 1118/1118 1124/1124 1123/1123
f 1119/1119 1120/1120 1125/1125
f 1119/1119 1125/1125 1124/1124
f 1120/1120 1116/1116 1121/1121
f 1120/1120 1121/1121 1125/1125
f 1121/1121 1122/1122 1127/1127
f 1121/1121 1127/1127 1126/1126
f 1122/1122 1123/1123 1128/1128
f 1122/1122 1128/1128 1127/1127
f 1123/1123 1124/1124 1129/1129
f 1123/1123 1129/1129 1128/1128
f 1124/1124 1125/1125 1130/1130
f 1124/1124 1130/1130 1129/1129
f 1125/1125 1121/1121 1126/1126
f 1125/1125 1126/1126 1130/1130
f 1126/1126 1127/1127 1132/1132
f 1126/1126 1132/1132 1131/1131
f 1127/1127 1128/1128 1133/1133
f 1127/1127 1133/1133 1132/1132
f 1128/1128 1129/1129 1134/1134
f 1128/1128 1134/1134 1133/1133
f 1129/1129 1130/1130 1135/1135
f 1129/1129 1135/1135 1134/1134
f 1130/1130 1126/1126 1131/1131
f 1130/1130 1131/1131 1135/1135
f 1136/1136 1137/1137 1142/1142
f 1136/1136 1142/1142 1141/1141
f 1137/1137 1138/1138 1143/1143
f 1137/1137 1143/1143 1142/1142
f 1138/1138 1139/1139 1144/1144
f 1138/1138 1144/1144 1143/1143
f 1139/1139 1140/1140 1145/1145
f 1139/1139 1145/1145 1144/1144
f 1140/1140 1136/1136 1141/1141
f 1140/1140 1141/1141 1145/1145
f 1141/1141 1142/1142 1147/1147
f 1141/1141 1147/1147 1146/1146
f 1142/1142 1143/1143 1148/1148
f 1142/1142 1148/1148 1147/1147
f 1143/1143 1144/1144 1149/1149
f 1143/1143 1149/1149 1148/1148
f 1144/1144 1145/1145 1150/1150
f 1144/1144 1150/1150 1149/1149
f 1145/1145 1141/1141 1146/1146
f 1145/1145 1146/1146 1150/1150
f 1146/1146 1147/1147 1152/1152
f 1146/1146 1152/1152 1151/1151
f 1147/1147 1148/1148 1153/1153
f 1147/1147 1153/1153 1152/1152
f 1148/1148 1149/1149 1154/1154
f 1148/1148 1154/1154 1153/1153
f 1149/1149 1150/1150 1155/1155
f 1149/1149 1155/1155 1154/1154
f 1150/1150 1146/1146 1151/1151
f 1150/1150 1151/1151 1155/1155
f 1151/1151 1152/1152 1157/1157
f 1151/1151 1157/1157 1156/1156
f 1152/1152 1153/1153 1158/1158
f 1152/1152 1158/1158 1157/1157
f 1153/1153 1154/1154 1159/1159
f 1153/1153 1159/1159 1158/1158
f 1154/1154 1155/1155 1160/1160
f 1154/1154 1160/1160 1159/1159
f 1155/1155 1151/1151 1156/1156
f 1155/1155 1156/1156 1160/1160
f 1156/1156 1157/1157 1162/1162
f 1156/1156 1162/1162 1161/1161
f 1157/1157 1158/1158 1163/1163
f 1157/1157 1163/1163 1162/1162
f 1158/1158 1159/1159 1164/1164
f 1158/1158 1164/1164 1163/1163
f 1159/1159 1160/1160 1165/1165
f 1159/1159 1165/1165 1164/1164
f 1160/1160 1156/1156 1161/1161
f 1160/1160 1161/1161 1165/1165
f 1161/1161 1162/1162 1167/1167
f 1161/1161 1167/1167 1166/1166
f 1162/1162 1163/1163 1168/1168
f 1162/1162 1168/1168 1167/1167
f 1163/1163 1164/1164 1169/1169
f 1163/1163 1169/1169 1168/1168
f 1164/1164 1165/1165 1170/1170
f 1164/1164 1170/1170 1169/1169
f 1165/1165 1161/1161 1166/1166
f 1165/1165 1166/1166 1170/1170
f 1166/1166 1167/1167 1172/1172
f 1166/1166 1172/1172 1171/1171
f 1167/1167 1168/1168 1173/1173
f 1167/1167 1173/1173 1172/1172
f 1168/1168 1169/1169 1174/1174
f 1168/1168 1174/1174 1173/1173
f 1169/1169 1170/1170 1175/1175
f 1169/1169 1175/1175 1174/1174
f 1170/1170 1166/1166 1171/1171
f 1170/1170 1171/1171 1175/1175
f 1171/1171 1172/1172 1177/1177
f 1171/1171 1177/1177 1176/1176
f 1172/1172 1173/1173 1178/1178
f 1172/1172 1178/1178 1177/1177
f 1173/1173 1174/1174 1179/1179
f 1173/1173 1179/1179 1178/1178
f 1174/1174 1175/1175 1180/1180
f 1174/1174 1180/1180 1179/1179
f 1175/1175 1171/1171 1176/1176
f 1175/1175 1176/1176 1180/1180
f 1181/1181 1182/1182 1187/1187
f 1181/1181 1187/1187 1186/1186
f 1182/1182 1183/1183 1188/1188
f 1182/1182 1188/1188 1187/1187
f 1183/1183 1184/1184 1189/1189
f 1183/1183 1189/1189 1188/1188
f 1184/1184 1185/1185 1190/1190
f 1184/1184 1190/1190 1189/1189
f 1185/1185 1181/1181 1186/1186
f 1185/1185 1186/1186 1190/1190
f 1186/1186 1187/1187 1192/1192
f 1186/1186 1192/1192 1191/1191
f 1187/1187 1188/1188 1193/1193
f 1187/1187 1193/1193 1192/1192
f 1188/1188 1189/1189 1194/1194
f 1188/1188 1194/1194 1193/1193
f 1189/1189 1190/1190 1195/1195
f 1189/1189 1195/1195 1194/1194
f 1190/1190 1186/1186 1191/1191
f 1190/1190 1191/1191 1195/1195
f 1191/1191 1192/1192 1197/1197
f 1191/1191 1197/1197 1196/1196
f 1192/1192 1193/1193 1198/1198
f 1192/1192 1198/1198 1197/1197
f 1193/1193 1194/1194 1199/1199
f 1193/1193 1199/1199 1198/1198
f 1194/1194 1195/1195 1200/1200
f 1194/1194 1200/1200 1199/1199
f 1195/1195 1191/1191 1196/1196
f 1195/1195 1196/1196 1200/1200
f 1196/1196 1197/1197 1202/1202
f 1196/1196 1202/1202 1201/1201
f 1197/1197 1198/1198 1203/1203
f 1197/1197 1203/1203 1202/1202
f 1198/1198 1199/1199 1204/1204
f 1198/1198 1204/1204 1203/1203
f 1199/1199 1200/1200 1205/1205
f 1199/1199 1205/1205 1204/1204
f 1200/1200 1196/1196 1201/1201
f 1200/1200 1201/1201 1205/1205
f 1201/1201 1202/1202 1207/1207
f 1201/1201 1207/1207 1206/1206
f 1202/1202 1203/1203 1208/1208
f 1202/1202 1208/1208 1207/1207
f 1203/1203 1204/1204 1209/1209
f 1203/1203 1209/1209 1208/1208
f 1204/1204 1205/1205 1210/1210
f 1204/1204 1210/1210 1209/1209
f 1205/1205 1201/1201 1206/1206
f 1205/1205 1206/1206 1210/1210
f 1206/1206 1207/1207 1212/1212
f 1206/1206 1212/1212 1211/1211
f 1207/1207 1208/1208 1213/1213
f 1207/1207 1213/1213 1212/1212
f 1208/1208 1209/1209 1214/1214
f 1208/1208 1214/1214 1213/1213
f 1209/1209 1210/1210 1215/1215
f 1209/1209 1215/1215 1214/1214
f 1210/1210 1206/1206 1211/1211
f 1210/1210 1211/1211 1215/1215
f 1211/1211 1212/1212 1217/1217
f 1211/1211 1217/1217 1216/1216
f 1212/1212 1213/1213 1218/1218
f 1212/1212 1218/1218 1217/1217
f 1213/1213 1214/1214 1219/1219
f 1213/1213 1219/1219 1218/1218
f 1214/1214 1215/1215 1220/1220
f 1214/1214 1220/1220 1219/1219
f 1215/1215 1211/1211 1216/1216
f 1215/1215 1216/1216 1220/1220
f 1216/1216 1217/1217 1222/1222
f 1216/1216 1222/1222 1221/1221
f 1217/1217 1218/1218 1223/1223
f 1217/1217 1223/1223 1222/1222
f 1218/1218 1219/1219 1224/1224
f 1218/1218 1224/1224 1223/1223
f 1219/1219 1220/1220 1225/1225
f 1219/1219 1225/1225 1224/1224
f 1220/1220 1216/1216 1221/1221
f 1220/1220 1221/1221 1225/1225
f 1221/1221 1222/1222 1227/1227
f 1221/1221 1227/1227 1226/1226
f 1222/1222 1223/1223 1228/1228
f 1222/1222 1228/1228 1227/1227
f 1223/1223 1224/1224 1229/1229
f 1223/1223 1229/1229 1228/1228
f 1224/1224 1225/1225 1230/1230
f 1224/1224 1230/1230 1229/1229
f 1225/1225 1221/1221 1226/1226
f 1225/1225 1226/1226 1230/1230
f 1226/1226 1227/1227 1232/1232
f 1226/1226 1232/1232 1231/1231
f 1227/1227 1228/1228 1233/1233
f 1227/1227 1233/1233 1232/1232
f 1228/1228 1229/1229 1234/1234
f 1228/1228 1234/1234 1233/1233
f 1229/1229 1230/1230 1235/1235
f 1229/1229 1235/1235 1234/1234
f 1230/1230 1226/1226 1231/1231
f 1230/1230 1231/1231 1235/1235
f 1231/1231 1232/1232 1237/1237
f 1231/1231 1237/1237 1236/1236
f 1232/1232 1233/1233 1238/1238
f 1232/1232 1238/1238 1237/1237
f 1233/1233 1234/1234 1239/1239
f 1233/1233 1239/1239 1238/1238
f 1234/1234 1235/1235 1240/1240
f 1234/1234 1240/1240 1239/1239
f 1235/1235 1231/1231 1236/1236
f 1235/1235 1236/1236 1240/1240
f 1236/1236 1237/1237 1242/1242
f 1236/1236 1242/1242 1241/1241
f 1237/1237 1238/1238 1243/1243
f 1237/1237 1243/1243 1242/1242
f 1238/1238 1239/1239 1244/1244
f 1238/1238 1244/1244 1243/1243
f 1239/1239 1240/1240 1245/1245
f 1239/1239 1245/1245 1244/1244
f 1240/1240 1236/1236 1241/1241
f 1240/1240 1241/1241 1245/1245
f 1241/1241 1242/1242 1247/1247
f 1241/1241 1247/1247 1246/1246
f 1242/1242 1243/1243 1248/1248
f 1242/1242 1248/1248 1247/1247
f 1243/1243 1244/1244 1249/1249
f 1243/1243 1249/1249 1248/1248
f 1244/1244 1245/1245 1250/1250
f 1244/1244 1250/1250 1249/1249
f 1245/1245 1241/1241 1246/1246
f 1245/1245 1246/1246 1250/1250
f 1246/1246 1247/1247 1252/1252
f 1246/1246 1252/1252 1251/1251
f 1247/1247 1248/1248 1253/1253
f 1247/1247 1253/1253 1252/1252
f 1248/1248 1249/1249 1254/1254
f 1248/1248 1254/1254 1253/1253
f 1249/1249 1250/1250 1255/1255
f 1249/1249 1255/1255 1254/1254
f 1250/1250 1246/1246 1251/1251
f 1250/1250 1251/1251 1255/1255
f 1256/1256 1257/1257 1262/1262
f 1256/1256 1262/1262 1261/1261
f 1257/1257 1258/1258 1263/1263
f 1257/1257 1263/1263 1262/1262
f 1258/1258 1259/1259 1264/1264
f 1258/1258 1264/1264 1263/1263
f 1259/1259 1260/1260 1265/1265
f 1259/1259 1265/1265 1264/1264
f 1260/1260 1256/1256 1261/1261
f 1260/1260 1261/1261 1265/1265
f 1261/1261 1262/1262 1267/1267
f 1261/1261 1267/1267 1266/1266
f 1262/1262 1263/1263 1268/1268
f 1262/1262 1268/1268 1267/1267
f 1263/1263 1264/1264 1269/1269
f 1263/1263 1269/1269 1268/1268
f 1264/1264 1265/1265 1270/1270
f 1264/1264 1270/1270 1269/1269
f 1265/1265 1261/1261 1266/1266
f 1265/1265 1266/1266 1270/1270
f 1266/1266 1267/1267 1272/1272
f 1266/1266 1272/1272 1271/1271
f 1267/1267 1268/1268 1273/1273
f 1267/1267 1273/1273 1272/1272
f 1268/1268 1269/1269 1274/1274
f 1268/1268 1274/1274 1273/1273
f 1269/1269 1270/1270 1275/1275
f 1269/1269 1275/1275 1274/1274
f 1270/1270 1266/1266 1271/1271
f 1270/1270 1271/1271 1275/1275
f 1271/1271 1272/1272 1277/1277
f 1271/1271 1277/1277 1276/1276
f 1272/1272 1273/1273 1278/1278
f 1272/1272 1278/1278 1277/1277
f 1273/1273 1274/1274 1279/1279
f 1273/1273 1279/1279 1278/1278
f 1274/1274 1275/1275 1280/1280
f 1274/1274 1280/1280 1279/1279
f 1275/1275 1271/1271 1276/1276
f 1275/1275 1276/1276 1280/1280
f 1276/1276 1277/1277 1282/1282
f 1276/1276 1282/1282 1281/1281
f 1277/1277 1278/1278 1283/1283
f 1277/1277 1283/1283 1282/1282
f 1278/1278 1279/1279 1284/1284
f 1278/1278 1284/1284 1283/1283
f 1279/1279 1280/1280 1285/1285
f 1279/1279 1285/1285 1284/1284
f 1280/1280 1276/1276 1281/1281
f 1280/1280 1281/1281 1285/1285
f 1281/1281 1282/1282 1287/1287
f 1281/1281 1287/1287 1286/1286
f 1282/1282 1283/1283 1288/1288
f 1282/1282 1288/1288 1287/1287
f 1283/1283 1284/1284 1289/1289
f 1283/1283 1289/1289 1288/1288
f 1284/1284 1285/1285 1290/1290
f 1284/1284 1290/1290 1289/1289
f 1285/1285 1281/1281 1286/1286
f 1285/1285 1286/1286 1290/1290
f 1286/1286 1287/1287 1292/1292
f 1286/1286 1292/1292 1291/1291
f 1287/1287 1288/1288 1293/1293
f 1287/1287 1293/1293 1292/1292
f 1288/1288 1289/1289 1294/1294
f 1288/1288 1294/1294 1293/1293
f 1289/1289 1290/1290 1295/1295
f 1289/1289 1295/1295 1294/1294
f 1290/1290 1286/1286 1291/1291
f 1290/1290 1291/1291 1295/1295
f 1291/1291 1292/1292 1297/1297
f 1291/1291 1297/1297 1296/1296
f 1292/1292 1293/1293 1298/1298
f 1292/1292 1298/1298 1297/1297
f 1293/1293 1294/1294 1299/1299
f 1293/1293 1299/1299 1298/1298
f 1294/1294 1295/1295 1300/1300
f 1294/1294 1300/1300 1299/1299
f 1295/1295 1291/1291 1296/1296
f 1295/1295 1296/1296 1300/1300
f 1296/1296 1297/1297 1302/1302
f 1296/1296 1302/1302 1301/1301
f 1297/1297 1298/1298 1303/1303
f 1297/1297 1303/1303 1302/1302
f 1298/1298 1299/1299 1304/1304
f 1298/1298 1304/1304 1303/1303
f 1299/1299 1300/1300 1305/1305
f 1299/1299 1305/1305 1304/1304
f 1300/1300 1296/1296 1301/1301
f 1300/1300 1301/1301 1305/1305
f 1301/1301 1302/1302 1307/1307
f 1301/1301 1307/1307 1306/1306
f 1302/1302 1303/1303 1308/1308
f 1302/1302 1308/1308 1307/1307
f 1303/1303 1304/1304 1309/1309
f 1303/1303 1309/1309 1308/1308
f 1304/1304 1305/1305 1310/1310
f 1304/1304 1310/1310 1309/1309
f 1305/1305 1301/1301 1306/1306
f 1305/1305 1306/1306 1310/1310
f 1306/1306 1307/1307 1312/1312
f 1306/1306 1312/1312 1311/1311
f 1307/1307 1308/1308 1313/1313
f 1307/1307 1313/1313 1312/1312
f 1308/1308 1309/1309 1314/1314
f 1308/1308 1314/1314 1313/1313
f 1309/1309 1310/1310 1315/1315
f 1309/1309 1315/1315 1314/1314
f 1310/1310 1306/1306 1311/1311
f 1310/1310 1311/1311 1315/1315
f 1311/1311 1312/1312 1317/1317
f 1311/1311 1317/1317 1316/1316
f 1312/1312 1313/1313 1318/1318
f 1312/1312 1318/1318 1317/1317
f 1313/1313 1314/1314 1319/1319
f 1313/1313 1319/1319 1318/1318
f 1314/1314 1315/1315 1320/1320
f 1314/1314 1320/1320 1319/1319
f 1315/1315 1311/1311 1316/1316
f 1315/1315 1316/1316 1320/1320
f 1316/1316 1317/1317 1322/1322
f 1316/1316 1322/1322 1321/1321
f 1317/1317 1318/1318 1323/1323
f 1317/1317 1323/1323 1322/1322
f 1318/1318 1319/1319 1324/1324
f 1318/1318 1324/1324 1323/1323
f 1319/1319 1320/1320 1325/1325
f 1319/1319 1325/1325 1324/1324
f 1320/1320 1316/1316 1321/1321
f 1320/1320 1321/1321 1325/1325
f 1321/1321 1322/1322 1327/1327
f 1321/1321 1327/1327 1326/1326
f 1322/1322 1323/1323 1328/1328
f 1322/1322 1328/1328 1327/1327
f 1323/1323 1324/1324 1329/1329
f 1323/1323 1329/1329 1328/1328
f 1324/1324 1325/1325 1330/1330
f 1324/1324 1330/1330 1329/1329
f 1325/1325 1321/1321 1326/1326
f 1325/1325 1326/1326 1330/1330
f 1331/1331 1332/1332 1337/1337
f 1331/1331 1337/1337 1336/1336
f 1332/1332 1333/1333 1338/1338
f 1332/1332 1338/1338 1337/1337
f 1333/1333 1334/1334 1339/1339
f 1333/1333 1339/1339 1338/1338
f 1334/1334 1335/1335 1340/1340
f 1334/1334 1340/1340 1339/1339
f 1335/1335 1331/1331 1336/1336
f 1335/1335 1336/1336 1340/1340
f 1336/1336 1337/1337 1342/1342
f 1336/1336 1342/1342 1341/1341
f 1337/1337 1338/1338 1343/1343
f 1337/1337 1343/1343 1342/1342
f 1338/1338 1339/1339 1344/1344
f 1338/1338 1344/1344 1343/1343
f 1339/1339 1340/1340 1345/1345
f 1339/1339 1345/1345 1344/1344
f 1340/1340 1336/1336 1341/1341
f 1340/1340 1341/1341 1345/1345
f 1341/1341 1342/1342 1347/1347
f 1341/1341 1347/1347 1346/1346
f 1342/1342 1343/1343 1348/1348
f 1342/1342 1348/1348 1347/1347
f 1343/1343 1344/1344 1349/1349
f 1343/1343 1349/1349 1348/1348
f 1344/1344 1345/1345 1350/1350
f 1344/1344 1350/1350 1349/1349
f 1345/1345 1341/1341 1346/1346
f 1345/1345 1346/1346 1350/1350
f 1346/1346 1347/1347 1352/1352
f 1346/1346 1352/1352 1351/1351
f 1347/1347 1348/1348 1353/1353
f 1347/1347 1353/1353 1352/1352
f 1348/1348 1349/1349 1354/1354
f 1348/1348 1354/1354 1353/1353
f 1349/1349 1350/1350 1355/1355
f 1349/1349 1355/1355 1354/1354
f 1350/1350 1346/1346 1351/1351
f 1350/1350 1351/1351 1355/1355
f 1351/1351 1352/1352 1357/1357
f 1351/1351 1357/1357 1356/1356
f 1352/1352 1353/1353 1358/1358
f 1352/1352 1358/1358 1357/1357
f 1353/1353 1354/1354 1359/1359
f 1353/1353 1359/1359 1358/1358
f 1354/1354 1355/1355 1360/1360
f 1354/1354 1360/1360 1359/1359
f 1355/1355 1351/1351 1356/1356
f 1355/1355 1356/1356 1360/1360
f 1356/1356 1357/1357 1362/1362
f 1356/1356 1362/1362 1361/1361
f 1357/1357 1358/1358 1363/1363
f 1357/1357 1363/1363 1362/1362
f 1358/1358 1359/1359 1364/1364
f 1358/1358 1364/1364 1363/1363
f 1359/1359 1360/1360 1365/1365
f 1359/1359 1365/1365 1364/1364
f 1360/1360 1356/1356 1361/1361
f 1360/1360 1361/1361 1365/1365
f 1361/1361 1362/1362 1367/1367
f 1361/1361 1367/1367 1366/1366
f 1362/1362 1363/1363 1368/1368
f 1362/1362 1368/1368 1367/1367
f 1363/1363 1364/1364 1369/1369
f 1363/1363 1369/1369 1368/1368
f 1364/1364 1365/1365 1370/1370
f 1364/1364 1370/1370 1369/1369
f 1365/1365 1361/1361 1366/1366
f 1365/1365 1366/1366 1370/1370
f 1366/1366 1367/1367 1372/1372
f 1366/1366 1372/1372 1371/1371
f 1367/1367 1368/1368 1373/1373
f 1367/1367 1373/1373 1372/1372
f 1368/1368 1369/1369 1374/1374
f 1368/1368 1374/1374 1373/1373
f 1369/1369 1370/1370 1375/1375
f 1369/1369 1375/1375 1374/1374
f 1370/1370 1366/1366 1371/1371
f 1370/1370 1371/1371 1375/1375
f 1371/1371 1372/1372 1377/1377
f 1371/1371 1377/1377 1376/1376
f 1372/1372 1373/1373 1378/1378
f 1372/1372 1378/1378 1377/1377
f 1373/1373 1374/1374 1379/1379
f 1373/1373 1379/1379 1378/1378
f 1374/1374 1375/1375 1380/1380
f 1374/1374 1380/1380 1379/1379
f 1375/1375 1371/1371 1376/1376
f 1375/1375 1376/1376 1380/1380
f 1376/1376 1377/1377 1382/1382
f 1376/1376 1382/1382 1381/1381
f 1377/1377 1378/1378 1383/1383
f 1377/1377 1383/1383 1382/1382
f 1378/1378 1379/1379 1384/1384
f 1378/1378 1384/1384 1383/1383
f 1379/1379 1380/1380 1385/1385
f 1379/1379 1385/1385 1384/1384
f 1380/1380 1376/1376 1381/1381
f 1380/1380 1381/1381 1385/1385
f 1381/1381 1382/1382 1387/1387
f 1381/1381 1387/1387 1386/1386
f 1382/1382 1383/1383 1388/1388
f 1382/1382 1388/1388 1387/1387
f 1383/1383 1384/1384 1389/1389
f 1383/1383 1389/1389 1388/1388
f 1384/1384 1385/1385 1390/1390
f 1384/1384 1390/1390 1389/1389
f 1385/1385 1381/1381 1386/1386
f 1385/1385 1386/1386 1390/1390
f 1386/1386 1387/1387 1392/1392
f 1386/1386 1392/1392 1391/1391
f 1387/1387 1388/1388 1393/1393
f 1387/1387 1393/1393 1392/1392
f 1388/1388 1389/1389 1394/1394
f 1388/1388 1394/1394 1393/1393
f 1389/1389 1390/1390 1395/1395
f 1389/1389 1395/1395 1394/1394
f 1390/1390 1386/1386 1391/1391
f 1390/1390 1391/1391 1395/1395
f 1391/1391 1392/1392 1397/1397
f 1391/1391 1397/1397 1396/1396
f 1392/1392 1393/1393 1398/1398
f 1392/1392 1398/1398 1397/1397
f 1393/1393 1394/1394 1399/1399
f 1393/1393 1399/1399 1398/1398
f 1394/1394 1395/1395 1400/1400
f 1394/1394 1400/1400 1399/1399
f 1395/1395 1391/1391 1396/1396
f 1395/1395 1396/1396 1400/1400
f 1396/1396 1397/1397 1402/1402
f 1396/1396 1402/1402 1401/1401
f 1397/1397 1398/1398 1403/1403
f 1397/1397 1403/1403 1402/1402
f 1398/1398 1399/1399 1404/1404
f 1398/1398 1404/1404 1403/1403
f 1399/1399 1400/1400 1405/1405
f 1399/1399 1405/1405 1404/1404
f 1400/1400 1396/1396 1401/1401
f 1400/1400 1401/1401 1405/1405
f 1406/1406 1407/1407 1412/1412
f 1406/1406 1412/1412 1411/1411
f 1407/1407 1408/1408 1413/1413
f 1407/1407 1413/1413 1412/1412
f 1408/1408 1409/1409 1414/1414
f 1408/1408 1414/1414 1413/1413
f 1409/1409 1410/1410 1415/1415
f 1409/1409 1415/1415 1414/1414
f 1410/1410 1406/1406 1411/1411
f 1410/1410 1411/1411 1415/1415
f 1411/1411 1412/1412 1417/1417
f 1411/1411 1417/1417 1416/1416
f 1412/1412 1413/1413 1418/1418
f 1412/1412 1418/1418 1417/1417
f 1413/1413 1414/1414 1419/1419
f 1413/1413 1419/1419 1418/1418
f 1414/1414 1415/1415 1420/1420
f 1414/1414 1420/1420 1419/1419
f 1415/1415 1411/1411 1416/1416
f 1415/1415 1416/1416 1420/1420
f 1416/1416 1417/1417 1422/1422
f 1416/1416 1422/1422 1421/1421
f 1417/1417 1418/1418 1423/1423
f 1417/1417 1423/1423 1422/1422
f 1418/1418 1419/1419 1424/1424
f 1418/1418 1424/1424 1423/1423
f 1419/1419 1420/1420 1425/1425
f 1419/1419 1425/1425 1424/1424
f 1420/1420 1416/1416 1421/1421
f 1420/1420 1421/1421 1425/1425
f 1421/1421 1422/1422 1427/1427
f 1421/1421 1427/1427 1426/1426
f 1422/1422 1423/1423 1428/1428
f 1422/1422 1428/1428 1427/1427
f 1423/1423 1424/1424 1429/1429
f 1423/1423 1429/1429 1428/1428
f 1424/1424 1425/1425 1430/1430
f 1424/1424 1430/1430 1429/1429
f 1425/1425 1421/1421 1426/1426
f 1425/1425 1426/1426 1430/1430
f 1426/1426 1427/1427 1432/1432
f 1426/1426 1432/1432 1431/1431
f 1427/1427 1428/1428 1433/1433
f 1427/1427 1433/1433 1432/1432
f 1428/1428 1429/1429 1434/1434
f 1428/1428 1434/1434 1433/1433
f 1429/1429 1430/1430 1435/1435
f 1429/1429 1435/1435 1434/1434
f 1430/1430 1426/1426 1431/1431
f 1430/1430 1431/1431 1435/1435
f 1431/1431 1432/1432 1437/1437
f 1431/1431 1437/1437 1436/1436
f 1432/1432 1433/1433 1438/1438
f 1432/1432 1438/1438 1437/1437
f 1433/1433 1434/1434 1439/1439
f 1433/1433 1439/1439 1438/1438
f 1434/1434 1435/1435 1440/1440
f 1434/1434 1440/1440 1439/1439
f 1435/1435 1431/1431 1436/1436
f 1435/1435 1436/1436 1440/1440
f 1436/1436 1437/1437 1442/1442
f 1436/1436 1442/1442 1441/1441
f 1437/1437 1438/1438 1443/1443
f 1437/1437 1443/1443 1442/1442
f 1438/1438 1439/1439 1444/1444
f 1438/1438 1444/1444 1443/1443
f 1439/1439 1440/1440 1445/1445
f 1439/1439 1445/1445 1444/1444
f 1440/1440 1436/1436 1441/1441
f 1440/1440 1441/1441 1445/1445
f 1441/1441 1442/1442 1447/1447
f 1441/1441 1447/1447 1446/1446
f 1442/1442 1443/1443 1448/1448
f 1442/1442 1448/1448 1447/1447
f 1443/1443 1444/1444 1449/1449
f 1443/1443 1449/1449 1448/1448
f 1444/1444 1445/1445 1450/1450
f 1444/1444 1450/1450 1449/1449
f 1445/1445 1441/1441 1446/1446
f 1445/1445 1446/1446 1450/1450
f 1446/1446 1447/1447 1452/1452
f 1446/1446 1452/1452 1451/1451
f 1447/1447 1448/1448 1453/1453
f 1447/1447 1453/1453 1452/1452
f 1448/1448 1449/1449 1454/1454
f 1448/1448 1454/1454 1453/1453
f 1449/1449 1450/1450 1455/1455
f 1449/1449 1455/1455 1454/1454
f 1450/1450 1446/1446 1451/1451
f 1450/1450 1451/1451 1455/1455
f 1451/1451 1452/1452 1457/1457
f 1451/1451 1457/1457 1456/1456
f 1452/1452 1453/1453 1458/1458
f 1452/1452 1458/1458 1457/1457
f 1453/1453 1454/1454 1459/1459
f 1453/1453 1459/1459 1458/1458
f 1454/1454 1455/1455 1460/1460
f 1454/1454 1460/1460 1459/1459
f 1455/1455 1451/1451 1456/1456
f 1455/1455 1456/1456 1460/1460
f 1456/1456 1457/1457 1462/1462
f 1456/1456 1462/1462 1461/1461
f 1457/1457 1458/1458 1463/1463
f 1457/1457 1463/1463 1462/1462
f 1458/1458 1459/1459 1464/1464
f 1458/1458 1464/1464 1463/1463
f 1459/1459 1460/1460 1465/1465
f 1459/1459 1465/1465 1464/1464
f 1460/1460 1456/1456 1461/1461
f 1460/1460 1461/1461 1465/1465
f 1461/1461 1462/1462 1467/1467
f 1461/1461 1467/1467 1466/1466
f 1462/1462 1463/1463 1468/1468
f 1462/1462 1468/1468 1467/1467
f 1463/1463 1464/1464 1469/1469
f 1463/1463 1469/1469 1468/1468
f 1464/1464 1465/1465 1470/1470
f 1464/1464 1470/1470 1469/1469
f 1465/1465 1461/1461 1466/1466
f 1465/1465 1466/1466 1470/1470
f 1466/1466 1467/1467 1472/1472
f 1466/1466 1472/1472 1471/1471
f 1467/1467 1468/1468 1473/1473
f 1467/1467 1473/1473 1472/1472
f 1468/1468 1469/1469 1474/1474
f 1468/1468 1474/1474 1473/1473
f 1469/1469 1470/1470 1475/1475
f 1469/1469 1475/1475 1474/1474
f 1470/1470 1466/1466 1471/1471
f 1470/1470 1471/1471 1475/1475
f 1471/1471 1472/1472 1477/1477
f 1471/1471 1477/1477 1476/1476
f 1472/1472 1473/1473 1478/1478
f 1472/1472 1478/1478 1477/1477
f 1473/1473 1474/1474 1479/1479
f 1473/1473 1479/1479 1478/1478
f 1474/1474 1475/1475 1480/1480
f 1474/1474 1480/1480 1479/1479
f 1475/1475 1471/1471 1476/1476
f 1475/1475 1476/1476 1480/1480
f 1481/1481 1482/1482 1487/1487
f 1481/1481 1487/1487 1486/1486
f 1482/1482 1483/1483 1488/1488
f 1482/1482 1488/1488 1487/1487
f 1483/1483 1484/1484 1489/1489
f 1483/1483 1489/1489 1488/1488
f 1484/1484 1485/1485 1490/1490
f 1484/1484 1490/1490 1489/1489
f 1485/1485 1481/1481 1486/1486
f 1485/1485 1486/1486 1490/1490
f 1486/1486 1487/1487 1492/1492
f 1486/1486 1492/1492 1491/1491
f 1487/1487 1488/1488 1493/1493
f 1487/1487 1493/1493 1492/1492
f 1488/1488 1489/1489 1494/1494
f 1488/1488 1494/1494 1493/1493
f 1489/1489 1490/1490 1495/1495
f 1489/1489 1495/1495 1494/1494
f 1490/1490 1486/1486 1491/1491
f 1490/1490 1491/1491 1495/1495
f 1491/1491 1492/1492 1497/1497
f 1491/1491 1497/1497 1496/1496
f 1492/1492 1493/1493 1498/1498
f 1492/1492 1498/1498 1497/1497
f 1493/1493 1494/1494 1499/1499
f 1493/1493 1499/1499 1498/1498
f 1494/1494 1495/1495 1500/1500
f 1494/1494 1500/1500 1499/1499
f 1495/1495 1491/1491 1496/1496
f 1495/1495 1496/1496 1500/1500
f 1496/1496 1497/1497 1502/1502
f 1496/1496 1502/1502 1501/1501
f 1497/1497 1498/1498 1503/1503
f 1497/1497 1503/1503 1502/1502
f 1498/1498 1499/1499 1504/1504
f 1498/1498 1504/1504 1503/1503
f 1499/1499 1500/1500 1505/1505
f 1499/1499 1505/1505 1504/1504
f 1500/1500 1496/1496 1501/1501
f 1500/1500 1501/1501 1505/1505
f 1501/1501 1502/1502 1507/1507
f 1501/1501 1507/1507 1506/1506
f 1502/1502 1503/1503 1508/1508
f 1502/1502 1508/1508 1507/1507
f 1503/1503 1504/1504 1509/1509
f 1503/1503 1509/1509 1508/1508
f 1504/1504 1505/1505 1510/1510
f 1504/1504 1510/1510 1509/1509
f 1505/1505 1501/1501 1506/1506
f 1505/1505 1506/1506 1510/1510
f 1506/1506 1507/1507 1512/1512
f 1506/1506 1512/1512 1511/1511
f 1507/1507 1508/1508 1513/1513
f 1507/1507 1513/1513 1512/1512
f 1508/1508 1509/1509 1514/1514
f 1508/1508 1514/1514 1513/1513
f 1509/1509 1510/1510 1515/1515
f 1509/1509 1515/1515 1514/1514
f 1510/1510 1506/1506 1511/1511
f 1510/1510 1511/1511 1515/1515
f 1511/1511 1512/1512 1517/1517
f 1511/1511 1517/1517 1516/1516
f 1512/1512 1513/1513 1518/1518
f 1512/1512 1518/1518 1517/1517
f 1513/1513 1514/1514 1519/1519
f 1513/1513 1519/1519 1518/1518
f 1514/1514 1515/1515 1520/1520
f 1514/1514 1520/1520 1519/1519
f 1515/1515 1511/1511 1516/1516
f 1515/1515 1516/1516 1520/1520
f 1516/1516 1517/1517 1522/1522
f 1516/1516 1522/1522 1521/1521
f 1517/1517 1518/1518 1523/1523
f 1517/1517 1523/1523 1522/1522
f 1518/1518 1519/1519 1524/1524
f 1518/1518 1524/1524 1523/1523
f 1519/1519 1520/1520 1525/1525
f 1519/1519 1525/1525 1524/1524
f 1520/1520 1516/1516 1521/1521
f 1520/1520 1521/1521 1525/1525
f 1526/1526 1527/1527 1532/1532
f 1526/1526 1532/1532 1531/1531
f 1527/1527 1528/1528 1533/1533
f 1527/1527 1533/1533 1532/1532
f 1528/1528 1529/1529 1534/1534
f 1528/1528 1534/1534 1533/1533
f 1529/1529 1530/1530 1535/1535
f 1529/1529 1535/1535 1534/1534
f 1530/1530 1526/1526 1531/1531
f 1530/1530 1531/1531 1535/1535
f 1531/1531 1532/1532 1537/1537
f 1531/1531 1537/1537 1536/1536
f 1532/1532 1533/1533 1538/1538
f 1532/1532 1538/1538 1537/1537
f 1533/1533 1534/1534 1539/1539
f 1533/1533 1539/1539 1538/1538
f 1534/1534 1535/1535 1540/1540
f 1534/1534 1540/1540 1539/1539
f 1535/1535 1531/1531 1536/1536
f 1535/1535 1536/1536 1540/1540
f 1536/1536 1537/1537 1542/1542
f 1536/1536 1542/1542 1541/1541
f 1537/1537 1538/1538 1543/1543
f 1537/1537 1543/1543 1542/1542
f 1538/1538 1539/1539 1544/1544
f 1538/1538 1544/1544 1543/1543
f 1539/1539 1540/1540 1545/1545
f 1539/1539 1545/1545 1544/1544
f 1540/1540 1536/1536 1541/1541
f 1540/1540 1541/1541 1545/1545
f 1541/1541 1542/1542 1547/1547
f 1541/1541 1547/1547 1546/1546
f 1542/1542 1543/1543 1548/1548
f 1542/1542 1548/1548 1547/1547
f 1543/1543 1544/1544 1549/1549
f 1543/1543 1549/1549 1548/1548
f 1544/1544 1545/1545 1550/1550
f 1544/1544 1550/1550 1549/1549
f 1545/1545 1541/1541 1546/1546
f 1545/1545 1546/1546 1550/1550
f 1546/1546 1547/1547 1552/1552
f 1546/1546 1552/1552 1551/1551
f 1547/1547 1548/1548 1553/1553
f 1547/1547 1553/1553 1552/1552
f 1548/1548 1549/1549 1554/1554
f 1548/1548 1554/1554 1553/1553
f 1549/1549 1550/1550 1555/1555
f 1549/1549 1555/1555 1554/1554
f 1550/1550 1546/1546 1551/1551
f 1550/1550 1551/1551 1555/1555
f 1551/1551 1552/1552 1557/1557
f 1551/1551 1557/1557 1556/1556
f 1552/1552 1553/1553 1558/1558
f 1552/1552 1558/1558 1557/1557
f 1553/1553 1554/1554 1559/1559
f 1553/1553 1559/1559 1558/1558
f 1554/1554 1555/1555 1560/1560
f 1554/1554 1560/1560 1559/1559
f 1555/1555 1551/1551 1556/1556
f 1555/1555 1556/1556 1560/1560
f 1556/1556 1557/1557 1562/1562
f 1556/1556 1562/1562 1561/1561
f 1557/1557 1558/1558 1563/1563
f 1557/1557 1563/1563 1562/1562
f 1558/1558 1559/1559 1564/1564
f 1558/1558 1564/1564 1563/1563
f 1559/1559 1560/1560 1565/1565
f 1559/1559 1565/1565 1564/1564
f 1560/1560 1556/1556 1561/1561
f 1560/1560 1561/1561 1565/1565
f 1561/1561 1562/1562 1567/1567
f 1561/1561 1567/1567 1566/1566
f 1562/1562 1563/1563 1568/1568
f 1562/1562 1568/1568 1567/1567
f 1563/1563 1564/1564 1569/1569
f 1563/1563 1569/1569 1568/1568
f 1564/1564 1565/1565 1570/1570
f 1564/1564 1570/1570 1569/1569
f 1565/1565 1561/1561 1566/1566
f 1565/1565 1566/1566 1570/1570
f 1566/1566 1567/1567 1572/1572
f 1566/1566 1572/1572 1571/1571
f 1567/1567 1568/1568 1573/1573
f 1567/1567 1573/1573 1572/1572
f 1568/1568 1569/1569 1574/1574
f 1568/1568 1574/1574 1573/1573
f 1569/1569 1570/1570 1575/1575
f 1569/1569 1575/1575 1574/1574
f 1570/1570 1566/1566 1571/1571
f 1570/1570 1571/1571 1575/1575
f 1571/1571 1572/1572 1577/1577
f 1571/1571 1577/1577 1576/1576
f 1572/1572 1573/1573 1578/1578
f 1572/1572 1578/1578 1577/1577
f 1573/1573 1574/1574 1579/1579
f 1573/1573 1579/1579 1578/1578
f 1574/1574 1575/1575 1580/1580
f 1574/1574 1580/1580 1579/1579
f 1575/1575 1571/1571 1576/1576
f 1575/1575 1576/1576 1580/1580
f 1576/1576 1577/1577 1582/1582
f 1576/1576 1582/1582 1581/1581
f 1577/1577 1578/1578 1583/1583
f 1577/1577 1583/1583 1582/1582
f 1578/1578 1579/1579 1584/1584
f 1578/1578 1584/1584 1583/1583
f 1579/1579 1580/1580 1585/1585
f 1579/1579 1585/1585 1584/1584
f 1580/1580 1576/1576 1581/1581
f 1580/1580 1581/1581 1585/1585
f 1581/1581 1582/1582 1587/1587
f 1581/1581 1587/1587 1586/1586
f 1582/1582 1583/1583 1588/1588
f 1582/1582 1588/1588 1587/1587
f 1583/1583 1584/1584 1589/1589
f 1583/1583 1589/1589 1588/1588
f 1584/1584 1585/1585 1590/1590
f 1584/1584 1590/1590 1589/1589
f 1585/1585 1581/1581 1586/1586
f 1585/1585 1586/1586 1590/1590
f 1586/1586 1587/1587 1592/1592
f 1586/1586 1592/1592 1591/1591
f 1587/1587 1588/1588 1593/1593
f 1587/1587 1593/1593 1592/1592
f 1588/1588 1589/1589 1594/1594
f 1588/1588 1594/1594 1593/1593
f 1589/1589 1590/1590 1595/1595
f 1589/1589 1595/1595 1594/1594
f 1590/1590 1586/1586 1591/1591
f 1590/1590 1591/1591 1595/1595
f 1591/1591 1592/1592 1597/1597
f 1591/1591 1597/1597 1596/1596
f 1592/1592 1593/1593 1598/1598
f 1592/1592 1598/1598 1597/1597
f 1593/1593 1594/1594 1599/1599
f 1593/1593 1599/1599 1598/1598
f 1594/1594 1595/1595 1600/1600
f 1594/1594 1600/1600 1599/1599
f 1595/1595 1591/1591 1596/1596
f 1595/1595 1596/1596 1600/1600
f 1601/1601 1602/1602 1607/1607
f 1601/1601 1607/1607 1606/1606
f 1602/1602 1603/1603 1608/1608
f 1602/1602 1608/1608 1607/1607
f 1603/1603 1604/1604 1609/1609
f 1603/1603 1609/1609 1608/1608
f 1604/1604 1605/1605 1610/1610
f 1604/1604 1610/1610 1609/1609
f 1605/1605 1601/1601 1606/1606
f 1605/1605 1606/1606 1610/1610
f 1606/1606 1607/1607 1612/1612
f 1606/1606 1612/1612 1611/1611
f 1607/1607 1608/1608 1613/1613
f 1607/1607 1613/1613 1612/1612
f 1608/1608 1609/1609 1614/1614
f 1608/1608 1614/1614 1613/1613
f 1609/1609 1610/1610 1615/1615
f 1609/1609 1615/1615 1614/1614
f 1610/1610 1606/1606 1611/1611
f 1610/1610 1611/1611 1615/1615
f 1611/1611 1612/1612 1617/1617
f 1611/1611 1617/1617 1616/1616
f 1612/1612 1613/1613 1618/1618
f 1612/1612 1618/1618 1617/1617
f 1613/1613 1614/1614 1619/1619
f 1613/1613 1619/1619 1618/1618
f 1614/1614 1615/1615 1620/1620
f 1614/1614 1620/1620 1619/1619
f 1615/1615 1611/1611 1616/1616
f 1615/1615 1616/1616 1620/1620
f 1616/1616 1617/1617 1622/1622
f 1616/1616 1622/1622 1621/1621
f 1617/1617 1618/1618 1623/1623
f 1617/1617 1623/1623 1622/1622
f 1618/1618 1619/1619 1624/1624
f 1618/1618 1624/1624 1623/1623
f 1619/1619 1620/1620 1625/1625
f 1619/1619 1625/1625 1624/1624
f 1620/1620 1616/1616 1621/1621
f 1620/1620 1621/1621 1625/1625
f 1621/1621 1622/1622 1627/1627
f 1621/1621 1627/1627 1626/1626
f 1622/1622 1623/1623 1628/1628
f 1622/1622 1628/1628 1627/1627
f 1623/1623 1624/1624 1629/1629
f 1623/1623 1629/1629 1628/1628
f 1624/1624 1625/1625 1630/1630
f 1624/1624 1630/1630 1629/1629
f 1625/1625 1621/1621 1626/1626
f 1625/1625 1626/1626 1630/1630
f 1626/1626 1627/1627 1632/1632
f 1626/1626 1632/1632 1631/1631
f 1627/1627 1628/1628 1633/1633
f 1627/1627 1633/1633 1632/1632
f 1628/1628 1629/1629 1634/1634
f 1628/1628 1634/1634 1633/1633
f 1629/1629 1630/1630 1635/1635
f 1629/1629 1635/1635 1634/1634
f 1630/1630 1626/1626 1631/1631
f 1630/1630 1631/1631 1635/1635
f 1631/1631 1632/1632 1637/1637
f 1631/1631 1637/1637 1636/1636
f 1632/1632 1633/1633 1638/1638
f 1632/1632 1638/1638 1637/1637
f 1633/1633 1634/1634 1639/1639
f 1633/1633 1639/1639 1638/1638
f 1634/1634 1635/1635 1640/1640
f 1634/1634 1640/1640 1639/1639
f 1635/1635 1631/1631 1636/1636
f 1635/1635 1636/1636 1640/1640
f 1636/1636 1637/1637 1642/1642
f 1636/1636 1642/1642 1641/1641
f 1637/1637 1638/1638 1643/1643
f 1637/1637 1643/1643 1642/1642
f 1638/1638 1639/1639 1644/1644
f 1638/1638 1644/1644 1643/1643
f 1639/1639 1640/1640 1645/1645
f 1639/1639 1645/1645 1644/1644
f 1640/1640 1636/1636 1641/1641
f 1640/1640 1641/1641 1645/1645
f 1641/1641 1642/1642 1647/1647
f 1641/1641 1647/1647 1646/1646
f 1642/1642 1643/1643 1648/1648
f 1642/1642 1648/1648 1647/1647
f 1643/1643 1644/1644 1649/1649
f 1643/1643 1649/1649 1648/1648
f 1644/1644 1645/1645 1650/1650
f 1644/1644 1650/1650 1649/1649
f 1645/1645 1641/1641 1646/1646
f 1645/1645 1646/1646 1650/1650
f 1646/1646 1647/1647 1652/1652
f 1646/1646 1652/1652 1651/1651
f 1647/1647 1648/1648 1653/1653
f 1647/1647 1653/1653 1652/1652
f 1648/1648 1649/1649 1654/1654
f 1648/1648 1654/1654 1653/1653
f 1649/1649 1650/1650 1655/1655
f 1649/1649 1655/1655 1654/1654
f 1650/1650 1646/1646 1651/1651
f 1650/1650 1651/1651 1655/1655
f 1651/1651 1652/1652 1657/1657
f 1651/1651 1657/1657 1656/1656
f 1652/1652 1653/1653 1658/1658
f 1652/1652 1658/1658 1657/1657
f 1653/1653 1654/1654 1659/1659
f 1653/1653 1659/1659 1658/1658
f 1654/1654 1655/1655 1660/1660
f 1654/1654 1660/1660 1659/1659
f 1655/1655 1651/1651 1656/1656
f 1655/1655 1656/1656 1660/1660
f 1656/1656 1657/1657 1662/1662
f 1656/1656 1662/1662 1661/1661
f 1657/1657 1658/1658 1663/1663
f 1657/1657 1663/1663 1662/1662
f 1658/1658 1659/1659 1664/1664
f 1658/1658 1664/1664 1663/1663
f 1659/1659 1660/1660 1665/1665
f 1659/1659 1665/1665 1664/1664
f 1660/1660 1656/1656 1661/1661
f 1660/1660 1661/1661 1665/1665
f 1661/1661 1662/1662 1667/1667
f 1661/1661 1667/1667 1666/1666
f 1662/1662 1663/1663 1668/1668
f 1662/1662 1668/1668 1667/1667
f 1663/1663 1664/1664 1669/1669
f 1663/1663 1669/1669 1668/1668
f 1664/1664 1665/1665 1670/1670
f 1664/1664 1670/1670 1669/1669
f 1665/1665 1661/1661 1666/1666
f 1665/1665 1666/1666 1670/1670
f 1671/1671 1672/1672 1677/1677
f 1671/1671 1677/1677 1676/1676
f 1672/1672 1673/1673 1678/1678
f 1672/1672 1678/1678 1677/1677
f 1673/1673 1674/1674 1679/1679
f 1673/1673 1679/1679 1678/1678
f 1674/1674 1675/1675 1680/1680
f 1674/1674 1680/1680 1679/1679
f 1675/1675 1671/1671 1676/1676
f 1675/1675 1676/1676 1680/1680
f 1676/1676 1677/1677 1682/1682
f 1676/1676 1682/1682 1681/1681
f 1677/1677 1678/1678 1683/1683
f 1677/1677 1683/1683 1682/1682
f 1678/1678 1679/1679 1684/1684
f 1678/1678 1684/1684 1683/1683
f 1679/1679 1680/1680 1685/1685
f 1679/1679 1685/1685 1684/1684
f 1680/1680 1676/1676 1681/1681
f 1680/1680 1681/1681 1685/1685
f 1681/1681 1682/1682 1687/1687
f 1681/1681 1687/1687 1686/1686
f 1682/1682 1683/1683 1688/1688
f 1682/1682 1688/1688 1687/1687
f 1683/1683 1684/1684 1689/1689
f 1683/1683 1689/1689 1688/1688
f 1684/1684 1685/1685 1690/1690
f 1684/1684 1690/1690 1689/1689
f 1685/1685 1681/1681 1686/1686
f 1685/1685 1686/1686 1690/1690
f 1686/1686 1687/1687 1692/1692
f 1686/1686 1692/1692 1691/1691
f 1687/1687 1688/1688 1693/1693
f 1687/1687 1693/1693 1692/1692
f 1688/1688 1689/1689 1694/1694
f 1688/1688 1694/1694 1693/1693
f 1689/1689 1690/1690 1695/1695
f 1689/1689 1695/1695 1694/1694
f 1690/1690 1686/1686 1691/1691
f 1690/1690 1691/1691 1695/1695
f 1691/1691 1692/1692 1697/1697
f 1691/1691 1697/1697 1696/1696
f 1692/1692 1693/1693 1698/1698
f 1692/1692 1698/1698 1697/1697
f 1693/1693 1694/1694 1699/1699
f 1693/1693 1699/1699 1698/1698
f 1694/1694 1695/1695 1700/1700
f 1694/1694 1700/1700 1699/1699
f 1695/1695 1691/1691 1696/1696
f 1695/1695 1696/1696 1700/1700
f 1696/1696 1697/1697 1702/1702
f 1696/1696 1702/1702 1701/1701
f 1697/1697 1698/1698 1703/1703
f 1697/1697 1703/1703 1702/1702
f 1698/1698 1699/1699 1704/1704
f 1698/1698 1704/1704 1703/1703
f 1699/1699 1700/1700 1705/1705
f 1699/1699 1705/1705 1704/1704
f 1700/1700 1696/1696 1701/1701
f 1700/1700 1701/1701 1705/1705
f 1701/1701 1702/1702 1707/1707
f 1701/1701 1707/1707 1706/1706
f 1702/1702 1703/1703 1708/1708
f 1702/1702 1708/1708 1707/1707
f 1703/1703 1704/1704 1709/1709
f 1703/1703 1709/1709 1708/1708
f 1704/1704 1705/1705 1710/1710
f 1704/1704 1710/1710 1709/1709
f 1705/1705 1701/1701 1706/1706
f 1705/1705 1706/1706 1710/1710
f 1706/1706 1707/1707 1712/1712
f 1706/1706 1712/1712 1711/1711
f 1707/1707 1708/1708 1713/1713
f 1707/1707 1713/1713 1712/1712
f 1708/1708 1709/1709 1714/1714
f 1708/1708 1714/1714 1713/1713
f 1709/1709 1710/1710 1715/1715
f 1709/1709 1715/1715 1714/1714
f 1710/1710 1706/1706 1711/1711
f 1710/1710 1711/1711 1715/1715
f 1711/1711 1712/1712 1717/1717
f 1711/1711 1717/1717 1716/1716
f 1712/1712 1713/1713 1718/1718
f 1712/1712 1718/1718 1717/1717
f 1713/1713 1714/1714 1719/1719
f 1713/1713 1719/1719 1718/1718
f 1714/1714 1715/1715 1720/1720
f 1714/1714 1720/1720 1719/1719
f 1715/1715 1711/1711 1716/1716
f 1715/1715 1716/1716 1720/1720
f 1716/1716 1717/1717 1722/1722
f 1716/1716 1722/1722 1721/1721
f 1717/1717 1718/1718 1723/1723
f 1717/1717 1723/1723 1722/1722
f 1718/1718 1719/1719 1724/1724
f 1718/1718 1724/1724 1723/1723
f 1719/1719 1720/1720 1725/1725
f 1719/1719 1725/1725 1724/1724
f 1720/1720 1716/1716 1721/1721
f 1720/1720 1721/1721 1725/1725
f 1721/1721 1722/1722 1727/1727
f 1721/1721 1727/1727 1726/1726
f 1722/1722 1723/1723 1728/1728
f 1722/1722 1728/1728 1727/1727
f 1723/1723 1724/1724 1729/1729
f 1723/1723 1729/1729 1728/1728
f 1724/1724 1725/1725 1730/1730
f 1724/1724 1730/1730 1729/1729
f 1725/1725 1721/1721 1726/1726
f 1725/1725 1726/1726 1730/1730
f 1726/1726 1727/1727 1732/1732
f 1726/1726 1732/1732 1731/1731
f 1727/1727 1728/1728 1733/1733
f 1727/1727 1733/1733 1732/1732
f 1728/1728 1729/1729 1734/1734
f 1728/1728 1734/1734 1733/1733
f 1729/1729 1730/1730 1735/1735
f 1729/1729 1735/1735 1734/1734
f 1730/1730 1726/1726 1731/1731
f 1730/1730 1731/1731 1735/1735
f 1731/1731 1732/1732 1737/1737
f 1731/1731 1737/1737 1736/1736
f 1732/1732 1733/1733 1738/1738
f 1732/1732 1738/1738 1737/1737
f 1733/1733 1734/1734 1739/1739
f 1733/1733 1739/1739 1738/1738
f 1734/1734 1735/1735 1740/1740
f 1734/1734 1740/1740 1739/1739
f 1735/1735 1731/1731 1736/1736
f 1735/1735 1736/1736 1740/1740
f 1741/1741 1742/1742 1747/1747
f 1741/1741 1747/1747 1746/1746
f 1742/1742 1743/1743 1748/1748
f 1742/1742 1748/1748 1747/1747
f 1743/1743 1744/1744 1749/1749
f 1743/1743 1749/1749 1748/1748
f 1744/1744 1745/1745 1750/1750
f 1744/1744 1750/1750 1749/1749
f 1745/1745 1741/1741 1746/1746
f 1745/1745 1746/1746 1750/1750
f 1746/1746 1747/1747 1752/1752
f 1746/1746 1752/1752 1751/1751
f 1747/1747 1748/1748 1753/1753
f 1747/1747 1753/1753 1752/1752
f 1748/1748 1749/1749 1754/1754
f 1748/1748 1754/1754 1753/1753
f 1749/1749 1750/1750 1755/1755
f 1749/1749 1755/1755 1754/1754
f 1750/1750 1746/1746 1751/1751
f 1750/1750 1751/1751 1755/1755
f 1751/1751 1752/1752 1757/1757
f 1751/1751 1757/1757 1756/1756
f 1752/1752 1753/1753 1758/1758
f 1752/1752 1758/1758 1757/1757
f 1753/1753 1754/1754 1759/1759
f 1753/1753 1759/1759 1758/1758
f 1754/1754 1755/1755 1760/1760
f 1754/1754 1760/1760 1759/1759
f 1755/1755 1751/1751 1756/1756
f 1755/1755 1756/1756 1760/1760
f 1756/1756 1757/1757 1762/1762
f 1756/1756 1762/1762 1761/1761
f 1757/1757 1758/1758 1763/1763
f 1757/1757 1763/1763 1762/1762
f 1758/1758 1759/1759 1764/1764
f 1758/1758 1764/1764 1763/1763
f 1759/1759 1760/1760 1765/1765
f 1759/1759 1765/1765 1764/1764
f 1760/1760 1756/1756 1761/1761
f 1760/1760 1761/1761 1765/1765
f 1761/1761 1762/1762 1767/1767
f 1761/1761 1767/1767 1766/1766
f 1762/1762 1763/1763 1768/1768
f 1762/1762 1768/1768 1767/1767
f 1763/1763 1764/1764 1769/1769
f 1763/1763 1769/1769 1768/1768
f 1764/1764 1765/1765 1770/1770
f 1764/1764 1770/1770 1769/1769
f 1765/1765 1761/1761 1766/1766
f 1765/1765 1766/1766 1770/1770
f 1766/1766 1767/1767 1772/1772
f 1766/1766 1772/1772 1771/1771
f 1767/1767 1768/1768 1773/1773
f 1767/1767 1773/1773 1772/1772
f 1768/1768 1769/1769 1774/1774
f 1768/1768 1774/1774 1773/1773
f 1769/1769 1770/1770 1775/1775
f 1769/1769 1775/1775 1774/1774
f 1770/1770 1766/1766 1771/1771
f 1770/1770 1771/1771 1775/1775
f 1771/1771 1772/1772 1777/1777
f 1771/1771 1777/1777 1776/1776
f 1772/1772 1773/1773 1778/1778
f 1772/1772 1778/1778 1777/1777
f 1773/1773 1774/1774 1779/1779
f 1773/1773 1779/1779 1778/1778
f 1774/1774 1775/1775 1780/1780
f 1774/1774 1780/1780 1779/1779
f 1775/1775 1771/1771 1776/1776
f 1775/1775 1776/1776 1780/1780
f 1776/1776 1777/1777 1782/1782
f 1776/1776 1782/1782 1781/1781
f 1777/1777 1778/1778 1783/1783
f 1777/1777 1783/1783 1782/1782
f 1778/1778 1779/1779 1784/1784
f 1778/1778 1784/1784 1783/1783
f 1779/1779 1780/1780 1785/1785
f 1779/1779 1785/1785 1784/1784
f 1780/1780 1776/1776 1781/1781
f 1780/1780 1781/1781 1785/1785
f 1781/1781 1782/1782 1787/1787
f 1781/1781 1787/1787 1786/1786
f 1782/1782 1783/1783 1788/1788
f 1782/1782 1788/1788 1787/1787
f 1783/1783 1784/1784 1789/1789
f 1783/1783 1789/1789 1788/1788
f 1784/1784 1785/1785 1790/1790
f 1784/1784 1790/1790 1789/1789
f 1785/1785 1781/1781 1786/1786
f 1785/1785 1786/1786 1790/1790
f 1786/1786 1787/1787 1792/1792
f 1786/1786 1792/1792 1791/1791
f 1787/1787 1788/1788 1793/1793
f 1787/1787 1793/1793 1792/1792
f 1788/1788 1789/1789 1794/1794
f 1788/1788 1794/1794 1793/1793
f 1789/1789 1790/1790 1795/1795
f 1789/1789 1795/1795 1794/1794
f 1790/1790 1786/1786 1791/1791
f 1790/1790 1791/1791 1795/1795
f 1791/1791 1792/1792 1797/1797
f 1791/1791 1797/1797 1796/1796
f 1792/1792 1793/1793 1798/1798
f 1792/1792 1798/1798 1797/1797
f 1793/1793 1794/1794 1799/1799
f 1793/1793 1799/1799 1798/1798
f 1794/1794 1795/1795 1800/1800
f 1794/1794 1800/1800 1799/1799
f 1795/1795 1791/1791 1796/1796
f 1795/1795 1796/1796 1800/1800
f 1796/1796 1797/1797 1802/1802
f 1796/1796 1802/1802 1801/1801
f 1797/1797 1798/1798 1803/1803
f 1797/1797 1803/1803 1802/1802
f 1798/1798 1799/1799 1804/1804
f 1798/1798 1804/1804 1803/1803
f 1799/1799 1800/1800 1805/1805
f 1799/1799 1805/1805 1804/1804
f 1800/1800 1796/1796 1801/1801
f 1800/1800 1801/1801 1805/1805
f 1801/1801 1802/1802 1807/1807
f 1801/1801 1807/1807 1806/1806
f 1802/1802 1803/1803 1808/1808
f 1802/1802 1808/1808 1807/1807
f 1803/1803 1804/1804 1809/1809
f 1803/1803 1809/1809 1808/1808
f 1804/1804 1805/1805 1810/1810
f 1804/1804 1810/1810 1809/1809
f 1805/1805 1801/1801 1806/1806
f 1805/1805 1806/1806 1810/1810
f 1811/1811 1812/1812 1817/1817
f 1811/1811 1817/1817 1816/1816
f 1812/1812 1813/1813 1818/1818
f 1812/1812 1818/1818 1817/1817
f 1813/1813 1814/1814 1819/1819
f 1813/1813 1819/1819 1818/1818
f 1814/1814 1815/1815 1820/1820
f 1814/1814 1820/1820 1819/1819
f 1815/1815 1811/1811 1816/1816
f 1815/1815 1816/1816 1820/1820
f 1816/1816 1817/1817 1822/1822
f 1816/1816 1822/1822 1821/1821
f 1817/1817 1818/1818 1823/1823
f 1817/1817 1823/1823 1822/1822
f 1818/1818 1819/1819 1824/1824
f 1818/1818 1824/1824 1823/1823
f 1819/1819 1820/1820 1825/1825
f 1819/1819 1825/1825 1824/1824
f 1820/1820 1816/1816 1821/1821
f 1820/1820 1821/1821 1825/1825
f 1821/1821 1822/1822 1827/1827
f 1821/1821 1827/1827 1826/1826
f 1822/1822 1823/1823 1828/1828
f 1822/1822 1828/1828 1827/1827
f 1823/1823 1824/1824 1829/1829
f 1823/1823 1829/1829 1828/1828
f 1824/1824 1825/1825 1830/1830
f 1824/1824 1830/1830 1829/1829
f 1825/1825 1821/1821 1826/1826
f 1825/1825 1826/1826 1830/1830
f 1826/1826 1827/1827 1832/1832
f 1826/1826 1832/1832 1831/1831
f 1827/1827 1828/1828 1833/1833
f 1827/1827 1833/1833 1832/1832
f 1828/1828 1829/1829 1834/1834
f 1828/1828 1834/1834 1833/1833
f 1829/1829 1830/1830 1835/1835
f 1829/1829 1835/1835 1834/1834
f 1830/1830 1826/1826 1831/1831
f 1830/1830 1831/1831 1835/1835
f 1831/1831 1832/1832 1837/1837
f 1831/1831 1837/1837 1836/1836
f 1832/1832 1833/1833 1838/1838
f 1832/1832 1838/1838 1837/1837
f 1833/1833 1834/1834 1839/1839
f 1833/1833 1839/1839 1838/1838
f 1834/1834 1835/1835 1840/1840
f 1834/1834 1840/1840 1839/1839
f 1835/1835 1831/1831 1836/1836
f 1835/1835 1836/1836 1840/1840
f 1836/1836 1837/1837 1842/1842
f 1836/1836 1842/1842 1841/1841
f 1837/1837 1838/1838 1843/1843
f 1837/1837 1843/1843 1842/1842
f 1838/1838 1839/1839 1844/1844
f 1838/1838 1844/1844 1843/1843
f 1839/1839 1840/1840 1845/1845
f 1839/1839 1845/1845 1844/1844
f 1840/1840 1836/1836 1841/1841
f 1840/1840 1841/1841 1845/1845
f 1841/1841 1842/1842 1847/1847
f 1841/1841 1847/1847 1846/1846
f 1842/1842 1843/1843 1848/1848
f 1842/1842 1848/1848 1847/1847
f 1843/1843 1844/1844 1849/1849
f 1843/1843 1849/1849 1848/1848
f 1844/1844 1845/1845 1850/1850
f 1844/1844 1850/1850 1849/1849
f 1845/1845 1841/1841 1846/1846
f 1845/1845 1846/1846 1850/1850
f 1846/1846 1847/1847 1852/1852
f 1846/1846 1852/1852 1851/1851
f 1847/1847 1848/1848 1853/1853
f 1847/1847 1853/1853 1852/1852
f 1848/1848 1849/1849 1854/1854
f 1848/1848 1854/1854 1853/1853
f 1849/1849 1850/1850 1855/1855
f 1849/1849 1855/1855 1854/1854
f 1850/1850 1846/1846 1851/1851
f 1850/1850 1851/1851 1855/1855
f 1851/1851 1852/1852 1857/1857
f 1851/1851 1857/1857 1856/1856
f 1852/1852 1853/1853 1858/1858
f 1852/1852 1858/1858 1857/1857
f 1853/1853 1854/1854 1859/1859
f 1853/1853 1859/1859 1858/1858
f 1854/1854 1855/1855 1860/1860
f 1854/1854 1860/1860 1859/1859
f 1855/1855 1851/1851 1856/1856
f 1855/1855 1856/1856 1860/1860
f 1856/1856 1857/1857 1862/1862
f 1856/1856 1862/1862 1861/1861
f 1857/1857 1858/1858 1863/1863
f 1857/1857 1863/1863 1862/1862
f 1858/1858 1859/1859 1864/1864
f 1858/1858 1864/1864 1863/1863
f 1859/1859 1860/1860 1865/1865
f 1859/1859 1865/1865 1864/1864
f 1860/1860 1856/1856 1861/1861
f 1860/1860 1861/1861 1865/1865
f 1861/1861 1862/1862 1867/1867
f 1861/1861 1867/1867 1866/1866
f 1862/1862 1863/1863 1868/1868
f 1862/1862 1868/1868 1867/1867
f 1863/1863 1864/1864 1869/1869
f 1863/1863 1869/1869 1868/1868
f 1864/1864 1865/1865 1870/1870
f 1864/1864 1870/1870 1869/1869
f 1865/1865 1861/1861 1866/1866
f 1865/1865 1866/1866 1870/1870
f 1866/1866 1867/1867 1872/1872
f 1866/1866 1872/1872 1871/1871
f 1867/1867 1868/1868 1873/1873
f 1867/1867 1873/1873 1872/1872
f 1868/1868 1869/1869 1874/1874
f 1868/1868 1874/1874 1873/1873
f 1869/1869 1870/1870 1875/1875
f 1869/1869 1875/1875 1874/1874
f 1870/1870 1866/1866 1871/1871
f 1870/1870 1871/1871 1875/1875
f 1871/1871 1872/1872 1877/1877
f 1871/1871 1877/1877 1876/1876
f 1872/1872 1873/1873 1878/1878
f 1872/1872 1878/1878 1877/1877
f 1873/1873 1874/1874 1879/1879
f 1873/1873 1879/1879 1878/1878
f 1874/1874 1875/1875 1880/1880
f 1874/1874 1880/1880 1879/1879
f 1875/1875 1871/1871 1876/1876
f 1875/1875 1876/1876 1880/1880
f 1881/1881 1882/1882 1887/1887
f 1881/1881 1887/1887 1886/1886
f 1882/1882 1883/1883 1888/1888
f 1882/1882 1888/1888 1887/1887
f 1883/1883 1884/1884 1889/1889
f 1883/1883 1889/1889 1888/1888
f 1884/1884 1885/1885 1890/1890
f 1884/1884 1890/1890 1889/1889
f 1885/1885 1881/1881 1886/1886
f 1885/1885 1886/1886 1890/1890
f 1886/1886 1887/1887 1892/1892
f 1886/1886 1892/1892 1891/1891
f 1887/1887 1888/1888 1893/1893
f 1887/1887 1893/1893 1892/1892
f 1888/1888 1889/1889 1894/1894
f 1888/1888 1894/1894 1893/1893
f 1889/1889 1890/1890 1895/1895
f 1889/1889 1895/1895 1894/1894
f 1890/1890 1886/1886 1891/1891
f 1890/1890 1891/1891 1895/1895
f 1891/1891 1892/1892 1897/1897
f 1891/1891 1897/1897 1896/1896
f 1892/1892 1893/1893 1898/1898
f 1892/1892 1898/1898 1897/1897
f 1893/1893 1894/1894 1899/1899
f 1893/1893 1899/1899 1898/1898
f 1894/1894 1895/1895 1900/1900
f 1894/1894 1900/1900 1899/1899
f 1895/1895 1891/1891 1896/1896
f 1895/1895 1896/1896 1900/1900
f 1896/1896 1897/1897 1902/1902
f 1896/1896 1902/1902 1901/1901
f 1897/1897 1898/1898 1903/1903
f 1897/1897 1903/1903 1902/1902
f 1898/1898 1899/1899 1904/1904
f 1898/1898 1904/1904 1903/1903
f 1899/1899 1900/1900 1905/1905
f 1899/1899 1905/1905 1904/1904
f 1900/1900 1896/1896 1901/1901
f 1900/1900 1901/1901 1905/1905
f 1901/1901 1902/1902 1907/1907
f 1901/1901 1907/1907 1906/1906
f 1902/1902 1903/1903 1908/1908
f 1902/1902 1908/1908 1907/1907
f 1903/1903 1904/1904 1909/1909
f 1903/1903 1909/1909 1908/1908
f 1904/1904 1905/1905 1910/1910
f 1904/1904 1910/1910 1909/1909
f 1905/1905 1901/1901 1906/1906
f 1905/1905 1906/1906 1910/1910
f 1906/1906 1907/1907 1912/1912
f 1906/1906 1912/1912 1911/1911
f 1907/1907 1908/1908 1913/1913
f 1907/1907 1913/1913 1912/1912
f 1908/1908 1909/1909 1914/1914
f 1908/1908 1914/1914 1913/1913
f 1909/1909 1910/1910 1915/1915
f 1909/1909 1915/1915 1914/1914
f 1910/1910 1906/1906 1911/1911
f 1910/1910 1911/1911 1915/1915
f 1911/1911 1912/1912 1917/1917
f 1911/1911 1917/1917 1916/1916
f 1912/1912 1913/1913 1918/1918
f 1912/1912 1918/1918 1917/1917
f 1913/1913 1914/1914 1919/1919
f 1913/1913 1919/1919 1918/1918
f 1914/1914 1915/1915 1920/1920
f 1914/1914 1920/1920 1919/1919
f 1915/1915 1911/1911 1916/1916
f 1915/1915 1916/1916 1920/1920
f 1916/1916 1917/1917 1922/1922
f 1916/1916 1922/1922 1921/1921
f 1917/1917 1918/1918 1923/1923
f 1917/1917 1923/1923 1922/1922
f 1918/1918 1919/1919 1924/1924
f 1918/1918 1924/1924 1923/1923
f 1919/1919 1920/1920 1925/1925
f 1919/1919 1925/1925 1924/1924
f 1920/1920 1916/1916 1921/1921
f 1920/1920 1921/1921 1925/1925
f 1921/1921 1922/1922 1927/1927
f 1921/1921 1927/1927 1926/1926
f 1922/1922 1923/1923 1928/1928
f 1922/1922 1928/1928 1927/1927
f 1923/1923 1924/1924 1929/1929
f 1923/1923 1929/1929 1928/1928
f 1924/1924 1925/1925 1930/1930
f 1924/1924 1930/1930 1929/1929
f 1925/1925 1921/1921 1926/1926
f 1925/1925 1926/1926 1930/1930
f 1926/1926 1927/1927 1932/1932
f 1926/1926 1932/1932 1931/1931
f 1927/1927 1928/1928 1933/1933
f 1927/1927 1933/1933 1932/1932
f 1928/1928 1929/1929 1934/1934
f 1928/1928 1934/1934 1933/1933
f 1929/1929 1930/1930 1935/1935
f 1929/1929 1935/1935 1934/1934
f 1930/1930 1926/1926 1931/1931
f 1930/1930 1931/1931 1935/1935
f 1931/1931 1932/1932 1937/1937
f 1931/1931 1937/1937 1936/1936
f 1932/1932 1933/1933 1938/1938
f 1932/1932 1938/1938 1937/1937
f 1933/1933 1934/1934 1939/1939
f 1933/1933 1939/1939 1938/1938
f 1934/1934 1935/1935 1940/1940
f 1934/1934 1940/1940 1939/1939
f 1935/1935 1931/1931 1936/1936
f 1935/1935 1936/1936 1940/1940
f 1936/1936 1937/1937 1942/1942
f 1936/1936 1942/1942 1941/1941
f 1937/1937 1938/1938 1943/1943
f 1937/1937 1943/1943 1942/1942
f 1938/1938 1939/1939 1944/1944
f 1938/1938 1944/1944 1943/1943
f 1939/1939 1940/1940 1945/1945
f 1939/1939 1945/1945 1944/1944
f 1940/1940 1936/1936 1941/1941
f 1940/1940 1941/1941 1945/1945
f 1946/1946 1947/1947 1952/1952
f 1946/1946 1952/1952 1951/1951
f 1947/1947 1948/1948 1953/1953
f 1947/1947 1953/1953 1952/1952
f 1948/1948 1949/1949 1954/1954
f 1948/1948 1954/1954 1953/1953
f 1949/1949 1950/1950 1955/1955
f 1949/1949 1955/1955 1954/1954
f 1950/1950 1946/1946 1951/1951
f 1950/1950 1951/1951 1955/1955
f 1951/1951 1952/1952 1957/1957
f 1951/1951 1957/1957 1956/1956
f 1952/1952 1953/1953 1958/1958
f 1952/1952 1958/1958 1957/1957
f 1953/1953 1954/1954 1959/1959
f 1953/1953 1959/1959 1958/1958
f 1954/1954 1955/1955 1960/1960
f 1954/1954 1960/1960 1959/1959
f 1955/1955 1951/1951 1956/1956
f 1955/1955 1956/1956 1960/1960
f 1956/1956 1957/1957 1962/1962
f 1956/1956 1962/1962 1961/1961
f 1957/1957 1958/1958 1963/1963
f 1957/1957 1963/1963 1962/1962
f 1958/1958 1959/1959 1964/1964
f 1958/1958 1964/1964 1963/1963
f 1959/1959 1960/1960 1965/1965
f 1959/1959 1965/1965 1964/1964
f 1960/1960 1956/1956 1961/1961
f 1960/1960 1961/1961 1965/1965
f 1961/1961 1962/1962 1967/1967
f 1961/1961 1967/1967 1966/1966
f 1962/1962 1963/1963 1968/1968
f 1962/1962 1968/1968 1967/1967
f 1963/1963 1964/1964 1969/1969
f 1963/1963 1969/1969 1968/1968
f 1964/1964 1965/1965 1970/1970
f 1964/1964 1970/1970 1969/1969
f 1965/1965 1961/1961 1966/1966
f 1965/1965 1966/1966 1970/1970
f 1966/1966 1967/1967 1972/1972
f 1966/1966 1972/1972 1971/1971
f 1967/1967 1968/1968 1973/1973
f 1967/1967 1973/1973 1972/1972
f 1968/1968 1969/1969 1974/1974
f 1968/1968 1974/1974 1973/1973
f 1969/1969 1970/1970 1975/1975
f 1969/1969 1975/1975 1974/1974
f 1970/1970 1966/1966 1971/1971
f 1970/1970 1971/1971 1975/1975
f 1971/1971 1972/1972 1977/1977
f 1971/1971 1977/1977 1976/1976
f 1972/1972 1973/1973 1978/1978
f 1972/1972 1978/1978 1977/1977
f 1973/1973 1974/1974 1979/1979
f 1973/1973 1979/1979 1978/1978
f 1974/1974 1975/1975 1980/1980
f 1974/1974 1980/1980 1979/1979
f 1975/1975 1971/1971 1976/1976
f 1975/1975 1976/1976 1980/1980
f 1981/1981 1982/1982 1985/1985
f 1981/1981 1985/1985 1984/1984
f 1982/1982 1983/1983 1986/1986
f 1982/1982 1986/1986 1985/1985
f 1983/1983 1981/1981 1984/1984
f 1983/1983 1984/1984 1986/1986
f 1984/1984 1985/1985 1988/1988
f 1984/1984 1988/1988 1987/1987
f 1985/1985 1986/1986 1989/1989
f 1985/1985 1989/1989 1988/1988
f 1986/1986 1984/1984 1987/1987
f 1986/1986 1987/1987 1989/1989
f 1987/1987 1988/1988 1991/1991
f 1987/1987 1991/1991 1990/1990
f 1988/1988 1989/1989 1992/1992
f 1988/1988 1992/1992 1991/1991
f 1989/1989 1987/1987 1990/1990
f 1989/1989 1990/1990 1992/1992
f 1990/1990 1991/1991 1994/1994
f 1990/1990 1994/1994 1993/1993
f 1991/1991 1992/1992 1995/1995
f 1991/1991 1995/1995 1994/1994
f 1992/1992 1990/1990 1993/1993
f 1992/1992 1993/1993 1995/1995
f 1993/1993 1994/1994 1997/1997
f 1993/1993 1997/1997 1996/1996
f 1994/1994 1995/1995 1998/1998
f 1994/1994 1998/1998 1997/1997
f 1995/1995 1993/1993 1996/1996
f 1995/1995 1996/1996 1998/1998
f 1996/1996 1997/1997 2000/2000
f 1996/1996 2000/2000 1999/1999
f 1997/1997 1998/1998 2001/2001
f 1997/1997 2001/2001 2000/2000
f 1998/1998 1996/1996 1999/1999
f 1998/1998 1999/1999 2001/2001
f 1999/1999 2000/2000 2003/2003
f 1999/1999 2003/2003 2002/2002
f 2000/2000 2001/2001 2004/2004
f 2000/2000 2004/2004 2003/2003
f 2001/2001 1999/1999 2002/2002
f 2001/2001 2002/2002 2004/2004
f 2002/2002 2003/2003 2006/2006
f 2002/2002 2006/2006 2005/2005
f 2003/2003 2004/2004 2007/2007
f 2003/2003 2007/2007 2006/2006
f 2004/2004 2002/2002 2005/2005
f 2004/2004 2005/2005 2007/2007
f 2008/2008 2009/2009 2012/2012
f 2008/2008 2012/2012 2011/2011
f 2009/2009 2010/2010 2013/2013
f 2009/2009 2013/2013 2012/2012
f 2010/2010 2008/2008 2011/2011
f 2010/2010 2011/2011 2013/2013
f 2011/2011 2012/2012 2015/2015
f 2011/2011 2015/2015 2014/2014
f 2012/2012 2013/2013 2016/2016
f 2012/2012 2016/2016 2015/2015
f 2013/2013 2011/2011 2014/2014
f 2013/2013 2014/2014 2016/2016
f 2014/2014 2015/2015 2018/2018
f 2014/2014 2018/2018 2017/2017
f 2015/2015 2016/2016 2019/2019
f 2015/2015 2019/2019 2018/2018
f 2016/2016 2014/2014 2017/2017
f 2016/2016 2017/2017 2019/2019
f 2017/2017 2018/2018 2021/2021
f 2017/2017 2021/2021 2020/2020
f 2018/2018 2019/2019 2022/2022
f 2018/2018 2022/2022 2021/2021
f 2019/2019 2017/2017 2020/2020
f 2019/2019 2020/2020 2022/2022
f 2020/2020 2021/2021 2024/2024
f 2020/2020 2024/2024 2023/2023
f 2021/2021 2022/2022 2025/2025
f 2021/2021 2025/2025 2024/2024
f 2022/2022 2020/2020 2023/2023
f 2022/2022 2023/2023 2025/2025
f 2023/2023 2024/2024 2027/2027
f 2023/2023 2027/2027 2026/2026
f 2024/2024 2025/2025 2028/2028
f 2024/2024 2028/2028 2027/2027
f 2025/2025 2023/2023 2026/2026
f 2025/2025 2026/2026 2028/2028
f 2026/2026 2027/2027 2030/2030
f 2026/2026 2030/2030 2029/2029
f 2027/2027 2028/2028 2031/2031
f 2027/2027 2031/2031 2030/2030
f 2028/2028 2026/2026 2029/2029
f 2028/2028 2029/2029 2031/2031
f 2029/2029 2030/2030 2033/2033
f 2029/2029 2033/2033 2032/2032
f 2030/2030 2031/2031 2034/2034
f 2030/2030 2034/2034 2033/2033
f 2031/2031 2029/2029 2032/2032
f 2031/2031 2032/2032 2034/2034
f 2035/2035 2036/2036 2039/2039
f 2035/2035 2039/2039 2038/2038
f 2036/2036 2037/2037 2040/2040
f 2036/2036 2040/2040 2039/2039
f 2037/2037 2035/2035 2038/2038
f 2037/2037 2038/2038 2040/2040
f 2038/2038 2039/2039 2042/2042
f 2038/2038 2042/2042 2041/2041
f 2039/2039 2040/2040 2043/2043
f 2039/2039 2043/2043 2042/2042
f 2040/2040 2038/2038 2041/2041
f 2040/2040 2041/2041 2043/2043
f 2041/2041 2042/2042 2045/2045
f 2041/2041 2045/2045 2044/2044
f 2042/2042 2043/2043 2046/2046
f 2042/2042 2046/2046 2045/2045
f 2043/2043 2041/2041 2044/2044
f 2043/2043 2044/2044 2046/2046
f 2044/2044 2045/2045 2048/2048
f 2044/2044 2048/2048 2047/2047
f 2045/2045 2046/2046 2049/2049
f 2045/2045 2049/2049 2048/2048
f 2046/2046 2044/2044 2047/2047
f 2046/2046 2047/2047 2049/2049
f 2047/2047 2048/2048 2051/2051
f 2047/2047 2051/2051 2050/2050
f 2048/2048 2049/2049 2052/2052
f 2048/2048 2052/2052 2051/2051
f 2049/2049 2047/2047 2050/2050
f 2049/2049 2050/2050 2052/2052
f 2050/2050 2051/2051 2054/2054
f 2050/2050 2054/2054 2053/2053
f 2051/2051 2052/2052 2055/2055
f 2051/2051 2055/2055 2054/2054
f 2052/2052 2050/2050 2053/2053
f 2052/2052 2053/2053 2055/2055
f 2053/2053 2054/2054 2057/2057
f 2053/2053 2057/2057 2056/2056
f 2054/2054 2055/2055 2058/2058
f 2054/2054 2058/2058 2057/2057
f 2055/2055 2053/2053 2056/2056
f 2055/2055 2056/2056 2058/2058
f 2056/2056 2057/2057 2060/2060
f 2056/2056 2060/2060 2059/2059
f 2057/2057 2058/2058 2061/2061
f 2057/2057 2061/2061 2060/2060
f 2058/2058 2056/2056 2059/2059
f 2058/2058 2059/2059 2061/2061
f 2062/2062 2063/2063 2066/2066
f 2062/2062 2066/2066 2065/2065
f 2063/2063 2064/2064 2067/2067
f 2063/2063 2067/2067 2066/2066
f 2064/2064 2062/2062 2065/2065
f 2064/2064 2065/2065 2067/2067
f 2065/2065 2066/2066 2069/2069
f 2065/2065 2069/2069 2068/2068
f 2066/2066 2067/2067 2070/2070
f 2066/2066 2070/2070 2069/2069
f 2067/2067 2065/2065 2068/2068
f 2067/2067 2068/2068 2070/2070
f 2068/2068 2069/2069 2072/2072
f 2068/2068 2072/2072 2071/2071
f 2069/2069 2070/2070 2073/2073
f 2069/2069 2073/2073 2072/2072
f 2070/2070 2068/2068 2071/2071
f 2070/2070 2071/2071 2073/2073
f 2071/2071 2072/2072 2075/2075
f 2071/2071 2075/2075 2074/2074
f 2072/2072 2073/2073 2076/2076
f 2072/2072 2076/2076 2075/2075
f 2073/2073 2071/2071 2074/2074
f 2073/2073 2074/2074 2076/2076
f 2074/2074 2075/2075 2078/2078
f 2074/2074 2078/2078 2077/2077
f 2075/2075 2076/2076 2079/2079
f 2075/2075 2079/2079 2078/2078
f 2076/2076 2074/2074 2077/2077
f 2076/2076 2077/2077 2079/2079
f 2077/2077 2078/2078 2081/2081
f 2077/2077 2081/2081 2080/2080
f 2078/2078 2079/2079 2082/2082
f 2078/2078 2082/2082 2081/2081
f 2079/2079 2077/2077 2080/2080
f 2079/2079 2080/2080 2082/2082
f 2080/2080 2081/2081 2084/2084
f 2080/2080 2084/2084 2083/2083
f 2081/2081 2082/2082 2085/2085
f 2081/2081 2085/2085 2084/2084
f 2082/2082 2080/2080 2083/2083
f 2082/2082 2083/2083 2085/2085
f 2083/2083 2084/2084 2087/2087
f 2083/2083 2087/2087 2086/2086
f 2084/2084 2085/2085 2088/2088
f 2084/2084 2088/2088 2087/2087
f 2085/2085 2083/2083 2086/2086
f 2085/2085 2086/2086 2088/2088
f 2089/2089 2090/2090 2093/2093
f 2089/2089 2093/2093 2092/2092
f 2090/2090 2091/2091 2094/2094
f 2090/2090 2094/2094 2093/2093
f 2091/2091 2089/2089 2092/2092
f 2091/2091 2092/2092 2094/2094
f 2092/2092 2093/2093 2096/2096
f 2092/2092 2096/2096 2095/2095
f 2093/2093 2094/2094 2097/2097
f 2093/2093 2097/2097 2096/2096
f 2094/2094 2092/2092 2095/2095
f 2094/2094 2095/2095 2097/2097
f 2095/2095 2096/2096 2099/2099
f 2095/2095 2099/2099 2098/2098
f 2096/2096 2097/2097 2100/2100
f 2096/2096 2100/2100 2099/2099
f 2097/2097 2095/2095 2098/2098
f 2097/2097 2098/2098 2100/2100
f 2098/2098 2099/2099 2102/2102
f 2098/2098 2102/2102 2101/2101
f 2099/2099 2100/2100 2103/2103
f 2099/2099 2103/2103 2102/2102
f 2100/2100 2098/2098 2101/2101
f 2100/2100 2101/2101 2103/2103
f 2101/2101 2102/2102 2105/2105
f 2101/2101 2105/2105 2104/2104
f 2102/2102 2103/2103 2106/2106
f 2102/2102 2106/2106 2105/2105
f 2103/2103 2101/2101 2104/2104
f 2103/2103 2104/2104 2106/2106
f 2104/2104 2105/2105 2108/2108
f 2104/2104 2108/2108 2107/2107
f 2105/2105 2106/2106 2109/2109
f 2105/2105 2109/2109 2108/2108
f 2106/2106 2104/2104 2107/2107
f 2106/2106 2107/2107 2109/2109
f 2107/2107 2108/2108 2111/2111
f 2107/2107 2111/2111 2110/2110
f 2108/2108 2109/2109 2112/2112
f 2108/2108 2112/2112 2111/2111
f 2109/2109 2107/2107 2110/2110
f 2109/2109 2110/2110 2112/2112
f 2110/2110 2111/2111 2114/2114
f 2110/2110 2114/2114 2113/2113
f 2111/2111 2112/2112 2115/2115
f 2111/2111 2115/2115 2114/2114
f 2112/2112 2110/2110 2113/2113
f 2112/2112 2113/2113 2115/2115
f 2116/2116 2117/2117 2120/2120
f 2116/2116 2120/2120 2119/2119
f 2117/2117 2118/2118 2121/2121
f 2117/2117 2121/2121 2120/2120
f 2118/2118 2116/2116 2119/2119
f 2118/2118 2119/2119 2121/2121
f 2119/2119 2120/2120 2123/2123
f 2119/2119 2123/2123 2122/2122
f 2120/2120 2121/2121 2124/2124
f 2120/2120 2124/2124 2123/2123
f 2121/2121 2119/2119 2122/2122
f 2121/2121 2122/2122 2124/2124
f 2122/2122 2123/2123 2126/2126
f 2122/2122 2126/2126 2125/2125
f 2123/2123 2124/2124 2127/2127
f 2123/2123 2127/2127 2126/2126
f 2124/2124 2122/2122 2125/2125
f 2124/2124 2125/2125 2127/2127
f 2125/2125 2126/2126 2129/2129
f 2125/2125 2129/2129 2128/2128
f 2126/2126 2127/2127 2130/2130
f 2126/2126 2130/2130 2129/2129
f 2127/2127 2125/2125 2128/2128
f 2127/2127 2128/2128 2130/2130
f 2128/2128 2129/2129 2132/2132
f 2128/2128 2132/2132 2131/2131
f 2129/2129 2130/2130 2133/2133
f 2129/2129 2133/2133 2132/2132
f 2130/2130 2128/2128 2131/2131
f 2130/2130 2131/2131 2133/2133
f 2131/2131 2132/2132 2135/2135
f 2131/2131 2135/2135 2134/2134
f 2132/2132 2133/2133 2136/2136
f 2132/2132 2136/2136 2135/2135
f 2133/2133 2131/2131 2134/2134
f 2133/2133 2134/2134 2136/2136
f 2134/2134 2135/2135 2138/2138
f 2134/2134 2138/2138 2137/2137
f 2135/2135 2136/2136 2139/2139
f 2135/2135 2139/2139 2138/2138
f 2136/2136 2134/2134 2137/2137
f 2136/2136 2137/2137 2139/2139
f 2137/2137 2138/2138 2141/2141
f 2137/2137 2141/2141 2140/2140
f 2138/2138 2139/2139 2142/2142
f 2138/2138 2142/2142 2141/2141
f 2139/2139 2137/2137 2140/2140
f 2139/2139 2140/2140 2142/2142
f 2143/2143 2144/2144 2147/2147
f 2143/2143 2147/2147 2146/2146
f 2144/2144 2145/2145 2148/2148
f 2144/2144 2148/2148 2147/2147
f 2145/2145 2143/2143 2146/2146
f 2145/2145 2146/2146 2148/2148
f 2146/2146 2147/2147 2150/2150
f 2146/2146 2150/2150 2149/2149
f 2147/2147 2148/2148 2151/2151
f 2147/2147 2151/2151 2150/2150
f 2148/2148 2146/2146 2149/2149
f 2148/2148 2149/2149 2151/2151
f 2149/2149 2150/2150 2153/2153
f 2149/2149 2153/2153 2152/2152
f 2150/2150 2151/2151 2154/2154
f 2150/2150 2154/2154 2153/2153
f 2151/2151 2149/2149 2152/2152
f 2151/2151 2152/2152 2154/2154
f 2152/2152 2153/2153 2156/2156
f 2152/2152 2156/2156 2155/2155
f 2153/2153 2154/2154 2157/2157
f 2153/2153 2157/2157 2156/2156
f 2154/2154 2152/2152 2155/2155
f 2154/2154 2155/2155 2157/2157
f 2155/2155 2156/2156 2159/2159
f 2155/2155 2159/2159 2158/2158
f 2156/2156 2157/2157 2160/2160
f 2156/2156 2160/2160 2159/2159
f 2157/2157 2155/2155 2158/2158
f 2157/2157 2158/2158 2160/2160
f 2158/2158 2159/2159 2162/2162
f 2158/2158 2162/2162 2161/2161
f 2159/2159 2160/2160 2163/2163
f 2159/2159 2163/2163 2162/2162
f 2160/2160 2158/2158 2161/2161
f 2160/2160 2161/2161 2163/2163
f 2161/2161 2162/2162 2165/2165
f 2161/2161 2165/2165 2164/2164
f 2162/2162 2163/2163 2166/2166
f 2162/2162 2166/2166 2165/2165
f 2163/2163 2161/2161 2164/2164
f 2163/2163 2164/2164 2166/2166
f 2164/2164 2165/2165 2168/2168
f 2164/2164 2168/2168 2167/2167
f 2165/2165 2166/2166 2169/2169
f 2165/2165 2169/2169 2168/2168
f 2166/2166 2164/2164 2167/2167
f 2166/2166 2167/2167 2169/2169
f 2170/2170 2171/2171 2174/2174
f 2170/2170 2174/2174 2173/2173
f 2171/2171 2172/2172 2175/2175
f 2171/2171 2175/2175 2174/2174
f 2172/2172 2170/2170 2173/2173
f 2172/2172 2173/2173 2175/2175
f 2173/2173 2174/2174 2177/2177
f 2173/2173 2177/2177 2176/2176
f 2174/2174 2175/2175 2178/2178
f 2174/2174 2178/2178 2177/2177
f 2175/2175 2173/2173 2176/2176
f 2175/2175 2176/2176 2178/2178
f 2176/2176 2177/2177 2180/2180
f 2176/2176 2180/2180 2179/2179
f 2177/2177 2178/2178 2181/2181
f 2177/2177 2181/2181 2180/2180
f 2178/2178 2176/2176 2179/2179
f 2178/2178 2179/2179 2181/2181
f 2179/2179 2180/2180 2183/2183
f 2179/2179 2183/2183 2182/2182
f 2180/2180 2181/2181 2184/2184
f 2180/2180 2184/2184 2183/2183
f 2181/2181 2179/2179 2182/2182
f 2181/2181 2182/2182 2184/2184
f 2182/2182 2183/2183 2186/2186
f 2182/2182 2186/2186 2185/2185
f 2183/2183 2184/2184 2187/2187
f 2183/2183 2187/2187 2186/2186
f 2184/2184 2182/2182 2185/2185
f 2184/2184 2185/2185 2187/2187
f 2185/2185 2186/2186 2189/2189
f 2185/2185 2189/2189 2188/2188
f 2186/2186 2187/2187 2190/2190
f 2186/2186 2190/2190 2189/2189
f 2187/2187 2185/2185 2188/2188
f 2187/2187 2188/2188 2190/2190
f 2188/2188 2189/2189 2192/2192
f 2188/2188 2192/2192 2191/2191
f 2189/2189 2190/2190 2193/2193
f 2189/2189 2193/2193 2192/2192
f 2190/2190 2188/2188 2191/2191
f 2190/2190 2191/2191 2193/2193
f 2191/2191 2192/2192 2195/2195
f 2191/2191 2195/2195 2194/2194
f 2192/2192 2193/2193 2196/2196
f 2192/2192 2196/2196 2195/2195
f 2193/2193 2191/2191 2194/2194
f 2193/2193 2194/2194 2196/2196
f 2197/2197 2198/2198 2201/2201
f 2197/2197 2201/2201 2200/2200
f 2198/2198 2199/2199 2202/2202
f 2198/2198 2202/2202 2201/2201
f 2199/2199 2197/2197 2200/2200
f 2199/2199 2200/2200 2202/2202
f 2200/2200 2201/2201 2204/2204
f 2200/2200 2204/2204 2203/2203
f 2201/2201 2202/2202 2205/2205
f 2201/2201 2205/2205 2204/2204
f 2202/2202 2200/2200 2203/2203
f 2202/2202 2203/2203 2205/2205
f 2203/2203 2204/2204 2207/2207
f 2203/2203 2207/2207 2206/2206
f 2204/2204 2205/2205 2208/2208
f 2204/2204 2208/2208 2207/2207
f 2205/2205 2203/2203 2206/2206
f 2205/2205 2206/2206 2208/2208
f 2206/2206 2207/2207 2210/2210
f 2206/2206 2210/2210 2209/2209
f 2207/2207 2208/2208 2211/2211
f 2207/2207 2211/2211 2210/2210
f 2208/2208 2206/2206 2209/2209
f 2208/2208 2209/2209 2211/2211
f 2209/2209 2210/2210 2213/2213
f 2209/2209 2213/2213 2212/2212
f 2210/2210 2211/2211 2214/2214
f 2210/2210 2214/2214 2213/2213
f 2211/2211 2209/2209 2212/2212
f 2211/2211 2212/2212 2214/2214
f 2212/2212 2213/2213 2216/2216
f 2212/2212 2216/2216 2215/2215
f 2213/2213 2214/2214 2217/2217
f 2213/2213 2217/2217 2216/2216
f 2214/2214 2212/2212 2215/2215
f 2214/2214 2215/2215 2217/2217
f 2215/2215 2216/2216 2219/2219
f 2215/2215 2219/2219 2218/2218
f 2216/2216 2217/2217 2220/2220
f 2216/2216 2220/2220 2219/2219
f 2217/2217 2215/2215 2218/2218
f 2217/2217 2218/2218 2220/2220
f 2218/2218 2219/2219 2222/2222
f 2218/2218 2222/2222 2221/2221
f 2219/2219 2220/2220 2223/2223
f 2219/2219 2223/2223 2222/2222
f 2220/2220 2218/2218 2221/2221
f 2220/2220 2221/2221 2223/2223
f 2224/2224 2225/2225 2228/2228
f 2224/2224 2228/2228 2227/2227
f 2225/2225 2226/2226 2229/2229
f 2225/2225 2229/2229 2228/2228
f 2226/2226 2224/2224 2227/2227
f 2226/2226 2227/2227 2229/2229
f 2227/2227 2228/2228 2231/2231
f 2227/2227 2231/2231 2230/2230
f 2228/2228 2229/2229 2232/2232
f 2228/2228 2232/2232 2231/2231
f 2229/2229 2227/2227 2230/2230
f 2229/2229 2230/2230 2232/2232
f 2230/2230 2231/2231 2234/2234
f 2230/2230 2234/2234 2233/2233
f 2231/2231 2232/2232 2235/2235
f 2231/2231 2235/2235 2234/2234
f 2232/2232 2230/2230 2233/2233
f 2232/2232 2233/2233 2235/2235
f 2233/2233 2234/2234 2237/2237
f 2233/2233 2237/2237 2236/2236
f 2234/2234 2235/2235 2238/2238
f 2234/2234 2238/2238 2237/2237
f 2235/2235 2233/2233 2236/2236
f 2235/2235 2236/2236 2238/2238
f 2236/2236 2237/2237 2240/2240
f 2236/2236 2240/2240 2239/2239
f 2237/2237 2238/2238 2241/2241
f 2237/2237 2241/2241 2240/2240
f 2238/2238 2236/2236 2239/2239
f 2238/2238 2239/2239 2241/2241
f 2239/2239 2240/2240 2243/2243
f 2239/2239 2243/2243 2242/2242
f 2240/2240 2241/2241 2244/2244
f 2240/2240 2244/2244 2243/2243
f 2241/2241 2239/2239 2242/2242
f 2241/2241 2242/2242 2244/2244
f 2242/2242 2243/2243 2246/2246
f 2242/2242 2246/2246 2245/2245
f 2243/2243 2244/2244 2247/2247
f 2243/2243 2247/2247 2246/2246
f 2244/2244 2242/2242 2245/2245
f 2244/2244 2245/2245 2247/2247
f 2245/2245 2246/2246 2249/2249
f 2245/2245 2249/2249 2248/2248
f 2246/2246 2247/2247 2250/2250
f 2246/2246 2250/2250 2249/2249
f 2247/2247 2245/2245 2248/2248
f 2247/2247 2248/2248 2250/2250
f 2251/2251 2252/2252 2255/2255
f 2251/2251 2255/2255 2254/2254
f 2252/2252 2253/2253 2256/2256
f 2252/2252 2256/2256 2255/2255
f 2253/2253 2251/2251 2254/2254
f 2253/2253 2254/2254 2256/2256
f 2254/2254 2255/2255 2258/2258
f 2254/2254 2258/2258 2257/2257
f 2255/2255 2256/2256 2259/2259
f 2255/2255 2259/2259 2258/2258
f 2256/2256 2254/2254 2257/2257
f 2256/2256 2257/2257 2259/2259
f 2257/2257 2258/2258 2261/2261
f 2257/2257 2261/2261 2260/2260
f 2258/2258 2259/2259 2262/2262
f 2258/2258 2262/2262 2261/2261
f 2259/2259 2257/2257 2260/2260
f 2259/2259 2260/2260 2262/2262
f 2260/2260 2261/2261 2264/2264
f 2260/2260 2264/2264 2263/2263
f 2261/2261 2262/2262 2265/2265
f 2261/2261 2265/2265 2264/2264
f 2262/2262 2260/2260 2263/2263
f 2262/2262 2263/2263 2265/2265
f 2263/2263 2264/2264 2267/2267
f 2263/2263 2267/2267 2266/2266
f 2264/2264 2265/2265 2268/2268
f 2264/2264 2268/2268 2267/2267
f 2265/2265 2263/2263 2266/2266
f 2265/2265 2266/2266 2268/2268
f 2266/2266 2267/2267 2270/2270
f 2266/2266 2270/2270 2269/2269
f 2267/2267 2268/2268 2271/2271
f 2267/2267 2271/2271 2270/2270
f 2268/2268 2266/2266 2269/2269
f 2268/2268 2269/2269 2271/2271
f 2269/2269 2270/2270 2273/2273
f 2269/2269 2273/2273 2272/2272
f 2270/2270 2271/2271 2274/2274
f 2270/2270 2274/2274 2273/2273
f 2271/2271 2269/2269 2272/2272
f 2271/2271 2272/2272 2274/2274
f 2272/2272 2273/2273 2276/2276
f 2272/2272 2276/2276 2275/2275
f 2273/2273 2274/2274 2277/2277
f 2273/2273 2277/2277 2276/2276
f 2274/2274 2272/2272 2275/2275
f 2274/2274 2275/2275 2277/2277
f 2278/2278 2279/2279 2282/2282
f 2278/2278 2282/2282 2281/2281
f 2279/2279 2280/2280 2283/2283
f 2279/2279 2283/2283 2282/2282
f 2280/2280 2278/2278 2281/2281
f 2280/2280 2281/2281 2283/2283
f 2281/2281 2282/2282 2285/2285
f 2281/2281 2285/2285 2284/2284
f 2282/2282 2283/2283 2286/2286
f 2282/2282 2286/2286 2285/2285
f 2283/2283 2281/2281 2284/2284
f 2283/2283 2284/2284 2286/2286
f 2284/2284 2285/2285 2288/2288
f 2284/2284 2288/2288 2287/2287
f 2285/2285 2286/2286 2289/2289
f 2285/2285 2289/2289 2288/2288
f 2286/2286 2284/2284 2287/2287
f 2286/2286 2287/2287 2289/2289
f 2287/2287 2288/2288 2291/2291
f 2287/2287 2291/2291 2290/2290
f 2288/2288 2289/2289 2292/2292
f 2288/2288 2292/2292 2291/2291
f 2289/2289 2287/2287 2290/2290
f 2289/2289 2290/2290 2292/2292
f 2290/2290 2291/2291 2294/2294
f 2290/2290 2294/2294 2293/2293
f 2291/2291 2292/2292 2295/2295
f 2291/2291 2295/2295 2294/2294
f 2292/2292 2290/2290 2293/2293
f 2292/2292 2293/2293 2295/2295
f 2293/2293 2294/2294 2297/2297
f 2293/2293 2297/2297 2296/2296
f 2294/2294 2295/2295 2298/2298
f 2294/2294 2298/2298 2297/2297
f 2295/2295 2293/2293 2296/2296
f 2295/2295 2296/2296 2298/2298
f 2296/2296 2297/2297 2300/2300
f 2296/2296 2300/2300 2299/2299
f 2297/2297 2298/2298 2301/2301
f 2297/2297 2301/2301 2300/2300
f 2298/2298 2296/2296 2299/2299
f 2298/2298 2299/2299 2301/2301
f 2299/2299 2300/2300 2303/2303
f 2299/2299 2303/2303 2302/2302
f 2300/2300 2301/2301 2304/2304
f 2300/2300 2304/2304 2303/2303
f 2301/2301 2299/2299 2302/2302
f 2301/2301 2302/2302 2304/2304
f 2305/2305 2306/2306 2309/2309
f 2305/2305 2309/2309 2308/2308
f 2306/2306 2307/2307 2310/2310
f 2306/2306 2310/2310 2309/2309
f 2307/2307 2305/2305 2308/2308
f 2307/2307 2308/2308 2310/2310
f 2308/2308 2309/2309 2312/2312
f 2308/2308 2312/2312 2311/2311
f 2309/2309 2310/2310 2313/2313
f 2309/2309 2313/2313 2312/2312
f 2310/2310 2308/2308 2311/2311
f 2310/2310 2311/2311 2313/2313
f 2311/2311 2312/2312 2315/2315
f 2311/2311 2315/2315 2314/2314
f 2312/2312 2313/2313 2316/2316
f 2312/2312 2316/2316 2315/2315
f 2313/2313 2311/2311 2314/2314
f 2313/2313 2314/2314 2316/2316
f 2314/2314 2315/2315 2318/2318
f 2314/2314 2318/2318 2317/2317
f 2315/2315 2316/2316 2319/2319
f 2315/2315 2319/2319 2318/2318
f 2316/2316 2314/2314 2317/2317
f 2316/2316 2317/2317 2319/2319
f 2317/2317 2318/2318 2321/2321
f 2317/2317 2321/2321 2320/2320
f 2318/2318 2319/2319 2322/2322
f 2318/2318 2322/2322 2321/2321
f 2319/2319 2317/2317 2320/2320
f 2319/2319 2320/2320 2322/2322
f 2320/2320 2321/2321 2324/2324
f 2320/2320 2324/2324 2323/2323
f 2321/2321 2322/2322 2325/2325
f 2321/2321 2325/2325 2324/2324
f 2322/2322 2320/2320 2323/2323
f 2322/2322 2323/2323 2325/2325
f 2323/2323 2324/2324 2327/2327
f 2323/2323 2327/2327 2326/2326
f 2324/2324 2325/2325 2328/2328
f 2324/2324 2328/2328 2327/2327
f 2325/2325 2323/2323 2326/2326
f 2325/2325 2326/2326 2328/2328
f 2326/2326 2327/2327 2330/2330
f 2326/2326 2330/2330 2329/2329
f 2327/2327 2328/2328 2331/2331
f 2327/2327 2331/2331 2330/2330
f 2328/2328 2326/2326 2329/2329
f 2328/2328 2329/2329 2331/2331
f 2332/2332 2333/2333 2336/2336
f 2332/2332 2336/2336 2335/2335
f 2333/2333 2334/2334 2337/2337
f 2333/2333 2337/2337 2336/2336
f 2334/2334 2332/2332 2335/2335
f 2334/2334 2335/2335 2337/2337
f 2335/2335 2336/2336 2339/2339
f 2335/2335 2339/2339 2338/2338
f 2336/2336 2337/2337 2340/2340
f 2336/2336 2340/2340 2339/2339
f 2337/2337 2335/2335 2338/2338
f 2337/2337 2338/2338 2340/2340
f 2338/2338 2339/2339 2342/2342
f 2338/2338 2342/2342 2341/2341
f 2339/2339 2340/2340 2343/2343
f 2339/2339 2343/2343 2342/2342
f 2340/2340 2338/2338 2341/2341
f 2340/2340 2341/2341 2343/2343
f 2341/2341 2342/2342 2345/2345
f 2341/2341 2345/2345 2344/2344
f 2342/2342 2343/2343 2346/2346
f 2342/2342 2346/2346 2345/2345
f 2343/2343 2341/2341 2344/2344
f 2343/2343 2344/2344 2346/2346
f 2344/2344 2345/2345 2348/2348
f 2344/2344 2348/2348 2347/2347
f 2345/2345 2346/2346 2349/2349
f 2345/2345 2349/2349 2348/2348
f 2346/2346 2344/2344 2347/2347
f 2346/2346 2347/2347 2349/2349
f 2347/2347 2348/2348 2351/2351
f 2347/2347 2351/2351 2350/2350
f 2348/2348 2349/2349 2352/2352
f 2348/2348 2352/2352 2351/2351
f 2349/2349 2347/2347 2350/2350
f 2349/2349 2350/2350 2352/2352
f 2350/2350 2351/2351 2354/2354
f 2350/2350 2354/2354 2353/2353
f 2351/2351 2352/2352 2355/2355
f 2351/2351 2355/2355 2354/2354
f 2352/2352 2350/2350 2353/2353
f 2352/2352 2353/2353 2355/2355
f 2353/2353 2354/2354 2357/2357
f 2353/2353 2357/2357 2356/2356
f 2354/2354 2355/2355 2358/2358
f 2354/2354 2358/2358 2357/2357
f 2355/2355 2353/2353 2356/2356
f 2355/2355 2356/2356 2358/2358
f 2359/2359 2360/2360 2363/2363
f 2359/2359 2363/2363 2362/2362
f 2360/2360 2361/2361 2364/2364
f 2360/2360 2364/2364 2363/2363
f 2361/2361 2359/2359 2362/2362
f 2361/2361 2362/2362 2364/2364
f 2362/2362 2363/2363 2366/2366
f 2362/2362 2366/2366 2365/2365
f 2363/2363 2364/2364 2367/2367
f 2363/2363 2367/2367 2366/2366
f 2364/2364 2362/2362 2365/2365
f 2364/2364 2365/2365 2367/2367
f 2365/2365 2366/2366 2369/2369
f 2365/2365 2369/2369 2368/2368
f 2366/2366 2367/2367 2370/2370
f 2366/2366 2370/2370 2369/2369
f 2367/2367 2365/2365 2368/2368
f 2367/2367 2368/2368 2370/2370
f 2368/2368 2369/2369 2372/2372
f 2368/2368 2372/2372 2371/2371
f 2369/2369 2370/2370 2373/2373
f 2369/2369 2373/2373 2372/2372
f 2370/2370 2368/2368 2371/2371
f 2370/2370 2371/2371 2373/2373
f 2371/2371 2372/2372 2375/2375
f 2371/2371 2375/2375 2374/2374
f 2372/2372 2373/2373 2376/2376
f 2372/2372 2376/2376 2375/2375
f 2373/2373 2371/2371 2374/2374
f 2373/2373 2374/2374 2376/2376
f 2374/2374 2375/2375 2378/2378
f 2374/2374 2378/2378 2377/2377
f 2375/2375 2376/2376 2379/2379
f 2375/2375 2379/2379 2378/2378
f 2376/2376 2374/2374 2377/2377
f 2376/2376 2377/2377 2379/2379
f 2377/2377 2378/2378 2381/2381
f 2377/2377 2381/2381 2380/2380
f 2378/2378 2379/2379 2382/2382
f 2378/2378 2382/2382 2381/2381
f 2379/2379 2377/2377 2380/2380
f 2379/2379 2380/2380 2382/2382
f 2380/2380 2381/2381 2384/2384
f 2380/2380 2384/2384 2383/2383
f 2381/2381 2382/2382 2385/2385
f 2381/2381 2385/2385 2384/2384
f 2382/2382 2380/2380 2383/2383
f 2382/2382 2383/2383 2385/2385
f 2386/2386 2387/2387 2390/2390
f 2386/2386 2390/2390 2389/2389
f 2387/2387 2388/2388 2391/2391
f 2387/2387 2391/2391 2390/2390
f 2388/2388 2386/2386 2389/2389
f 2388/2388 2389/2389 2391/2391
f 2389/2389 2390/2390 2393/2393
f 2389/2389 2393/2393 2392/2392
f 2390/2390 2391/2391 2394/2394
f 2390/2390 2394/2394 2393/2393
f 2391/2391 2389/2389 2392/2392
f 2391/2391 2392/2392 2394/2394
f 2392/2392 2393/2393 2396/2396
f 2392/2392 2396/2396 2395/2395
f 2393/2393 2394/2394 2397/2397
f 2393/2393 2397/2397 2396/2396
f 2394/2394 2392/2392 2395/2395
f 2394/2394 2395/2395 2397/2397
f 2395/2395 2396/2396 2399/2399
f 2395/2395 2399/2399 2398/2398
f 2396/2396 2397/2397 2400/2400
f 2396/2396 2400/2400 2399/2399
f 2397/2397 2395/2395 2398/2398
f 2397/2397 2398/2398 2400/2400
f 2398/2398 2399/2399 2402/2402
f 2398/2398 2402/2402 2401/2401
f 2399/2399 2400/2400 2403/2403
f 2399/2399 2403/2403 2402/2402
f 2400/2400 2398/2398 2401/2401
f 2400/2400 2401/2401 2403/2403
f 2401/2401 2402/2402 2405/2405
f 2401/2401 2405/2405 2404/2404
f 2402/2402 2403/2403 2406/2406
f 2402/2402 2406/2406 2405/2405
f 2403/2403 2401/2401 2404/2404
f 2403/2403 2404/2404 2406/2406
f 2404/2404 2405/2405 2408/2408
f 2404/2404 2408/2408 2407/2407
f 2405/2405 2406/2406 2409/2409
f 2405/2405 2409/2409 2408/2408
f 2406/2406 2404/2404 2407/2407
f 2406/2406 2407/2407 2409/2409
f 2407/2407 2408/2408 2411/2411
f 2407/2407 2411/2411 2410/2410
f 2408/2408 2409/2409 2412/2412
f 2408/2408 2412/2412 2411/2411
f 2409/2409 2407/2407 2410/2410
f 2409/2409 2410/2410 2412/2412
f 2413/2413 2414/2414 2417/2417
f 2413/2413 2417/2417 2416/2416
f 2414/2414 2415/2415 2418/2418
f 2414/2414 2418/2418 2417/2417
f 2415/2415 2413/2413 2416/2416
f 2415/2415 2416/2416 2418/2418
f 2416/2416 2417/2417 2420/2420
f 2416/2416 2420/2420 2419/2419
f 2417/2417 2418/2418 2421/2421
f 2417/2417 2421/2421 2420/2420
f 2418/2418 2416/2416 2419/2419
f 2418/2418 2419/2419 2421/2421
f 2419/2419 2420/2420 2423/2423
f 2419/2419 2423/2423 2422/2422
f 2420/2420 2421/2421 2424/2424
f 2420/2420 2424/2424 2423/2423
f 2421/2421 2419/2419 2422/2422
f 2421/2421 2422/2422 2424/2424
f 2422/2422 2423/2423 2426/2426
f 2422/2422 2426/2426 2425/2425
f 2423/2423 2424/2424 2427/2427
f 2423/2423 2427/2427 2426/2426
f 2424/2424 2422/2422 2425/2425
f 2424/2424 2425/2425 2427/2427
f 2425/2425 2426/2426 2429/2429
f 2425/2425 2429/2429 2428/2428
f 2426/2426 2427/2427 2430/2430
f 2426/2426 2430/2430 2429/2429
f 2427/2427 2425/2425 2428/2428
f 2427/2427 2428/2428 2430/2430
f 2428/2428 2429/2429 2432/2432
f 2428/2428 2432/2432 2431/2431
f 2429/2429 2430/2430 2433/2433
f 2429/2429 2433/2433 2432/2432
f 2430/2430 2428/2428 2431/2431
f 2430/2430 2431/2431 2433/2433
f 2431/2431 2432/2432 2435/2435
f 2431/2431 2435/2435 2434/2434
f 2432/2432 2433/2433 2436/2436
f 2432/2432 2436/2436 2435/2435
f 2433/2433 2431/2431 2434/2434
f 2433/2433 2434/2434 2436/2436
f 2434/2434 2435/2435 2438/2438
f 2434/2434 2438/2438 2437/2437
f 2435/2435 2436/2436 2439/2439
f 2435/2435 2439/2439 2438/2438
f 2436/2436 2434/2434 2437/2437
f 2436/2436 2437/2437 2439/2439
f 2440/2440 2441/2441 2444/2444
f 2440/2440 2444/2444 2443/2443
f 2441/2441 2442/2442 2445/2445
f 2441/2441 2445/2445 2444/2444
f 2442/2442 2440/2440 2443/2443
f 2442/2442 2443/2443 2445/2445
f 2443/2443 2444/2444 2447/2447
f 2443/2443 2447/2447 2446/2446
f 2444/2444 2445/2445 2448/2448
f 2444/2444 2448/2448 2447/2447
f 2445/2445 2443/2443 2446/2446
f 2445/2445 2446/2446 2448/2448
f 2446/2446 2447/2447 2450/2450
f 2446/2446 2450/2450 2449/2449
f 2447/2447 2448/2448 2451/2451
f 2447/2447 2451/2451 2450/2450
f 2448/2448 2446/2446 2449/2449
f 2448/2448 2449/2449 2451/2451
f 2449/2449 2450/2450 2453/2453
f 2449/2449 2453/2453 2452/2452
f 2450/2450 2451/2451 2454/2454
f 2450/2450 2454/2454 2453/2453
f 2451/2451 2449/2449 2452/2452
f 2451/2451 2452/2452 2454/2454
f 2452/2452 2453/2453 2456/2456
f 2452/2452 2456/2456 2455/2455
f 2453/2453 2454/2454 2457/2457
f 2453/2453 2457/2457 2456/2456
f 2454/2454 2452/2452 2455/2455
f 2454/2454 2455/2455 2457/2457
f 2455/2455 2456/2456 2459/2459
f 2455/2455 2459/2459 2458/2458
f 2456/2456 2457/2457 2460/2460
f 2456/2456 2460/2460 2459/2459
f 2457/2457 2455/2455 2458/2458
f 2457/2457 2458/2458 2460/2460
f 2458/2458 2459/2459 2462/2462
f 2458/2458 2462/2462 2461/2461
f 2459/2459 2460/2460 2463/2463
f 2459/2459 2463/2463 2462/2462
f 2460/2460 2458/2458 2461/2461
f 2460/2460 2461/2461 2463/2463
f 2461/2461 2462/2462 2465/2465
f 2461/2461 2465/2465 2464/2464
f 2462/2462 2463/2463 2466/2466
f 2462/2462 2466/2466 2465/2465
f 2463/2463 2461/2461 2464/2464
f 2463/2463 2464/2464 2466/2466
f 2467/2467 2468/2468 2471/2471
f 2467/2467 2471/2471 2470/2470
f 2468/2468 2469/2469 2472/2472
f 2468/2468 2472/2472 2471/2471
f 2469/2469 2467/2467 2470/2470
f 2469/2469 2470/2470 2472/2472
f 2470/2470 2471/2471 2474/2474
f 2470/2470 2474/2474 2473/2473
f 2471/2471 2472/2472 2475/2475
f 2471/2471 2475/2475 2474/2474
f 2472/2472 2470/2470 2473/2473
f 2472/2472 2473/2473 2475/2475
f 2473/2473 2474/2474 2477/2477
f 2473/2473 2477/2477 2476/2476
f 2474/2474 2475/2475 2478/2478
f 2474/2474 2478/2478 2477/2477
f 2475/2475 2473/2473 2476/2476
f 2475/2475 2476/2476 2478/2478
f 2476/2476 2477/2477 2480/2480
f 2476/2476 2480/2480 2479/2479
f 2477/2477 2478/2478 2481/2481
f 2477/2477 2481/2481 2480/2480
f 2478/2478 2476/2476 2479/2479
f 2478/2478 2479/2479 2481/2481
f 2479/2479 2480/2480 2483/2483
f 2479/2479 2483/2483 2482/2482
f 2480/2480 2481/2481 2484/2484
f 2480/2480 2484/2484 2483/2483
f 2481/2481 2479/2479 2482/2482
f 2481/2481 2482/2482 2484/2484
f 2482/2482 2483/2483 2486/2486
f 2482/2482 2486/2486 2485/2485
f 2483/2483 2484/2484 2487/2487
f 2483/2483 2487/2487 2486/2486
f 2484/2484 2482/2482 2485/2485
f 2484/2484 2485/2485 2487/2487
f 2485/2485 2486/2486 2489/2489
f 2485/2485 2489/2489 2488/2488
f 2486/2486 2487/2487 2490/2490
f 2486/2486 2490/2490 2489/2489
f 2487/2487 2485/2485 2488/2488
f 2487/2487 2488/2488 2490/2490
f 2488/2488 2489/2489 2492/2492
f 2488/2488 2492/2492 2491/2491
f 2489/2489 2490/2490 2493/2493
f 2489/2489 2493/2493 2492/2492
f 2490/2490 2488/2488 2491/2491
f 2490/2490 2491/2491 2493/2493
f 2494/2494 2495/2495 2498/2498
f 2494/2494 2498/2498 2497/2497
f 2495/2495 2496/2496 2499/2499
f 2495/2495 2499/2499 2498/2498
f 2496/2496 2494/2494 2497/2497
f 2496/2496 2497/2497 2499/2499
f 2497/2497 2498/2498 2501/2501
f 2497/2497 2501/2501 2500/2500
f 2498/2498 2499/2499 2502/2502
f 2498/2498 2502/2502 2501/2501
f 2499/2499 2497/2497 2500/2500
f 2499/2499 2500/2500 2502/2502
f 2500/2500 2501/2501 2504/2504
f 2500/2500 2504/2504 2503/2503
f 2501/2501 2502/2502 2505/2505
f 2501/2501 2505/2505 2504/2504
f 2502/2502 2500/2500 2503/2503
f 2502/2502 2503/2503 2505/2505
f 2503/2503 2504/2504 2507/2507
f 2503/2503 2507/2507 2506/2506
f 2504/2504 2505/2505 2508/2508
f 2504/2504 2508/2508 2507/2507
f 2505/2505 2503/2503 2506/2506
f 2505/2505 2506/2506 2508/2508
f 2506/2506 2507/2507 2510/2510
f 2506/2506 2510/2510 2509/2509
f 2507/2507 2508/2508 2511/2511
f 2507/2507 2511/2511 2510/2510
f 2508/2508 2506/2506 2509/2509
f 2508/2508 2509/2509 2511/2511
f 2509/2509 2510/2510 2513/2513
f 2509/2509 2513/2513 2512/2512
f 2510/2510 2511/2511 2514/2514
f 2510/2510 2514/2514 2513/2513
f 2511/2511 2509/2509 2512/2512
f 2511/2511 2512/2512 2514/2514
f 2512/2512 2513/2513 2516/2516
f 2512/2512 2516/2516 2515/2515
f 2513/2513 2514/2514 2517/2517
f 2513/2513 2517/2517 2516/2516
f 2514/2514 2512/2512 2515/2515
f 2514/2514 2515/2515 2517/2517
f 2515/2515 2516/2516 2519/2519
f 2515/2515 2519/2519 2518/2518
f 2516/2516 2517/2517 2520/2520
f 2516/2516 2520/2520 2519/2519
f 2517/2517 2515/2515 2518/2518
f 2517/2517 2518/2518 2520/2520
f 2521/2521 2522/2522 2525/2525
f 2521/2521 2525/2525 2524/2524
f 2522/2522 2523/2523 2526/2526
f 2522/2522 2526/2526 2525/2525
f 2523/2523 2521/2521 2524/2524
f 2523/2523 2524/2524 2526/2526
f 2524/2524 2525/2525 2528/2528
f 2524/2524 2528/2528 2527/2527
f 2525/2525 2526/2526 2529/2529
f 2525/2525 2529/2529 2528/2528
f 2526/2526 2524/2524 2527/2527
f 2526/2526 2527/2527 2529/2529
f 2527/2527 2528/2528 2531/2531
f 2527/2527 2531/2531 2530/2530
f 2528/2528 2529/2529 2532/2532
f 2528/2528 2532/2532 2531/2531
f 2529/2529 2527/2527 2530/2530
f 2529/2529 2530/2530 2532/2532
f 2530/2530 2531/2531 2534/2534
f 2530/2530 2534/2534 2533/2533
f 2531/2531 2532/2532 2535/2535
f 2531/2531 2535/2535 2534/2534
f 2532/2532 2530/2530 2533/2533
f 2532/2532 2533/2533 2535/2535
f 2533/2533 2534/2534 2537/2537
f 2533/2533 2537/2537 2536/2536
f 2534/2534 2535/2535 2538/2538
f 2534/2534 2538/2538 2537/2537
f 2535/2535 2533/2533 2536/2536
f 2535/2535 2536/2536 2538/2538
f 2536/2536 2537/2537 2540/2540
f 2536/2536 2540/2540 2539/2539
f 2537/2537 2538/2538 2541/2541
f 2537/2537 2541/2541 2540/2540
f 2538/2538 2536/2536 2539/2539
f 2538/2538 2539/2539 2541/2541
f 2539/2539 2540/2540 2543/2543
f 2539/2539 2543/2543 2542/2542
f 2540/2540 2541/2541 2544/2544
f 2540/2540 2544/2544 2543/2543
f 2541/2541 2539/2539 2542/2542
f 2541/2541 2542/2542 2544/2544
f 2542/2542 2543/2543 2546/2546
f 2542/2542 2546/2546 2545/2545
f 2543/2543 2544/2544 2547/2547
f 2543/2543 2547/2547 2546/2546
f 2544/2544 2542/2542 2545/2545
f 2544/2544 2545/2545 2547/2547
f 2548/2548 2549/2549 2552/2552
f 2548/2548 2552/2552 2551/2551
f 2549/2549 2550/2550 2553/2553
f 2549/2549 2553/2553 2552/2552
f 2550/2550 2548/2548 2551/2551
f 2550/2550 2551/2551 2553/2553
f 2551/2551 2552/2552 2555/2555
f 2551/2551 2555/2555 2554/2554
f 2552/2552 2553/2553 2556/2556
f 2552/2552 2556/2556 2555/2555
f 2553/2553 2551/2551 2554/2554
f 2553/2553 2554/2554 2556/2556
f 2554/2554 2555/2555 2558/2558
f 2554/2554 2558/2558 2557/2557
f 2555/2555 2556/2556 2559/2559
f 2555/2555 2559/2559 2558/2558
f 2556/2556 2554/2554 2557/2557
f 2556/2556 2557/2557 2559/2559
f 2557/2557 2558/2558 2561/2561
f 2557/2557 2561/2561 2560/2560
f 2558/2558 2559/2559 2562/2562
f 2558/2558 2562/2562 2561/2561
f 2559/2559 2557/2557 2560/2560
f 2559/2559 2560/2560 2562/2562
f 2560/2560 2561/2561 2564/2564
f 2560/2560 2564/2564 2563/2563
f 2561/2561 2562/2562 2565/2565
f 2561/2561 2565/2565 2564/2564
f 2562/2562 2560/2560 2563/2563
f 2562/2562 2563/2563 2565/2565
f 2563/2563 2564/2564 2567/2567
f 2563/2563 2567/2567 2566/2566
f 2564/2564 2565/2565 2568/2568
f 2564/2564 2568/2568 2567/2567
f 2565/2565 2563/2563 2566/2566
f 2565/2565 2566/2566 2568/2568
f 2566/2566 2567/2567 2570/2570
f 2566/2566 2570/2570 2569/2569
f 2567/2567 2568/2568 2571/2571
f 2567/2567 2571/2571 2570/2570
f 2568/2568 2566/2566 2569/2569
f 2568/2568 2569/2569 2571/2571
f 2569/2569 2570/2570 2573/2573
f 2569/2569 2573/2573 2572/2572
f 2570/2570 2571/2571 2574/2574
f 2570/2570 2574/2574 2573/2573
f 2571/2571 2569/2569 2572/2572
f 2571/2571 2572/2572 2574/2574
f 2575/2575 2576/2576 2579/2579
f 2575/2575 2579/2579 2578/2578
f 2576/2576 2577/2577 2580/2580
f 2576/2576 2580/2580 2579/2579
f 2577/2577 2575/2575 2578/2578
f 2577/2577 2578/2578 2580/2580
f 2578/2578 2579/2579 2582/2582
f 2578/2578 2582/2582 2581/2581
f 2579/2579 2580/2580 2583/2583
f 2579/2579 2583/2583 2582/2582
f 2580/2580 2578/2578 2581/2581
f 2580/2580 2581/2581 2583/2583
f 2581/2581 2582/2582 2585/2585
f 2581/2581 2585/2585 2584/2584
f 2582/2582 2583/2583 2586/2586
f 2582/2582 2586/2586 2585/2585
f 2583/2583 2581/2581 2584/2584
f 2583/2583 2584/2584 2586/2586
f 2584/2584 2585/2585 2588/2588
f 2584/2584 2588/2588 2587/2587
f 2585/2585 2586/2586 2589/2589
f 2585/2585 2589/2589 2588/2588
f 2586/2586 2584/2584 2587/2587
f 2586/2586 2587/2587 2589/2589
f 2587/2587 2588/2588 2591/2591
f 2587/2587 2591/2591 2590/2590
f 2588/2588 2589/2589 2592/2592
f 2588/2588 2592/2592 2591/2591
f 2589/2589 2587/2587 2590/2590
f 2589/2589 2590/2590 2592/2592
f 2590/2590 2591/2591 2594/2594
f 2590/2590 2594/2594 2593/2593
f 2591/2591 2592/2592 2595/2595
f 2591/2591 2595/2595 2594/2594
f 2592/2592 2590/2590 2593/2593
f 2592/2592 2593/2593 2595/2595
f 2593/2593 2594/2594 2597/2597
f 2593/2593 2597/2597 2596/2596
f 2594/2594 2595/2595 2598/2598
f 2594/2594 2598/2598 2597/2597
f 2595/2595 2593/2593 2596/2596
f 2595/2595 2596/2596 2598/2598
f 2596/2596 2597/2597 2600/2600
f 2596/2596 2600/2600 2599/2599
f 2597/2597 2598/2598 2601/2601
f 2597/2597 2601/2601 2600/2600
f 2598/2598 2596/2596 2599/2599
f 2598/2598 2599/2599 2601/2601
f 2602/2602 2603/2603 2606/2606
f 2602/2602 2606/2606 2605/2605
f 2603/2603 2604/2604 2607/2607
f 2603/2603 2607/2607 2606/2606
f 2604/2604 2602/2602 2605/2605
f 2604/2604 2605/2605 2607/2607
f 2605/2605 2606/2606 2609/2609
f 2605/2605 2609/2609 2608/2608
f 2606/2606 2607/2607 2610/2610
f 2606/2606 2610/2610 2609/2609
f 2607/2607 2605/2605 2608/2608
f 2607/2607 2608/2608 2610/2610
f 2608/2608 2609/2609 2612/2612
f 2608/2608 2612/2612 2611/2611
f 2609/2609 2610/2610 2613/2613
f 2609/2609 2613/2613 2612/2612
f 2610/2610 2608/2608 2611/2611
f 2610/2610 2611/2611 2613/2613
f 2611/2611 2612/2612 2615/2615
f 2611/2611 2615/2615 2614/2614
f 2612/2612 2613/2613 2616/2616
f 2612/2612 2616/2616 2615/2615
f 2613/2613 2611/2611 2614/2614
f 2613/2613 2614/2614 2616/2616
f 2614/2614 2615/2615 2618/2618
f 2614/2614 2618/2618 2617/2617
f 2615/2615 2616/2616 2619/2619
f 2615/2615 2619/2619 2618/2618
f 2616/2616 2614/2614 2617/2617
f 2616/2616 2617/2617 2619/2619
f 2617/2617 2618/2618 2621/2621
f 2617/2617 2621/2621 2620/2620
f 2618/2618 2619/2619 2622/2622
f 2618/2618 2622/2622 2621/2621
f 2619/2619 2617/2617 2620/2620
f 2619/2619 2620/2620 2622/2622
f 2620/2620 2621/2621 2624/2624
f 2620/2620 2624/2624 2623/2623
f 2621/2621 2622/2622 2625/2625
f 2621/2621 2625/2625 2624/2624
f 2622/2622 2620/2620 2623/2623
f 2622/2622 2623/2623 2625/2625
f 2623/2623 2624/2624 2627/2627
f 2623/2623 2627/2627 2626/2626
f 2624/2624 2625/2625 2628/2628
f 2624/2624 2628/2628 2627/2627
f 2625/2625 2623/2623 2626/2626
f 2625/2625 2626/2626 2628/2628
f 2629/2629 2630/2630 2633/2633
f 2629/2629 2633/2633 2632/2632
f 2630/2630 2631/2631 2634/2634
f 2630/2630 2634/2634 2633/2633
f 2631/2631 2629/2629 2632/2632
f 2631/2631 2632/2632 2634/2634
f 2632/2632 2633/2633 2636/2636
f 2632/2632 2636/2636 2635/2635
f 2633/2633 2634/2634 2637/2637
f 2633/2633 2637/2637 2636/2636
f 2634/2634 2632/2632 2635/2635
f 2634/2634 2635/2635 2637/2637
f 2635/2635 2636/2636 2639/2639
f 2635/2635 2639/2639 2638/2638
f 2636/2636 2637/2637 2640/2640
f 2636/2636 2640/2640 2639/2639
f 2637/2637 2635/2635 2638/2638
f 2637/2637 2638/2638 2640/2640
f 2638/2638 2639/2639 2642/2642
f 2638/2638 2642/2642 2641/2641
f 2639/2639 2640/2640 2643/2643
f 2639/2639 2643/2643 2642/2642
f 2640/2640 2638/2638 2641/2641
f 2640/2640 2641/2641 2643/2643
f 2641/2641 2642/2642 2645/2645
f 2641/2641 2645/2645 2644/2644
f 2642/2642 2643/2643 2646/2646
f 2642/2642 2646/2646 2645/2645
f 2643/2643 2641/2641 2644/2644
f 2643/2643 2644/2644 2646/2646
f 2644/2644 2645/2645 2648/2648
f 2644/2644 2648/2648 2647/2647
f 2645/2645 2646/2646 2649/2649
f 2645/2645 2649/2649 2648/2648
f 2646/2646 2644/2644 2647/2647
f 2646/2646 2647/2647 2649/2649
f 2647/2647 2648/2648 2651/2651
f 2647/2647 2651/2651 2650/2650
f 2648/2648 2649/2649 2652/2652
f 2648/2648 2652/2652 2651/2651
f 2649/2649 2647/2647 2650/2650
f 2649/2649 2650/2650 2652/2652
f 2650/2650 2651/2651 2654/2654
f 2650/2650 2654/2654 2653/2653
f 2651/2651 2652/2652 2655/2655
f 2651/2651 2655/2655 2654/2654
f 2652/2652 2650/2650 2653/2653
f 2652/2652 2653/2653 2655/2655
f 2656/2656 2657/2657 2660/2660
f 2656/2656 2660/2660 2659/2659
f 2657/2657 2658/2658 2661/2661
f 2657/2657 2661/2661 2660/2660
f 2658/2658 2656/2656 2659/2659
f 2658/2658 2659/2659 2661/2661
f 2659/2659 2660/2660 2663/2663
f 2659/2659 2663/2663 2662/2662
f 2660/2660 2661/2661 2664/2664
f 2660/2660 2664/2664 2663/2663
f 2661/2661 2659/2659 2662/2662
f 2661/2661 2662/2662 2664/2664
f 2662/2662 2663/2663 2666/2666
f 2662/2662 2666/2666 2665/2665
f 2663/2663 2664/2664 2667/2667
f 2663/2663 2667/2667 2666/2666
f 2664/2664 2662/2662 2665/2665
f 2664/2664 2665/2665 2667/2667
f 2665/2665 2666/2666 2669/2669
f 2665/2665 2669/2669 2668/2668
f 2666/2666 2667/2667 2670/2670
f 2666/2666 2670/2670 2669/2669
f 2667/2667 2665/2665 2668/2668
f 2667/2667 2668/2668 2670/2670
f 2668/2668 2669/2669 2672/2672
f 2668/2668 2672/2672 2671/2671
f 2669/2669 2670/2670 2673/2673
f 2669/2669 2673/2673 2672/2672
f 2670/2670 2668/2668 2671/2671
f 2670/2670 2671/2671 2673/2673
f 2671/2671 2672/2672 2675/2675
f 2671/2671 2675/2675 2674/2674
f 2672/2672 2673/2673 2676/2676
f 2672/2672 2676/2676 2675/2675
f 2673/2673 2671/2671 2674/2674
f 2673/2673 2674/2674 2676/2676
f 2674/2674 2675/2675 2678/2678
f 2674/2674 2678/2678 2677/2677
f 2675/2675 2676/2676 2679/2679
f 2675/2675 2679/2679 2678/2678
f 2676/2676 2674/2674 2677/2677
f 2676/2676 2677/2677 2679/2679
f 2677/2677 2678/2678 2681/2681
f 2677/2677 2681/2681 2680/2680
f 2678/2678 2679/2679 2682/2682
f 2678/2678 2682/2682 2681/2681
f 2679/2679 2677/2677 2680/2680
f 2679/2679 2680/2680 2682/2682
f 2683/2683 2684/2684 2687/2687
f 2683/2683 2687/2687 2686/2686
f 2684/2684 2685/2685 2688/2688
f 2684/2684 2688/2688 2687/2687
f 2685/2685 2683/2683 2686/2686
f 2685/2685 2686/2686 2688/2688
f 2686/2686 2687/2687 2690/2690
f 2686/2686 2690/2690 2689/2689
f 2687/2687 2688/2688 2691/2691
f 2687/2687 2691/2691 2690/2690
f 2688/2688 2686/2686 2689/2689
f 2688/2688 2689/2689 2691/2691
f 2689/2689 2690/2690 2693/2693
f 2689/2689 2693/2693 2692/2692
f 2690/2690 2691/2691 2694/2694
f 2690/2690 2694/2694 2693/2693
f 2691/2691 2689/2689 2692/2692
f 2691/2691 2692/2692 2694/2694
f 2692/2692 2693/2693 2696/2696
f 2692/2692 2696/2696 2695/2695
f 2693/2693 2694/2694 2697/2697
f 2693/2693 2697/2697 2696/2696
f 2694/2694 2692/2692 2695/2695
f 2694/2694 2695/2695 2697/2697
f 2695/2695 2696/2696 2699/2699
f 2695/2695 2699/2699 2698/2698
f 2696/2696 2697/2697 2700/2700
f 2696/2696 2700/2700 2699/2699
f 2697/2697 2695/2695 2698/2698
f 2697/2697 2698/2698 2700/2700
f 2698/2698 2699/2699 2702/2702
f 2698/2698 2702/2702 2701/2701
f 2699/2699 2700/2700 2703/2703
f 2699/2699 2703/2703 2702/2702
f 2700/2700 2698/2698 2701/2701
f 2700/2700 2701/2701 2703/2703
f 2701/2701 2702/2702 2705/2705
f 2701/2701 2705/2705 2704/2704
f 2702/2702 2703/2703 2706/2706
f 2702/2702 2706/2706 2705/2705
f 2703/2703 2701/2701 2704/2704
f 2703/2703 2704/2704 2706/2706
f 2704/2704 2705/2705 2708/2708
f 2704/2704 2708/2708 2707/2707
f 2705/2705 2706/2706 2709/2709
f 2705/2705 2709/2709 2708/2708
f 2706/2706 2704/2704 2707/2707
f 2706/2706 2707/2707 2709/2709
f 2710/2710 2711/2711 2714/2714
f 2710/2710 2714/2714 2713/2713
f 2711/2711 2712/2712 2715/2715
f 2711/2711 2715/2715 2714/2714
f 2712/2712 2710/2710 2713/2713
f 2712/2712 2713/2713 2715/2715
f 2713/2713 2714/2714 2717/2717
f 2713/2713 2717/2717 2716/2716
f 2714/2714 2715/2715 2718/2718
f 2714/2714 2718/2718 2717/2717
f 2715/2715 2713/2713 2716/2716
f 2715/2715 2716/2716 2718/2718
f 2716/2716 2717/2717 2720/2720
f 2716/2716 2720/2720 2719/2719
f 2717/2717 2718/2718 2721/2721
f 2717/2717 2721/2721 2720/2720
f 2718/2718 2716/2716 2719/2719
f 2718/2718 2719/2719 2721/2721
f 2719/2719 2720/2720 2723/2723
f 2719/2719 2723/2723 2722/2722
f 2720/2720 2721/2721 2724/2724
f 2720/2720 2724/2724 2723/2723
f 2721/2721 2719/2719 2722/2722
f 2721/2721 2722/2722 2724/2724
f 2722/2722 2723/2723 2726/2726
f 2722/2722 2726/2726 2725/2725
f 2723/2723 2724/2724 2727/2727
f 2723/2723 2727/2727 2726/2726
f 2724/2724 2722/2722 2725/2725
f 2724/2724 2725/2725 2727/2727
f 2725/2725 2726/2726 2729/2729
f 2725/2725 2729/2729 2728/2728
f 2726/2726 2727/2727 2730/2730
f 2726/2726 2730/2730 2729/2729
f 2727/2727 2725/2725 2728/2728
f 2727/2727 2728/2728 2730/2730
f 2728/2728 2729/2729 2732/2732
f 2728/2728 2732/2732 2731/2731
f 2729/2729 2730/2730 2733/2733
f 2729/2729 2733/2733 2732/2732
f 2730/2730 2728/2728 2731/2731
f 2730/2730 2731/2731 2733/2733
f 2731/2731 2732/2732 2735/2735
f 2731/2731 2735/2735 2734/2734
f 2732/2732 2733/2733 2736/2736
f 2732/2732 2736/2736 2735/2735
f 2733/2733 2731/2731 2734/2734
f 2733/2733 2734/2734 2736/2736
f 2737/2737 2738/2738 2741/2741
f 2737/2737 2741/2741 2740/2740
f 2738/2738 2739/2739 2742/2742
f 2738/2738 2742/2742 2741/2741
f 2739/2739 2737/2737 2740/2740
f 2739/2739 2740/2740 2742/2742
f 2740/2740 2741/2741 2744/2744
f 2740/2740 2744/2744 2743/2743
f 2741/2741 2742/2742 2745/2745
f 2741/2741 2745/2745 2744/2744
f 2742/2742 2740/2740 2743/2743
f 2742/2742 2743/2743 2745/2745
f 2743/2743 2744/2744 2747/2747
f 2743/2743 2747/2747 2746/2746
f 2744/2744 2745/2745 2748/2748
f 2744/2744 2748/2748 2747/2747
f 2745/2745 2743/2743 2746/2746
f 2745/2745 2746/2746 2748/2748
f 2746/2746 2747/2747 2750/2750
f 2746/2746 2750/2750 2749/2749
f 2747/2747 2748/2748 2751/2751
f 2747/2747 2751/2751 2750/2750
f 2748/2748 2746/2746 2749/2749
f 2748/2748 2749/2749 2751/2751
f 2749/2749 2750/2750 2753/2753
f 2749/2749 2753/2753 2752/2752
f 2750/2750 2751/2751 2754/2754
f 2750/2750 2754/2754 2753/2753
f 2751/2751 2749/2749 2752/2752
f 2751/2751 2752/2752 2754/2754
f 2752/2752 2753/2753 2756/2756
f 2752/2752 2756/2756 2755/2755
f 2753/2753 2754/2754 2757/2757
f 2753/2753 2757/2757 2756/2756
f 2754/2754 2752/2752 2755/2755
f 2754/2754 2755/2755 2757/2757
f 2755/2755 2756/2756 2759/2759
f 2755/2755 2759/2759 2758/2758
f 2756/2756 2757/2757 2760/2760
f 2756/2756 2760/2760 2759/2759
f 2757/2757 2755/2755 2758/2758
f 2757/2757 2758/2758 2760/2760
f 2758/2758 2759/2759 2762/2762
f 2758/2758 2762/2762 2761/2761
f 2759/2759 2760/2760 2763/2763
f 2759/2759 2763/2763 2762/2762
f 2760/2760 2758/2758 2761/2761
f 2760/2760 2761/2761 2763/2763
f 2764/2764 2765/2765 2768/2768
f 2764/2764 2768/2768 2767/2767
f 2765/2765 2766/2766 2769/2769
f 2765/2765 2769/2769 2768/2768
f 2766/2766 2764/2764 2767/2767
f 2766/2766 2767/2767 2769/2769
f 2767/2767 2768/2768 2771/2771
f 2767/2767 2771/2771 2770/2770
f 2768/2768 2769/2769 2772/2772
f 2768/2768 2772/2772 2771/2771
f 2769/2769 2767/2767 2770/2770
f 2769/2769 2770/2770 2772/2772
f 2770/2770 2771/2771 2774/2774
f 2770/2770 2774/2774 2773/2773
f 2771/2771 2772/2772 2775/2775
f 2771/2771 2775/2775 2774/2774
f 2772/2772 2770/2770 2773/2773
f 2772/2772 2773/2773 2775/2775
f 2773/2773 2774/2774 2777/2777
f 2773/2773 2777/2777 2776/2776
f 2774/2774 2775/2775 2778/2778
f 2774/2774 2778/2778 2777/2777
f 2775/2775 2773/2773 2776/2776
f 2775/2775 2776/2776 2778/2778
f 2776/2776 2777/2777 2780/2780
f 2776/2776 2780/2780 2779/2779
f 2777/2777 2778/2778 2781/2781
f 2777/2777 2781/2781 2780/2780
f 2778/2778 2776/2776 2779/2779
f 2778/2778 2779/2779 2781/2781
f 2779/2779 2780/2780 2783/2783
f 2779/2779 2783/2783 2782/2782
f 2780/2780 2781/2781 2784/2784
f 2780/2780 2784/2784 2783/2783
f 2781/2781 2779/2779 2782/2782
f 2781/2781 2782/2782 2784/2784
f 2782/2782 2783/2783 2786/2786
f 2782/2782 2786/2786 2785/2785
f 2783/2783 2784/2784 2787/2787
f 2783/2783 2787/2787 2786/2786
f 2784/2784 2782/2782 2785/2785
f 2784/2784 2785/2785 2787/2787
f 2785/2785 2786/2786 2789/2789
f 2785/2785 2789/2789 2788/2788
f 2786/2786 2787/2787 2790/2790
f 2786/2786 2790/2790 2789/2789
f 2787/2787 2785/2785 2788/2788
f 2787/2787 2788/2788 2790/2790
f 2791/2791 2792/2792 2795/2795
f 2791/2791 2795/2795 2794/2794
f 2792/2792 2793/2793 2796/2796
f 2792/2792 2796/2796 2795/2795
f 2793/2793 2791/2791 2794/2794
f 2793/2793 2794/2794 2796/2796
f 2794/2794 2795/2795 2798/2798
f 2794/2794 2798/2798 2797/2797
f 2795/2795 2796/2796 2799/2799
f 2795/2795 2799/2799 2798/2798
f 2796/2796 2794/2794 2797/2797
f 2796/2796 2797/2797 2799/2799
f 2797/2797 2798/2798 2801/2801
f 2797/2797 2801/2801 2800/2800
f 2798/2798 2799/2799 2802/2802
f 2798/2798 2802/2802 2801/2801
f 2799/2799 2797/2797 2800/2800
f 2799/2799 2800/2800 2802/2802
f 2800/2800 2801/2801 2804/2804
f 2800/2800 2804/2804 2803/2803
f 2801/2801 2802/2802 2805/2805
f 2801/2801 2805/2805 2804/2804
f 2802/2802 2800/2800 2803/2803
f 2802/2802 2803/2803 2805/2805
f 2803/2803 2804/2804 2807/2807
f 2803/2803 2807/2807 2806/2806
f 2804/2804 2805/2805 2808/2808
f 2804/2804 2808/2808 2807/2807
f 2805/2805 2803/2803 2806/2806
f 2805/2805 2806/2806 2808/2808
f 2806/2806 2807/2807 2810/2810
f 2806/2806 2810/2810 2809/2809
f 2807/2807 2808/2808 2811/2811
f 2807/2807 2811/2811 2810/2810
f 2808/2808 2806/2806 2809/2809
f 2808/2808 2809/2809 2811/2811
f 2809/2809 2810/2810 2813/2813
f 2809/2809 2813/2813 2812/2812
f 2810/2810 2811/2811 2814/2814
f 2810/2810 2814/2814 2813/2813
f 2811/2811 2809/2809 2812/2812
f 2811/2811 2812/2812 2814/2814
f 2812/2812 2813/2813 2816/2816
f 2812/2812 2816/2816 2815/2815
f 2813/2813 2814/2814 2817/2817
f 2813/2813 2817/2817 2816/2816
f 2814/2814 2812/2812 2815/2815
f 2814/2814 2815/2815 2817/2817
f 2818/2818 2819/2819 2822/2822
f 2818/2818 2822/2822 2821/2821
f 2819/2819 2820/2820 2823/2823
f 2819/2819 2823/2823 2822/2822
f 2820/2820 2818/2818 2821/2821
f 2820/2820 2821/2821 2823/2823
f 2821/2821 2822/2822 2825/2825
f 2821/2821 2825/2825 2824/2824
f 2822/2822 2823/2823 2826/2826
f 2822/2822 2826/2826 2825/2825
f 2823/2823 2821/2821 2824/2824
f 2823/2823 2824/2824 2826/2826
f 2824/2824 2825/2825 2828/2828
f 2824/2824 2828/2828 2827/2827
f 2825/2825 2826/2826 2829/2829
f 2825/2825 2829/2829 2828/2828
f 2826/2826 2824/2824 2827/2827
f 2826/2826 2827/2827 2829/2829
f 2827/2827 2828/2828 2831/2831
f 2827/2827 2831/2831 2830/2830
f 2828/2828 2829/2829 2832/2832
f 2828/2828 2832/2832 2831/2831
f 2829/2829 2827/2827 2830/2830
f 2829/2829 2830/2830 2832/2832
f 2830/2830 2831/2831 2834/2834
f 2830/2830 2834/2834 2833/2833
f 2831/2831 2832/2832 2835/2835
f 2831/2831 2835/2835 2834/2834
f 2832/2832 2830/2830 2833/2833
f 2832/2832 2833/2833 2835/2835
f 2833/2833 2834/2834 2837/2837
f 2833/2833 2837/2837 2836/2836
f 2834/2834 2835/2835 2838/2838
f 2834/2834 2838/2838 2837/2837
f 2835/2835 2833/2833 2836/2836
f 2835/2835 2836/2836 2838/2838
f 2836/2836 2837/2837 2840/2840
f 2836/2836 2840/2840 2839/2839
f 2837/2837 2838/2838 2841/2841
f 2837/2837 2841/2841 2840/2840
f 2838/2838 2836/2836 2839/2839
f 2838/2838 2839/2839 2841/2841
f 2839/2839 2840/2840 2843/2843
f 2839/2839 2843/2843 2842/2842
f 2840/2840 2841/2841 2844/2844
f 2840/2840 2844/2844 2843/2843
f 2841/2841 2839/2839 2842/2842
f 2841/2841 2842/2842 2844/2844
f 2845/2845 2846/2846 2849/2849
f 2845/2845 2849/2849 2848/2848
f 2846/2846 2847/2847 2850/2850
f 2846/2846 2850/2850 2849/2849
f 2847/2847 2845/2845 2848/2848
f 2847/2847 2848/2848 2850/2850
f 2848/2848 2849/2849 2852/2852
f 2848/2848 2852/2852 2851/2851
f 2849/2849 2850/2850 2853/2853
f 2849/2849 2853/2853 2852/2852
f 2850/2850 2848/2848 2851/2851
f 2850/2850 2851/2851 2853/2853
f 2851/2851 2852/2852 2855/2855
f 2851/2851 2855/2855 2854/2854
f 2852/2852 2853/2853 2856/2856
f 2852/2852 2856/2856 2855/2855
f 2853/2853 2851/2851 2854/2854
f 2853/2853 2854/2854 2856/2856
f 2854/2854 2855/2855 2858/2858
f 2854/2854 2858/2858 2857/2857
f 2855/2855 2856/2856 2859/2859
f 2855/2855 2859/2859 2858/2858
f 2856/2856 2854/2854 2857/2857
f 2856/2856 2857/2857 2859/2859
f 2857/2857 2858/2858 2861/2861
f 2857/2857 2861/2861 2860/2860
f 2858/2858 2859/2859 2862/2862
f 2858/2858 2862/2862 2861/2861
f 2859/2859 2857/2857 2860/2860
f 2859/2859 2860/2860 2862/2862
f 2860/2860 2861/2861 2864/2864
f 2860/2860 2864/2864 2863/2863
f 2861/2861 2862/2862 2865/2865
f 2861/2861 2865/2865 2864/2864
f 2862/2862 2860/2860 2863/2863
f 2862/2862 2863/2863 2865/2865
f 2863/2863 2864/2864 2867/2867
f 2863/2863 2867/2867 2866/2866
f 2864/2864 2865/2865 2868/2868
f 2864/2864 2868/2868 2867/2867
f 2865/2865 2863/2863 2866/2866
f 2865/2865 2866/2866 2868/2868
f 2866/2866 2867/2867 2870/2870
f 2866/2866 2870/2870 2869/2869
f 2867/2867 2868/2868 2871/2871
f 2867/2867 2871/2871 2870/2870
f 2868/2868 2866/2866 2869/2869
f 2868/2868 2869/2869 2871/2871
f 2872/2872 2873/2873 2876/2876
f 2872/2872 2876/2876 2875/2875
f 2873/2873 2874/2874 2877/2877
f 2873/2873 2877/2877 2876/2876
f 2874/2874 2872/2872 2875/2875
f 2874/2874 2875/2875 2877/2877
f 2875/2875 2876/2876 2879/2879
f 2875/2875 2879/2879 2878/2878
f 2876/2876 2877/2877 2880/2880
f 2876/2876 2880/2880 2879/2879
f 2877/2877 2875/2875 2878/2878
f 2877/2877 2878/2878 2880/2880
f 2878/2878 2879/2879 2882/2882
f 2878/2878 2882/2882 2881/2881
f 2879/2879 2880/2880 2883/2883
f 2879/2879 2883/2883 2882/2882
f 2880/2880 2878/2878 2881/2881
f 2880/2880 2881/2881 2883/2883
f 2881/2881 2882/2882 2885/2885
f 2881/2881 2885/2885 2884/2884
f 2882/2882 2883/2883 2886/2886
f 2882/2882 2886/2886 2885/2885
f 2883/2883 2881/2881 2884/2884
f 2883/2883 2884/2884 2886/2886
f 2884/2884 2885/2885 2888/2888
f 2884/2884 2888/2888 2887/2887
f 2885/2885 2886/2886 2889/2889
f 2885/2885 2889/2889 2888/2888
f 2886/2886 2884/2884 2887/2887
f 2886/2886 2887/2887 2889/2889
f 2887/2887 2888/2888 2891/2891
f 2887/2887 2891/2891 2890/2890
f 2888/2888 2889/2889 2892/2892
f 2888/2888 2892/2892 2891/2891
f 2889/2889 2887/2887 2890/2890
f 2889/2889 2890/2890 2892/2892
f 2890/2890 2891/2891 2894/2894
f 2890/2890 2894/2894 2893/2893
f 2891/2891 2892/2892 2895/2895
f 2891/2891 2895/2895 2894/2894
f 2892/2892 2890/2890 2893/2893
f 2892/2892 2893/2893 2895/2895
f 2893/2893 2894/2894 2897/2897
f 2893/2893 2897/2897 2896/2896
f 2894/2894 2895/2895 2898/2898
f 2894/2894 2898/2898 2897/2897
f 2895/2895 2893/2893 2896/2896
f 2895/2895 2896/2896 2898/2898
f 2899/2899 2900/2900 2903/2903
f 2899/2899 2903/2903 2902/2902
f 2900/2900 2901/2901 2904/2904
f 2900/2900 2904/2904 2903/2903
f 2901/2901 2899/2899 2902/2902
f 2901/2901 2902/2902 2904/2904
f 2902/2902 2903/2903 2906/2906
f 2902/2902 2906/2906 2905/2905
f 2903/2903 2904/2904 2907/2907
f 2903/2903 2907/2907 2906/2906
f 2904/2904 2902/2902 2905/2905
f 2904/2904 2905/2905 2907/2907
f 2905/2905 2906/2906 2909/2909
f 2905/2905 2909/2909 2908/2908
f 2906/2906 2907/2907 2910/2910
f 2906/2906 2910/2910 2909/2909
f 2907/2907 2905/2905 2908/2908
f 2907/2907 2908/2908 2910/2910
f 2908/2908 2909/2909 2912/2912
f 2908/2908 2912/2912 2911/2911
f 2909/2909 2910/2910 2913/2913
f 2909/2909 2913/2913 2912/2912
f 2910/2910 2908/2908 2911/2911
f 2910/2910 2911/2911 2913/2913
f 2911/2911 2912/2912 2915/2915
f 2911/2911 2915/2915 2914/2914
f 2912/2912 2913/2913 2916/2916
f 2912/2912 2916/2916 2915/2915
f 2913/2913 2911/2911 2914/2914
f 2913/2913 2914/2914 2916/2916
f 2914/2914 2915/2915 2918/2918
f 2914/2914 2918/2918 2917/2917
f 2915/2915 2916/2916 2919/2919
f 2915/2915 2919/2919 2918/2918
f 2916/2916 2914/2914 2917/2917
f 2916/2916 2917/2917 2919/2919
f 2917/2917 2918/2918 2921/2921
f 2917/2917 2921/2921 2920/2920
f 2918/2918 2919/2919 2922/2922
f 2918/2918 2922/2922 2921/2921
f 2919/2919 2917/2917 2920/2920
f 2919/2919 2920/2920 2922/2922
f 2920/2920 2921/2921 2924/2924
f 2920/2920 2924/2924 2923/2923
f 2921/2921 2922/2922 2925/2925
f 2921/2921 2925/2925 2924/2924
f 2922/2922 2920/2920 2923/2923
f 2922/2922 2923/2923 2925/2925
f 2926/2926 2927/2927 2930/2930
f 2926/2926 2930/2930 2929/2929
f 2927/2927 2928/2928 2931/2931
f 2927/2927 2931/2931 2930/2930
f 2928/2928 2926/2926 2929/2929
f 2928/2928 2929/2929 2931/2931
f 2929/2929 2930/2930 2933/2933
f 2929/2929 2933/2933 2932/2932
f 2930/2930 2931/2931 2934/2934
f 2930/2930 2934/2934 2933/2933
f 2931/2931 2929/2929 2932/2932
f 2931/2931 2932/2932 2934/2934
f 2932/2932 2933/2933 2936/2936
f 2932/2932 2936/2936 2935/2935
f 2933/2933 2934/2934 2937/2937
f 2933/2933 2937/2937 2936/2936
f 2934/2934 2932/2932 2935/2935
f 2934/2934 2935/2935 2937/2937
f 2935/2935 2936/2936 2939/2939
f 2935/2935 2939/2939 2938/2938
f 2936/2936 2937/2937 2940/2940
f 2936/2936 2940/2940 2939/2939
f 2937/2937 2935/2935 2938/2938
f 2937/2937 2938/2938 2940/2940
f 2938/2938 2939/2939 2942/2942
f 2938/2938 2942/2942 2941/2941
f 2939/2939 2940/2940 2943/2943
f 2939/2939 2943/2943 2942/2942
f 2940/2940 2938/2938 2941/2941
f 2940/2940 2941/2941 2943/2943
f 2941/2941 2942/2942 2945/2945
f 2941/2941 2945/2945 2944/2944
f 2942/2942 2943/2943 2946/2946
f 2942/2942 2946/2946 2945/2945
f 2943/2943 2941/2941 2944/2944
f 2943/2943 2944/2944 2946/2946
f 2944/2944 2945/2945 2948/2948
f 2944/2944 2948/2948 2947/2947
f 2945/2945 2946/2946 2949/2949
f 2945/2945 2949/2949 2948/2948
f 2946/2946 2944/2944 2947/2947
f 2946/2946 2947/2947 2949/2949
f 2947/2947 2948/2948 2951/2951
f 2947/2947 2951/2951 2950/2950
f 2948/2948 2949/2949 2952/2952
f 2948/2948 2952/2952 2951/2951
f 2949/2949 2947/2947 2950/2950
f 2949/2949 2950/2950 2952/2952
f 2953/2953 2954/2954 2957/2957
f 2953/2953 2957/2957 2956/2956
f 2954/2954 2955/2955 2958/2958
f 2954/2954 2958/2958 2957/2957
f 2955/2955 2953/2953 2956/2956
f 2955/2955 2956/2956 2958/2958
f 2956/2956 2957/2957 2960/2960
f 2956/2956 2960/2960 2959/2959
f 2957/2957 2958/2958 2961/2961
f 2957/2957 2961/2961 2960/2960
f 2958/2958 2956/2956 2959/2959
f 2958/2958 2959/2959 2961/2961
f 2959/2959 2960/2960 2963/2963
f 2959/2959 2963/2963 2962/2962
f 2960/2960 2961/2961 2964/2964
f 2960/2960 2964/2964 2963/2963
f 2961/2961 2959/2959 2962/2962
f 2961/2961 2962/2962 2964/2964
f 2962/2962 2963/2963 2966/2966
f 2962/2962 2966/2966 2965/2965
f 2963/2963 2964/2964 2967/2967
f 2963/2963 2967/2967 2966/2966
f 2964/2964 2962/2962 2965/2965
f 2964/2964 2965/2965 2967/2967
f 2965/2965 2966/2966 2969/2969
f 2965/2965 2969/2969 2968/2968
f 2966/2966 2967/2967 2970/2970
f 2966/2966 2970/2970 2969/2969
f 2967/2967 2965/2965 2968/2968
f 2967/2967 2968/2968 2970/2970
f 2968/2968 2969/2969 2972/2972
f 2968/2968 2972/2972 2971/2971
f 2969/2969 2970/2970 2973/2973
f 2969/2969 2973/2973 2972/2972
f 2970/2970 2968/2968 2971/2971
f 2970/2970 2971/2971 2973/2973
f 2971/2971 2972/2972 2975/2975
f 2971/2971 2975/2975 2974/2974
f 2972/2972 2973/2973 2976/2976
f 2972/2972 2976/2976 2975/2975
f 2973/2973 2971/2971 2974/2974
f 2973/2973 2974/2974 2976/2976
f 2974/2974 2975/2975 2978/2978
f 2974/2974 2978/2978 2977/2977
f 2975/2975 2976/2976 2979/2979
f 2975/2975 2979/2979 2978/2978
f 2976/2976 2974/2974 2977/2977
f 2976/2976 2977/2977 2979/2979
f 2980/2980 2981/2981 2984/2984
f 2980/2980 2984/2984 2983/2983
f 2981/2981 2982/2982 2985/2985
f 2981/2981 2985/2985 2984/2984
f 2982/2982 2980/2980 2983/2983
f 2982/2982 2983/2983 2985/2985
f 2983/2983 2984/2984 2987/2987
f 2983/2983 2987/2987 2986/2986
f 2984/2984 2985/2985 2988/2988
f 2984/2984 2988/2988 2987/2987
f 2985/2985 2983/2983 2986/2986
f 2985/2985 2986/2986 2988/2988
f 2986/2986 2987/2987 2990/2990
f 2986/2986 2990/2990 2989/2989
f 2987/2987 2988/2988 2991/2991
f 2987/2987 2991/2991 2990/2990
f 2988/2988 2986/2986 2989/2989
f 2988/2988 2989/2989 2991/2991
f 2989/2989 2990/2990 2993/2993
f 2989/2989 2993/2993 2992/2992
f 2990/2990 2991/2991 2994/2994
f 2990/2990 2994/2994 2993/2993
f 2991/2991 2989/2989 2992/2992
f 2991/2991 2992/2992 2994/2994
f 2992/2992 2993/2993 2996/2996
f 2992/2992 2996/2996 2995/2995
f 2993/2993 2994/2994 2997/2997
f 2993/2993 2997/2997 2996/2996
f 2994/2994 2992/2992 2995/2995
f 2994/2994 2995/2995 2997/2997
f 2995/2995 2996/2996 2999/2999
f 2995/2995 2999/2999 2998/2998
f 2996/2996 2997/2997 3000/3000
f 2996/2996 3000/3000 2999/2999
f 2997/2997 2995/2995 2998/2998
f 2997/2997 2998/2998 3000/3000
f 2998/2998 2999/2999 3002/3002
f 2998/2998 3002/3002 3001/3001
f 2999/2999 3000/3000 3003/3003
f 2999/2999 3003/3003 3002/3002
f 3000/3000 2998/2998 3001/3001
f 3000/3000 3001/3001 3003/3003
f 3001/3001 3002/3002 3005/3005
f 3001/3001 3005/3005 3004/3004
f 3002/3002 3003/3003 3006/3006
f 3002/3002 3006/3006 3005/3005
f 3003/3003 3001/3001 3004/3004
f 3003/3003 3004/3004 3006/3006
f 3007/3007 3008/3008 3011/3011
f 3007/3007 3011/3011 3010/3010
f 3008/3008 3009/3009 3012/3012
f 3008/3008 3012/3012 3011/3011
f 3009/3009 3007/3007 3010/3010
f 3009/3009 3010/3010 3012/3012
f 3010/3010 3011/3011 3014/3014
f 3010/3010 3014/3014 3013/3013
f 3011/3011 3012/3012 3015/3015
f 3011/3011 3015/3015 3014/3014
f 3012/3012 3010/3010 3013/3013
f 3012/3012 3013/3013 3015/3015
f 3013/3013 3014/3014 3017/3017
f 3013/3013 3017/3017 3016/3016
f 3014/3014 3015/3015 3018/3018
f 3014/3014 3018/3018 3017/3017
f 3015/3015 3013/3013 3016/3016
f 3015/3015 3016/3016 3018/3018
f 3016/3016 3017/3017 3020/3020
f 3016/3016 3020/3020 3019/3019
f 3017/3017 3018/3018 3021/3021
f 3017/3017 3021/3021 3020/3020
f 3018/3018 3016/3016 3019/3019
f 3018/3018 3019/3019 3021/3021
f 3019/3019 3020/3020 3023/3023
f 3019/3019 3023/3023 3022/3022
f 3020/3020 3021/3021 3024/3024
f 3020/3020 3024/3024 3023/3023
f 3021/3021 3019/3019 3022/3022
f 3021/3021 3022/3022 3024/3024
f 3022/3022 3023/3023 3026/3026
f 3022/3022 3026/3026 3025/3025
f 3023/3023 3024/3024 3027/3027
f 3023/3023 3027/3027 3026/3026
f 3024/3024 3022/3022 3025/3025
f 3024/3024 3025/3025 3027/3027
f 3025/3025 3026/3026 3029/3029
f 3025/3025 3029/3029 3028/3028
f 3026/3026 3027/3027 3030/3030
f 3026/3026 3030/3030 3029/3029
f 3027/3027 3025/3025 3028/3028
f 3027/3027 3028/3028 3030/3030
f 3028/3028 3029/3029 3032/3032
f 3028/3028 3032/3032 3031/3031
f 3029/3029 3030/3030 3033/3033
f 3029/3029 3033/3033 3032/3032
f 3030/3030 3028/3028 3031/3031
f 3030/3030 3031/3031 3033/3033
f 3034/3034 3035/3035 3038/3038
f 3034/3034 3038/3038 3037/3037
f 3035/3035 3036/3036 3039/3039
f 3035/3035 3039/3039 3038/3038
f 3036/3036 3034/3034 3037/3037
f 3036/3036 3037/3037 3039/3039
f 3037/3037 3038/3038 3041/3041
f 3037/3037 3041/3041 3040/3040
f 3038/3038 3039/3039 3042/3042
f 3038/3038 3042/3042 3041/3041
f 3039/3039 3037/3037 3040/3040
f 3039/3039 3040/3040 3042/3042
f 3040/3040 3041/3041 3044/3044
f 3040/3040 3044/3044 3043/3043
f 3041/3041 3042/3042 3045/3045
f 3041/3041 3045/3045 3044/3044
f 3042/3042 3040/3040 3043/3043
f 3042/3042 3043/3043 3045/3045
f 3043/3043 3044/3044 3047/3047
f 3043/3043 3047/3047 3046/3046
f 3044/3044 3045/3045 3048/3048
f 3044/3044 3048/3048 3047/3047
f 3045/3045 3043/3043 3046/3046
f 3045/3045 3046/3046 3048/3048
f 3046/3046 3047/3047 3050/3050
f 3046/3046 3050/3050 3049/3049
f 3047/3047 3048/3048 3051/3051
f 3047/3047 3051/3051 3050/3050
f 3048/3048 3046/3046 3049/3049
f 3048/3048 3049/3049 3051/3051
f 3049/3049 3050/3050 3053/3053
f 3049/3049 3053/3053 3052/3052
f 3050/3050 3051/3051 3054/3054
f 3050/3050 3054/3054 3053/3053
f 3051/3051 3049/3049 3052/3052
f 3051/3051 3052/3052 3054/3054
f 3052/3052 3053/3053 3056/3056
f 3052/3052 3056/3056 3055/3055
f 3053/3053 3054/3054 3057/3057
f 3053/3053 3057/3057 3056/3056
f 3054/3054 3052/3052 3055/3055
f 3054/3054 3055/3055 3057/3057
f 3055/3055 3056/3056 3059/3059
f 3055/3055 3059/3059 3058/3058
f 3056/3056 3057/3057 3060/3060
f 3056/3056 3060/3060 3059/3059
f 3057/3057 3055/3055 3058/3058
f 3057/3057 3058/3058 3060/3060
f 3061/3061 3062/3062 3065/3065
f 3061/3061 3065/3065 3064/3064
f 3062/3062 3063/3063 3066/3066
f 3062/3062 3066/3066 3065/3065
f 3063/3063 3061/3061 3064/3064
f 3063/3063 3064/3064 3066/3066
f 3064/3064 3065/3065 3068/3068
f 3064/3064 3068/3068 3067/3067
f 3065/3065 3066/3066 3069/3069
f 3065/3065 3069/3069 3068/3068
f 3066/3066 3064/3064 3067/3067
f 3066/3066 3067/3067 3069/3069
f 3067/3067 3068/3068 3071/3071
f 3067/3067 3071/3071 3070/3070
f 3068/3068 3069/3069 3072/3072
f 3068/3068 3072/3072 3071/3071
f 3069/3069 3067/3067 3070/3070
f 3069/3069 3070/3070 3072/3072
f 3070/3070 3071/3071 3074/3074
f 3070/3070 3074/3074 3073/3073
f 3071/3071 3072/3072 3075/3075
f 3071/3071 3075/3075 3074/3074
f 3072/3072 3070/3070 3073/3073
f 3072/3072 3073/3073 3075/3075
f 3073/3073 3074/3074 3077/3077
f 3073/3073 3077/3077 3076/3076
f 3074/3074 3075/3075 3078/3078
f 3074/3074 3078/3078 3077/3077
f 3075/3075 3073/3073 3076/3076
f 3075/3075 3076/3076 3078/3078
f 3076/3076 3077/3077 3080/3080
f 3076/3076 3080/3080 3079/3079
f 3077/3077 3078/3078 3081/3081
f 3077/3077 3081/3081 3080/3080
f 3078/3078 3076/3076 3079/3079
f 3078/3078 3079/3079 3081/3081
f 3079/3079 3080/3080 3083/3083
f 3079/3079 3083/3083 3082/3082
f 3080/3080 3081/3081 3084/3084
f 3080/3080 3084/3084 3083/3083
f 3081/3081 3079/3079 3082/3082
f 3081/3081 3082/3082 3084/3084
f 3082/3082 3083/3083 3086/3086
f 3082/3082 3086/3086 3085/3085
f 3083/3083 3084/3084 3087/3087
f 3083/3083 3087/3087 3086/3086
f 3084/3084 3082/3082 3085/3085
f 3084/3084 3085/3085 3087/3087
f 3088/3088 3089/3089 3092/3092
f 3088/3088 3092/3092 3091/3091
f 3089/3089 3090/3090 3093/3093
f 3089/3089 3093/3093 3092/3092
f 3090/3090 3088/3088 3091/3091
f 3090/3090 3091/3091 3093/3093
f 3091/3091 3092/3092 3095/3095
f 3091/3091 3095/3095 3094/3094
f 3092/3092 3093/3093 3096/3096
f 3092/3092 3096/3096 3095/3095
f 3093/3093 3091/3091 3094/3094
f 3093/3093 3094/3094 3096/3096
f 3094/3094 3095/3095 3098/3098
f 3094/3094 3098/3098 3097/3097
f 3095/3095 3096/3096 3099/3099
f 3095/3095 3099/3099 3098/3098
f 3096/3096 3094/3094 3097/3097
f 3096/3096 3097/3097 3099/3099
f 3097/3097 3098/3098 3101/3101
f 3097/3097 3101/3101 3100/3100
f 3098/3098 3099/3099 3102/3102
f 3098/3098 3102/3102 3101/3101
f 3099/3099 3097/3097 3100/3100
f 3099/3099 3100/3100 3102/3102
f 3100/3100 3101/3101 3104/3104
f 3100/3100 3104/3104 3103/3103
f 3101/3101 3102/3102 3105/3105
f 3101/3101 3105/3105 3104/3104
f 3102/3102 3100/3100 3103/3103
f 3102/3102 3103/3103 3105/3105
f 3103/3103 3104/3104 3107/3107
f 3103/3103 3107/3107 3106/3106
f 3104/3104 3105/3105 3108/3108
f 3104/3104 3108/3108 3107/3107
f 3105/3105 3103/3103 3106/3106
f 3105/3105 3106/3106 3108/3108
f 3106/3106 3107/3107 3110/3110
f 3106/3106 3110/3110 3109/3109
f 3107/3107 3108/3108 3111/3111
f 3107/3107 3111/3111 3110/3110
f 3108/3108 3106/3106 3109/3109
f 3108/3108 3109/3109 3111/3111
f 3109/3109 3110/3110 3113/3113
f 3109/3109 3113/3113 3112/3112
f 3110/3110 3111/3111 3114/3114
f 3110/3110 3114/3114 3113/3113
f 3111/3111 3109/3109 3112/3112
f 3111/3111 3112/3112 3114/3114
f 3115/3115 3116/3116 3119/3119
f 3115/3115 3119/3119 3118/3118
f 3116/3116 3117/3117 3120/3120
f 3116/3116 3120/3120 3119/3119
f 3117/3117 3115/3115 3118/3118
f 3117/3117 3118/3118 3120/3120
f 3118/3118 3119/3119 3122/3122
f 3118/3118 3122/3122 3121/3121
f 3119/3119 3120/3120 3123/3123
f 3119/3119 3123/3123 3122/3122
f 3120/3120 3118/3118 3121/3121
f 3120/3120 3121/3121 3123/3123
f 3121/3121 3122/3122 3125/3125
f 3121/3121 3125/3125 3124/3124
f 3122/3122 3123/3123 3126/3126
f 3122/3122 3126/3126 3125/3125
f 3123/3123 3121/3121 3124/3124
f 3123/3123 3124/3124 3126/3126
f 3124/3124 3125/3125 3128/3128
f 3124/3124 3128/3128 3127/3127
f 3125/3125 3126/3126 3129/3129
f 3125/3125 3129/3129 3128/3128
f 3126/3126 3124/3124 3127/3127
f 3126/3126 3127/3127 3129/3129
f 3127/3127 3128/3128 3131/3131
f 3127/3127 3131/3131 3130/3130
f 3128/3128 3129/3129 3132/3132
f 3128/3128 3132/3132 3131/3131
f 3129/3129 3127/3127 3130/3130
f 3129/3129 3130/3130 3132/3132
f 3130/3130 3131/3131 3134/3134
f 3130/3130 3134/3134 3133/3133
f 3131/3131 3132/3132 3135/3135
f 3131/3131 3135/3135 3134/3134
f 3132/3132 3130/3130 3133/3133
f 3132/3132 3133/3133 3135/3135
f 3133/3133 3134/3134 3137/3137
f 3133/3133 3137/3137 3136/3136
f 3134/3134 3135/3135 3138/3138
f 3134/3134 3138/3138 3137/3137
f 3135/3135 3133/3133 3136/3136
f 3135/3135 3136/3136 3138/3138
f 3136/3136 3137/3137 3140/3140
f 3136/3136 3140/3140 3139/3139
f 3137/3137 3138/3138 3141/3141
f 3137/3137 3141/3141 3140/3140
f 3138/3138 3136/3136 3139/3139
f 3138/3138 3139/3139 3141/3141
f 3142/3142 3143/3143 3146/3146
f 3142/3142 3146/3146 3145/3145
f 3143/3143 3144/3144 3147/3147
f 3143/3143 3147/3147 3146/3146
f 3144/3144 3142/3142 3145/3145
f 3144/3144 3145/3145 3147/3147
f 3145/3145 3146/3146 3149/3149
f 3145/3145 3149/3149 3148/3148
f 3146/3146 3147/3147 3150/3150
f 3146/3146 3150/3150 3149/3149
f 3147/3147 3145/3145 3148/3148
f 3147/3147 3148/3148 3150/3150
f 3148/3148 3149/3149 3152/3152
f 3148/3148 3152/3152 3151/3151
f 3149/3149 3150/3150 3153/3153
f 3149/3149 3153/3153 3152/3152
f 3150/3150 3148/3148 3151/3151
f 3150/3150 3151/3151 3153/3153
f 3151/3151 3152/3152 3155/3155
f 3151/3151 3155/3155 3154/3154
f 3152/3152 3153/3153 3156/3156
f 3152/3152 3156/3156 3155/3155
f 3153/3153 3151/3151 3154/3154
f 3153/3153 3154/3154 3156/3156
f 3154/3154 3155/3155 3158/3158
f 3154/3154 3158/3158 3157/3157
f 3155/3155 3156/3156 3159/3159
f 3155/3155 3159/3159 3158/3158
f 3156/3156 3154/3154 3157/3157
f 3156/3156 3157/3157 3159/3159
f 3157/3157 3158/3158 3161/3161
f 3157/3157 3161/3161 3160/3160
f 3158/3158 3159/3159 3162/3162
f 3158/3158 3162/3162 3161/3161
f 3159/3159 3157/3157 3160/3160
f 3159/3159 3160/3160 3162/3162
f 3160/3160 3161/3161 3164/3164
f 3160/3160 3164/3164 3163/3163
f 3161/3161 3162/3162 3165/3165
f 3161/3161 3165/3165 3164/3164
f 3162/3162 3160/3160 3163/3163
f 3162/3162 3163/3163 3165/3165
f 3163/3163 3164/3164 3167/3167
f 3163/3163 3167/3167 3166/3166
f 3164/3164 3165/3165 3168/3168
f 3164/3164 3168/3168 3167/3167
f 3165/3165 3163/3163 3166/3166
f 3165/3165 3166/3166 3168/3168
f 3169/3169 3170/3170 3173/3173
f 3169/3169 3173/3173 3172/3172
f 3170/3170 3171/3171 3174/3174
f 3170/3170 3174/3174 3173/3173
f 3171/3171 3169/3169 3172/3172
f 3171/3171 3172/3172 3174/3174
f 3172/3172 3173/3173 3176/3176
f 3172/3172 3176/3176 3175/3175
f 3173/3173 3174/3174 3177/3177
f 3173/3173 3177/3177 3176/3176
f 3174/3174 3172/3172 3175/3175
f 3174/3174 3175/3175 3177/3177
f 3175/3175 3176/3176 3179/3179
f 3175/3175 3179/3179 3178/3178
f 3176/3176 3177/3177 3180/3180
f 3176/3176 3180/3180 3179/3179
f 3177/3177 3175/3175 3178/3178
f 3177/3177 3178/3178 3180/3180
f 3178/3178 3179/3179 3182/3182
f 3178/3178 3182/3182 3181/3181
f 3179/3179 3180/3180 3183/3183
f 3179/3179 3183/3183 3182/3182
f 3180/3180 3178/3178 3181/3181
f 3180/3180 3181/3181 3183/3183
f 3181/3181 3182/3182 3185/3185
f 3181/3181 3185/3185 3184/3184
f 3182/3182 3183/3183 3186/3186
f 3182/3182 3186/3186 3185/3185
f 3183/3183 3181/3181 3184/3184
f 3183/3183 3184/3184 3186/3186
f 3184/3184 3185/3185 3188/3188
f 3184/3184 3188/3188 3187/3187
f 3185/3185 3186/3186 3189/3189
f 3185/3185 3189/3189 3188/3188
f 3186/3186 3184/3184 3187/3187
f 3186/3186 3187/3187 3189/3189
f 3187/3187 3188/3188 3191/3191
f 3187/3187 3191/3191 3190/3190
f 3188/3188 3189/3189 3192/3192
f 3188/3188 3192/3192 3191/3191
f 3189/3189 3187/3187 3190/3190
f 3189/3189 3190/3190 3192/3192
f 3190/3190 3191/3191 3194/3194
f 3190/3190 3194/3194 3193/3193
f 3191/3191 3192/3192 3195/3195
f 3191/3191 3195/3195 3194/3194
f 3192/3192 3190/3190 3193/3193
f 3192/3192 3193/3193 3195/3195
f 3196/3196 3197/3197 3200/3200
f 3196/3196 3200/3200 3199/3199
f 3197/3197 3198/3198 3201/3201
f 3197/3197 3201/3201 3200/3200
f 3198/3198 3196/3196 3199/3199
f 3198/3198 3199/3199 3201/3201
f 3199/3199 3200/3200 3203/3203
f 3199/3199 3203/3203 3202/3202
f 3200/3200 3201/3201 3204/3204
f 3200/3200 3204/3204 3203/3203
f 3201/3201 3199/3199 3202/3202
f 3201/3201 3202/3202 3204/3204
f 3202/3202 3203/3203 3206/3206
f 3202/3202 3206/3206 3205/3205
f 3203/3203 3204/3204 3207/3207
f 3203/3203 3207/3207 3206/3206
f 3204/3204 3202/3202 3205/3205
f 3204/3204 3205/3205 3207/3207
f 3205/3205 3206/3206 3209/3209
f 3205/3205 3209/3209 3208/3208
f 3206/3206 3207/3207 3210/3210
f 3206/3206 3210/3210 3209/3209
f 3207/3207 3205/3205 3208/3208
f 3207/3207 3208/3208 3210/3210
f 3208/3208 3209/3209 3212/3212
f 3208/3208 3212/3212 3211/3211
f 3209/3209 3210/3210 3213/3213
f 3209/3209 3213/3213 3212/3212
f 3210/3210 3208/3208 3211/3211
f 3210/3210 3211/3211 3213/3213
f 3211/3211 3212/3212 3215/3215
f 3211/3211 3215/3215 3214/3214
f 3212/3212 3213/3213 3216/3216
f 3212/3212 3216/3216 3215/3215
f 3213/3213 3211/3211 3214/3214
f 3213/3213 3214/3214 3216/3216
f 3214/3214 3215/3215 3218/3218
f 3214/3214 3218/3218 3217/3217
f 3215/3215 3216/3216 3219/3219
f 3215/3215 3219/3219 3218/3218
f 3216/3216 3214/3214 3217/3217
f 3216/3216 3217/3217 3219/3219
f 3217/3217 3218/3218 3221/3221
f 3217/3217 3221/3221 3220/3220
f 3218/3218 3219/3219 3222/3222
f 3218/3218 3222/3222 3221/3221
f 3219/3219 3217/3217 3220/3220
f 3219/3219 3220/3220 3222/3222
f 3223/3223 3224/3224 3227/3227
f 3223/3223 3227/3227 3226/3226
f 3224/3224 3225/3225 3228/3228
f 3224/3224 3228/3228 3227/3227
f 3225/3225 3223/3223 3226/3226
f 3225/3225 3226/3226 3228/3228
f 3226/3226 3227/3227 3230/3230
f 3226/3226 3230/3230 3229/3229
f 3227/3227 3228/3228 3231/3231
f 3227/3227 3231/3231 3230/3230
f 3228/3228 3226/3226 3229/3229
f 3228/3228 3229/3229 3231/3231
f 3229/3229 3230/3230 3233/3233
f 3229/3229 3233/3233 3232/3232
f 3230/3230 3231/3231 3234/3234
f 3230/3230 3234/3234 3233/3233
f 3231/3231 3229/3229 3232/3232
f 3231/3231 3232/3232 3234/3234
f 3232/3232 3233/3233 3236/3236
f 3232/3232 3236/3236 3235/3235
f 3233/3233 3234/3234 3237/3237
f 3233/3233 3237/3237 3236/3236
f 3234/3234 3232/3232 3235/3235
f 3234/3234 3235/3235 3237/3237
f 3235/3235 3236/3236 3239/3239
f 3235/3235 3239/3239 3238/3238
f 3236/3236 3237/3237 3240/3240
f 3236/3236 3240/3240 3239/3239
f 3237/3237 3235/3235 3238/3238
f 3237/3237 3238/3238 3240/3240
f 3238/3238 3239/3239 3242/3242
f 3238/3238 3242/3242 3241/3241
f 3239/3239 3240/3240 3243/3243
f 3239/3239 3243/3243 3242/3242
f 3240/3240 3238/3238 3241/3241
f 3240/3240 3241/3241 3243/3243
f 3241/3241 3242/3242 3245/3245
f 3241/3241 3245/3245 3244/3244
f 3242/3242 3243/3243 3246/3246
f 3242/3242 3246/3246 3245/3245
f 3243/3243 3241/3241 3244/3244
f 3243/3243 3244/3244 3246/3246
f 3244/3244 3245/3245 3248/3248
f 3244/3244 3248/3248 3247/3247
f 3245/3245 3246/3246 3249/3249
f 3245/3245 3249/3249 3248/3248
f 3246/3246 3244/3244 3247/3247
f 3246/3246 3247/3247 3249/3249
f 3250/3250 3251/3251 3254/3254
f 3250/3250 3254/3254 3253/3253
f 3251/3251 3252/3252 3255/3255
f 3251/3251 3255/3255 3254/3254
f 3252/3252 3250/3250 3253/3253
f 3252/3252 3253/3253 3255/3255
f 3253/3253 3254/3254 3257/3257
f 3253/3253 3257/3257 3256/3256
f 3254/3254 3255/3255 3258/3258
f 3254/3254 3258/3258 3257/3257
f 3255/3255 3253/3253 3256/3256
f 3255/3255 3256/3256 3258/3258
f 3256/3256 3257/3257 3260/3260
f 3256/3256 3260/3260 3259/3259
f 3257/3257 3258/3258 3261/3261
f 3257/3257 3261/3261 3260/3260
f 3258/3258 3256/3256 3259/3259
f 3258/3258 3259/3259 3261/3261
f 3259/3259 3260/3260 3263/3263
f 3259/3259 3263/3263 3262/3262
f 3260/3260 3261/3261 3264/3264
f 3260/3260 3264/3264 3263/3263
f 3261/3261 3259/3259 3262/3262
f 3261/3261 3262/3262 3264/3264
f 3262/3262 3263/3263 3266/3266
f 3262/3262 3266/3266 3265/3265
f 3263/3263 3264/3264 3267/3267
f 3263/3263 3267/3267 3266/3266
f 3264/3264 3262/3262 3265/3265
f 3264/3264 3265/3265 3267/3267
f 3265/3265 3266/3266 3269/3269
f 3265/3265 3269/3269 3268/3268
f 3266/3266 3267/3267 3270/3270
f 3266/3266 3270/3270 3269/3269
f 3267/3267 3265/3265 3268/3268
f 3267/3267 3268/3268 3270/3270
f 3268/3268 3269/3269 3272/3272
f 3268/3268 3272/3272 3271/3271
f 3269/3269 3270/3270 3273/3273
f 3269/3269 3273/3273 3272/3272
f 3270/3270 3268/3268 3271/3271
f 3270/3270 3271/3271 3273/3273
f 3271/3271 3272/3272 3275/3275
f 3271/3271 3275/3275 3274/3274
f 3272/3272 3273/3273 3276/3276
f 3272/3272 3276/3276 3275/3275
f 3273/3273 3271/3271 3274/3274
f 3273/3273 3274/3274 3276/3276
f 3277/3277 3278/3278 3281/3281
f 3277/3277 3281/3281 3280/3280
f 3278/3278 3279/3279 3282/3282
f 3278/3278 3282/3282 3281/3281
f 3279/3279 3277/3277 3280/3280
f 3279/3279 3280/3280 3282/3282
f 3280/3280 3281/3281 3284/3284
f 3280/3280 3284/3284 3283/3283
f 3281/3281 3282/3282 3285/3285
f 3281/3281 3285/3285 3284/3284
f 3282/3282 3280/3280 3283/3283
f 3282/3282 3283/3283 3285/3285
f 3283/3283 3284/3284 3287/3287
f 3283/3283 3287/3287 3286/3286
f 3284/3284 3285/3285 3288/3288
f 3284/3284 3288/3288 3287/3287
f 3285/3285 3283/3283 3286/3286
f 3285/3285 3286/3286 3288/3288
f 3286/3286 3287/3287 3290/3290
f 3286/3286 3290/3290 3289/3289
f 3287/3287 3288/3288 3291/3291
f 3287/3287 3291/3291 3290/3290
f 3288/3288 3286/3286 3289/3289
f 3288/3288 3289/3289 3291/3291
f 3289/3289 3290/3290 3293/3293
f 3289/3289 3293/3293 3292/3292
f 3290/3290 3291/3291 3294/3294
f 3290/3290 3294/3294 3293/3293
f 3291/3291 3289/3289 3292/3292
f 3291/3291 3292/3292 3294/3294
f 3292/3292 3293/3293 3296/3296
f 3292/3292 3296/3296 3295/3295
f 3293/3293 3294/3294 3297/3297
f 3293/3293 3297/3297 3296/3296
f 3294/3294 3292/3292 3295/3295
f 3294/3294 3295/3295 3297/3297
f 3295/3295 3296/3296 3299/3299
f 3295/3295 3299/3299 3298/3298
f 3296/3296 3297/3297 3300/3300
f 3296/3296 3300/3300 3299/3299
f 3297/3297 3295/3295 3298/3298
f 3297/3297 3298/3298 3300/3300
f 3298/3298 3299/3299 3302/3302
f 3298/3298 3302/3302 3301/3301
f 3299/3299 3300/3300 3303/3303
f 3299/3299 3303/3303 3302/3302
f 3300/3300 3298/3298 3301/3301
f 3300/3300 3301/3301 3303/3303
f 3304/3304 3305/3305 3308/3308
f 3304/3304 3308/3308 3307/3307
f 3305/3305 3306/3306 3309/3309
f 3305/3305 3309/3309 3308/3308
f 3306/3306 3304/3304 3307/3307
f 3306/3306 3307/3307 3309/3309
f 3307/3307 3308/3308 3311/3311
f 3307/3307 3311/3311 3310/3310
f 3308/3308 3309/3309 3312/3312
f 3308/3308 3312/3312 3311/3311
f 3309/3309 3307/3307 3310/3310
f 3309/3309 3310/3310 3312/3312
f 3310/3310 3311/3311 3314/3314
f 3310/3310 3314/3314 3313/3313
f 3311/3311 3312/3312 3315/3315
f 3311/3311 3315/3315 3314/3314
f 3312/3312 3310/3310 3313/3313
f 3312/3312 3313/3313 3315/3315
f 3313/3313 3314/3314 3317/3317
f 3313/3313 3317/3317 3316/3316
f 3314/3314 3315/3315 3318/3318
f 3314/3314 3318/3318 3317/3317
f 3315/3315 3313/3313 3316/3316
f 3315/3315 3316/3316 3318/3318
f 3316/3316 3317/3317 3320/3320
f 3316/3316 3320/3320 3319/3319
f 3317/3317 3318/3318 3321/3321
f 3317/3317 3321/3321 3320/3320
f 3318/3318 3316/3316 3319/3319
f 3318/3318 3319/3319 3321/3321
f 3319/3319 3320/3320 3323/3323
f 3319/3319 3323/3323 3322/3322
f 3320/3320 3321/3321 3324/3324
f 3320/3320 3324/3324 3323/3323
f 3321/3321 3319/3319 3322/3322
f 3321/3321 3322/3322 3324/3324
f 3322/3322 3323/3323 3326/3326
f 3322/3322 3326/3326 3325/3325
f 3323/3323 3324/3324 3327/3327
f 3323/3323 3327/3327 3326/3326
f 3324/3324 3322/3322 3325/3325
f 3324/3324 3325/3325 3327/3327
f 3325/3325 3326/3326 3329/3329
f 3325/3325 3329/3329 3328/3328
f 3326/3326 3327/3327 3330/3330
f 3326/3326 3330/3330 3329/3329
f 3327/3327 3325/3325 3328/3328
f 3327/3327 3328/3328 3330/3330
f 3331/3331 3332/3332 3335/3335
f 3331/3331 3335/3335 3334/3334
f 3332/3332 3333/3333 3336/3336
f 3332/3332 3336/3336 3335/3335
f 3333/3333 3331/3331 3334/3334
f 3333/3333 3334/3334 3336/3336
f 3334/3334 3335/3335 3338/3338
f 3334/3334 3338/3338 3337/3337
f 3335/3335 3336/3336 3339/3339
f 3335/3335 3339/3339 3338/3338
f 3336/3336 3334/3334 3337/3337
f 3336/3336 3337/3337 3339/3339
f 3337/3337 3338/3338 3341/3341
f 3337/3337 3341/3341 3340/3340
f 3338/3338 3339/3339 3342/3342
f 3338/3338 3342/3342 3341/3341
f 3339/3339 3337/3337 3340/3340
f 3339/3339 3340/3340 3342/3342
f 3340/3340 3341/3341 3344/3344
f 3340/3340 3344/3344 3343/3343
f 3341/3341 3342/3342 3345/3345
f 3341/3341 3345/3345 3344/3344
f 3342/3342 3340/3340 3343/3343
f 3342/3342 3343/3343 3345/3345
f 3343/3343 3344/3344 3347/3347
f 3343/3343 3347/3347 3346/3346
f 3344/3344 3345/3345 3348/3348
f 3344/3344 3348/3348 3347/3347
f 3345/3345 3343/3343 3346/3346
f 3345/3345 3346/3346 3348/3348
f 3346/3346 3347/3347 3350/3350
f 3346/3346 3350/3350 3349/3349
f 3347/3347 3348/3348 3351/3351
f 3347/3347 3351/3351 3350/3350
f 3348/3348 3346/3346 3349/3349
f 3348/3348 3349/3349 3351/3351
f 3349/3349 3350/3350 3353/3353
f 3349/3349 3353/3353 3352/3352
f 3350/3350 3351/3351 3354/3354
f 3350/3350 3354/3354 3353/3353
f 3351/3351 3349/3349 3352/3352
f 3351/3351 3352/3352 3354/3354
f 3352/3352 3353/3353 3356/3356
f 3352/3352 3356/3356 3355/3355
f 3353/3353 3354/3354 3357/3357
f 3353/3353 3357/3357 3356/3356
f 3354/3354 3352/3352 3355/3355
f 3354/3354 3355/3355 3357/3357
f 3358/3358 3359/3359 3362/3362
f 3358/3358 3362/3362 3361/3361
f 3359/3359 3360/3360 3363/3363
f 3359/3359 3363/3363 3362/3362
f 3360/3360 3358/3358 3361/3361
f 3360/3360 3361/3361 3363/3363
f 3361/3361 3362/3362 3365/3365
f 3361/3361 3365/3365 3364/3364
f 3362/3362 3363/3363 3366/3366
f 3362/3362 3366/3366 3365/3365
f 3363/3363 3361/3361 3364/3364
f 3363/3363 3364/3364 3366/3366
f 3364/3364 3365/3365 3368/3368
f 3364/3364 3368/3368 3367/3367
f 3365/3365 3366/3366 3369/3369
f 3365/3365 3369/3369 3368/3368
f 3366/3366 3364/3364 3367/3367
f 3366/3366 3367/3367 3369/3369
f 3367/3367 3368/3368 3371/3371
f 3367/3367 3371/3371 3370/3370
f 3368/3368 3369/3369 3372/3372
f 3368/3368 3372/3372 3371/3371
f 3369/3369 3367/3367 3370/3370
f 3369/3369 3370/3370 3372/3372
f 3370/3370 3371/3371 3374/3374
f 3370/3370 3374/3374 3373/3373
f 3371/3371 3372/3372 3375/3375
f 3371/3371 3375/3375 3374/3374
f 3372/3372 3370/3370 3373/3373
f 3372/3372 3373/3373 3375/3375
f 3373/3373 3374/3374 3377/3377
f 3373/3373 3377/3377 3376/3376
f 3374/3374 3375/3375 3378/3378
f 3374/3374 3378/3378 3377/3377
f 3375/3375 3373/3373 3376/3376
f 3375/3375 3376/3376 3378/3378
f 3376/3376 3377/3377 3380/3380
f 3376/3376 3380/3380 3379/3379
f 3377/3377 3378/3378 3381/3381
f 3377/3377 3381/3381 3380/3380
f 3378/3378 3376/3376 3379/3379
f 3378/3378 3379/3379 3381/3381
f 3379/3379 3380/3380 3383/3383
f 3379/3379 3383/3383 3382/3382
f 3380/3380 3381/3381 3384/3384
f 3380/3380 3384/3384 3383/3383
f 3381/3381 3379/3379 3382/3382
f 3381/3381 3382/3382 3384/3384
f 3385/3385 3386/3386 3389/3389
f 3385/3385 3389/3389 3388/3388
f 3386/3386 3387/3387 3390/3390
f 3386/3386 3390/3390 3389/3389
f 3387/3387 3385/3385 3388/3388
f 3387/3387 3388/3388 3390/3390
f 3388/3388 3389/3389 3392/3392
f 3388/3388 3392/3392 3391/3391
f 3389/3389 3390/3390 3393/3393
f 3389/3389 3393/3393 3392/3392
f 3390/3390 3388/3388 3391/3391
f 3390/3390 3391/3391 3393/3393
f 3391/3391 3392/3392 3395/3395
f 3391/3391 3395/3395 3394/3394
f 3392/3392 3393/3393 3396/3396
f 3392/3392 3396/3396 3395/3395
f 3393/3393 3391/3391 3394/3394
f 3393/3393 3394/3394 3396/3396
f 3394/3394 3395/3395 3398/3398
f 3394/3394 3398/3398 3397/3397
f 3395/3395 3396/3396 3399/3399
f 3395/3395 3399/3399 3398/3398
f 3396/3396 3394/3394 3397/3397
f 3396/3396 3397/3397 3399/3399
f 3397/3397 3398/3398 3401/3401
f 3397/3397 3401/3401 3400/3400
f 3398/3398 3399/3399 3402/3402
f 3398/3398 3402/3402 3401/3401
f 3399/3399 3397/3397 3400/3400
f 3399/3399 3400/3400 3402/3402
f 3400/3400 3401/3401 3404/3404
f 3400/3400 3404/3404 3403/3403
f 3401/3401 3402/3402 3405/3405
f 3401/3401 3405/3405 3404/3404
f 3402/3402 3400/3400 3403/3403
f 3402/3402 3403/3403 3405/3405
f 3403/3403 3404/3404 3407/3407
f 3403/3403 3407/3407 3406/3406
f 3404/3404 3405/3405 3408/3408
f 3404/3404 3408/3408 3407/3407
f 3405/3405 3403/3403 3406/3406
f 3405/3405 3406/3406 3408/3408
f 3406/3406 3407/3407 3410/3410
f 3406/3406 3410/3410 3409/3409
f 3407/3407 3408/3408 3411/3411
f 3407/3407 3411/3411 3410/3410
f 3408/3408 3406/3406 3409/3409
f 3408/3408 3409/3409 3411/3411
f 3412/3412 3413/3413 3416/3416
f 3412/3412 3416/3416 3415/3415
f 3413/3413 3414/3414 3417/3417
f 3413/3413 3417/3417 3416/3416
f 3414/3414 3412/3412 3415/3415
f 3414/3414 3415/3415 3417/3417
f 3415/3415 3416/3416 3419/3419
f 3415/3415 3419/3419 3418/3418
f 3416/3416 3417/3417 3420/3420
f 3416/3416 3420/3420 3419/3419
f 3417/3417 3415/3415 3418/3418
f 3417/3417 3418/3418 3420/3420
f 3418/3418 3419/3419 3422/3422
f 3418/3418 3422/3422 3421/3421
f 3419/3419 3420/3420 3423/3423
f 3419/3419 3423/3423 3422/3422
f 3420/3420 3418/3418 3421/3421
f 3420/3420 3421/3421 3423/3423
f 3421/3421 3422/3422 3425/3425
f 3421/3421 3425/3425 3424/3424
f 3422/3422 3423/3423 3426/3426
f 3422/3422 3426/3426 3425/3425
f 3423/3423 3421/3421 3424/3424
f 3423/3423 3424/3424 3426/3426
f 3424/3424 3425/3425 3428/3428
f 3424/3424 3428/3428 3427/3427
f 3425/3425 3426/3426 3429/3429
f 3425/3425 3429/3429 3428/3428
f 3426/3426 3424/3424 3427/3427
f 3426/3426 3427/3427 3429/3429
f 3427/3427 3428/3428 3431/3431
f 3427/3427 3431/3431 3430/3430
f 3428/3428 3429/3429 3432/3432
f 3428/3428 3432/3432 3431/3431
f 3429/3429 3427/3427 3430/3430
f 3429/3429 3430/3430 3432/3432
f 3430/3430 3431/3431 3434/3434
f 3430/3430 3434/3434 3433/3433
f 3431/3431 3432/3432 3435/3435
f 3431/3431 3435/3435 3434/3434
f 3432/3432 3430/3430 3433/3433
f 3432/3432 3433/3433 3435/3435
f 3433/3433 3434/3434 3437/3437
f 3433/3433 3437/3437 3436/3436
f 3434/3434 3435/3435 3438/3438
f 3434/3434 3438/3438 3437/3437
f 3435/3435 3433/3433 3436/3436
f 3435/3435 3436/3436 3438/3438
f 3439/3439 3440/3440 3443/3443
f 3439/3439 3443/3443 3442/3442
f 3440/3440 3441/3441 3444/3444
f 3440/3440 3444/3444 3443/3443
f 3441/3441 3439/3439 3442/3442
f 3441/3441 3442/3442 3444/3444
f 3442/3442 3443/3443 3446/3446
f 3442/3442 3446/3446 3445/3445
f 3443/3443 3444/3444 3447/3447
f 3443/3443 3447/3447 3446/3446
f 3444/3444 3442/3442 3445/3445
f 3444/3444 3445/3445 3447/3447
f 3445/3445 3446/3446 3449/3449
f 3445/3445 3449/3449 3448/3448
f 3446/3446 3447/3447 3450/3450
f 3446/3446 3450/3450 3449/3449
f 3447/3447 3445/3445 3448/3448
f 3447/3447 3448/3448 3450/3450
f 3448/3448 3449/3449 3452/3452
f 3448/3448 3452/3452 3451/3451
f 3449/3449 3450/3450 3453/3453
f 3449/3449 3453/3453 3452/3452
f 3450/3450 3448/3448 3451/3451
f 3450/3450 3451/3451 3453/3453
f 3451/3451 3452/3452 3455/3455
f 3451/3451 3455/3455 3454/3454
f 3452/3452 3453/3453 3456/3456
f 3452/3452 3456/3456 3455/3455
f 3453/3453 3451/3451 3454/3454
f 3453/3453 3454/3454 3456/3456
f 3454/3454 3455/3455 3458/3458
f 3454/3454 3458/3458 3457/3457
f 3455/3455 3456/3456 3459/3459
f 3455/3455 3459/3459 3458/3458
f 3456/3456 3454/3454 3457/3457
f 3456/3456 3457/3457 3459/3459
f 3457/3457 3458/3458 3461/3461
f 3457/3457 3461/3461 3460/3460
f 3458/3458 3459/3459 3462/3462
f 3458/3458 3462/3462 3461/3461
f 3459/3459 3457/3457 3460/3460
f 3459/3459 3460/3460 3462/3462
f 3460/3460 3461/3461 3464/3464
f 3460/3460 3464/3464 3463/3463
f 3461/3461 3462/3462 3465/3465
f 3461/3461 3465/3465 3464/3464
f 3462/3462 3460/3460 3463/3463
f 3462/3462 3463/3463 3465/3465
f 3466/3466 3467/3467 3470/3470
f 3466/3466 3470/3470 3469/3469
f 3467/3467 3468/3468 3471/3471
f 3467/3467 3471/3471 3470/3470
f 3468/3468 3466/3466 3469/3469
f 3468/3468 3469/3469 3471/3471
f 3469/3469 3470/3470 3473/3473
f 3469/3469 3473/3473 3472/3472
f 3470/3470 3471/3471 3474/3474
f 3470/3470 3474/3474 3473/3473
f 3471/3471 3469/3469 3472/3472
f 3471/3471 3472/3472 3474/3474
f 3472/3472 3473/3473 3476/3476
f 3472/3472 3476/3476 3475/3475
f 3473/3473 3474/3474 3477/3477
f 3473/3473 3477/3477 3476/3476
f 3474/3474 3472/3472 3475/3475
f 3474/3474 3475/3475 3477/3477
f 3475/3475 3476/3476 3479/3479
f 3475/3475 3479/3479 3478/3478
f 3476/3476 3477/3477 3480/3480
f 3476/3476 3480/3480 3479/3479
f 3477/3477 3475/3475 3478/3478
f 3477/3477 3478/3478 3480/3480
f 3478/3478 3479/3479 3482/3482
f 3478/3478 3482/3482 3481/3481
f 3479/3479 3480/3480 3483/3483
f 3479/3479 3483/3483 3482/3482
f 3480/3480 3478/3478 3481/3481
f 3480/3480 3481/3481 3483/3483
f 3481/3481 3482/3482 3485/3485
f 3481/3481 3485/3485 3484/3484
f 3482/3482 3483/3483 3486/3486
f 3482/3482 3486/3486 3485/3485
f 3483/3483 3481/3481 3484/3484
f 3483/3483 3484/3484 3486/3486
f 3484/3484 3485/3485 3488/3488
f 3484/3484 3488/3488 3487/3487
f 3485/3485 3486/3486 3489/3489
f 3485/3485 3489/3489 3488/3488
f 3486/3486 3484/3484 3487/3487
f 3486/3486 3487/3487 3489/3489
f 3487/3487 3488/3488 3491/3491
f 3487/3487 3491/3491 3490/3490
f 3488/3488 3489/3489 3492/3492
f 3488/3488 3492/3492 3491/3491
f 3489/3489 3487/3487 3490/3490
f 3489/3489 3490/3490 3492/3492
f 3493/3493 3494/3494 3497/3497
f 3493/3493 3497/3497 3496/3496
f 3494/3494 3495/3495 3498/3498
f 3494/3494 3498/3498 3497/3497
f 3495/3495 3493/3493 3496/3496
f 3495/3495 3496/3496 3498/3498
f 3496/3496 3497/3497 3500/3500
f 3496/3496 3500/3500 3499/3499
f 3497/3497 3498/3498 3501/3501
f 3497/3497 3501/3501 3500/3500
f 3498/3498 3496/3496 3499/3499
f 3498/3498 3499/3499 3501/3501
f 3499/3499 3500/3500 3503/3503
f 3499/3499 3503/3503 3502/3502
f 3500/3500 3501/3501 3504/3504
f 3500/3500 3504/3504 3503/3503
f 3501/3501 3499/3499 3502/3502
f 3501/3501 3502/3502 3504/3504
f 3502/3502 3503/3503 3506/3506
f 3502/3502 3506/3506 3505/3505
f 3503/3503 3504/3504 3507/3507
f 3503/3503 3507/3507 3506/3506
f 3504/3504 3502/3502 3505/3505
f 3504/3504 3505/3505 3507/3507
f 3505/3505 3506/3506 3509/3509
f 3505/3505 3509/3509 3508/3508
f 3506/3506 3507/3507 3510/3510
f 3506/3506 3510/3510 3509/3509
f 3507/3507 3505/3505 3508/3508
f 3507/3507 3508/3508 3510/3510
f 3508/3508 3509/3509 3512/3512
f 3508/3508 3512/3512 3511/3511
f 3509/3509 3510/3510 3513/3513
f 3509/3509 3513/3513 3512/3512
f 3510/3510 3508/3508 3511/3511
f 3510/3510 3511/3511 3513/3513
f 3511/3511 3512/3512 3515/3515
f 3511/3511 3515/3515 3514/3514
f 3512/3512 3513/3513 3516/3516
f 3512/3512 3516/3516 3515/3515
f 3513/3513 3511/3511 3514/3514
f 3513/3513 3514/3514 3516/3516
f 3514/3514 3515/3515 3518/3518
f 3514/3514 3518/3518 3517/3517
f 3515/3515 3516/3516 3519/3519
f 3515/3515 3519/3519 3518/3518
f 3516/3516 3514/3514 3517/3517
f 3516/3516 3517/3517 3519/3519
f 3520/3520 3521/3521 3524/3524
f 3520/3520 3524/3524 3523/3523
f 3521/3521 3522/3522 3525/3525
f 3521/3521 3525/3525 3524/3524
f 3522/3522 3520/3520 3523/3523
f 3522/3522 3523/3523 3525/3525
f 3523/3523 3524/3524 3527/3527
f 3523/3523 3527/3527 3526/3526
f 3524/3524 3525/3525 3528/3528
f 3524/3524 3528/3528 3527/3527
f 3525/3525 3523/3523 3526/3526
f 3525/3525 3526/3526 3528/3528
f 3526/3526 3527/3527 3530/3530
f 3526/3526 3530/3530 3529/3529
f 3527/3527 3528/3528 3531/3531
f 3527/3527 3531/3531 3530/3530
f 3528/3528 3526/3526 3529/3529
f 3528/3528 3529/3529 3531/3531
f 3529/3529 3530/3530 3533/3533
f 3529/3529 3533/3533 3532/3532
f 3530/3530 3531/3531 3534/3534
f 3530/3530 3534/3534 3533/3533
f 3531/3531 3529/3529 3532/3532
f 3531/3531 3532/3532 3534/3534
f 3532/3532 3533/3533 3536/3536
f 3532/3532 3536/3536 3535/3535
f 3533/3533 3534/3534 3537/3537
f 3533/3533 3537/3537 3536/3536
f 3534/3534 3532/3532 3535/3535
f 3534/3534 3535/3535 3537/3537
f 3535/3535 3536/3536 3539/3539
f 3535/3535 3539/3539 3538/3538
f 3536/3536 3537/3537 3540/3540
f 3536/3536 3540/3540 3539/3539
f 3537/3537 3535/3535 3538/3538
f 3537/3537 3538/3538 3540/3540
f 3538/3538 3539/3539 3542/3542
f 3538/3538 3542/3542 3541/3541
f 3539/3539 3540/3540 3543/3543
f 3539/3539 3543/3543 3542/3542
f 3540/3540 3538/3538 3541/3541
f 3540/3540 3541/3541 3543/3543
f 3541/3541 3542/3542 3545/3545
f 3541/3541 3545/3545 3544/3544
f 3542/3542 3543/3543 3546/3546
f 3542/3542 3546/3546 3545/3545
f 3543/3543 3541/3541 3544/3544
f 3543/3543 3544/3544 3546/3546
f 3547/3547 3548/3548 3551/3551
f 3547/3547 3551/3551 3550/3550
f 3548/3548 3549/3549 3552/3552
f 3548/3548 3552/3552 3551/3551
f 3549/3549 3547/3547 3550/3550
f 3549/3549 3550/3550 3552/3552
f 3550/3550 3551/3551 3554/3554
f 3550/3550 3554/3554 3553/3553
f 3551/3551 3552/3552 3555/3555
f 3551/3551 3555/3555 3554/3554
f 3552/3552 3550/3550 3553/3553
f 3552/3552 3553/3553 3555/3555
f 3553/3553 3554/3554 3557/3557
f 3553/3553 3557/3557 3556/3556
f 3554/3554 3555/3555 3558/3558
f 3554/3554 3558/3558 3557/3557
f 3555/3555 3553/3553 3556/3556
f 3555/3555 3556/3556 3558/3558
f 3556/3556 3557/3557 3560/3560
f 3556/3556 3560/3560 3559/3559
f 3557/3557 3558/3558 3561/3561
f 3557/3557 3561/3561 3560/3560
f 3558/3558 3556/3556 3559/3559
f 3558/3558 3559/3559 3561/3561
f 3559/3559 3560/3560 3563/3563
f 3559/3559 3563/3563 3562/3562
f 3560/3560 3561/3561 3564/3564
f 3560/3560 3564/3564 3563/3563
f 3561/3561 3559/3559 3562/3562
f 3561/3561 3562/3562 3564/3564
f 3562/3562 3563/3563 3566/3566
f 3562/3562 3566/3566 3565/3565
f 3563/3563 3564/3564 3567/3567
f 3563/3563 3567/3567 3566/3566
f 3564/3564 3562/3562 3565/3565
f 3564/3564 3565/3565 3567/3567
f 3565/3565 3566/3566 3569/3569
f 3565/3565 3569/3569 3568/3568
f 3566/3566 3567/3567 3570/3570
f 3566/3566 3570/3570 3569/3569
f 3567/3567 3565/3565 3568/3568
f 3567/3567 3568/3568 3570/3570
f 3568/3568 3569/3569 3572/3572
f 3568/3568 3572/3572 3571/3571
f 3569/3569 3570/3570 3573/3573
f 3569/3569 3573/3573 3572/3572
f 3570/3570 3568/3568 3571/3571
f 3570/3570 3571/3571 3573/3573
f 3574/3574 3575/3575 3578/3578
f 3574/3574 3578/3578 3577/3577
f 3575/3575 3576/3576 3579/3579
f 3575/3575 3579/3579 3578/3578
f 3576/3576 3574/3574 3577/3577
f 3576/3576 3577/3577 3579/3579
f 3577/3577 3578/3578 3581/3581
f 3577/3577 3581/3581 3580/3580
f 3578/3578 3579/3579 3582/3582
f 3578/3578 3582/3582 3581/3581
f 3579/3579 3577/3577 3580/3580
f 3579/3579 3580/3580 3582/3582
f 3580/3580 3581/3581 3584/3584
f 3580/3580 3584/3584 3583/3583
f 3581/3581 3582/3582 3585/3585
f 3581/3581 3585/3585 3584/3584
f 3582/3582 3580/3580 3583/3583
f 3582/3582 3583/3583 3585/3585
f 3583/3583 3584/3584 3587/3587
f 3583/3583 3587/3587 3586/3586
f 3584/3584 3585/3585 3588/3588
f 3584/3584 3588/3588 3587/3587
f 3585/3585 3583/3583 3586/3586
f 3585/3585 3586/3586 3588/3588
f 3586/3586 3587/3587 3590/3590
f 3586/3586 3590/3590 3589/3589
f 3587/3587 3588/3588 3591/3591
f 3587/3587 3591/3591 3590/3590
f 3588/3588 3586/3586 3589/3589
f 3588/3588 3589/3589 3591/3591
f 3589/3589 3590/3590 3593/3593
f 3589/3589 3593/3593 3592/3592
f 3590/3590 3591/3591 3594/3594
f 3590/3590 3594/3594 3593/3593
f 3591/3591 3589/3589 3592/3592
f 3591/3591 3592/3592 3594/3594
f 3592/3592 3593/3593 3596/3596
f 3592/3592 3596/3596 3595/3595
f 3593/3593 3594/3594 3597/3597
f 3593/3593 3597/3597 3596/3596
f 3594/3594 3592/3592 3595/3595
f 3594/3594 3595/3595 3597/3597
f 3595/3595 3596/3596 3599/3599
f 3595/3595 3599/3599 3598/3598
f 3596/3596 3597/3597 3600/3600
f 3596/3596 3600/3600 3599/3599
f 3597/3597 3595/3595 3598/3598
f 3597/3597 3598/3598 3600/3600
f 3601/3601 3602/3602 3605/3605
f 3601/3601 3605/3605 3604/3604
f 3602/3602 3603/3603 3606/3606
f 3602/3602 3606/3606 3605/3605
f 3603/3603 3601/3601 3604/3604
f 3603/3603 3604/3604 3606/3606
f 3604/3604 3605/3605 3608/3608
f 3604/3604 3608/3608 3607/3607
f 3605/3605 3606/3606 3609/3609
f 3605/3605 3609/3609 3608/3608
f 3606/3606 3604/3604 3607/3607
f 3606/3606 3607/3607 3609/3609
f 3607/3607 3608/3608 3611/3611
f 3607/3607 3611/3611 3610/3610
f 3608/3608 3609/3609 3612/3612
f 3608/3608 3612/3612 3611/3611
f 3609/3609 3607/3607 3610/3610
f 3609/3609 3610/3610 3612/3612
f 3610/3610 3611/3611 3614/3614
f 3610/3610 3614/3614 3613/3613
f 3611/3611 3612/3612 3615/3615
f 3611/3611 3615/3615 3614/3614
f 3612/3612 3610/3610 3613/3613
f 3612/3612 3613/3613 3615/3615
f 3613/3613 3614/3614 3617/3617
f 3613/3613 3617/3617 3616/3616
f 3614/3614 3615/3615 3618/3618
f 3614/3614 3618/3618 3617/3617
f 3615/3615 3613/3613 3616/3616
f 3615/3615 3616/3616 3618/3618
f 3616/3616 3617/3617 3620/3620
f 3616/3616 3620/3620 3619/3619
f 3617/3617 3618/3618 3621/3621
f 3617/3617 3621/3621 3620/3620
f 3618/3618 3616/3616 3619/3619
f 3618/3618 3619/3619 3621/3621
f 3619/3619 3620/3620 3623/3623
f 3619/3619 3623/3623 3622/3622
f 3620/3620 3621/3621 3624/3624
f 3620/3620 3624/3624 3623/3623
f 3621/3621 3619/3619 3622/3622
f 3621/3621 3622/3622 3624/3624
f 3622/3622 3623/3623 3626/3626
f 3622/3622 3626/3626 3625/3625
f 3623/3623 3624/3624 3627/3627
f 3623/3623 3627/3627 3626/3626
f 3624/3624 3622/3622 3625/3625
f 3624/3624 3625/3625 3627/3627
f 3628/3628 3629/3629 3632/3632
f 3628/3628 3632/3632 3631/3631
f 3629/3629 3630/3630 3633/3633
f 3629/3629 3633/3633 3632/3632
f 3630/3630 3628/3628 3631/3631
f 3630/3630 3631/3631 3633/3633
f 3631/3631 3632/3632 3635/3635
f 3631/3631 3635/3635 3634/3634
f 3632/3632 3633/3633 3636/3636
f 3632/3632 3636/3636 3635/3635
f 3633/3633 3631/3631 3634/3634
f 3633/3633 3634/3634 3636/3636
f 3634/3634 3635/3635 3638/3638
f 3634/3634 3638/3638 3637/3637
f 3635/3635 3636/3636 3639/3639
f 3635/3635 3639/3639 3638/3638
f 3636/3636 3634/3634 3637/3637
f 3636/3636 3637/3637 3639/3639
f 3637/3637 3638/3638 3641/3641
f 3637/3637 3641/3641 3640/3640
f 3638/3638 3639/3639 3642/3642
f 3638/3638 3642/3642 3641/3641
f 3639/3639 3637/3637 3640/3640
f 3639/3639 3640/3640 3642/3642
f 3640/3640 3641/3641 3644/3644
f 3640/3640 3644/3644 3643/3643
f 3641/3641 3642/3642 3645/3645
f 3641/3641 3645/3645 3644/3644
f 3642/3642 3640/3640 3643/3643
f 3642/3642 3643/3643 3645/3645
f 3643/3643 3644/3644 3647/3647
f 3643/3643 3647/3647 3646/3646
f 3644/3644 3645/3645 3648/3648
f 3644/3644 3648/3648 3647/3647
f 3645/3645 3643/3643 3646/3646
f 3645/3645 3646/3646 3648/3648
f 3646/3646 3647/3647 3650/3650
f 3646/3646 3650/3650 3649/3649
f 3647/3647 3648/3648 3651/3651
f 3647/3647 3651/3651 3650/3650
f 3648/3648 3646/3646 3649/3649
f 3648/3648 3649/3649 3651/3651
f 3649/3649 3650/3650 3653/3653
f 3649/3649 3653/3653 3652/3652
f 3650/3650 3651/3651 3654/3654
f 3650/3650 3654/3654 3653/3653
f 3651/3651 3649/3649 3652/3652
f 3651/3651 3652/3652 3654/3654
f 3655/3655 3656/3656 3659/3659
f 3655/3655 3659/3659 3658/3658
f 3656/3656 3657/3657 3660/3660
f 3656/3656 3660/3660 3659/3659
f 3657/3657 3655/3655 3658/3658
f 3657/3657 3658/3658 3660/3660
f 3658/3658 3659/3659 3662/3662
f 3658/3658 3662/3662 3661/3661
f 3659/3659 3660/3660 3663/3663
f 3659/3659 3663/3663 3662/3662
f 3660/3660 3658/3658 3661/3661
f 3660/3660 3661/3661 3663/3663
f 3661/3661 3662/3662 3665/3665
f 3661/3661 3665/3665 3664/3664
f 3662/3662 3663/3663 3666/3666
f 3662/3662 3666/3666 3665/3665
f 3663/3663 3661/3661 3664/3664
f 3663/3663 3664/3664 3666/3666
f 3664/3664 3665/3665 3668/3668
f 3664/3664 3668/3668 3667/3667
f 3665/3665 3666/3666 3669/3669
f 3665/3665 3669/3669 3668/3668
f 3666/3666 3664/3664 3667/3667
f 3666/3666 3667/3667 3669/3669
f 3667/3667 3668/3668 3671/3671
f 3667/3667 3671/3671 3670/3670
f 3668/3668 3669/3669 3672/3672
f 3668/3668 3672/3672 3671/3671
f 3669/3669 3667/3667 3670/3670
f 3669/3669 3670/3670 3672/3672
f 3670/3670 3671/3671 3674/3674
f 3670/3670 3674/3674 3673/3673
f 3671/3671 3672/3672 3675/3675
f 3671/3671 3675/3675 3674/3674
f 3672/3672 3670/3670 3673/3673
f 3672/3672 3673/3673 3675/3675
f 3673/3673 3674/3674 3677/3677
f 3673/3673 3677/3677 3676/3676
f 3674/3674 3675/3675 3678/3678
f 3674/3674 3678/3678 3677/3677
f 3675/3675 3673/3673 3676/3676
f 3675/3675 3676/3676 3678/3678
f 3676/3676 3677/3677 3680/3680
f 3676/3676 3680/3680 3679/3679
f 3677/3677 3678/3678 3681/3681
f 3677/3677 3681/3681 3680/3680
f 3678/3678 3676/3676 3679/3679
f 3678/3678 3679/3679 3681/3681
f 3682/3682 3683/3683 3686/3686
f 3682/3682 3686/3686 3685/3685
f 3683/3683 3684/3684 3687/3687
f 3683/3683 3687/3687 3686/3686
f 3684/3684 3682/3682 3685/3685
f 3684/3684 3685/3685 3687/3687
f 3685/3685 3686/3686 3689/3689
f 3685/3685 3689/3689 3688/3688
f 3686/3686 3687/3687 3690/3690
f 3686/3686 3690/3690 3689/3689
f 3687/3687 3685/3685 3688/3688
f 3687/3687 3688/3688 3690/3690
f 3688/3688 3689/3689 3692/3692
f 3688/3688 3692/3692 3691/3691
f 3689/3689 3690/3690 3693/3693
f 3689/3689 3693/3693 3692/3692
f 3690/3690 3688/3688 3691/3691
f 3690/3690 3691/3691 3693/3693
f 3691/3691 3692/3692 3695/3695
f 3691/3691 3695/3695 3694/3694
f 3692/3692 3693/3693 3696/3696
f 3692/3692 3696/3696 3695/3695
f 3693/3693 3691/3691 3694/3694
f 3693/3693 3694/3694 3696/3696
f 3694/3694 3695/3695 3698/3698
f 3694/3694 3698/3698 3697/3697
f 3695/3695 3696/3696 3699/3699
f 3695/3695 3699/3699 3698/3698
f 3696/3696 3694/3694 3697/3697
f 3696/3696 3697/3697 3699/3699
f 3697/3697 3698/3698 3701/3701
f 3697/3697 3701/3701 3700/3700
f 3698/3698 3699/3699 3702/3702
f 3698/3698 3702/3702 3701/3701
f 3699/3699 3697/3697 3700/3700
f 3699/3699 3700/3700 3702/3702
f 3700/3700 3701/3701 3704/3704
f 3700/3700 3704/3704 3703/3703
f 3701/3701 3702/3702 3705/3705
f 3701/3701 3705/3705 3704/3704
f 3702/3702 3700/3700 3703/3703
f 3702/3702 3703/3703 3705/3705
f 3703/3703 3704/3704 3707/3707
f 3703/3703 3707/3707 3706/3706
f 3704/3704 3705/3705 3708/3708
f 3704/3704 3708/3708 3707/3707
f 3705/3705 3703/3703 3706/3706
f 3705/3705 3706/3706 3708/3708
f 3709/3709 3710/3710 3713/3713
f 3709/3709 3713/3713 3712/3712
f 3710/3710 3711/3711 3714/3714
f 3710/3710 3714/3714 3713/3713
f 3711/3711 3709/3709 3712/3712
f 3711/3711 3712/3712 3714/3714
f 3712/3712 3713/3713 3716/3716
f 3712/3712 3716/3716 3715/3715
f 3713/3713 3714/3714 3717/3717
f 3713/3713 3717/3717 3716/3716
f 3714/3714 3712/3712 3715/3715
f 3714/3714 3715/3715 3717/3717
f 3715/3715 3716/3716 3719/3719
f 3715/3715 3719/3719 3718/3718
f 3716/3716 3717/3717 3720/3720
f 3716/3716 3720/3720 3719/3719
f 3717/3717 3715/3715 3718/3718
f 3717/3717 3718/3718 3720/3720
f 3718/3718 3719/3719 3722/3722
f 3718/3718 3722/3722 3721/3721
f 3719/3719 3720/3720 3723/3723
f 3719/3719 3723/3723 3722/3722
f 3720/3720 3718/3718 3721/3721
f 3720/3720 3721/3721 3723/3723
f 3721/3721 3722/3722 3725/3725
f 3721/3721 3725/3725 3724/3724
f 3722/3722 3723/3723 3726/3726
f 3722/3722 3726/3726 3725/3725
f 3723/3723 3721/3721 3724/3724
f 3723/3723 3724/3724 3726/3726
f 3724/3724 3725/3725 3728/3728
f 3724/3724 3728/3728 3727/3727
f 3725/3725 3726/3726 3729/3729
f 3725/3725 3729/3729 3728/3728
f 3726/3726 3724/3724 3727/3727
f 3726/3726 3727/3727 3729/3729
f 3727/3727 3728/3728 3731/3731
f 3727/3727 3731/3731 3730/3730
f 3728/3728 3729/3729 3732/3732
f 3728/3728 3732/3732 3731/3731
f 3729/3729 3727/3727 3730/3730
f 3729/3729 3730/3730 3732/3732
f 3730/3730 3731/3731 3734/3734
f 3730/3730 3734/3734 3733/3733
f 3731/3731 3732/3732 3735/3735
f 3731/3731 3735/3735 3734/3734
f 3732/3732 3730/3730 3733/3733
f 3732/3732 3733/3733 3735/3735
f 3736/3736 3737/3737 3740/3740
f 3736/3736 3740/3740 3739/3739
f 3737/3737 3738/3738 3741/3741
f 3737/3737 3741/3741 3740/3740
f 3738/3738 3736/3736 3739/3739
f 3738/3738 3739/3739 3741/3741
f 3739/3739 3740/3740 3743/3743
f 3739/3739 3743/3743 3742/3742
f 3740/3740 3741/3741 3744/3744
f 3740/3740 3744/3744 3743/3743
f 3741/3741 3739/3739 3742/3742
f 3741/3741 3742/3742 3744/3744
f 3742/3742 3743/3743 3746/3746
f 3742/3742 3746/3746 3745/3745
f 3743/3743 3744/3744 3747/3747
f 3743/3743 3747/3747 3746/3746
f 3744/3744 3742/3742 3745/3745
f 3744/3744 3745/3745 3747/3747
f 3745/3745 3746/3746 3749/3749
f 3745/3745 3749/3749 3748/3748
f 3746/3746 3747/3747 3750/3750
f 3746/3746 3750/3750 3749/3749
f 3747/3747 3745/3745 3748/3748
f 3747/3747 3748/3748 3750/3750
f 3748/3748 3749/3749 3752/3752
f 3748/3748 3752/3752 3751/3751
f 3749/3749 3750/3750 3753/3753
f 3749/3749 3753/3753 3752/3752
f 3750/3750 3748/3748 3751/3751
f 3750/3750 3751/3751 3753/3753
f 3751/3751 3752/3752 3755/3755
f 3751/3751 3755/3755 3754/3754
f 3752/3752 3753/3753 3756/3756
f 3752/3752 3756/3756 3755/3755
f 3753/3753 3751/3751 3754/3754
f 3753/3753 3754/3754 3756/3756
f 3754/3754 3755/3755 3758/3758
f 3754/3754 3758/3758 3757/3757
f 3755/3755 3756/3756 3759/3759
f 3755/3755 3759/3759 3758/3758
f 3756/3756 3754/3754 3757/3757
f 3756/3756 3757/3757 3759/3759
f 3757/3757 3758/3758 3761/3761
f 3757/3757 3761/3761 3760/3760
f 3758/3758 3759/3759 3762/3762
f 3758/3758 3762/3762 3761/3761
f 3759/3759 3757/3757 3760/3760
f 3759/3759 3760/3760 3762/3762
f 3763/3763 3764/3764 3767/3767
f 3763/3763 3767/3767 3766/3766
f 3764/3764 3765/3765 3768/3768
f 3764/3764 3768/3768 3767/3767
f 3765/3765 3763/3763 3766/3766
f 3765/3765 3766/3766 3768/3768
f 3766/3766 3767/3767 3770/3770
f 3766/3766 3770/3770 3769/3769
f 3767/3767 3768/3768 3771/3771
f 3767/3767 3771/3771 3770/3770
f 3768/3768 3766/3766 3769/3769
f 3768/3768 3769/3769 3771/3771
f 3769/3769 3770/3770 3773/3773
f 3769/3769 3773/3773 3772/3772
f 3770/3770 3771/3771 3774/3774
f 3770/3770 3774/3774 3773/3773
f 3771/3771 3769/3769 3772/3772
f 3771/3771 3772/3772 3774/3774
f 3772/3772 3773/3773 3776/3776
f 3772/3772 3776/3776 3775/3775
f 3773/3773 3774/3774 3777/3777
f 3773/3773 3777/3777 3776/3776
f 3774/3774 3772/3772 3775/3775
f 3774/3774 3775/3775 3777/3777
f 3775/3775 3776/3776 3779/3779
f 3775/3775 3779/3779 3778/3778
f 3776/3776 3777/3777 3780/3780
f 3776/3776 3780/3780 3779/3779
f 3777/3777 3775/3775 3778/3778
f 3777/3777 3778/3778 3780/3780
f 3778/3778 3779/3779 3782/3782
f 3778/3778 3782/3782 3781/3781
f 3779/3779 3780/3780 3783/3783
f 3779/3779 3783/3783 3782/3782
f 3780/3780 3778/3778 3781/3781
f 3780/3780 3781/3781 3783/3783
f 3781/3781 3782/3782 3785/3785
f 3781/3781 3785/3785 3784/3784
f 3782/3782 3783/3783 3786/3786
f 3782/3782 3786/3786 3785/3785
f 3783/3783 3781/3781 3784/3784
f 3783/3783 3784/3784 3786/3786
f 3784/3784 3785/3785 3788/3788
f 3784/3784 3788/3788 3787/3787
f 3785/3785 3786/3786 3789/3789
f 3785/3785 3789/3789 3788/3788
f 3786/3786 3784/3784 3787/3787
f 3786/3786 3787/3787 3789/3789
f 3790/3790 3791/3791 3794/3794
f 3790/3790 3794/3794 3793/3793
f 3791/3791 3792/3792 3795/3795
f 3791/3791 3795/3795 3794/3794
f 3792/3792 3790/3790 3793/3793
f 3792/3792 3793/3793 3795/3795
f 3793/3793 3794/3794 3797/3797
f 3793/3793 3797/3797 3796/3796
f 3794/3794 3795/3795 3798/3798
f 3794/3794 3798/3798 3797/3797
f 3795/3795 3793/3793 3796/3796
f 3795/3795 3796/3796 3798/3798
f 3796/3796 3797/3797 3800/3800
f 3796/3796 3800/3800 3799/3799
f 3797/3797 3798/3798 3801/3801
f 3797/3797 3801/3801 3800/3800
f 3798/3798 3796/3796 3799/3799
f 3798/3798 3799/3799 3801/3801
f 3799/3799 3800/3800 3803/3803
f 3799/3799 3803/3803 3802/3802
f 3800/3800 3801/3801 3804/3804
f 3800/3800 3804/3804 3803/3803
f 3801/3801 3799/3799 3802/3802
f 3801/3801 3802/3802 3804/3804
f 3802/3802 3803/3803 3806/3806
f 3802/3802 3806/3806 3805/3805
f 3803/3803 3804/3804 3807/3807
f 3803/3803 3807/3807 3806/3806
f 3804/3804 3802/3802 3805/3805
f 3804/3804 3805/3805 3807/3807
f 3805/3805 3806/3806 3809/3809
f 3805/3805 3809/3809 3808/3808
f 3806/3806 3807/3807 3810/3810
f 3806/3806 3810/3810 3809/3809
f 3807/3807 3805/3805 3808/3808
f 3807/3807 3808/3808 3810/3810
f 3808/3808 3809/3809 3812/3812
f 3808/3808 3812/3812 3811/3811
f 3809/3809 3810/3810 3813/3813
f 3809/3809 3813/3813 3812/3812
f 3810/3810 3808/3808 3811/3811
f 3810/3810 3811/3811 3813/3813
f 3811/3811 3812/3812 3815/3815
f 3811/3811 3815/3815 3814/3814
f 3812/3812 3813/3813 3816/3816
f 3812/3812 3816/3816 3815/3815
f 3813/3813 3811/3811 3814/3814
f 3813/3813 3814/3814 3816/3816
f 3817/3817 3818/3818 3821/3821
f 3817/3817 3821/3821 3820/3820
f 3818/3818 3819/3819 3822/3822
f 3818/3818 3822/3822 3821/3821
f 3819/3819 3817/3817 3820/3820
f 3819/3819 3820/3820 3822/3822
f 3820/3820 3821/3821 3824/3824
f 3820/3820 3824/3824 3823/3823
f 3821/3821 3822/3822 3825/3825
f 3821/3821 3825/3825 3824/3824
f 3822/3822 3820/3820 3823/3823
f 3822/3822 3823/3823 3825/3825
f 3823/3823 3824/3824 3827/3827
f 3823/3823 3827/3827 3826/3826
f 3824/3824 3825/3825 3828/3828
f 3824/3824 3828/3828 3827/3827
f 3825/3825 3823/3823 3826/3826
f 3825/3825 3826/3826 3828/3828
f 3826/3826 3827/3827 3830/3830
f 3826/3826 3830/3830 3829/3829
f 3827/3827 3828/3828 3831/3831
f 3827/3827 3831/3831 3830/3830
f 3828/3828 3826/3826 3829/3829
f 3828/3828 3829/3829 3831/3831
f 3829/3829 3830/3830 3833/3833
f 3829/3829 3833/3833 3832/3832
f 3830/3830 3831/3831 3834/3834
f 3830/3830 3834/3834 3833/3833
f 3831/3831 3829/3829 3832/3832
f 3831/3831 3832/3832 3834/3834
f 3832/3832 3833/3833 3836/3836
f 3832/3832 3836/3836 3835/3835
f 3833/3833 3834/3834 3837/3837
f 3833/3833 3837/3837 3836/3836
f 3834/3834 3832/3832 3835/3835
f 3834/3834 3835/3835 3837/3837
f 3835/3835 3836/3836 3839/3839
f 3835/3835 3839/3839 3838/3838
f 3836/3836 3837/3837 3840/3840
f 3836/3836 3840/3840 3839/3839
f 3837/3837 3835/3835 3838/3838
f 3837/3837 3838/3838 3840/3840
f 3838/3838 3839/3839 3842/3842
f 3838/3838 3842/3842 3841/3841
f 3839/3839 3840/3840 3843/3843
f 3839/3839 3843/3843 3842/3842
f 3840/3840 3838/3838 3841/3841
f 3840/3840 3841/3841 3843/3843
f 3844/3844 3845/3845 3848/3848
f 3844/3844 3848/3848 3847/3847
f 3845/3845 3846/3846 3849/3849
f 3845/3845 3849/3849 3848/3848
f 3846/3846 3844/3844 3847/3847
f 3846/3846 3847/3847 3849/3849
f 3847/3847 3848/3848 3851/3851
f 3847/3847 3851/3851 3850/3850
f 3848/3848 3849/3849 3852/3852
f 3848/3848 3852/3852 3851/3851
f 3849/3849 3847/3847 3850/3850
f 3849/3849 3850/3850 3852/3852
f 3850/3850 3851/3851 3854/3854
f 3850/3850 3854/3854 3853/3853
f 3851/3851 3852/3852 3855/3855
f 3851/3851 3855/3855 3854/3854
f 3852/3852 3850/3850 3853/3853
f 3852/3852 3853/3853 3855/3855
f 3853/3853 3854/3854 3857/3857
f 3853/3853 3857/3857 3856/3856
f 3854/3854 3855/3855 3858/3858
f 3854/3854 3858/3858 3857/3857
f 3855/3855 3853/3853 3856/3856
f 3855/3855 3856/3856 3858/3858
f 3856/3856 3857/3857 3860/3860
f 3856/3856 3860/3860 3859/3859
f 3857/3857 3858/3858 3861/3861
f 3857/3857 3861/3861 3860/3860
f 3858/3858 3856/3856 3859/3859
f 3858/3858 3859/3859 3861/3861
f 3859/3859 3860/3860 3863/3863
f 3859/3859 3863/3863 3862/3862
f 3860/3860 3861/3861 3864/3864
f 3860/3860 3864/3864 3863/3863
f 3861/3861 3859/3859 3862/3862
f 3861/3861 3862/3862 3864/3864
f 3862/3862 3863/3863 3866/3866
f 3862/3862 3866/3866 3865/3865
f 3863/3863 3864/3864 3867/3867
f 3863/3863 3867/3867 3866/3866
f 3864/3864 3862/3862 3865/3865
f 3864/3864 3865/3865 3867/3867
f 3865/3865 3866/3866 3869/3869
f 3865/3865 3869/3869 3868/3868
f 3866/3866 3867/3867 3870/3870
f 3866/3866 3870/3870 3869/3869
f 3867/3867 3865/3865 3868/3868
f 3867/3867 3868/3868 3870/3870
f 3871/3871 3872/3872 3875/3875
f 3871/3871 3875/3875 3874/3874
f 3872/3872 3873/3873 3876/3876
f 3872/3872 3876/3876 3875/3875
f 3873/3873 3871/3871 3874/3874
f 3873/3873 3874/3874 3876/3876
f 3874/3874 3875/3875 3878/3878
f 3874/3874 3878/3878 3877/3877
f 3875/3875 3876/3876 3879/3879
f 3875/3875 3879/3879 3878/3878
f 3876/3876 3874/3874 3877/3877
f 3876/3876 3877/3877 3879/3879
f 3877/3877 3878/3878 3881/3881
f 3877/3877 3881/3881 3880/3880
f 3878/3878 3879/3879 3882/3882
f 3878/3878 3882/3882 3881/3881
f 3879/3879 3877/3877 3880/3880
f 3879/3879 3880/3880 3882/3882
f 3880/3880 3881/3881 3884/3884
f 3880/3880 3884/3884 3883/3883
f 3881/3881 3882/3882 3885/3885
f 3881/3881 3885/3885 3884/3884
f 3882/3882 3880/3880 3883/3883
f 3882/3882 3883/3883 3885/3885
f 3883/3883 3884/3884 3887/3887
f 3883/3883 3887/3887 3886/3886
f 3884/3884 3885/3885 3888/3888
f 3884/3884 3888/3888 3887/3887
f 3885/3885 3883/3883 3886/3886
f 3885/3885 3886/3886 3888/3888
f 3886/3886 3887/3887 3890/3890
f 3886/3886 3890/3890 3889/3889
f 3887/3887 3888/3888 3891/3891
f 3887/3887 3891/3891 3890/3890
f 3888/3888 3886/3886 3889/3889
f 3888/3888 3889/3889 3891/3891
f 3889/3889 3890/3890 3893/3893
f 3889/3889 3893/3893 3892/3892
f 3890/3890 3891/3891 3894/3894
f 3890/3890 3894/3894 3893/3893
f 3891/3891 3889/3889 3892/3892
f 3891/3891 3892/3892 3894/3894
f 3892/3892 3893/3893 3896/3896
f 3892/3892 3896/3896 3895/3895
f 3893/3893 3894/3894 3897/3897
f 3893/3893 3897/3897 3896/3896
f 3894/3894 3892/3892 3895/3895
f 3894/3894 3895/3895 3897/3897
f 3898/3898 3899/3899 3902/3902
f 3898/3898 3902/3902 3901/3901
f 3899/3899 3900/3900 3903/3903
f 3899/3899 3903/3903 3902/3902
f 3900/3900 3898/3898 3901/3901
f 3900/3900 3901/3901 3903/3903
f 3901/3901 3902/3902 3905/3905
f 3901/3901 3905/3905 3904/3904
f 3902/3902 3903/3903 3906/3906
f 3902/3902 3906/3906 3905/3905
f 3903/3903 3901/3901 3904/3904
f 3903/3903 3904/3904 3906/3906
f 3904/3904 3905/3905 3908/3908
f 3904/3904 3908/3908 3907/3907
f 3905/3905 3906/3906 3909/3909
f 3905/3905 3909/3909 3908/3908
f 3906/3906 3904/3904 3907/3907
f 3906/3906 3907/3907 3909/3909
f 3907/3907 3908/3908 3911/3911
f 3907/3907 3911/3911 3910/3910
f 3908/3908 3909/3909 3912/3912
f 3908/3908 3912/3912 3911/3911
f 3909/3909 3907/3907 3910/3910
f 3909/3909 3910/3910 3912/3912
f 3910/3910 3911/3911 3914/3914
f 3910/3910 3914/3914 3913/3913
f 3911/3911 3912/3912 3915/3915
f 3911/3911 3915/3915 3914/3914
f 3912/3912 3910/3910 3913/3913
f 3912/3912 3913/3913 3915/3915
f 3913/3913 3914/3914 3917/3917
f 3913/3913 3917/3917 3916/3916
f 3914/3914 3915/3915 3918/3918
f 3914/3914 3918/3918 3917/3917
f 3915/3915 3913/3913 3916/3916
f 3915/3915 3916/3916 3918/3918
f 3916/3916 3917/3917 3920/3920
f 3916/3916 3920/3920 3919/3919
f 3917/3917 3918/3918 3921/3921
f 3917/3917 3921/3921 3920/3920
f 3918/3918 3916/3916 3919/3919
f 3918/3918 3919/3919 3921/3921
f 3919/3919 3920/3920 3923/3923
f 3919/3919 3923/3923 3922/3922
f 3920/3920 3921/3921 3924/3924
f 3920/3920 3924/3924 3923/3923
f 3921/3921 3919/3919 3922/3922
f 3921/3921 3922/3922 3924/3924
f 3925/3925 3926/3926 3929/3929
f 3925/3925 3929/3929 3928/3928
f 3926/3926 3927/3927 3930/3930
f 3926/3926 3930/3930 3929/3929
f 3927/3927 3925/3925 3928/3928
f 3927/3927 3928/3928 3930/3930
f 3928/3928 3929/3929 3932/3932
f 3928/3928 3932/3932 3931/3931
f 3929/3929 3930/3930 3933/3933
f 3929/3929 3933/3933 3932/3932
f 3930/3930 3928/3928 3931/3931
f 3930/3930 3931/3931 3933/3933
f 3931/3931 3932/3932 3935/3935
f 3931/3931 3935/3935 3934/3934
f 3932/3932 3933/3933 3936/3936
f 3932/3932 3936/3936 3935/3935
f 3933/3933 3931/3931 3934/3934
f 3933/3933 3934/3934 3936/3936
f 3934/3934 3935/3935 3938/3938
f 3934/3934 3938/3938 3937/3937
f 3935/3935 3936/3936 3939/3939
f 3935/3935 3939/3939 3938/3938
f 3936/3936 3934/3934 3937/3937
f 3936/3936 3937/3937 3939/3939
f 3937/3937 3938/3938 3941/3941
f 3937/3937 3941/3941 3940/3940
f 3938/3938 3939/3939 3942/3942
f 3938/3938 3942/3942 3941/3941
f 3939/3939 3937/3937 3940/3940
f 3939/3939 3940/3940 3942/3942
f 3940/3940 3941/3941 3944/3944
f 3940/3940 3944/3944 3943/3943
f 3941/3941 3942/3942 3945/3945
f 3941/3941 3945/3945 3944/3944
f 3942/3942 3940/3940 3943/3943
f 3942/3942 3943/3943 3945/3945
f 3943/3943 3944/3944 3947/3947
f 3943/3943 3947/3947 3946/3946
f 3944/3944 3945/3945 3948/3948
f 3944/3944 3948/3948 3947/3947
f 3945/3945 3943/3943 3946/3946
f 3945/3945 3946/3946 3948/3948
f 3946/3946 3947/3947 3950/3950
f 3946/3946 3950/3950 3949/3949
f 3947/3947 3948/3948 3951/3951
f 3947/3947 3951/3951 3950/3950
f 3948/3948 3946/3946 3949/3949
f 3948/3948 3949/3949 3951/3951
f 3952/3952 3953/3953 3956/3956
f 3952/3952 3956/3956 3955/3955
f 3953/3953 3954/3954 3957/3957
f 3953/3953 3957/3957 3956/3956
f 3954/3954 3952/3952 3955/3955
f 3954/3954 3955/3955 3957/3957
f 3955/3955 3956/3956 3959/3959
f 3955/3955 3959/3959 3958/3958
f 3956/3956 3957/3957 3960/3960
f 3956/3956 3960/3960 3959/3959
f 3957/3957 3955/3955 3958/3958
f 3957/3957 3958/3958 3960/3960
f 3958/3958 3959/3959 3962/3962
f 3958/3958 3962/3962 3961/3961
f 3959/3959 3960/3960 3963/3963
f 3959/3959 3963/3963 3962/3962
f 3960/3960 3958/3958 3961/3961
f 3960/3960 3961/3961 3963/3963
f 3961/3961 3962/3962 3965/3965
f 3961/3961 3965/3965 3964/3964
f 3962/3962 3963/3963 3966/3966
f 3962/3962 3966/3966 3965/3965
f 3963/3963 3961/3961 3964/3964
f 3963/3963 3964/3964 3966/3966
f 3964/3964 3965/3965 3968/3968
f 3964/3964 3968/3968 3967/3967
f 3965/3965 3966/3966 3969/3969
f 3965/3965 3969/3969 3968/3968
f 3966/3966 3964/3964 3967/3967
f 3966/3966 3967/3967 3969/3969
f 3967/3967 3968/3968 3971/3971
f 3967/3967 3971/3971 3970/3970
f 3968/3968 3969/3969 3972/3972
f 3968/3968 3972/3972 3971/3971
f 3969/3969 3967/3967 3970/3970
f 3969/3969 3970/3970 3972/3972
f 3970/3970 3971/3971 3974/3974
f 3970/3970 3974/3974 3973/3973
f 3971/3971 3972/3972 3975/3975
f 3971/3971 3975/3975 3974/3974
f 3972/3972 3970/3970 3973/3973
f 3972/3972 3973/3973 3975/3975
f 3973/3973 3974/3974 3977/3977
f 3973/3973 3977/3977 3976/3976
f 3974/3974 3975/3975 3978/3978
f 3974/3974 3978/3978 3977/3977
f 3975/3975 3973/3973 3976/3976
f 3975/3975 3976/3976 3978/3978
f 3979/3979 3980/3980 3983/3983
f 3979/3979 3983/3983 3982/3982
f 3980/3980 3981/3981 3984/3984
f 3980/3980 3984/3984 3983/3983
f 3981/3981 3979/3979 3982/3982
f 3981/3981 3982/3982 3984/3984
f 3982/3982 3983/3983 3986/3986
f 3982/3982 3986/3986 3985/3985
f 3983/3983 3984/3984 3987/3987
f 3983/3983 3987/3987 3986/3986
f 3984/3984 3982/3982 3985/3985
f 3984/3984 3985/3985 3987/3987
f 3985/3985 3986/3986 3989/3989
f 3985/3985 3989/3989 3988/3988
f 3986/3986 3987/3987 3990/3990
f 3986/3986 3990/3990 3989/3989
f 3987/3987 3985/3985 3988/3988
f 3987/3987 3988/3988 3990/3990
f 3988/3988 3989/3989 3992/3992
f 3988/3988 3992/3992 3991/3991
f 3989/3989 3990/3990 3993/3993
f 3989/3989 3993/3993 3992/3992
f 3990/3990 3988/3988 3991/3991
f 3990/3990 3991/3991 3993/3993
f 3991/3991 3992/3992 3995/3995
f 3991/3991 3995/3995 3994/3994
f 3992/3992 3993/3993 3996/3996
f 3992/3992 3996/3996 3995/3995
f 3993/3993 3991/3991 3994/3994
f 3993/3993 3994/3994 3996/3996
f 3994/3994 3995/3995 3998/3998
f 3994/3994 3998/3998 3997/3997
f 3995/3995 3996/3996 3999/3999
f 3995/3995 3999/3999 3998/3998
f 3996/3996 3994/3994 3997/3997
f 3996/3996 3997/3997 3999/3999
f 3997/3997 3998/3998 4001/4001
f 3997/3997 4001/4001 4000/4000
f 3998/3998 3999/3999 4002/4002
f 3998/3998 4002/4002 4001/4001
f 3999/3999 3997/3997 4000/4000
f 3999/3999 4000/4000 4002/4002
f 4000/4000 4001/4001 4004/4004
f 4000/4000 4004/4004 4003/4003
f 4001/4001 4002/4002 4005/4005
f 4001/4001 4005/4005 4004/4004
f 4002/4002 4000/4000 4003/4003
f 4002/4002 4003/4003 4005/4005
f 4006/4006 4007/4007 4010/4010
f 4006/4006 4010/4010 4009/4009
f 4007/4007 4008/4008 4011/4011
f 4007/4007 4011/4011 4010/4010
f 4008/4008 4006/4006 4009/4009
f 4008/4008 4009/4009 4011/4011
f 4009/4009 4010/4010 4013/4013
f 4009/4009 4013/4013 4012/4012
f 4010/4010 4011/4011 4014/4014
f 4010/4010 4014/4014 4013/4013
f 4011/4011 4009/4009 4012/4012
f 4011/4011 4012/4012 4014/4014
f 4012/4012 4013/4013 4016/4016
f 4012/4012 4016/4016 4015/4015
f 4013/4013 4014/4014 4017/4017
f 4013/4013 4017/4017 4016/4016
f 4014/4014 4012/4012 4015/4015
f 4014/4014 4015/4015 4017/4017
f 4015/4015 4016/4016 4019/4019
f 4015/4015 4019/4019 4018/4018
f 4016/4016 4017/4017 4020/4020
f 4016/4016 4020/4020 4019/4019
f 4017/4017 4015/4015 4018/4018
f 4017/4017 4018/4018 4020/4020
f 4018/4018 4019/4019 4022/4022
f 4018/4018 4022/4022 4021/4021
f 4019/4019 4020/4020 4023/4023
f 4019/4019 4023/4023 4022/4022
f 4020/4020 4018/4018 4021/4021
f 4020/4020 4021/4021 4023/4023
f 4021/4021 4022/4022 4025/4025
f 4021/4021 4025/4025 4024/4024
f 4022/4022 4023/4023 4026/4026
f 4022/4022 4026/4026 4025/4025
f 4023/4023 4021/4021 4024/4024
f 4023/4023 4024/4024 4026/4026
f 4024/4024 4025/4025 4028/4028
f 4024/4024 4028/4028 4027/4027
f 4025/4025 4026/4026 4029/4029
f 4025/4025 4029/4029 4028/4028
f 4026/4026 4024/4024 4027/4027
f 4026/4026 4027/4027 4029/4029
f 4027/4027 4028/4028 4031/4031
f 4027/4027 4031/4031 4030/4030
f 4028/4028 4029/4029 4032/4032
f 4028/4028 4032/4032 4031/4031
f 4029/4029 4027/4027 4030/4030
f 4029/4029 4030/4030 4032/4032
f 4033/4033 4034/4034 4037/4037
f 4033/4033 4037/4037 4036/4036
f 4034/4034 4035/4035 4038/4038
f 4034/4034 4038/4038 4037/4037
f 4035/4035 4033/4033 4036/4036
f 4035/4035 4036/4036 4038/4038
f 4036/4036 4037/4037 4040/4040
f 4036/4036 4040/4040 4039/4039
f 4037/4037 4038/4038 4041/4041
f 4037/4037 4041/4041 4040/4040
f 4038/4038 4036/4036 4039/4039
f 4038/4038 4039/4039 4041/4041
f 4039/4039 4040/4040 4043/4043
f 4039/4039 4043/4043 4042/4042
f 4040/4040 4041/4041 4044/4044
f 4040/4040 4044/4044 4043/4043
f 4041/4041 4039/4039 4042/4042
f 4041/4041 4042/4042 4044/4044
f 4042/4042 4043/4043 4046/4046
f 4042/4042 4046/4046 4045/4045
f 4043/4043 4044/4044 4047/4047
f 4043/4043 4047/4047 4046/4046
f 4044/4044 4042/4042 4045/4045
f 4044/4044 4045/4045 4047/4047
f 4045/4045 4046/4046 4049/4049
f 4045/4045 4049/4049 4048/4048
f 4046/4046 4047/4047 4050/4050
f 4046/4046 4050/4050 4049/4049
f 4047/4047 4045/4045 4048/4048
f 4047/4047 4048/4048 4050/4050
f 4048/4048 4049/4049 4052/4052
f 4048/4048 4052/4052 4051/4051
f 4049/4049 4050/4050 4053/4053
f 4049/4049 4053/4053 4052/4052
f 4050/4050 4048/4048 4051/4051
f 4050/4050 4051/4051 4053/4053
f 4051/4051 4052/4052 4055/4055
f 4051/4051 4055/4055 4054/4054
f 4052/4052 4053/4053 4056/4056
f 4052/4052 4056/4056 4055/4055
f 4053/4053 4051/4051 4054/4054
f 4053/4053 4054/4054 4056/4056
f 4054/4054 4055/4055 4058/4058
f 4054/4054 4058/4058 4057/4057
f 4055/4055 4056/4056 4059/4059
f 4055/4055 4059/4059 4058/4058
f 4056/4056 4054/4054 4057/4057
f 4056/4056 4057/4057 4059/4059
f 4060/4060 4061/4061 4064/4064
f 4060/4060 4064/4064 4063/4063
f 4061/4061 4062/4062 4065/4065
f 4061/4061 4065/4065 4064/4064
f 4062/4062 4060/4060 4063/4063
f 4062/4062 4063/4063 4065/4065
f 4063/4063 4064/4064 4067/4067
f 4063/4063 4067/4067 4066/4066
f 4064/4064 4065/4065 4068/4068
f 4064/4064 4068/4068 4067/4067
f 4065/4065 4063/4063 4066/4066
f 4065/4065 4066/4066 4068/4068
f 4066/4066 4067/4067 4070/4070
f 4066/4066 4070/4070 4069/4069
f 4067/4067 4068/4068 4071/4071
f 4067/4067 4071/4071 4070/4070
f 4068/4068 4066/4066 4069/4069
f 4068/4068 4069/4069 4071/4071
f 4069/4069 4070/4070 4073/4073
f 4069/4069 4073/4073 4072/4072
f 4070/4070 4071/4071 4074/4074
f 4070/4070 4074/4074 4073/4073
f 4071/4071 4069/4069 4072/4072
f 4071/4071 4072/4072 4074/4074
f 4072/4072 4073/4073 4076/4076
f 4072/4072 4076/4076 4075/4075
f 4073/4073 4074/4074 4077/4077
f 4073/4073 4077/4077 4076/4076
f 4074/4074 4072/4072 4075/4075
f 4074/4074 4075/4075 4077/4077
f 4075/4075 4076/4076 4079/4079
f 4075/4075 4079/4079 4078/4078
f 4076/4076 4077/4077 4080/4080
f 4076/4076 4080/4080 4079/4079
f 4077/4077 4075/4075 4078/4078
f 4077/4077 4078/4078 4080/4080
f 4078/4078 4079/4079 4082/4082
f 4078/4078 4082/4082 4081/4081
f 4079/4079 4080/4080 4083/4083
f 4079/4079 4083/4083 4082/4082
f 4080/4080 4078/4078 4081/4081
f 4080/4080 4081/4081 4083/4083
f 4081/4081 4082/4082 4085/4085
f 4081/4081 4085/4085 4084/4084
f 4082/4082 4083/4083 4086/4086
f 4082/4082 4086/4086 4085/4085
f 4083/4083 4081/4081 4084/4084
f 4083/4083 4084/4084 4086/4086
f 4087/4087 4088/4088 4091/4091
f 4087/4087 4091/4091 4090/4090
f 4088/4088 4089/4089 4092/4092
f 4088/4088 4092/4092 4091/4091
f 4089/4089 4087/4087 4090/4090
f 4089/4089 4090/4090 4092/4092
f 4090/4090 4091/4091 4094/4094
f 4090/4090 4094/4094 4093/4093
f 4091/4091 4092/4092 4095/4095
f 4091/4091 4095/4095 4094/4094
f 4092/4092 4090/4090 4093/4093
f 4092/4092 4093/4093 4095/4095
f 4093/4093 4094/4094 4097/4097
f 4093/4093 4097/4097 4096/4096
f 4094/4094 4095/4095 4098/4098
f 4094/4094 4098/4098 4097/4097
f 4095/4095 4093/4093 4096/4096
f 4095/4095 4096/4096 4098/4098
f 4096/4096 4097/4097 4100/4100
f 4096/4096 4100/4100 4099/4099
f 4097/4097 4098/4098 4101/4101
f 4097/4097 4101/4101 4100/4100
f 4098/4098 4096/4096 4099/4099
f 4098/4098 4099/4099 4101/4101
f 4099/4099 4100/4100 4103/4103
f 4099/4099 4103/4103 4102/4102
f 4100/4100 4101/4101 4104/4104
f 4100/4100 4104/4104 4103/4103
f 4101/4101 4099/4099 4102/4102
f 4101/4101 4102/4102 4104/4104
f 4102/4102 4103/4103 4106/4106
f 4102/4102 4106/4106 4105/4105
f 4103/4103 4104/4104 4107/4107
f 4103/4103 4107/4107 4106/4106
f 4104/4104 4102/4102 4105/4105
f 4104/4104 4105/4105 4107/4107
f 4105/4105 4106/4106 4109/4109
f 4105/4105 4109/4109 4108/4108
f 4106/4106 4107/4107 4110/4110
f 4106/4106 4110/4110 4109/4109
f 4107/4107 4105/4105 4108/4108
f 4107/4107 4108/4108 4110/4110
f 4108/4108 4109/4109 4112/4112
f 4108/4108 4112/4112 4111/4111
f 4109/4109 4110/4110 4113/4113
f 4109/4109 4113/4113 4112/4112
f 4110/4110 4108/4108 4111/4111
f 4110/4110 4111/4111 4113/4113
f 4114/4114 4115/4115 4118/4118
f 4114/4114 4118/4118 4117/4117
f 4115/4115 4116/4116 4119/4119
f 4115/4115 4119/4119 4118/4118
f 4116/4116 4114/4114 4117/4117
f 4116/4116 4117/4117 4119/4119
f 4117/4117 4118/4118 4121/4121
f 4117/4117 4121/4121 4120/4120
f 4118/4118 4119/4119 4122/4122
f 4118/4118 4122/4122 4121/4121
f 4119/4119 4117/4117 4120/4120
f 4119/4119 4120/4120 4122/4122
f 4120/4120 4121/4121 4124/4124
f 4120/4120 4124/4124 4123/4123
f 4121/4121 4122/4122 4125/4125
f 4121/4121 4125/4125 4124/4124
f 4122/4122 4120/4120 4123/4123
f 4122/4122 4123/4123 4125/4125
f 4123/4123 4124/4124 4127/4127
f 4123/4123 4127/4127 4126/4126
f 4124/4124 4125/4125 4128/4128
f 4124/4124 4128/4128 4127/4127
f 4125/4125 4123/4123 4126/4126
f 4125/4125 4126/4126 4128/4128
f 4126/4126 4127/4127 4130/4130
f 4126/4126 4130/4130 4129/4129
f 4127/4127 4128/4128 4131/4131
f 4127/4127 4131/4131 4130/4130
f 4128/4128 4126/4126 4129/4129
f 4128/4128 4129/4129 4131/4131
f 4129/4129 4130/4130 4133/4133
f 4129/4129 4133/4133 4132/4132
f 4130/4130 4131/4131 4134/4134
f 4130/4130 4134/4134 4133/4133
f 4131/4131 4129/4129 4132/4132
f 4131/4131 4132/4132 4134/4134
f 4132/4132 4133/4133 4136/4136
f 4132/4132 4136/4136 4135/4135
f 4133/4133 4134/4134 4137/4137
f 4133/4133 4137/4137 4136/4136
f 4134/4134 4132/4132 4135/4135
f 4134/4134 4135/4135 4137/4137
f 4135/4135 4136/4136 4139/4139
f 4135/4135 4139/4139 4138/4138
f 4136/4136 4137/4137 4140/4140
f 4136/4136 4140/4140 4139/4139
f 4137/4137 4135/4135 4138/4138
f 4137/4137 4138/4138 4140/4140
f 4141/4141 4142/4142 4145/4145
f 4141/4141 4145/4145 4144/4144
f 4142/4142 4143/4143 4146/4146
f 4142/4142 4146/4146 4145/4145
f 4143/4143 4141/4141 4144/4144
f 4143/4143 4144/4144 4146/4146
f 4144/4144 4145/4145 4148/4148
f 4144/4144 4148/4148 4147/4147
f 4145/4145 4146/4146 4149/4149
f 4145/4145 4149/4149 4148/4148
f 4146/4146 4144/4144 4147/4147
f 4146/4146 4147/4147 4149/4149
f 4147/4147 4148/4148 4151/4151
f 4147/4147 4151/4151 4150/4150
f 4148/4148 4149/4149 4152/4152
f 4148/4148 4152/4152 4151/4151
f 4149/4149 4147/4147 4150/4150
f 4149/4149 4150/4150 4152/4152
f 4150/4150 4151/4151 4154/4154
f 4150/4150 4154/4154 4153/4153
f 4151/4151 4152/4152 4155/4155
f 4151/4151 4155/4155 4154/4154
f 4152/4152 4150/4150 4153/4153
f 4152/4152 4153/4153 4155/4155
f 4153/4153 4154/4154 4157/4157
f 4153/4153 4157/4157 4156/4156
f 4154/4154 4155/4155 4158/4158
f 4154/4154 4158/4158 4157/4157
f 4155/4155 4153/4153 4156/4156
f 4155/4155 4156/4156 4158/4158
f 4156/4156 4157/4157 4160/4160
f 4156/4156 4160/4160 4159/4159
f 4157/4157 4158/4158 4161/4161
f 4157/4157 4161/4161 4160/4160
f 4158/4158 4156/4156 4159/4159
f 4158/4158 4159/4159 4161/4161
f 4159/4159 4160/4160 4163/4163
f 4159/4159 4163/4163 4162/4162
f 4160/4160 4161/4161 4164/4164
f 4160/4160 4164/4164 4163/4163
f 4161/4161 4159/4159 4162/4162
f 4161/4161 4162/4162 4164/4164
f 4162/4162 4163/4163 4166/4166
f 4162/4162 4166/4166 4165/4165
f 4163/4163 4164/4164 4167/4167
f 4163/4163 4167/4167 4166/4166
f 4164/4164 4162/4162 4165/4165
f 4164/4164 4165/4165 4167/4167
f 4168/4168 4169/4169 4172/4172
f 4168/4168 4172/4172 4171/4171
f 4169/4169 4170/4170 4173/4173
f 4169/4169 4173/4173 4172/4172
f 4170/4170 4168/4168 4171/4171
f 4170/4170 4171/4171 4173/4173
f 4171/4171 4172/4172 4175/4175
f 4171/4171 4175/4175 4174/4174
f 4172/4172 4173/4173 4176/4176
f 4172/4172 4176/4176 4175/4175
f 4173/4173 4171/4171 4174/4174
f 4173/4173 4174/4174 4176/4176
f 4174/4174 4175/4175 4178/4178
f 4174/4174 4178/4178 4177/4177
f 4175/4175 4176/4176 4179/4179
f 4175/4175 4179/4179 4178/4178
f 4176/4176 4174/4174 4177/4177
f 4176/4176 4177/4177 4179/4179
f 4177/4177 4178/4178 4181/4181
f 4177/4177 4181/4181 4180/4180
f 4178/4178 4179/4179 4182/4182
f 4178/4178 4182/4182 4181/4181
f 4179/4179 4177/4177 4180/4180
f 4179/4179 4180/4180 4182/4182
f 4180/4180 4181/4181 4184/4184
f 4180/4180 4184/4184 4183/4183
f 4181/4181 4182/4182 4185/4185
f 4181/4181 4185/4185 4184/4184
f 4182/4182 4180/4180 4183/4183
f 4182/4182 4183/4183 4185/4185
f 4183/4183 4184/4184 4187/4187
f 4183/4183 4187/4187 4186/4186
f 4184/4184 4185/4185 4188/4188
f 4184/4184 4188/4188 4187/4187
f 4185/4185 4183/4183 4186/4186
f 4185/4185 4186/4186 4188/4188
f 4186/4186 4187/4187 4190/4190
f 4186/4186 4190/4190 4189/4189
f 4187/4187 4188/4188 4191/4191
f 4187/4187 4191/4191 4190/4190
f 4188/4188 4186/4186 4189/4189
f 4188/4188 4189/4189 4191/4191
f 4189/4189 4190/4190 4193/4193
f 4189/4189 4193/4193 4192/4192
f 4190/4190 4191/4191 4194/4194
f 4190/4190 4194/4194 4193/4193
f 4191/4191 4189/4189 4192/4192
f 4191/4191 4192/4192 4194/4194
f 4195/4195 4196/4196 4199/4199
f 4195/4195 4199/4199 4198/4198
f 4196/4196 4197/4197 4200/4200
f 4196/4196 4200/4200 4199/4199
f 4197/4197 4195/4195 4198/4198
f 4197/4197 4198/4198 4200/4200
f 4198/4198 4199/4199 4202/4202
f 4198/4198 4202/4202 4201/4201
f 4199/4199 4200/4200 4203/4203
f 4199/4199 4203/4203 4202/4202
f 4200/4200 4198/4198 4201/4201
f 4200/4200 4201/4201 4203/4203
f 4201/4201 4202/4202 4205/4205
f 4201/4201 4205/4205 4204/4204
f 4202/4202 4203/4203 4206/4206
f 4202/4202 4206/4206 4205/4205
f 4203/4203 4201/4201 4204/4204
f 4203/4203 4204/4204 4206/4206
f 4204/4204 4205/4205 4208/4208
f 4204/4204 4208/4208 4207/4207
f 4205/4205 4206/4206 4209/4209
f 4205/4205 4209/4209 4208/4208
f 4206/4206 4204/4204 4207/4207
f 4206/4206 4207/4207 4209/4209
f 4207/4207 4208/4208 4211/4211
f 4207/4207 4211/4211 4210/4210
f 4208/4208 4209/4209 4212/4212
f 4208/4208 4212/4212 4211/4211
f 4209/4209 4207/4207 4210/4210
f 4209/4209 4210/4210 4212/4212
f 4210/4210 4211/4211 4214/4214
f 4210/4210 4214/4214 4213/4213
f 4211/4211 4212/4212 4215/4215
f 4211/4211 4215/4215 4214/4214
f 4212/4212 4210/4210 4213/4213
f 4212/4212 4213/4213 4215/4215
f 4213/4213 4214/4214 4217/4217
f 4213/4213 4217/4217 4216/4216
f 4214/4214 4215/4215 4218/4218
f 4214/4214 4218/4218 4217/4217
f 4215/4215 4213/4213 4216/4216
f 4215/4215 4216/4216 4218/4218
f 4216/4216 4217/4217 4220/4220
f 4216/4216 4220/4220 4219/4219
f 4217/4217 4218/4218 4221/4221
f 4217/4217 4221/4221 4220/4220
f 4218/4218 4216/4216 4219/4219
f 4218/4218 4219/4219 4221/4221
f 4222/4222 4223/4223 4226/4226
f 4222/4222 4226/4226 4225/4225
f 4223/4223 4224/4224 4227/4227
f 4223/4223 4227/4227 4226/4226
f 4224/4224 4222/4222 4225/4225
f 4224/4224 4225/4225 4227/4227
f 4225/4225 4226/4226 4229/4229
f 4225/4225 4229/4229 4228/4228
f 4226/4226 4227/4227 4230/4230
f 4226/4226 4230/4230 4229/4229
f 4227/4227 4225/4225 4228/4228
f 4227/4227 4228/4228 4230/4230
f 4228/4228 4229/4229 4232/4232
f 4228/4228 4232/4232 4231/4231
f 4229/4229 4230/4230 4233/4233
f 4229/4229 4233/4233 4232/4232
f 4230/4230 4228/4228 4231/4231
f 4230/4230 4231/4231 4233/4233
f 4231/4231 4232/4232 4235/4235
f 4231/4231 4235/4235 4234/4234
f 4232/4232 4233/4233 4236/4236
f 4232/4232 4236/4236 4235/4235
f 4233/4233 4231/4231 4234/4234
f 4233/4233 4234/4234 4236/4236
f 4234/4234 4235/4235 4238/4238
f 4234/4234 4238/4238 4237/4237
f 4235/4235 4236/4236 4239/4239
f 4235/4235 4239/4239 4238/4238
f 4236/4236 4234/4234 4237/4237
f 4236/4236 4237/4237 4239/4239
f 4237/4237 4238/4238 4241/4241
f 4237/4237 4241/4241 4240/4240
f 4238/4238 4239/4239 4242/4242
f 4238/4238 4242/4242 4241/4241
f 4239/4239 4237/4237 4240/4240
f 4239/4239 4240/4240 4242/4242
f 4240/4240 4241/4241 4244/4244
f 4240/4240 4244/4244 4243/4243
f 4241/4241 4242/4242 4245/4245
f 4241/4241 4245/4245 4244/4244
f 4242/4242 4240/4240 4243/4243
f 4242/4242 4243/4243 4245/4245
f 4243/4243 4244/4244 4247/4247
f 4243/4243 4247/4247 4246/4246
f 4244/4244 4245/4245 4248/4248
f 4244/4244 4248/4248 4247/4247
f 4245/4245 4243/4243 4246/4246
f 4245/4245 4246/4246 4248/4248
f 4249/4249 4250/4250 4253/4253
f 4249/4249 4253/4253 4252/4252
f 4250/4250 4251/4251 4254/4254
f 4250/4250 4254/4254 4253/4253
f 4251/4251 4249/4249 4252/4252
f 4251/4251 4252/4252 4254/4254
f 4252/4252 4253/4253 4256/4256
f 4252/4252 4256/4256 4255/4255
f 4253/4253 4254/4254 4257/4257
f 4253/4253 4257/4257 4256/4256
f 4254/4254 4252/4252 4255/4255
f 4254/4254 4255/4255 4257/4257
f 4255/4255 4256/4256 4259/4259
f 4255/4255 4259/4259 4258/4258
f 4256/4256 4257/4257 4260/4260
f 4256/4256 4260/4260 4259/4259
f 4257/4257 4255/4255 4258/4258
f 4257/4257 4258/4258 4260/4260
f 4258/4258 4259/4259 4262/4262
f 4258/4258 4262/4262 4261/4261
f 4259/4259 4260/4260 4263/4263
f 4259/4259 4263/4263 4262/4262
f 4260/4260 4258/4258 4261/4261
f 4260/4260 4261/4261 4263/4263
f 4261/4261 4262/4262 4265/4265
f 4261/4261 4265/4265 4264/4264
f 4262/4262 4263/4263 4266/4266
f 4262/4262 4266/4266 4265/4265
f 4263/4263 4261/4261 4264/4264
f 4263/4263 4264/4264 4266/4266
f 4264/4264 4265/4265 4268/4268
f 4264/4264 4268/4268 4267/4267
f 4265/4265 4266/4266 4269/4269
f 4265/4265 4269/4269 4268/4268
f 4266/4266 4264/4264 4267/4267
f 4266/4266 4267/4267 4269/4269
f 4267/4267 4268/4268 4271/4271
f 4267/4267 4271/4271 4270/4270
f 4268/4268 4269/4269 4272/4272
f 4268/4268 4272/4272 4271/4271
f 4269/4269 4267/4267 4270/4270
f 4269/4269 4270/4270 4272/4272
f 4270/4270 4271/4271 4274/4274
f 4270/4270 4274/4274 4273/4273
f 4271/4271 4272/4272 4275/4275
f 4271/4271 4275/4275 4274/4274
f 4272/4272 4270/4270 4273/4273
f 4272/4272 4273/4273 4275/4275
f 4276/4276 4277/4277 4280/4280
f 4276/4276 4280/4280 4279/4279
f 4277/4277 4278/4278 4281/4281
f 4277/4277 4281/4281 4280/4280
f 4278/4278 4276/4276 4279/4279
f 4278/4278 4279/4279 4281/4281
f 4279/4279 4280/4280 4283/4283
f 4279/4279 4283/4283 4282/4282
f 4280/4280 4281/4281 4284/4284
f 4280/4280 4284/4284 4283/4283
f 4281/4281 4279/4279 4282/4282
f 4281/4281 4282/4282 4284/4284
f 4282/4282 4283/4283 4286/4286
f 4282/4282 4286/4286 4285/4285
f 4283/4283 4284/4284 4287/4287
f 4283/4283 4287/4287 4286/4286
f 4284/4284 4282/4282 4285/4285
f 4284/4284 4285/4285 4287/4287
f 4285/4285 4286/4286 4289/4289
f 4285/4285 4289/4289 4288/4288
f 4286/4286 4287/4287 4290/4290
f 4286/4286 4290/4290 4289/4289
f 4287/4287 4285/4285 4288/4288
f 4287/4287 4288/4288 4290/4290
f 4288/4288 4289/4289 4292/4292
f 4288/4288 4292/4292 4291/4291
f 4289/4289 4290/4290 4293/4293
f 4289/4289 4293/4293 4292/4292
f 4290/4290 4288/4288 4291/4291
f 4290/4290 4291/4291 4293/4293
f 4291/4291 4292/4292 4295/4295
f 4291/4291 4295/4295 4294/4294
f 4292/4292 4293/4293 4296/4296
f 4292/4292 4296/4296 4295/4295
f 4293/4293 4291/4291 4294/4294
f 4293/4293 4294/4294 4296/4296
f 4294/4294 4295/4295 4298/4298
f 4294/4294 4298/4298 4297/4297
f 4295/4295 4296/4296 4299/4299
f 4295/4295 4299/4299 4298/4298
f 4296/4296 4294/4294 4297/4297
f 4296/4296 4297/4297 4299/4299
f 4297/4297 4298/4298 4301/4301
f 4297/4297 4301/4301 4300/4300
f 4298/4298 4299/4299 4302/4302
f 4298/4298 4302/4302 4301/4301
f 4299/4299 4297/4297 4300/4300
f 4299/4299 4300/4300 4302/4302
f 4303/4303 4304/4304 4307/4307
f 4303/4303 4307/4307 4306/4306
f 4304/4304 4305/4305 4308/4308
f 4304/4304 4308/4308 4307/4307
f 4305/4305 4303/4303 4306/4306
f 4305/4305 4306/4306 4308/4308
f 4306/4306 4307/4307 4310/4310
f 4306/4306 4310/4310 4309/4309
f 4307/4307 4308/4308 4311/4311
f 4307/4307 4311/4311 4310/4310
f 4308/4308 4306/4306 4309/4309
f 4308/4308 4309/4309 4311/4311
f 4309/4309 4310/4310 4313/4313
f 4309/4309 4313/4313 4312/4312
f 4310/4310 4311/4311 4314/4314
f 4310/4310 4314/4314 4313/4313
f 4311/4311 4309/4309 4312/4312
f 4311/4311 4312/4312 4314/4314
f 4312/4312 4313/4313 4316/4316
f 4312/4312 4316/4316 4315/4315
f 4313/4313 4314/4314 4317/4317
f 4313/4313 4317/4317 4316/4316
f 4314/4314 4312/4312 4315/4315
f 4314/4314 4315/4315 4317/4317
f 4315/4315 4316/4316 4319/4319
f 4315/4315 4319/4319 4318/4318
f 4316/4316 4317/4317 4320/4320
f 4316/4316 4320/4320 4319/4319
f 4317/4317 4315/4315 4318/4318
f 4317/4317 4318/4318 4320/4320
f 4318/4318 4319/4319 4322/4322
f 4318/4318 4322/4322 4321/4321
f 4319/4319 4320/4320 4323/4323
f 4319/4319 4323/4323 4322/4322
f 4320/4320 4318/4318 4321/4321
f 4320/4320 4321/4321 4323/4323
f 4321/4321 4322/4322 4325/4325
f 4321/4321 4325/4325 4324/4324
f 4322/4322 4323/4323 4326/4326
f 4322/4322 4326/4326 4325/4325
f 4323/4323 4321/4321 4324/4324
f 4323/4323 4324/4324 4326/4326
f 4324/4324 4325/4325 4328/4328
f 4324/4324 4328/4328 4327/4327
f 4325/4325 4326/4326 4329/4329
f 4325/4325 4329/4329 4328/4328
f 4326/4326 4324/4324 4327/4327
f 4326/4326 4327/4327 4329/4329
f 4330/4330 4331/4331 4334/4334
f 4330/4330 4334/4334 4333/4333
f 4331/4331 4332/4332 4335/4335
f 4331/4331 4335/4335 4334/4334
f 4332/4332 4330/4330 4333/4333
f 4332/4332 4333/4333 4335/4335
f 4333/4333 4334/4334 4337/4337
f 4333/4333 4337/4337 4336/4336
f 4334/4334 4335/4335 4338/4338
f 4334/4334 4338/4338 4337/4337
f 4335/4335 4333/4333 4336/4336
f 4335/4335 4336/4336 4338/4338
f 4336/4336 4337/4337 4340/4340
f 4336/4336 4340/4340 4339/4339
f 4337/4337 4338/4338 4341/4341
f 4337/4337 4341/4341 4340/4340
f 4338/4338 4336/4336 4339/4339
f 4338/4338 4339/4339 4341/4341
f 4339/4339 4340/4340 4343/4343
f 4339/4339 4343/4343 4342/4342
f 4340/4340 4341/4341 4344/4344
f 4340/4340 4344/4344 4343/4343
f 4341/4341 4339/4339 4342/4342
f 4341/4341 4342/4342 4344/4344
f 4342/4342 4343/4343 4346/4346
f 4342/4342 4346/4346 4345/4345
f 4343/4343 4344/4344 4347/4347
f 4343/4343 4347/4347 4346/4346
f 4344/4344 4342/4342 4345/4345
f 4344/4344 4345/4345 4347/4347
f 4345/4345 4346/4346 4349/4349
f 4345/4345 4349/4349 4348/4348
f 4346/4346 4347/4347 4350/4350
f 4346/4346 4350/4350 4349/4349
f 4347/4347 4345/4345 4348/4348
f 4347/4347 4348/4348 4350/4350
f 4348/4348 4349/4349 4352/4352
f 4348/4348 4352/4352 4351/4351
f 4349/4349 4350/4350 4353/4353
f 4349/4349 4353/4353 4352/4352
f 4350/4350 4348/4348 4351/4351
f 4350/4350 4351/4351 4353/4353
f 4351/4351 4352/4352 4355/4355
f 4351/4351 4355/4355 4354/4354
f 4352/4352 4353/4353 4356/4356
f 4352/4352 4356/4356 4355/4355
f 4353/4353 4351/4351 4354/4354
f 4353/4353 4354/4354 4356/4356
f 4357/4357 4358/4358 4361/4361
f 4357/4357 4361/4361 4360/4360
f 4358/4358 4359/4359 4362/4362
f 4358/4358 4362/4362 4361/4361
f 4359/4359 4357/4357 4360/4360
f 4359/4359 4360/4360 4362/4362
f 4360/4360 4361/4361 4364/4364
f 4360/4360 4364/4364 4363/4363
f 4361/4361 4362/4362 4365/4365
f 4361/4361 4365/4365 4364/4364
f 4362/4362 4360/4360 4363/4363
f 4362/4362 4363/4363 4365/4365
f 4363/4363 4364/4364 4367/4367
f 4363/4363 4367/4367 4366/4366
f 4364/4364 4365/4365 4368/4368
f 4364/4364 4368/4368 4367/4367
f 4365/4365 4363/4363 4366/4366
f 4365/4365 4366/4366 4368/4368
f 4366/4366 4367/4367 4370/4370
f 4366/4366 4370/4370 4369/4369
f 4367/4367 4368/4368 4371/4371
f 4367/4367 4371/4371 4370/4370
f 4368/4368 4366/4366 4369/4369
f 4368/4368 4369/4369 4371/4371
f 4369/4369 4370/4370 4373/4373
f 4369/4369 4373/4373 4372/4372
f 4370/4370 4371/4371 4374/4374
f 4370/4370 4374/4374 4373/4373
f 4371/4371 4369/4369 4372/4372
f 4371/4371 4372/4372 4374/4374
f 4372/4372 4373/4373 4376/4376
f 4372/4372 4376/4376 4375/4375
f 4373/4373 4374/4374 4377/4377
f 4373/4373 4377/4377 4376/4376
f 4374/4374 4372/4372 4375/4375
f 4374/4374 4375/4375 4377/4377
f 4375/4375 4376/4376 4379/4379
f 4375/4375 4379/4379 4378/4378
f 4376/4376 4377/4377 4380/4380
f 4376/4376 4380/4380 4379/4379
f 4377/4377 4375/4375 4378/4378
f 4377/4377 4378/4378 4380/4380
f 4378/4378 4379/4379 4382/4382
f 4378/4378 4382/4382 4381/4381
f 4379/4379 4380/4380 4383/4383
f 4379/4379 4383/4383 4382/4382
f 4380/4380 4378/4378 4381/4381
f 4380/4380 4381/4381 4383/4383
f 4384/4384 4385/4385 4388/4388
f 4384/4384 4388/4388 4387/4387
f 4385/4385 4386/4386 4389/4389
f 4385/4385 4389/4389 4388/4388
f 4386/4386 4384/4384 4387/4387
f 4386/4386 4387/4387 4389/4389
f 4387/4387 4388/4388 4391/4391
f 4387/4387 4391/4391 4390/4390
f 4388/4388 4389/4389 4392/4392
f 4388/4388 4392/4392 4391/4391
f 4389/4389 4387/4387 4390/4390
f 4389/4389 4390/4390 4392/4392
f 4390/4390 4391/4391 4394/4394
f 4390/4390 4394/4394 4393/4393
f 4391/4391 4392/4392 4395/4395
f 4391/4391 4395/4395 4394/4394
f 4392/4392 4390/4390 4393/4393
f 4392/4392 4393/4393 4395/4395
f 4393/4393 4394/4394 4397/4397
f 4393/4393 4397/4397 4396/4396
f 4394/4394 4395/4395 4398/4398
f 4394/4394 4398/4398 4397/4397
f 4395/4395 4393/4393 4396/4396
f 4395/4395 4396/4396 4398/4398
f 4396/4396 4397/4397 4400/4400
f 4396/4396 4400/4400 4399/4399
f 4397/4397 4398/4398 4401/4401
f 4397/4397 4401/4401 4400/4400
f 4398/4398 4396/4396 4399/4399
f 4398/4398 4399/4399 4401/4401
f 4399/4399 4400/4400 4403/4403
f 4399/4399 4403/4403 4402/4402
f 4400/4400 4401/4401 4404/4404
f 4400/4400 4404/4404 4403/4403
f 4401/4401 4399/4399 4402/4402
f 4401/4401 4402/4402 4404/4404
f 4402/4402 4403/4403 4406/4406
f 4402/4402 4406/4406 4405/4405
f 4403/4403 4404/4404 4407/4407
f 4403/4403 4407/4407 4406/4406
f 4404/4404 4402/4402 4405/4405
f 4404/4404 4405/4405 4407/4407
f 4405/4405 4406/4406 4409/4409
f 4405/4405 4409/4409 4408/4408
f 4406/4406 4407/4407 4410/4410
f 4406/4406 4410/4410 4409/4409
f 4407/4407 4405/4405 4408/4408
f 4407/4407 4408/4408 4410/4410
f 4411/4411 4412/4412 4415/4415
f 4411/4411 4415/4415 4414/4414
f 4412/4412 4413/4413 4416/4416
f 4412/4412 4416/4416 4415/4415
f 4413/4413 4411/4411 4414/4414
f 4413/4413 4414/4414 4416/4416
f 4414/4414 4415/4415 4418/4418
f 4414/4414 4418/4418 4417/4417
f 4415/4415 4416/4416 4419/4419
f 4415/4415 4419/4419 4418/4418
f 4416/4416 4414/4414 4417/4417
f 4416/4416 4417/4417 4419/4419
f 4417/4417 4418/4418 4421/4421
f 4417/4417 4421/4421 4420/4420
f 4418/4418 4419/4419 4422/4422
f 4418/4418 4422/4422 4421/4421
f 4419/4419 4417/4417 4420/4420
f 4419/4419 4420/4420 4422/4422
f 4420/4420 4421/4421 4424/4424
f 4420/4420 4424/4424 4423/4423
f 4421/4421 4422/4422 4425/4425
f 4421/4421 4425/4425 4424/4424
f 4422/4422 4420/4420 4423/4423
f 4422/4422 4423/4423 4425/4425
f 4423/4423 4424/4424 4427/4427
f 4423/4423 4427/4427 4426/4426
f 4424/4424 4425/4425 4428/4428
f 4424/4424 4428/4428 4427/4427
f 4425/4425 4423/4423 4426/4426
f 4425/4425 4426/4426 4428/4428
f 4426/4426 4427/4427 4430/4430
f 4426/4426 4430/4430 4429/4429
f 4427/4427 4428/4428 4431/4431
f 4427/4427 4431/4431 4430/4430
f 4428/4428 4426/4426 4429/4429
f 4428/4428 4429/4429 4431/4431
f 4429/4429 4430/4430 4433/4433
f 4429/4429 4433/4433 4432/4432
f 4430/4430 4431/4431 4434/4434
f 4430/4430 4434/4434 4433/4433
f 4431/4431 4429/4429 4432/4432
f 4431/4431 4432/4432 4434/4434
f 4432/4432 4433/4433 4436/4436
f 4432/4432 4436/4436 4435/4435
f 4433/4433 4434/4434 4437/4437
f 4433/4433 4437/4437 4436/4436
f 4434/4434 4432/4432 4435/4435
f 4434/4434 4435/4435 4437/4437
f 4438/4438 4439/4439 4442/4442
f 4438/4438 4442/4442 4441/4441
f 4439/4439 4440/4440 4443/4443
f 4439/4439 4443/4443 4442/4442
f 4440/4440 4438/4438 4441/4441
f 4440/4440 4441/4441 4443/4443
f 4441/4441 4442/4442 4445/4445
f 4441/4441 4445/4445 4444/4444
f 4442/4442 4443/4443 4446/4446
f 4442/4442 4446/4446 4445/4445
f 4443/4443 4441/4441 4444/4444
f 4443/4443 4444/4444 4446/4446
f 4444/4444 4445/4445 4448/4448
f 4444/4444 4448/4448 4447/4447
f 4445/4445 4446/4446 4449/4449
f 4445/4445 4449/4449 4448/4448
f 4446/4446 4444/4444 4447/4447
f 4446/4446 4447/4447 4449/4449
f 4447/4447 4448/4448 4451/4451
f 4447/4447 4451/4451 4450/4450
f 4448/4448 4449/4449 4452/4452
f 4448/4448 4452/4452 4451/4451
f 4449/4449 4447/4447 4450/4450
f 4449/4449 4450/4450 4452/4452
f 4450/4450 4451/4451 4454/4454
f 4450/4450 4454/4454 4453/4453
f 4451/4451 4452/4452 4455/4455
f 4451/4451 4455/4455 4454/4454
f 4452/4452 4450/4450 4453/4453
f 4452/4452 4453/4453 4455/4455
f 4453/4453 4454/4454 4457/4457
f 4453/4453 4457/4457 4456/4456
f 4454/4454 4455/4455 4458/4458
f 4454/4454 4458/4458 4457/4457
f 4455/4455 4453/4453 4456/4456
f 4455/4455 4456/4456 4458/4458
f 4456/4456 4457/4457 4460/4460
f 4456/4456 4460/4460 4459/4459
f 4457/4457 4458/4458 4461/4461
f 4457/4457 4461/4461 4460/4460
f 4458/4458 4456/4456 4459/4459
f 4458/4458 4459/4459 4461/4461
f 4459/4459 4460/4460 4463/4463
f 4459/4459 4463/4463 4462/4462
f 4460/4460 4461/4461 4464/4464
f 4460/4460 4464/4464 4463/4463
f 4461/4461 4459/4459 4462/4462
f 4461/4461 4462/4462 4464/4464
f 4465/4465 4466/4466 4469/4469
f 4465/4465 4469/4469 4468/4468
f 4466/4466 4467/4467 4470/4470
f 4466/4466 4470/4470 4469/4469
f 4467/4467 4465/4465 4468/4468
f 4467/4467 4468/4468 4470/4470
f 4468/4468 4469/4469 4472/4472
f 4468/4468 4472/4472 4471/4471
f 4469/4469 4470/4470 4473/4473
f 4469/4469 4473/4473 4472/4472
f 4470/4470 4468/4468 4471/4471
f 4470/4470 4471/4471 4473/4473
f 4471/4471 4472/4472 4475/4475
f 4471/4471 4475/4475 4474/4474
f 4472/4472 4473/4473 4476/4476
f 4472/4472 4476/4476 4475/4475
f 4473/4473 4471/4471 4474/4474
f 4473/4473 4474/4474 4476/4476
f 4474/4474 4475/4475 4478/4478
f 4474/4474 4478/4478 4477/4477
f 4475/4475 4476/4476 4479/4479
f 4475/4475 4479/4479 4478/4478
f 4476/4476 4474/4474 4477/4477
f 4476/4476 4477/4477 4479/4479
f 4477/4477 4478/4478 4481/4481
f 4477/4477 4481/4481 4480/4480
f 4478/4478 4479/4479 4482/4482
f 4478/4478 4482/4482 4481/4481
f 4479/4479 4477/4477 4480/4480
f 4479/4479 4480/4480 4482/4482
f 4480/4480 4481/4481 4484/4484
f 4480/4480 4484/4484 4483/4483
f 4481/4481 4482/4482 4485/4485
f 4481/4481 4485/4485 4484/4484
f 4482/4482 4480/4480 4483/4483
f 4482/4482 4483/4483 4485/4485
f 4483/4483 4484/4484 4487/4487
f 4483/4483 4487/4487 4486/4486
f 4484/4484 4485/4485 4488/4488
f 4484/4484 4488/4488 4487/4487
f 4485/4485 4483/4483 4486/4486
f 4485/4485 4486/4486 4488/4488
f 4486/4486 4487/4487 4490/4490
f 4486/4486 4490/4490 4489/4489
f 4487/4487 4488/4488 4491/4491
f 4487/4487 4491/4491 4490/4490
f 4488/4488 4486/4486 4489/4489
f 4488/4488 4489/4489 4491/4491
f 4492/4492 4493/4493 4496/4496
f 4492/4492 4496/4496 4495/4495
f 4493/4493 4494/4494 4497/4497
f 4493/4493 4497/4497 4496/4496
f 4494/4494 4492/4492 4495/4495
f 4494/4494 4495/4495 4497/4497
f 4495/4495 4496/4496 4499/4499
f 4495/4495 4499/4499 4498/4498
f 4496/4496 4497/4497 4500/4500
f 4496/4496 4500/4500 4499/4499
f 4497/4497 4495/4495 4498/4498
f 4497/4497 4498/4498 4500/4500
f 4498/4498 4499/4499 4502/4502
f 4498/4498 4502/4502 4501/4501
f 4499/4499 4500/4500 4503/4503
f 4499/4499 4503/4503 4502/4502
f 4500/4500 4498/4498 4501/4501
f 4500/4500 4501/4501 4503/4503
f 4501/4501 4502/4502 4505/4505
f 4501/4501 4505/4505 4504/4504
f 4502/4502 4503/4503 4506/4506
f 4502/4502 4506/4506 4505/4505
f 4503/4503 4501/4501 4504/4504
f 4503/4503 4504/4504 4506/4506
f 4504/4504 4505/4505 4508/4508
f 4504/4504 4508/4508 4507/4507
f 4505/4505 4506/4506 4509/4509
f 4505/4505 4509/4509 4508/4508
f 4506/4506 4504/4504 4507/4507
f 4506/4506 4507/4507 4509/4509
f 4507/4507 4508/4508 4511/4511
f 4507/4507 4511/4511 4510/4510
f 4508/4508 4509/4509 4512/4512
f 4508/4508 4512/4512 4511/4511
f 4509/4509 4507/4507 4510/4510
f 4509/4509 4510/4510 4512/4512
f 4510/4510 4511/4511 4514/4514
f 4510/4510 4514/4514 4513/4513
f 4511/4511 4512/4512 4515/4515
f 4511/4511 4515/4515 4514/4514
f 4512/4512 4510/4510 4513/4513
f 4512/4512 4513/4513 4515/4515
f 4513/4513 4514/4514 4517/4517
f 4513/4513 4517/4517 4516/4516
f 4514/4514 4515/4515 4518/4518
f 4514/4514 4518/4518 4517/4517
f 4515/4515 4513/4513 4516/4516
f 4515/4515 4516/4516 4518/4518
f 4519/4519 4520/4520 4523/4523
f 4519/4519 4523/4523 4522/4522
f 4520/4520 4521/4521 4524/4524
f 4520/4520 4524/4524 4523/4523
f 4521/4521 4519/4519 4522/4522
f 4521/4521 4522/4522 4524/4524
f 4522/4522 4523/4523 4526/4526
f 4522/4522 4526/4526 4525/4525
f 4523/4523 4524/4524 4527/4527
f 4523/4523 4527/4527 4526/4526
f 4524/4524 4522/4522 4525/4525
f 4524/4524 4525/4525 4527/4527
f 4525/4525 4526/4526 4529/4529
f 4525/4525 4529/4529 4528/4528
f 4526/4526 4527/4527 4530/4530
f 4526/4526 4530/4530 4529/4529
f 4527/4527 4525/4525 4528/4528
f 4527/4527 4528/4528 4530/4530
f 4528/4528 4529/4529 4532/4532
f 4528/4528 4532/4532 4531/4531
f 4529/4529 4530/4530 4533/4533
f 4529/4529 4533/4533 4532/4532
f 4530/4530 4528/4528 4531/4531
f 4530/4530 4531/4531 4533/4533
f 4531/4531 4532/4532 4535/4535
f 4531/4531 4535/4535 4534/4534
f 4532/4532 4533/4533 4536/4536
f 4532/4532 4536/4536 4535/4535
f 4533/4533 4531/4531 4534/4534
f 4533/4533 4534/4534 4536/4536
f 4534/4534 4535/4535 4538/4538
f 4534/4534 4538/4538 4537/4537
f 4535/4535 4536/4536 4539/4539
f 4535/4535 4539/4539 4538/4538
f 4536/4536 4534/4534 4537/4537
f 4536/4536 4537/4537 4539/4539
f 4537/4537 4538/4538 4541/4541
f 4537/4537 4541/4541 4540/4540
f 4538/4538 4539/4539 4542/4542
f 4538/4538 4542/4542 4541/4541
f 4539/4539 4537/4537 4540/4540
f 4539/4539 4540/4540 4542/4542
f 4540/4540 4541/4541 4544/4544
f 4540/4540 4544/4544 4543/4543
f 4541/4541 4542/4542 4545/4545
f 4541/4541 4545/4545 4544/4544
f 4542/4542 4540/4540 4543/4543
f 4542/4542 4543/4543 4545/4545
f 4546/4546 4547/4547 4550/4550
f 4546/4546 4550/4550 4549/4549
f 4547/4547 4548/4548 4551/4551
f 4547/4547 4551/4551 4550/4550
f 4548/4548 4546/4546 4549/4549
f 4548/4548 4549/4549 4551/4551
f 4549/4549 4550/4550 4553/4553
f 4549/4549 4553/4553 4552/4552
f 4550/4550 4551/4551 4554/4554
f 4550/4550 4554/4554 4553/4553
f 4551/4551 4549/4549 4552/4552
f 4551/4551 4552/4552 4554/4554
f 4552/4552 4553/4553 4556/4556
f 4552/4552 4556/4556 4555/4555
f 4553/4553 4554/4554 4557/4557
f 4553/4553 4557/4557 4556/4556
f 4554/4554 4552/4552 4555/4555
f 4554/4554 4555/4555 4557/4557
f 4555/4555 4556/4556 4559/4559
f 4555/4555 4559/4559 4558/4558
f 4556/4556 4557/4557 4560/4560
f 4556/4556 4560/4560 4559/4559
f 4557/4557 4555/4555 4558/4558
f 4557/4557 4558/4558 4560/4560
f 4558/4558 4559/4559 4562/4562
f 4558/4558 4562/4562 4561/4561
f 4559/4559 4560/4560 4563/4563
f 4559/4559 4563/4563 4562/4562
f 4560/4560 4558/4558 4561/4561
f 4560/4560 4561/4561 4563/4563
f 4561/4561 4562/4562 4565/4565
f 4561/4561 4565/4565 4564/4564
f 4562/4562 4563/4563 4566/4566
f 4562/4562 4566/4566 4565/4565
f 4563/4563 4561/4561 4564/4564
f 4563/4563 4564/4564 4566/4566
f 4564/4564 4565/4565 4568/4568
f 4564/4564 4568/4568 4567/4567
f 4565/4565 4566/4566 4569/4569
f 4565/4565 4569/4569 4568/4568
f 4566/4566 4564/4564 4567/4567
f 4566/4566 4567/4567 4569/4569
f 4567/4567 4568/4568 4571/4571
f 4567/4567 4571/4571 4570/4570
f 4568/4568 4569/4569 4572/4572
f 4568/4568 4572/4572 4571/4571
f 4569/4569 4567/4567 4570/4570
f 4569/4569 4570/4570 4572/4572
f 4573/4573 4574/4574 4577/4577
f 4573/4573 4577/4577 4576/4576
f 4574/4574 4575/4575 4578/4578
f 4574/4574 4578/4578 4577/4577
f 4575/4575 4573/4573 4576/4576
f 4575/4575 4576/4576 4578/4578
f 4576/4576 4577/4577 4580/4580
f 4576/4576 4580/4580 4579/4579
f 4577/4577 4578/4578 4581/4581
f 4577/4577 4581/4581 4580/4580
f 4578/4578 4576/4576 4579/4579
f 4578/4578 4579/4579 4581/4581
f 4579/4579 4580/4580 4583/4583
f 4579/4579 4583/4583 4582/4582
f 4580/4580 4581/4581 4584/4584
f 4580/4580 4584/4584 4583/4583
f 4581/4581 4579/4579 4582/4582
f 4581/4581 4582/4582 4584/4584
f 4582/4582 4583/4583 4586/4586
f 4582/4582 4586/4586 4585/4585
f 4583/4583 4584/4584 4587/4587
f 4583/4583 4587/4587 4586/4586
f 4584/4584 4582/4582 4585/4585
f 4584/4584 4585/4585 4587/4587
f 4585/4585 4586/4586 4589/4589
f 4585/4585 4589/4589 4588/4588
f 4586/4586 4587/4587 4590/4590
f 4586/4586 4590/4590 4589/4589
f 4587/4587 4585/4585 4588/4588
f 4587/4587 4588/4588 4590/4590
f 4588/4588 4589/4589 4592/4592
f 4588/4588 4592/4592 4591/4591
f 4589/4589 4590/4590 4593/4593
f 4589/4589 4593/4593 4592/4592
f 4590/4590 4588/4588 4591/4591
f 4590/4590 4591/4591 4593/4593
f 4591/4591 4592/4592 4595/4595
f 4591/4591 4595/4595 4594/4594
f 4592/4592 4593/4593 4596/4596
f 4592/4592 4596/4596 4595/4595
f 4593/4593 4591/4591 4594/4594
f 4593/4593 4594/4594 4596/4596
f 4594/4594 4595/4595 4598/4598
f 4594/4594 4598/4598 4597/4597
f 4595/4595 4596/4596 4599/4599
f 4595/4595 4599/4599 4598/4598
f 4596/4596 4594/4594 4597/4597
f 4596/4596 4597/4597 4599/4599
f 4600/4600 4601/4601 4604/4604
f 4600/4600 4604/4604 4603/4603
f 4601/4601 4602/4602 4605/4605
f 4601/4601 4605/4605 4604/4604
f 4602/4602 4600/4600 4603/4603
f 4602/4602 4603/4603 4605/4605
f 4603/4603 4604/4604 4607/4607
f 4603/4603 4607/4607 4606/4606
f 4604/4604 4605/4605 4608/4608
f 4604/4604 4608/4608 4607/4607
f 4605/4605 4603/4603 4606/4606
f 4605/4605 4606/4606 4608/4608
f 4606/4606 4607/4607 4610/4610
f 4606/4606 4610/4610 4609/4609
f 4607/4607 4608/4608 4611/4611
f 4607/4607 4611/4611 4610/4610
f 4608/4608 4606/4606 4609/4609
f 4608/4608 4609/4609 4611/4611
f 4609/4609 4610/4610 4613/4613
f 4609/4609 4613/4613 4612/4612
f 4610/4610 4611/4611 4614/4614
f 4610/4610 4614/4614 4613/4613
f 4611/4611 4609/4609 4612/4612
f 4611/4611 4612/4612 4614/4614
f 4612/4612 4613/4613 4616/4616
f 4612/4612 4616/4616 4615/4615
f 4613/4613 4614/4614 4617/4617
f 4613/4613 4617/4617 4616/4616
f 4614/4614 4612/4612 4615/4615
f 4614/4614 4615/4615 4617/4617
f 4615/4615 4616/4616 4619/4619
f 4615/4615 4619/4619 4618/4618
f 4616/4616 4617/4617 4620/4620
f 4616/4616 4620/4620 4619/4619
f 4617/4617 4615/4615 4618/4618
f 4617/4617 4618/4618 4620/4620
f 4618/4618 4619/4619 4622/4622
f 4618/4618 4622/4622 4621/4621
f 4619/4619 4620/4620 4623/4623
f 4619/4619 4623/4623 4622/4622
f 4620/4620 4618/4618 4621/4621
f 4620/4620 4621/4621 4623/4623
f 4621/4621 4622/4622 4625/4625
f 4621/4621 4625/4625 4624/4624
f 4622/4622 4623/4623 4626/4626
f 4622/4622 4626/4626 4625/4625
f 4623/4623 4621/4621 4624/4624
f 4623/4623 4624/4624 4626/4626
f 4627/4627 4628/4628 4631/4631
f 4627/4627 4631/4631 4630/4630
f 4628/4628 4629/4629 4632/4632
f 4628/4628 4632/4632 4631/4631
f 4629/4629 4627/4627 4630/4630
f 4629/4629 4630/4630 4632/4632
f 4630/4630 4631/4631 4634/4634
f 4630/4630 4634/4634 4633/4633
f 4631/4631 4632/4632 4635/4635
f 4631/4631 4635/4635 4634/4634
f 4632/4632 4630/4630 4633/4633
f 4632/4632 4633/4633 4635/4635
f 4633/4633 4634/4634 4637/4637
f 4633/4633 4637/4637 4636/4636
f 4634/4634 4635/4635 4638/4638
f 4634/4634 4638/4638 4637/4637
f 4635/4635 4633/4633 4636/4636
f 4635/4635 4636/4636 4638/4638
f 4636/4636 4637/4637 4640/4640
f 4636/4636 4640/4640 4639/4639
f 4637/4637 4638/4638 4641/4641
f 4637/4637 4641/4641 4640/4640
f 4638/4638 4636/4636 4639/4639
f 4638/4638 4639/4639 4641/4641
f 4639/4639 4640/4640 4643/4643
f 4639/4639 4643/4643 4642/4642
f 4640/4640 4641/4641 4644/4644
f 4640/4640 4644/4644 4643/4643
f 4641/4641 4639/4639 4642/4642
f 4641/4641 4642/4642 4644/4644
f 4642/4642 4643/4643 4646/4646
f 4642/4642 4646/4646 4645/4645
f 4643/4643 4644/4644 4647/4647
f 4643/4643 4647/4647 4646/4646
f 4644/4644 4642/4642 4645/4645
f 4644/4644 4645/4645 4647/4647
f 4645/4645 4646/4646 4649/4649
f 4645/4645 4649/4649 4648/4648
f 4646/4646 4647/4647 4650/4650
f 4646/4646 4650/4650 4649/4649
f 4647/4647 4645/4645 4648/4648
f 4647/4647 4648/4648 4650/4650
f 4648/4648 4649/4649 4652/4652
f 4648/4648 4652/4652 4651/4651
f 4649/4649 4650/4650 4653/4653
f 4649/4649 4653/4653 4652/4652
f 4650/4650 4648/4648 4651/4651
f 4650/4650 4651/4651 4653/4653
f 4654/4654 4655/4655 4658/4658
f 4654/4654 4658/4658 4657/4657
f 4655/4655 4656/4656 4659/4659
f 4655/4655 4659/4659 4658/4658
f 4656/4656 4654/4654 4657/4657
f 4656/4656 4657/4657 4659/4659
f 4657/4657 4658/4658 4661/4661
f 4657/4657 4661/4661 4660/4660
f 4658/4658 4659/4659 4662/4662
f 4658/4658 4662/4662 4661/4661
f 4659/4659 4657/4657 4660/4660
f 4659/4659 4660/4660 4662/4662
f 4660/4660 4661/4661 4664/4664
f 4660/4660 4664/4664 4663/4663
f 4661/4661 4662/4662 4665/4665
f 4661/4661 4665/4665 4664/4664
f 4662/4662 4660/4660 4663/4663
f 4662/4662 4663/4663 4665/4665
f 4663/4663 4664/4664 4667/4667
f 4663/4663 4667/4667 4666/4666
f 4664/4664 4665/4665 4668/4668
f 4664/4664 4668/4668 4667/4667
f 4665/4665 4663/4663 4666/4666
f 4665/4665 4666/4666 4668/4668
f 4666/4666 4667/4667 4670/4670
f 4666/4666 4670/4670 4669/4669
f 4667/4667 4668/4668 4671/4671
f 4667/4667 4671/4671 4670/4670
f 4668/4668 4666/4666 4669/4669
f 4668/4668 4669/4669 4671/4671
f 4669/4669 4670/4670 4673/4673
f 4669/4669 4673/4673 4672/4672
f 4670/4670 4671/4671 4674/4674
f 4670/4670 4674/4674 4673/4673
f 4671/4671 4669/4669 4672/4672
f 4671/4671 4672/4672 4674/4674
f 4672/4672 4673/4673 4676/4676
f 4672/4672 4676/4676 4675/4675
f 4673/4673 4674/4674 4677/4677
f 4673/4673 4677/4677 4676/4676
f 4674/4674 4672/4672 4675/4675
f 4674/4674 4675/4675 4677/4677
f 4675/4675 4676/4676 4679/4679
f 4675/4675 4679/4679 4678/4678
f 4676/4676 4677/4677 4680/4680
f 4676/4676 4680/4680 4679/4679
f 4677/4677 4675/4675 4678/4678
f 4677/4677 4678/4678 4680/4680
f 4681/4681 4682/4682 4685/4685
f 4681/4681 4685/4685 4684/4684
f 4682/4682 4683/4683 4686/4686
f 4682/4682 4686/4686 4685/4685
f 4683/4683 4681/4681 4684/4684
f 4683/4683 4684/4684 4686/4686
f 4684/4684 4685/4685 4688/4688
f 4684/4684 4688/4688 4687/4687
f 4685/4685 4686/4686 4689/4689
f 4685/4685 4689/4689 4688/4688
f 4686/4686 4684/4684 4687/4687
f 4686/4686 4687/4687 4689/4689
f 4687/4687 4688/4688 4691/4691
f 4687/4687 4691/4691 4690/4690
f 4688/4688 4689/4689 4692/4692
f 4688/4688 4692/4692 4691/4691
f 4689/4689 4687/4687 4690/4690
f 4689/4689 4690/4690 4692/4692
f 4690/4690 4691/4691 4694/4694
f 4690/4690 4694/4694 4693/4693
f 4691/4691 4692/4692 4695/4695
f 4691/4691 4695/4695 4694/4694
f 4692/4692 4690/4690 4693/4693
f 4692/4692 4693/4693 4695/4695
f 4693/4693 4694/4694 4697/4697
f 4693/4693 4697/4697 4696/4696
f 4694/4694 4695/4695 4698/4698
f 4694/4694 4698/4698 4697/4697
f 4695/4695 4693/4693 4696/4696
f 4695/4695 4696/4696 4698/4698
f 4696/4696 4697/4697 4700/4700
f 4696/4696 4700/4700 4699/4699
f 4697/4697 4698/4698 4701/4701
f 4697/4697 4701/4701 4700/4700
f 4698/4698 4696/4696 4699/4699
f 4698/4698 4699/4699 4701/4701
f 4699/4699 4700/4700 4703/4703
f 4699/4699 4703/4703 4702/4702
f 4700/4700 4701/4701 4704/4704
f 4700/4700 4704/4704 4703/4703
f 4701/4701 4699/4699 4702/4702
f 4701/4701 4702/4702 4704/4704
f 4702/4702 4703/4703 4706/4706
f 4702/4702 4706/4706 4705/4705
f 4703/4703 4704/4704 4707/4707
f 4703/4703 4707/4707 4706/4706
f 4704/4704 4702/4702 4705/4705
f 4704/4704 4705/4705 4707/4707
f 4708/4708 4709/4709 4712/4712
f 4708/4708 4712/4712 4711/4711
f 4709/4709 4710/4710 4713/4713
f 4709/4709 4713/4713 4712/4712
f 4710/4710 4708/4708 4711/4711
f 4710/4710 4711/4711 4713/4713
f 4711/4711 4712/4712 4715/4715
f 4711/4711 4715/4715 4714/4714
f 4712/4712 4713/4713 4716/4716
f 4712/4712 4716/4716 4715/4715
f 4713/4713 4711/4711 4714/4714
f 4713/4713 4714/4714 4716/4716
f 4714/4714 4715/4715 4718/4718
f 4714/4714 4718/4718 4717/4717
f 4715/4715 4716/4716 4719/4719
f 4715/4715 4719/4719 4718/4718
f 4716/4716 4714/4714 4717/4717
f 4716/4716 4717/4717 4719/4719
f 4717/4717 4718/4718 4721/4721
f 4717/4717 4721/4721 4720/4720
f 4718/4718 4719/4719 4722/4722
f 4718/4718 4722/4722 4721/4721
f 4719/4719 4717/4717 4720/4720
f 4719/4719 4720/4720 4722/4722
f 4720/4720 4721/4721 4724/4724
f 4720/4720 4724/4724 4723/4723
f 4721/4721 4722/4722 4725/4725
f 4721/4721 4725/4725 4724/4724
f 4722/4722 4720/4720 4723/4723
f 4722/4722 4723/4723 4725/4725
f 4723/4723 4724/4724 4727/4727
f 4723/4723 4727/4727 4726/4726
f 4724/4724 4725/4725 4728/4728
f 4724/4724 4728/4728 4727/4727
f 4725/4725 4723/4723 4726/4726
f 4725/4725 4726/4726 4728/4728
f 4726/4726 4727/4727 4730/4730
f 4726/4726 4730/4730 4729/4729
f 4727/4727 4728/4728 4731/4731
f 4727/4727 4731/4731 4730/4730
f 4728/4728 4726/4726 4729/4729
f 4728/4728 4729/4729 4731/4731
f 4729/4729 4730/4730 4733/4733
f 4729/4729 4733/4733 4732/4732
f 4730/4730 4731/4731 4734/4734
f 4730/4730 4734/4734 4733/4733
f 4731/4731 4729/4729 4732/4732
f 4731/4731 4732/4732 4734/4734
f 4735/4735 4736/4736 4739/4739
f 4735/4735 4739/4739 4738/4738
f 4736/4736 4737/4737 4740/4740
f 4736/4736 4740/4740 4739/4739
f 4737/4737 4735/4735 4738/4738
f 4737/4737 4738/4738 4740/4740
f 4738/4738 4739/4739 4742/4742
f 4738/4738 4742/4742 4741/4741
f 4739/4739 4740/4740 4743/4743
f 4739/4739 4743/4743 4742/4742
f 4740/4740 4738/4738 4741/4741
f 4740/4740 4741/4741 4743/4743
f 4741/4741 4742/4742 4745/4745
f 4741/4741 4745/4745 4744/4744
f 4742/4742 4743/4743 4746/4746
f 4742/4742 4746/4746 4745/4745
f 4743/4743 4741/4741 4744/4744
f 4743/4743 4744/4744 4746/4746
f 4744/4744 4745/4745 4748/4748
f 4744/4744 4748/4748 4747/4747
f 4745/4745 4746/4746 4749/4749
f 4745/4745 4749/4749 4748/4748
f 4746/4746 4744/4744 4747/4747
f 4746/4746 4747/4747 4749/4749
f 4747/4747 4748/4748 4751/4751
f 4747/4747 4751/4751 4750/4750
f 4748/4748 4749/4749 4752/4752
f 4748/4748 4752/4752 4751/4751
f 4749/4749 4747/4747 4750/4750
f 4749/4749 4750/4750 4752/4752
f 4750/4750 4751/4751 4754/4754
f 4750/4750 4754/4754 4753/4753
f 4751/4751 4752/4752 4755/4755
f 4751/4751 4755/4755 4754/4754
f 4752/4752 4750/4750 4753/4753
f 4752/4752 4753/4753 4755/4755
f 4753/4753 4754/4754 4757/4757
f 4753/4753 4757/4757 4756/4756
f 4754/4754 4755/4755 4758/4758
f 4754/4754 4758/4758 4757/4757
f 4755/4755 4753/4753 4756/4756
f 4755/4755 4756/4756 4758/4758
f 4756/4756 4757/4757 4760/4760
f 4756/4756 4760/4760 4759/4759
f 4757/4757 4758/4758 4761/4761
f 4757/4757 4761/4761 4760/4760
f 4758/4758 4756/4756 4759/4759
f 4758/4758 4759/4759 4761/4761
f 4762/4762 4763/4763 4766/4766
f 4762/4762 4766/4766 4765/4765
f 4763/4763 4764/4764 4767/4767
f 4763/4763 4767/4767 4766/4766
f 4764/4764 4762/4762 4765/4765
f 4764/4764 4765/4765 4767/4767
f 4765/4765 4766/4766 4769/4769
f 4765/4765 4769/4769 4768/4768
f 4766/4766 4767/4767 4770/4770
f 4766/4766 4770/4770 4769/4769
f 4767/4767 4765/4765 4768/4768
f 4767/4767 4768/4768 4770/4770
f 4768/4768 4769/4769 4772/4772
f 4768/4768 4772/4772 4771/4771
f 4769/4769 4770/4770 4773/4773
f 4769/4769 4773/4773 4772/4772
f 4770/4770 4768/4768 4771/4771
f 4770/4770 4771/4771 4773/4773
f 4771/4771 4772/4772 4775/4775
f 4771/4771 4775/4775 4774/4774
f 4772/4772 4773/4773 4776/4776
f 4772/4772 4776/4776 4775/4775
f 4773/4773 4771/4771 4774/4774
f 4773/4773 4774/4774 4776/4776
f 4774/4774 4775/4775 4778/4778
f 4774/4774 4778/4778 4777/4777
f 4775/4775 4776/4776 4779/4779
f 4775/4775 4779/4779 4778/4778
f 4776/4776 4774/4774 4777/4777
f 4776/4776 4777/4777 4779/4779
f 4777/4777 4778/4778 4781/4781
f 4777/4777 4781/4781 4780/4780
f 4778/4778 4779/4779 4782/4782
f 4778/4778 4782/4782 4781/4781
f 4779/4779 4777/4777 4780/4780
f 4779/4779 4780/4780 4782/4782
f 4780/4780 4781/4781 4784/4784
f 4780/4780 4784/4784 4783/4783
f 4781/4781 4782/4782 4785/4785
f 4781/4781 4785/4785 4784/4784
f 4782/4782 4780/4780 4783/4783
f 4782/4782 4783/4783 4785/4785
f 4783/4783 4784/4784 4787/4787
f 4783/4783 4787/4787 4786/4786
f 4784/4784 4785/4785 4788/4788
f 4784/4784 4788/4788 4787/4787
f 4785/4785 4783/4783 4786/4786
f 4785/4785 4786/4786 4788/4788
f 4789/4789 4790/4790 4793/4793
f 4789/4789 4793/4793 4792/4792
f 4790/4790 4791/4791 4794/4794
f 4790/4790 4794/4794 4793/4793
f 4791/4791 4789/4789 4792/4792
f 4791/4791 4792/4792 4794/4794
f 4792/4792 4793/4793 4796/4796
f 4792/4792 4796/4796 4795/4795
f 4793/4793 4794/4794 4797/4797
f 4793/4793 4797/4797 4796/4796
f 4794/4794 4792/4792 4795/4795
f 4794/4794 4795/4795 4797/4797
f 4795/4795 4796/4796 4799/4799
f 4795/4795 4799/4799 4798/4798
f 4796/4796 4797/4797 4800/4800
f 4796/4796 4800/4800 4799/4799
f 4797/4797 4795/4795 4798/4798
f 4797/4797 4798/4798 4800/4800
f 4798/4798 4799/4799 4802/4802
f 4798/4798 4802/4802 4801/4801
f 4799/4799 4800/4800 4803/4803
f 4799/4799 4803/4803 4802/4802
f 4800/4800 4798/4798 4801/4801
f 4800/4800 4801/4801 4803/4803
f 4801/4801 4802/4802 4805/4805
f 4801/4801 4805/4805 4804/4804
f 4802/4802 4803/4803 4806/4806
f 4802/4802 4806/4806 4805/4805
f 4803/4803 4801/4801 4804/4804
f 4803/4803 4804/4804 4806/4806
f 4804/4804 4805/4805 4808/4808
f 4804/4804 4808/4808 4807/4807
f 4805/4805 4806/4806 4809/4809
f 4805/4805 4809/4809 4808/4808
f 4806/4806 4804/4804 4807/4807
f 4806/4806 4807/4807 4809/4809
f 4807/4807 4808/4808 4811/4811
f 4807/4807 4811/4811 4810/4810
f 4808/4808 4809/4809 4812/4812
f 4808/4808 4812/4812 4811/4811
f 4809/4809 4807/4807 4810/4810
f 4809/4809 4810/4810 4812/4812
f 4810/4810 4811/4811 4814/4814
f 4810/4810 4814/4814 4813/4813
f 4811/4811 4812/4812 4815/4815
f 4811/4811 4815/4815 4814/4814
f 4812/4812 4810/4810 4813/4813
f 4812/4812 4813/4813 4815/4815
f 4816/4816 4817/4817 4820/4820
f 4816/4816 4820/4820 4819/4819
f 4817/4817 4818/4818 4821/4821
f 4817/4817 4821/4821 4820/4820
f 4818/4818 4816/4816 4819/4819
f 4818/4818 4819/4819 4821/4821
f 4819/4819 4820/4820 4823/4823
f 4819/4819 4823/4823 4822/4822
f 4820/4820 4821/4821 4824/4824
f 4820/4820 4824/4824 4823/4823
f 4821/4821 4819/4819 4822/4822
f 4821/4821 4822/4822 4824/4824
f 4822/4822 4823/4823 4826/4826
f 4822/4822 4826/4826 4825/4825
f 4823/4823 4824/4824 4827/4827
f 4823/4823 4827/4827 4826/4826
f 4824/4824 4822/4822 4825/4825
f 4824/4824 4825/4825 4827/4827
f 4825/4825 4826/4826 4829/4829
f 4825/4825 4829/4829 4828/4828
f 4826/4826 4827/4827 4830/4830
f 4826/4826 4830/4830 4829/4829
f 4827/4827 4825/4825 4828/4828
f 4827/4827 4828/4828 4830/4830
f 4828/4828 4829/4829 4832/4832
f 4828/4828 4832/4832 4831/4831
f 4829/4829 4830/4830 4833/4833
f 4829/4829 4833/4833 4832/4832
f 4830/4830 4828/4828 4831/4831
f 4830/4830 4831/4831 4833/4833
f 4831/4831 4832/4832 4835/4835
f 4831/4831 4835/4835 4834/4834
f 4832/4832 4833/4833 4836/4836
f 4832/4832 4836/4836 4835/4835
f 4833/4833 4831/4831 4834/4834
f 4833/4833 4834/4834 4836/4836
f 4834/4834 4835/4835 4838/4838
f 4834/4834 4838/4838 4837/4837
f 4835/4835 4836/4836 4839/4839
f 4835/4835 4839/4839 4838/4838
f 4836/4836 4834/4834 4837/4837
f 4836/4836 4837/4837 4839/4839
f 4837/4837 4838/4838 4841/4841
f 4837/4837 4841/4841 4840/4840
f 4838/4838 4839/4839 4842/4842
f 4838/4838 4842/4842 4841/4841
f 4839/4839 4837/4837 4840/4840
f 4839/4839 4840/4840 4842/4842
f 4843/4843 4844/4844 4847/4847
f 4843/4843 4847/4847 4846/4846
f 4844/4844 4845/4845 4848/4848
f 4844/4844 4848/4848 4847/4847
f 4845/4845 4843/4843 4846/4846
f 4845/4845 4846/4846 4848/4848
f 4846/4846 4847/4847 4850/4850
f 4846/4846 4850/4850 4849/4849
f 4847/4847 4848/4848 4851/4851
f 4847/4847 4851/4851 4850/4850
f 4848/4848 4846/4846 4849/4849
f 4848/4848 4849/4849 4851/4851
f 4849/4849 4850/4850 4853/4853
f 4849/4849 4853/4853 4852/4852
f 4850/4850 4851/4851 4854/4854
f 4850/4850 4854/4854 4853/4853
f 4851/4851 4849/4849 4852/4852
f 4851/4851 4852/4852 4854/4854
f 4852/4852 4853/4853 4856/4856
f 4852/4852 4856/4856 4855/4855
f 4853/4853 4854/4854 4857/4857
f 4853/4853 4857/4857 4856/4856
f 4854/4854 4852/4852 4855/4855
f 4854/4854 4855/4855 4857/4857
f 4855/4855 4856/4856 4859/4859
f 4855/4855 4859/4859 4858/4858
f 4856/4856 4857/4857 4860/4860
f 4856/4856 4860/4860 4859/4859
f 4857/4857 4855/4855 4858/4858
f 4857/4857 4858/4858 4860/4860
f 4858/4858 4859/4859 4862/4862
f 4858/4858 4862/4862 4861/4861
f 4859/4859 4860/4860 4863/4863
f 4859/4859 4863/4863 4862/4862
f 4860/4860 4858/4858 4861/4861
f 4860/4860 4861/4861 4863/4863
f 4861/4861 4862/4862 4865/4865
f 4861/4861 4865/4865 4864/4864
f 4862/4862 4863/4863 4866/4866
f 4862/4862 4866/4866 4865/4865
f 4863/4863 4861/4861 4864/4864
f 4863/4863 4864/4864 4866/4866
f 4864/4864 4865/4865 4868/4868
f 4864/4864 4868/4868 4867/4867
f 4865/4865 4866/4866 4869/4869
f 4865/4865 4869/4869 4868/4868
f 4866/4866 4864/4864 4867/4867
f 4866/4866 4867/4867 4869/4869
f 4870/4870 4871/4871 4874/4874
f 4870/4870 4874/4874 4873/4873
f 4871/4871 4872/4872 4875/4875
f 4871/4871 4875/4875 4874/4874
f 4872/4872 4870/4870 4873/4873
f 4872/4872 4873/4873 4875/4875
f 4873/4873 4874/4874 4877/4877
f 4873/4873 4877/4877 4876/4876
f 4874/4874 4875/4875 4878/4878
f 4874/4874 4878/4878 4877/4877
f 4875/4875 4873/4873 4876/4876
f 4875/4875 4876/4876 4878/4878
f 4876/4876 4877/4877 4880/4880
f 4876/4876 4880/4880 4879/4879
f 4877/4877 4878/4878 4881/4881
f 4877/4877 4881/4881 4880/4880
f 4878/4878 4876/4876 4879/4879
f 4878/4878 4879/4879 4881/4881
f 4879/4879 4880/4880 4883/4883
f 4879/4879 4883/4883 4882/4882
f 4880/4880 4881/4881 4884/4884
f 4880/4880 4884/4884 4883/4883
f 4881/4881 4879/4879 4882/4882
f 4881/4881 4882/4882 4884/4884
f 4882/4882 4883/4883 4886/4886
f 4882/4882 4886/4886 4885/4885
f 4883/4883 4884/4884 4887/4887
f 4883/4883 4887/4887 4886/4886
f 4884/4884 4882/4882 4885/4885
f 4884/4884 4885/4885 4887/4887
f 4885/4885 4886/4886 4889/4889
f 4885/4885 4889/4889 4888/4888
f 4886/4886 4887/4887 4890/4890
f 4886/4886 4890/4890 4889/4889
f 4887/4887 4885/4885 4888/4888
f 4887/4887 4888/4888 4890/4890
f 4888/4888 4889/4889 4892/4892
f 4888/4888 4892/4892 4891/4891
f 4889/4889 4890/4890 4893/4893
f 4889/4889 4893/4893 4892/4892
f 4890/4890 4888/4888 4891/4891
f 4890/4890 4891/4891 4893/4893
f 4891/4891 4892/4892 4895/4895
f 4891/4891 4895/4895 4894/4894
f 4892/4892 4893/4893 4896/4896
f 4892/4892 4896/4896 4895/4895
f 4893/4893 4891/4891 4894/4894
f 4893/4893 4894/4894 4896/4896
f 4897/4897 4898/4898 4901/4901
f 4897/4897 4901/4901 4900/4900
f 4898/4898 4899/4899 4902/4902
f 4898/4898 4902/4902 4901/4901
f 4899/4899 4897/4897 4900/4900
f 4899/4899 4900/4900 4902/4902
f 4900/4900 4901/4901 4904/4904
f 4900/4900 4904/4904 4903/4903
f 4901/4901 4902/4902 4905/4905
f 4901/4901 4905/4905 4904/4904
f 4902/4902 4900/4900 4903/4903
f 4902/4902 4903/4903 4905/4905
f 4903/4903 4904/4904 4907/4907
f 4903/4903 4907/4907 4906/4906
f 4904/4904 4905/4905 4908/4908
f 4904/4904 4908/4908 4907/4907
f 4905/4905 4903/4903 4906/4906
f 4905/4905 4906/4906 4908/4908
f 4906/4906 4907/4907 4910/4910
f 4906/4906 4910/4910 4909/4909
f 4907/4907 4908/4908 4911/4911
f 4907/4907 4911/4911 4910/4910
f 4908/4908 4906/4906 4909/4909
f 4908/4908 4909/4909 4911/4911
f 4909/4909 4910/4910 4913/4913
f 4909/4909 4913/4913 4912/4912
f 4910/4910 4911/4911 4914/4914
f 4910/4910 4914/4914 4913/4913
f 4911/4911 4909/4909 4912/4912
f 4911/4911 4912/4912 4914/4914
f 4912/4912 4913/4913 4916/4916
f 4912/4912 4916/4916 4915/4915
f 4913/4913 4914/4914 4917/4917
f 4913/4913 4917/4917 4916/4916
f 4914/4914 4912/4912 4915/4915
f 4914/4914 4915/4915 4917/4917
f 4915/4915 4916/4916 4919/4919
f 4915/4915 4919/4919 4918/4918
f 4916/4916 4917/4917 4920/4920
f 4916/4916 4920/4920 4919/4919
f 4917/4917 4915/4915 4918/4918
f 4917/4917 4918/4918 4920/4920
f 4918/4918 4919/4919 4922/4922
f 4918/4918 4922/4922 4921/4921
f 4919/4919 4920/4920 4923/4923
f 4919/4919 4923/4923 4922/4922
f 4920/4920 4918/4918 4921/4921
f 4920/4920 4921/4921 4923/4923
f 4924/4924 4925/4925 4928/4928
f 4924/4924 4928/4928 4927/4927
f 4925/4925 4926/4926 4929/4929
f 4925/4925 4929/4929 4928/4928
f 4926/4926 4924/4924 4927/4927
f 4926/4926 4927/4927 4929/4929
f 4927/4927 4928/4928 4931/4931
f 4927/4927 4931/4931 4930/4930
f 4928/4928 4929/4929 4932/4932
f 4928/4928 4932/4932 4931/4931
f 4929/4929 4927/4927 4930/4930
f 4929/4929 4930/4930 4932/4932
f 4930/4930 4931/4931 4934/4934
f 4930/4930 4934/4934 4933/4933
f 4931/4931 4932/4932 4935/4935
f 4931/4931 4935/4935 4934/4934
f 4932/4932 4930/4930 4933/4933
f 4932/4932 4933/4933 4935/4935
f 4933/4933 4934/4934 4937/4937
f 4933/4933 4937/4937 4936/4936
f 4934/4934 4935/4935 4938/4938
f 4934/4934 4938/4938 4937/4937
f 4935/4935 4933/4933 4936/4936
f 4935/4935 4936/4936 4938/4938
f 4936/4936 4937/4937 4940/4940
f 4936/4936 4940/4940 4939/4939
f 4937/4937 4938/4938 4941/4941
f 4937/4937 4941/4941 4940/4940
f 4938/4938 4936/4936 4939/4939
f 4938/4938 4939/4939 4941/4941
f 4939/4939 4940/4940 4943/4943
f 4939/4939 4943/4943 4942/4942
f 4940/4940 4941/4941 4944/4944
f 4940/4940 4944/4944 4943/4943
f 4941/4941 4939/4939 4942/4942
f 4941/4941 4942/4942 4944/4944
f 4942/4942 4943/4943 4946/4946
f 4942/4942 4946/4946 4945/4945
f 4943/4943 4944/4944 4947/4947
f 4943/4943 4947/4947 4946/4946
f 4944/4944 4942/4942 4945/4945
f 4944/4944 4945/4945 4947/4947
f 4945/4945 4946/4946 4949/4949
f 4945/4945 4949/4949 4948/4948
f 4946/4946 4947/4947 4950/4950
f 4946/4946 4950/4950 4949/4949
f 4947/4947 4945/4945 4948/4948
f 4947/4947 4948/4948 4950/4950
f 4951/4951 4952/4952 4955/4955
f 4951/4951 4955/4955 4954/4954
f 4952/4952 4953/4953 4956/4956
f 4952/4952 4956/4956 4955/4955
f 4953/4953 4951/4951 4954/4954
f 4953/4953 4954/4954 4956/4956
f 4954/4954 4955/4955 4958/4958
f 4954/4954 4958/4958 4957/4957
f 4955/4955 4956/4956 4959/4959
f 4955/4955 4959/4959 4958/4958
f 4956/4956 4954/4954 4957/4957
f 4956/4956 4957/4957 4959/4959
f 4957/4957 4958/4958 4961/4961
f 4957/4957 4961/4961 4960/4960
f 4958/4958 4959/4959 4962/4962
f 4958/4958 4962/4962 4961/4961
f 4959/4959 4957/4957 4960/4960
f 4959/4959 4960/4960 4962/4962
f 4960/4960 4961/4961 4964/4964
f 4960/4960 4964/4964 4963/4963
f 4961/4961 4962/4962 4965/4965
f 4961/4961 4965/4965 4964/4964
f 4962/4962 4960/4960 4963/4963
f 4962/4962 4963/4963 4965/4965
f 4963/4963 4964/4964 4967/4967
f 4963/4963 4967/4967 4966/4966
f 4964/4964 4965/4965 4968/4968
f 4964/4964 4968/4968 4967/4967
f 4965/4965 4963/4963 4966/4966
f 4965/4965 4966/4966 4968/4968
f 4966/4966 4967/4967 4970/4970
f 4966/4966 4970/4970 4969/4969
f 4967/4967 4968/4968 4971/4971
f 4967/4967 4971/4971 4970/4970
f 4968/4968 4966/4966 4969/4969
f 4968/4968 4969/4969 4971/4971
f 4969/4969 4970/4970 4973/4973
f 4969/4969 4973/4973 4972/4972
f 4970/4970 4971/4971 4974/4974
f 4970/4970 4974/4974 4973/4973
f 4971/4971 4969/4969 4972/4972
f 4971/4971 4972/4972 4974/4974
f 4972/4972 4973/4973 4976/4976
f 4972/4972 4976/4976 4975/4975
f 4973/4973 4974/4974 4977/4977
f 4973/4973 4977/4977 4976/4976
f 4974/4974 4972/4972 4975/4975
f 4974/4974 4975/4975 4977/4977
f 4978/4978 4979/4979 4982/4982
f 4978/4978 4982/4982 4981/4981
f 4979/4979 4980/4980 4983/4983
f 4979/4979 4983/4983 4982/4982
f 4980/4980 4978/4978 4981/4981
f 4980/4980 4981/4981 4983/4983
f 4981/4981 4982/4982 4985/4985
f 4981/4981 4985/4985 4984/4984
f 4982/4982 4983/4983 4986/4986
f 4982/4982 4986/4986 4985/4985
f 4983/4983 4981/4981 4984/4984
f 4983/4983 4984/4984 4986/4986
f 4984/4984 4985/4985 4988/4988
f 4984/4984 4988/4988 4987/4987
f 4985/4985 4986/4986 4989/4989
f 4985/4985 4989/4989 4988/4988
f 4986/4986 4984/4984 4987/4987
f 4986/4986 4987/4987 4989/4989
f 4987/4987 4988/4988 4991/4991
f 4987/4987 4991/4991 4990/4990
f 4988/4988 4989/4989 4992/4992
f 4988/4988 4992/4992 4991/4991
f 4989/4989 4987/4987 4990/4990
f 4989/4989 4990/4990 4992/4992
f 4990/4990 4991/4991 4994/4994
f 4990/4990 4994/4994 4993/4993
f 4991/4991 4992/4992 4995/4995
f 4991/4991 4995/4995 4994/4994
f 4992/4992 4990/4990 4993/4993
f 4992/4992 4993/4993 4995/4995
f 4993/4993 4994/4994 4997/4997
f 4993/4993 4997/4997 4996/4996
f 4994/4994 4995/4995 4998/4998
f 4994/4994 4998/4998 4997/4997
f 4995/4995 4993/4993 4996/4996
f 4995/4995 4996/4996 4998/4998
f 4996/4996 4997/4997 5000/5000
f 4996/4996 5000/5000 4999/4999
f 4997/4997 4998/4998 5001/5001
f 4997/4997 5001/5001 5000/5000
f 4998/4998 4996/4996 4999/4999
f 4998/4998 4999/4999 5001/5001
f 4999/4999 5000/5000 5003/5003
f 4999/4999 5003/5003 5002/5002
f 5000/5000 5001/5001 5004/5004
f 5000/5000 5004/5004 5003/5003
f 5001/5001 4999/4999 5002/5002
f 5001/5001 5002/5002 5004/5004
f 5005/5005 5006/5006 5009/5009
f 5005/5005 5009/5009 5008/5008
f 5006/5006 5007/5007 5010/5010
f 5006/5006 5010/5010 5009/5009
f 5007/5007 5005/5005 5008/5008
f 5007/5007 5008/5008 5010/5010
f 5008/5008 5009/5009 5012/5012
f 5008/5008 5012/5012 5011/5011
f 5009/5009 5010/5010 5013/5013
f 5009/5009 5013/5013 5012/5012
f 5010/5010 5008/5008 5011/5011
f 5010/5010 5011/5011 5013/5013
f 5011/5011 5012/5012 5015/5015
f 5011/5011 5015/5015 5014/5014
f 5012/5012 5013/5013 5016/5016
f 5012/5012 5016/5016 5015/5015
f 5013/5013 5011/5011 5014/5014
f 5013/5013 5014/5014 5016/5016
f 5014/5014 5015/5015 5018/5018
f 5014/5014 5018/5018 5017/5017
f 5015/5015 5016/5016 5019/5019
f 5015/5015 5019/5019 5018/5018
f 5016/5016 5014/5014 5017/5017
f 5016/5016 5017/5017 5019/5019
f 5017/5017 5018/5018 5021/5021
f 5017/5017 5021/5021 5020/5020
f 5018/5018 5019/5019 5022/5022
f 5018/5018 5022/5022 5021/5021
f 5019/5019 5017/5017 5020/5020
f 5019/5019 5020/5020 5022/5022
f 5020/5020 5021/5021 5024/5024
f 5020/5020 5024/5024 5023/5023
f 5021/5021 5022/5022 5025/5025
f 5021/5021 5025/5025 5024/5024
f 5022/5022 5020/5020 5023/5023
f 5022/5022 5023/5023 5025/5025
f 5023/5023 5024/5024 5027/5027
f 5023/5023 5027/5027 5026/5026
f 5024/5024 5025/5025 5028/5028
f 5024/5024 5028/5028 5027/5027
f 5025/5025 5023/5023 5026/5026
f 5025/5025 5026/5026 5028/5028
f 5026/5026 5027/5027 5030/5030
f 5026/5026 5030/5030 5029/5029
f 5027/5027 5028/5028 5031/5031
f 5027/5027 5031/5031 5030/5030
f 5028/5028 5026/5026 5029/5029
f 5028/5028 5029/5029 5031/5031
f 5032/5032 5033/5033 5036/5036
f 5032/5032 5036/5036 5035/5035
f 5033/5033 5034/5034 5037/5037
f 5033/5033 5037/5037 5036/5036
f 5034/5034 5032/5032 5035/5035
f 5034/5034 5035/5035 5037/5037
f 5035/5035 5036/5036 5039/5039
f 5035/5035 5039/5039 5038/5038
f 5036/5036 5037/5037 5040/5040
f 5036/5036 5040/5040 5039/5039
f 5037/5037 5035/5035 5038/5038
f 5037/5037 5038/5038 5040/5040
f 5038/5038 5039/5039 5042/5042
f 5038/5038 5042/5042 5041/5041
f 5039/5039 5040/5040 5043/5043
f 5039/5039 5043/5043 5042/5042
f 5040/5040 5038/5038 5041/5041
f 5040/5040 5041/5041 5043/5043
f 5041/5041 5042/5042 5045/5045
f 5041/5041 5045/5045 5044/5044
f 5042/5042 5043/5043 5046/5046
f 5042/5042 5046/5046 5045/5045
f 5043/5043 5041/5041 5044/5044
f 5043/5043 5044/5044 5046/5046
f 5044/5044 5045/5045 5048/5048
f 5044/5044 5048/5048 5047/5047
f 5045/5045 5046/5046 5049/5049
f 5045/5045 5049/5049 5048/5048
f 5046/5046 5044/5044 5047/5047
f 5046/5046 5047/5047 5049/5049
f 5047/5047 5048/5048 5051/5051
f 5047/5047 5051/5051 5050/5050
f 5048/5048 5049/5049 5052/5052
f 5048/5048 5052/5052 5051/5051
f 5049/5049 5047/5047 5050/5050
f 5049/5049 5050/5050 5052/5052
f 5050/5050 5051/5051 5054/5054
f 5050/5050 5054/5054 5053/5053
f 5051/5051 5052/5052 5055/5055
f 5051/5051 5055/5055 5054/5054
f 5052/5052 5050/5050 5053/5053
f 5052/5052 5053/5053 5055/5055
f 5053/5053 5054/5054 5057/5057
f 5053/5053 5057/5057 5056/5056
f 5054/5054 5055/5055 5058/5058
f 5054/5054 5058/5058 5057/5057
f 5055/5055 5053/5053 5056/5056
f 5055/5055 5056/5056 5058/5058
f 5059/5059 5060/5060 5063/5063
f 5059/5059 5063/5063 5062/5062
f 5060/5060 5061/5061 5064/5064
f 5060/5060 5064/5064 5063/5063
f 5061/5061 5059/5059 5062/5062
f 5061/5061 5062/5062 5064/5064
f 5062/5062 5063/5063 5066/5066
f 5062/5062 5066/5066 5065/5065
f 5063/5063 5064/5064 5067/5067
f 5063/5063 5067/5067 5066/5066
f 5064/5064 5062/5062 5065/5065
f 5064/5064 5065/5065 5067/5067
f 5065/5065 5066/5066 5069/5069
f 5065/5065 5069/5069 5068/5068
f 5066/5066 5067/5067 5070/5070
f 5066/5066 5070/5070 5069/5069
f 5067/5067 5065/5065 5068/5068
f 5067/5067 5068/5068 5070/5070
f 5068/5068 5069/5069 5072/5072
f 5068/5068 5072/5072 5071/5071
f 5069/5069 5070/5070 5073/5073
f 5069/5069 5073/5073 5072/5072
f 5070/5070 5068/5068 5071/5071
f 5070/5070 5071/5071 5073/5073
f 5071/5071 5072/5072 5075/5075
f 5071/5071 5075/5075 5074/5074
f 5072/5072 5073/5073 5076/5076
f 5072/5072 5076/5076 5075/5075
f 5073/5073 5071/5071 5074/5074
f 5073/5073 5074/5074 5076/5076
f 5074/5074 5075/5075 5078/5078
f 5074/5074 5078/5078 5077/5077
f 5075/5075 5076/5076 5079/5079
f 5075/5075 5079/5079 5078/5078
f 5076/5076 5074/5074 5077/5077
f 5076/5076 5077/5077 5079/5079
f 5077/5077 5078/5078 5081/5081
f 5077/5077 5081/5081 5080/5080
f 5078/5078 5079/5079 5082/5082
f 5078/5078 5082/5082 5081/5081
f 5079/5079 5077/5077 5080/5080
f 5079/5079 5080/5080 5082/5082
f 5080/5080 5081/5081 5084/5084
f 5080/5080 5084/5084 5083/5083
f 5081/5081 5082/5082 5085/5085
f 5081/5081 5085/5085 5084/5084
f 5082/5082 5080/5080 5083/5083
f 5082/5082 5083/5083 5085/5085
f 5086/5086 5087/5087 5090/5090
f 5086/5086 5090/5090 5089/5089
f 5087/5087 5088/5088 5091/5091
f 5087/5087 5091/5091 5090/5090
f 5088/5088 5086/5086 5089/5089
f 5088/5088 5089/5089 5091/5091
f 5089/5089 5090/5090 5093/5093
f 5089/5089 5093/5093 5092/5092
f 5090/5090 5091/5091 5094/5094
f 5090/5090 5094/5094 5093/5093
f 5091/5091 5089/5089 5092/5092
f 5091/5091 5092/5092 5094/5094
f 5092/5092 5093/5093 5096/5096
f 5092/5092 5096/5096 5095/5095
f 5093/5093 5094/5094 5097/5097
f 5093/5093 5097/5097 5096/5096
f 5094/5094 5092/5092 5095/5095
f 5094/5094 5095/5095 5097/5097
f 5095/5095 5096/5096 5099/5099
f 5095/5095 5099/5099 5098/5098
f 5096/5096 5097/5097 5100/5100
f 5096/5096 5100/5100 5099/5099
f 5097/5097 5095/5095 5098/5098
f 5097/5097 5098/5098 5100/5100
f 5098/5098 5099/5099 5102/5102
f 5098/5098 5102/5102 5101/5101
f 5099/5099 5100/5100 5103/5103
f 5099/5099 5103/5103 5102/5102
f 5100/5100 5098/5098 5101/5101
f 5100/5100 5101/5101 5103/5103
f 5101/5101 5102/5102 5105/5105
f 5101/5101 5105/5105 5104/5104
f 5102/5102 5103/5103 5106/5106
f 5102/5102 5106/5106 5105/5105
f 5103/5103 5101/5101 5104/5104
f 5103/5103 5104/5104 5106/5106
f 5104/5104 5105/5105 5108/5108
f 5104/5104 5108/5108 5107/5107
f 5105/5105 5106/5106 5109/5109
f 5105/5105 5109/5109 5108/5108
f 5106/5106 5104/5104 5107/5107
f 5106/5106 5107/5107 5109/5109
f 5107/5107 5108/5108 5111/5111
f 5107/5107 5111/5111 5110/5110
f 5108/5108 5109/5109 5112/5112
f 5108/5108 5112/5112 5111/5111
f 5109/5109 5107/5107 5110/5110
f 5109/5109 5110/5110 5112/5112
f 5113/5113 5114/5114 5117/5117
f 5113/5113 5117/5117 5116/5116
f 5114/5114 5115/5115 5118/5118
f 5114/5114 5118/5118 5117/5117
f 5115/5115 5113/5113 5116/5116
f 5115/5115 5116/5116 5118/5118
f 5116/5116 5117/5117 5120/5120
f 5116/5116 5120/5120 5119/5119
f 5117/5117 5118/5118 5121/5121
f 5117/5117 5121/5121 5120/5120
f 5118/5118 5116/5116 5119/5119
f 5118/5118 5119/5119 5121/5121
f 5119/5119 5120/5120 5123/5123
f 5119/5119 5123/5123 5122/5122
f 5120/5120 5121/5121 5124/5124
f 5120/5120 5124/5124 5123/5123
f 5121/5121 5119/5119 5122/5122
f 5121/5121 5122/5122 5124/5124
f 5122/5122 5123/5123 5126/5126
f 5122/5122 5126/5126 5125/5125
f 5123/5123 5124/5124 5127/5127
f 5123/5123 5127/5127 5126/5126
f 5124/5124 5122/5122 5125/5125
f 5124/5124 5125/5125 5127/5127
f 5125/5125 5126/5126 5129/5129
f 5125/5125 5129/5129 5128/5128
f 5126/5126 5127/5127 5130/5130
f 5126/5126 5130/5130 5129/5129
f 5127/5127 5125/5125 5128/5128
f 5127/5127 5128/5128 5130/5130
f 5128/5128 5129/5129 5132/5132
f 5128/5128 5132/5132 5131/5131
f 5129/5129 5130/5130 5133/5133
f 5129/5129 5133/5133 5132/5132
f 5130/5130 5128/5128 5131/5131
f 5130/5130 5131/5131 5133/5133
f 5131/5131 5132/5132 5135/5135
f 5131/5131 5135/5135 5134/5134
f 5132/5132 5133/5133 5136/5136
f 5132/5132 5136/5136 5135/5135
f 5133/5133 5131/5131 5134/5134
f 5133/5133 5134/5134 5136/5136
f 5134/5134 5135/5135 5138/5138
f 5134/5134 5138/5138 5137/5137
f 5135/5135 5136/5136 5139/5139
f 5135/5135 5139/5139 5138/5138
f 5136/5136 5134/5134 5137/5137
f 5136/5136 5137/5137 5139/5139
f 5140/5140 5141/5141 5144/5144
f 5140/5140 5144/5144 5143/5143
f 5141/5141 5142/5142 5145/5145
f 5141/5141 5145/5145 5144/5144
f 5142/5142 5140/5140 5143/5143
f 5142/5142 5143/5143 5145/5145
f 5143/5143 5144/5144 5147/5147
f 5143/5143 5147/5147 5146/5146
f 5144/5144 5145/5145 5148/5148
f 5144/5144 5148/5148 5147/5147
f 5145/5145 5143/5143 5146/5146
f 5145/5145 5146/5146 5148/5148
f 5146/5146 5147/5147 5150/5150
f 5146/5146 5150/5150 5149/5149
f 5147/5147 5148/5148 5151/5151
f 5147/5147 5151/5151 5150/5150
f 5148/5148 5146/5146 5149/5149
f 5148/5148 5149/5149 5151/5151
f 5149/5149 5150/5150 5153/5153
f 5149/5149 5153/5153 5152/5152
f 5150/5150 5151/5151 5154/5154
f 5150/5150 5154/5154 5153/5153
f 5151/5151 5149/5149 5152/5152
f 5151/5151 5152/5152 5154/5154
f 5152/5152 5153/5153 5156/5156
f 5152/5152 5156/5156 5155/5155
f 5153/5153 5154/5154 5157/5157
f 5153/5153 5157/5157 5156/5156
f 5154/5154 5152/5152 5155/5155
f 5154/5154 5155/5155 5157/5157
f 5155/5155 5156/5156 5159/5159
f 5155/5155 5159/5159 5158/5158
f 5156/5156 5157/5157 5160/5160
f 5156/5156 5160/5160 5159/5159
f 5157/5157 5155/5155 5158/5158
f 5157/5157 5158/5158 5160/5160
f 5158/5158 5159/5159 5162/5162
f 5158/5158 5162/5162 5161/5161
f 5159/5159 5160/5160 5163/5163
f 5159/5159 5163/5163 5162/5162
f 5160/5160 5158/5158 5161/5161
f 5160/5160 5161/5161 5163/5163
f 5161/5161 5162/5162 5165/5165
f 5161/5161 5165/5165 5164/5164
f 5162/5162 5163/5163 5166/5166
f 5162/5162 5166/5166 5165/5165
f 5163/5163 5161/5161 5164/5164
f 5163/5163 5164/5164 5166/5166
f 5167/5167 5168/5168 5171/5171
f 5167/5167 5171/5171 5170/5170
f 5168/5168 5169/5169 5172/5172
f 5168/5168 5172/5172 5171/5171
f 5169/5169 5167/5167 5170/5170
f 5169/5169 5170/5170 5172/5172
f 5170/5170 5171/5171 5174/5174
f 5170/5170 5174/5174 5173/5173
f 5171/5171 5172/5172 5175/5175
f 5171/5171 5175/5175 5174/5174
f 5172/5172 5170/5170 5173/5173
f 5172/5172 5173/5173 5175/5175
f 5173/5173 5174/5174 5177/5177
f 5173/5173 5177/5177 5176/5176
f 5174/5174 5175/5175 5178/5178
f 5174/5174 5178/5178 5177/5177
f 5175/5175 5173/5173 5176/5176
f 5175/5175 5176/5176 5178/5178
f 5176/5176 5177/5177 5180/5180
f 5176/5176 5180/5180 5179/5179
f 5177/5177 5178/5178 5181/5181
f 5177/5177 5181/5181 5180/5180
f 5178/5178 5176/5176 5179/5179
f 5178/5178 5179/5179 5181/5181
f 5179/5179 5180/5180 5183/5183
f 5179/5179 5183/5183 5182/5182
f 5180/5180 5181/5181 5184/5184
f 5180/5180 5184/5184 5183/5183
f 5181/5181 5179/5179 5182/5182
f 5181/5181 5182/5182 5184/5184
f 5182/5182 5183/5183 5186/5186
f 5182/5182 5186/5186 5185/5185
f 5183/5183 5184/5184 5187/5187
f 5183/5183 5187/5187 5186/5186
f 5184/5184 5182/5182 5185/5185
f 5184/5184 5185/5185 5187/5187
f 5185/5185 5186/5186 5189/5189
f 5185/5185 5189/5189 5188/5188
f 5186/5186 5187/5187 5190/5190
f 5186/5186 5190/5190 5189/5189
f 5187/5187 5185/5185 5188/5188
f 5187/5187 5188/5188 5190/5190
f 5188/5188 5189/5189 5192/5192
f 5188/5188 5192/5192 5191/5191
f 5189/5189 5190/5190 5193/5193
f 5189/5189 5193/5193 5192/5192
f 5190/5190 5188/5188 5191/5191
f 5190/5190 5191/5191 5193/5193
f 5194/5194 5195/5195 5198/5198
f 5194/5194 5198/5198 5197/5197
f 5195/5195 5196/5196 5199/5199
f 5195/5195 5199/5199 5198/5198
f 5196/5196 5194/5194 5197/5197
f 5196/5196 5197/5197 5199/5199
f 5197/5197 5198/5198 5201/5201
f 5197/5197 5201/5201 5200/5200
f 5198/5198 5199/5199 5202/5202
f 5198/5198 5202/5202 5201/5201
f 5199/5199 5197/5197 5200/5200
f 5199/5199 5200/5200 5202/5202
f 5200/5200 5201/5201 5204/5204
f 5200/5200 5204/5204 5203/5203
f 5201/5201 5202/5202 5205/5205
f 5201/5201 5205/5205 5204/5204
f 5202/5202 5200/5200 5203/5203
f 5202/5202 5203/5203 5205/5205
f 5203/5203 5204/5204 5207/5207
f 5203/5203 5207/5207 5206/5206
f 5204/5204 5205/5205 5208/5208
f 5204/5204 5208/5208 5207/5207
f 5205/5205 5203/5203 5206/5206
f 5205/5205 5206/5206 5208/5208
f 5206/5206 5207/5207 5210/5210
f 5206/5206 5210/5210 5209/5209
f 5207/5207 5208/5208 5211/5211
f 5207/5207 5211/5211 5210/5210
f 5208/5208 5206/5206 5209/5209
f 5208/5208 5209/5209 5211/5211
f 5209/5209 5210/5210 5213/5213
f 5209/5209 5213/5213 5212/5212
f 5210/5210 5211/5211 5214/5214
f 5210/5210 5214/5214 5213/5213
f 5211/5211 5209/5209 5212/5212
f 5211/5211 5212/5212 5214/5214
f 5212/5212 5213/5213 5216/5216
f 5212/5212 5216/5216 5215/5215
f 5213/5213 5214/5214 5217/5217
f 5213/5213 5217/5217 5216/5216
f 5214/5214 5212/5212 5215/5215
f 5214/5214 5215/5215 5217/5217
f 5215/5215 5216/5216 5219/5219
f 5215/5215 5219/5219 5218/5218
f 5216/5216 5217/5217 5220/5220
f 5216/5216 5220/5220 5219/5219
f 5217/5217 5215/5215 5218/5218
f 5217/5217 5218/5218 5220/5220
f 5221/5221 5222/5222 5225/5225
f 5221/5221 5225/5225 5224/5224
f 5222/5222 5223/5223 5226/5226
f 5222/5222 5226/5226 5225/5225
f 5223/5223 5221/5221 5224/5224
f 5223/5223 5224/5224 5226/5226
f 5224/5224 5225/5225 5228/5228
f 5224/5224 5228/5228 5227/5227
f 5225/5225 5226/5226 5229/5229
f 5225/5225 5229/5229 5228/5228
f 5226/5226 5224/5224 5227/5227
f 5226/5226 5227/5227 5229/5229
f 5227/5227 5228/5228 5231/5231
f 5227/5227 5231/5231 5230/5230
f 5228/5228 5229/5229 5232/5232
f 5228/5228 5232/5232 5231/5231
f 5229/5229 5227/5227 5230/5230
f 5229/5229 5230/5230 5232/5232
f 5230/5230 5231/5231 5234/5234
f 5230/5230 5234/5234 5233/5233
f 5231/5231 5232/5232 5235/5235
f 5231/5231 5235/5235 5234/5234
f 5232/5232 5230/5230 5233/5233
f 5232/5232 5233/5233 5235/5235
f 5233/5233 5234/5234 5237/5237
f 5233/5233 5237/5237 5236/5236
f 5234/5234 5235/5235 5238/5238
f 5234/5234 5238/5238 5237/5237
f 5235/5235 5233/5233 5236/5236
f 5235/5235 5236/5236 5238/5238
f 5236/5236 5237/5237 5240/5240
f 5236/5236 5240/5240 5239/5239
f 5237/5237 5238/5238 5241/5241
f 5237/5237 5241/5241 5240/5240
f 5238/5238 5236/5236 5239/5239
f 5238/5238 5239/5239 5241/5241
f 5239/5239 5240/5240 5243/5243
f 5239/5239 5243/5243 5242/5242
f 5240/5240 5241/5241 5244/5244
f 5240/5240 5244/5244 5243/5243
f 5241/5241 5239/5239 5242/5242
f 5241/5241 5242/5242 5244/5244
f 5242/5242 5243/5243 5246/5246
f 5242/5242 5246/5246 5245/5245
f 5243/5243 5244/5244 5247/5247
f 5243/5243 5247/5247 5246/5246
f 5244/5244 5242/5242 5245/5245
f 5244/5244 5245/5245 5247/5247
f 5248/5248 5249/5249 5252/5252
f 5248/5248 5252/5252 5251/5251
f 5249/5249 5250/5250 5253/5253
f 5249/5249 5253/5253 5252/5252
f 5250/5250 5248/5248 5251/5251
f 5250/5250 5251/5251 5253/5253
f 5251/5251 5252/5252 5255/5255
f 5251/5251 5255/5255 5254/5254
f 5252/5252 5253/5253 5256/5256
f 5252/5252 5256/5256 5255/5255
f 5253/5253 5251/5251 5254/5254
f 5253/5253 5254/5254 5256/5256
f 5254/5254 5255/5255 5258/5258
f 5254/5254 5258/5258 5257/5257
f 5255/5255 5256/5256 5259/5259
f 5255/5255 5259/5259 5258/5258
f 5256/5256 5254/5254 5257/5257
f 5256/5256 5257/5257 5259/5259
f 5257/5257 5258/5258 5261/5261
f 5257/5257 5261/5261 5260/5260
f 5258/5258 5259/5259 5262/5262
f 5258/5258 5262/5262 5261/5261
f 5259/5259 5257/5257 5260/5260
f 5259/5259 5260/5260 5262/5262
f 5260/5260 5261/5261 5264/5264
f 5260/5260 5264/5264 5263/5263
f 5261/5261 5262/5262 5265/5265
f 5261/5261 5265/5265 5264/5264
f 5262/5262 5260/5260 5263/5263
f 5262/5262 5263/5263 5265/5265
f 5263/5263 5264/5264 5267/5267
f 5263/5263 5267/5267 5266/5266
f 5264/5264 5265/5265 5268/5268
f 5264/5264 5268/5268 5267/5267
f 5265/5265 5263/5263 5266/5266
f 5265/5265 5266/5266 5268/5268
f 5266/5266 5267/5267 5270/5270
f 5266/5266 5270/5270 5269/5269
f 5267/5267 5268/5268 5271/5271
f 5267/5267 5271/5271 5270/5270
f 5268/5268 5266/5266 5269/5269
f 5268/5268 5269/5269 5271/5271
f 5269/5269 5270/5270 5273/5273
f 5269/5269 5273/5273 5272/5272
f 5270/5270 5271/5271 5274/5274
f 5270/5270 5274/5274 5273/5273
f 5271/5271 5269/5269 5272/5272
f 5271/5271 5272/5272 5274/5274
f 5275/5275 5276/5276 5279/5279
f 5275/5275 5279/5279 5278/5278
f 5276/5276 5277/5277 5280/5280
f 5276/5276 5280/5280 5279/5279
f 5277/5277 5275/5275 5278/5278
f 5277/5277 5278/5278 5280/5280
f 5278/5278 5279/5279 5282/5282
f 5278/5278 5282/5282 5281/5281
f 5279/5279 5280/5280 5283/5283
f 5279/5279 5283/5283 5282/5282
f 5280/5280 5278/5278 5281/5281
f 5280/5280 5281/5281 5283/5283
f 5281/5281 5282/5282 5285/5285
f 5281/5281 5285/5285 5284/5284
f 5282/5282 5283/5283 5286/5286
f 5282/5282 5286/5286 5285/5285
f 5283/5283 5281/5281 5284/5284
f 5283/5283 5284/5284 5286/5286
f 5284/5284 5285/5285 5288/5288
f 5284/5284 5288/5288 5287/5287
f 5285/5285 5286/5286 5289/5289
f 5285/5285 5289/5289 5288/5288
f 5286/5286 5284/5284 5287/5287
f 5286/5286 5287/5287 5289/5289
f 5287/5287 5288/5288 5291/5291
f 5287/5287 5291/5291 5290/5290
f 5288/5288 5289/5289 5292/5292
f 5288/5288 5292/5292 5291/5291
f 5289/5289 5287/5287 5290/5290
f 5289/5289 5290/5290 5292/5292
f 5290/5290 5291/5291 5294/5294
f 5290/5290 5294/5294 5293/5293
f 5291/5291 5292/5292 5295/5295
f 5291/5291 5295/5295 5294/5294
f 5292/5292 5290/5290 5293/5293
f 5292/5292 5293/5293 5295/5295
f 5293/5293 5294/5294 5297/5297
f 5293/5293 5297/5297 5296/5296
f 5294/5294 5295/5295 5298/5298
f 5294/5294 5298/5298 5297/5297
f 5295/5295 5293/5293 5296/5296
f 5295/5295 5296/5296 5298/5298
f 5296/5296 5297/5297 5300/5300
f 5296/5296 5300/5300 5299/5299
f 5297/5297 5298/5298 5301/5301
f 5297/5297 5301/5301 5300/5300
f 5298/5298 5296/5296 5299/5299
f 5298/5298 5299/5299 5301/5301
f 5302/5302 5303/5303 5306/5306
f 5302/5302 5306/5306 5305/5305
f 5303/5303 5304/5304 5307/5307
f 5303/5303 5307/5307 5306/5306
f 5304/5304 5302/5302 5305/5305
f 5304/5304 5305/5305 5307/5307
f 5305/5305 5306/5306 5309/5309
f 5305/5305 5309/5309 5308/5308
f 5306/5306 5307/5307 5310/5310
f 5306/5306 5310/5310 5309/5309
f 5307/5307 5305/5305 5308/5308
f 5307/5307 5308/5308 5310/5310
f 5308/5308 5309/5309 5312/5312
f 5308/5308 5312/5312 5311/5311
f 5309/5309 5310/5310 5313/5313
f 5309/5309 5313/5313 5312/5312
f 5310/5310 5308/5308 5311/5311
f 5310/5310 5311/5311 5313/5313
f 5311/5311 5312/5312 5315/5315
f 5311/5311 5315/5315 5314/5314
f 5312/5312 5313/5313 5316/5316
f 5312/5312 5316/5316 5315/5315
f 5313/5313 5311/5311 5314/5314
f 5313/5313 5314/5314 5316/5316
f 5314/5314 5315/5315 5318/5318
f 5314/5314 5318/5318 5317/5317
f 5315/5315 5316/5316 5319/5319
f 5315/5315 5319/5319 5318/5318
f 5316/5316 5314/5314 5317/5317
f 5316/5316 5317/5317 5319/5319
f 5317/5317 5318/5318 5321/5321
f 5317/5317 5321/5321 5320/5320
f 5318/5318 5319/5319 5322/5322
f 5318/5318 5322/5322 5321/5321
f 5319/5319 5317/5317 5320/5320
f 5319/5319 5320/5320 5322/5322
f 5320/5320 5321/5321 5324/5324
f 5320/5320 5324/5324 5323/5323
f 5321/5321 5322/5322 5325/5325
f 5321/5321 5325/5325 5324/5324
f 5322/5322 5320/5320 5323/5323
f 5322/5322 5323/5323 5325/5325
f 5323/5323 5324/5324 5327/5327
f 5323/5323 5327/5327 5326/5326
f 5324/5324 5325/5325 5328/5328
f 5324/5324 5328/5328 5327/5327
f 5325/5325 5323/5323 5326/5326
f 5325/5325 5326/5326 5328/5328
f 5329/5329 5330/5330 5333/5333
f 5329/5329 5333/5333 5332/5332
f 5330/5330 5331/5331 5334/5334
f 5330/5330 5334/5334 5333/5333
f 5331/5331 5329/5329 5332/5332
f 5331/5331 5332/5332 5334/5334
f 5332/5332 5333/5333 5336/5336
f 5332/5332 5336/5336 5335/5335
f 5333/5333 5334/5334 5337/5337
f 5333/5333 5337/5337 5336/5336
f 5334/5334 5332/5332 5335/5335
f 5334/5334 5335/5335 5337/5337
f 5335/5335 5336/5336 5339/5339
f 5335/5335 5339/5339 5338/5338
f 5336/5336 5337/5337 5340/5340
f 5336/5336 5340/5340 5339/5339
f 5337/5337 5335/5335 5338/5338
f 5337/5337 5338/5338 5340/5340
f 5338/5338 5339/5339 5342/5342
f 5338/5338 5342/5342 5341/5341
f 5339/5339 5340/5340 5343/5343
f 5339/5339 5343/5343 5342/5342
f 5340/5340 5338/5338 5341/5341
f 5340/5340 5341/5341 5343/5343
f 5341/5341 5342/5342 5345/5345
f 5341/5341 5345/5345 5344/5344
f 5342/5342 5343/5343 5346/5346
f 5342/5342 5346/5346 5345/5345
f 5343/5343 5341/5341 5344/5344
f 5343/5343 5344/5344 5346/5346
f 5344/5344 5345/5345 5348/5348
f 5344/5344 5348/5348 5347/5347
f 5345/5345 5346/5346 5349/5349
f 5345/5345 5349/5349 5348/5348
f 5346/5346 5344/5344 5347/5347
f 5346/5346 5347/5347 5349/5349
f 5347/5347 5348/5348 5351/5351
f 5347/5347 5351/5351 5350/5350
f 5348/5348 5349/5349 5352/5352
f 5348/5348 5352/5352 5351/5351
f 5349/5349 5347/5347 5350/5350
f 5349/5349 5350/5350 5352/5352
f 5350/5350 5351/5351 5354/5354
f 5350/5350 5354/5354 5353/5353
f 5351/5351 5352/5352 5355/5355
f 5351/5351 5355/5355 5354/5354
f 5352/5352 5350/5350 5353/5353
f 5352/5352 5353/5353 5355/5355
f 5356/5356 5357/5357 5360/5360
f 5356/5356 5360/5360 5359/5359
f 5357/5357 5358/5358 5361/5361
f 5357/5357 5361/5361 5360/5360
f 5358/5358 5356/5356 5359/5359
f 5358/5358 5359/5359 5361/5361
f 5359/5359 5360/5360 5363/5363
f 5359/5359 5363/5363 5362/5362
f 5360/5360 5361/5361 5364/5364
f 5360/5360 5364/5364 5363/5363
f 5361/5361 5359/5359 5362/5362
f 5361/5361 5362/5362 5364/5364
f 5362/5362 5363/5363 5366/5366
f 5362/5362 5366/5366 5365/5365
f 5363/5363 5364/5364 5367/5367
f 5363/5363 5367/5367 5366/5366
f 5364/5364 5362/5362 5365/5365
f 5364/5364 5365/5365 5367/5367
f 5365/5365 5366/5366 5369/5369
f 5365/5365 5369/5369 5368/5368
f 5366/5366 5367/5367 5370/5370
f 5366/5366 5370/5370 5369/5369
f 5367/5367 5365/5365 5368/5368
f 5367/5367 5368/5368 5370/5370
f 5368/5368 5369/5369 5372/5372
f 5368/5368 5372/5372 5371/5371
f 5369/5369 5370/5370 5373/5373
f 5369/5369 5373/5373 5372/5372
f 5370/5370 5368/5368 5371/5371
f 5370/5370 5371/5371 5373/5373
f 5371/5371 5372/5372 5375/5375
f 5371/5371 5375/5375 5374/5374
f 5372/5372 5373/5373 5376/5376
f 5372/5372 5376/5376 5375/5375
f 5373/5373 5371/5371 5374/5374
f 5373/5373 5374/5374 5376/5376
f 5374/5374 5375/5375 5378/5378
f 5374/5374 5378/5378 5377/5377
f 5375/5375 5376/5376 5379/5379
f 5375/5375 5379/5379 5378/5378
f 5376/5376 5374/5374 5377/5377
f 5376/5376 5377/5377 5379/5379
f 5377/5377 5378/5378 5381/5381
f 5377/5377 5381/5381 5380/5380
f 5378/5378 5379/5379 5382/5382
f 5378/5378 5382/5382 5381/5381
f 5379/5379 5377/5377 5380/5380
f 5379/5379 5380/5380 5382/5382
f 5383/5383 5384/5384 5387/5387
f 5383/5383 5387/5387 5386/5386
f 5384/5384 5385/5385 5388/5388
f 5384/5384 5388/5388 5387/5387
f 5385/5385 5383/5383 5386/5386
f 5385/5385 5386/5386 5388/5388
f 5386/5386 5387/5387 5390/5390
f 5386/5386 5390/5390 5389/5389
f 5387/5387 5388/5388 5391/5391
f 5387/5387 5391/5391 5390/5390
f 5388/5388 5386/5386 5389/5389
f 5388/5388 5389/5389 5391/5391
f 5389/5389 5390/5390 5393/5393
f 5389/5389 5393/5393 5392/5392
f 5390/5390 5391/5391 5394/5394
f 5390/5390 5394/5394 5393/5393
f 5391/5391 5389/5389 5392/5392
f 5391/5391 5392/5392 5394/5394
f 5392/5392 5393/5393 5396/5396
f 5392/5392 5396/5396 5395/5395
f 5393/5393 5394/5394 5397/5397
f 5393/5393 5397/5397 5396/5396
f 5394/5394 5392/5392 5395/5395
f 5394/5394 5395/5395 5397/5397
f 5395/5395 5396/5396 5399/5399
f 5395/5395 5399/5399 5398/5398
f 5396/5396 5397/5397 5400/5400
f 5396/5396 5400/5400 5399/5399
f 5397/5397 5395/5395 5398/5398
f 5397/5397 5398/5398 5400/5400
f 5398/5398 5399/5399 5402/5402
f 5398/5398 5402/5402 5401/5401
f 5399/5399 5400/5400 5403/5403
f 5399/5399 5403/5403 5402/5402
f 5400/5400 5398/5398 5401/5401
f 5400/5400 5401/5401 5403/5403
f 5401/5401 5402/5402 5405/5405
f 5401/5401 5405/5405 5404/5404
f 5402/5402 5403/5403 5406/5406
f 5402/5402 5406/5406 5405/5405
f 5403/5403 5401/5401 5404/5404
f 5403/5403 5404/5404 5406/5406
f 5404/5404 5405/5405 5408/5408
f 5404/5404 5408/5408 5407/5407
f 5405/5405 5406/5406 5409/5409
f 5405/5405 5409/5409 5408/5408
f 5406/5406 5404/5404 5407/5407
f 5406/5406 5407/5407 5409/5409
f 5410/5410 5411/5411 5414/5414
f 5410/5410 5414/5414 5413/5413
f 5411/5411 5412/5412 5415/5415
f 5411/5411 5415/5415 5414/5414
f 5412/5412 5410/5410 5413/5413
f 5412/5412 5413/5413 5415/5415
f 5413/5413 5414/5414 5417/5417
f 5413/5413 5417/5417 5416/5416
f 5414/5414 5415/5415 5418/5418
f 5414/5414 5418/5418 5417/5417
f 5415/5415 5413/5413 5416/5416
f 5415/5415 5416/5416 5418/5418
f 5416/5416 5417/5417 5420/5420
f 5416/5416 5420/5420 5419/5419
f 5417/5417 5418/5418 5421/5421
f 5417/5417 5421/5421 5420/5420
f 5418/5418 5416/5416 5419/5419
f 5418/5418 5419/5419 5421/5421
f 5419/5419 5420/5420 5423/5423
f 5419/5419 5423/5423 5422/5422
f 5420/5420 5421/5421 5424/5424
f 5420/5420 5424/5424 5423/5423
f 5421/5421 5419/5419 5422/5422
f 5421/5421 5422/5422 5424/5424
f 5422/5422 5423/5423 5426/5426
f 5422/5422 5426/5426 5425/5425
f 5423/5423 5424/5424 5427/5427
f 5423/5423 5427/5427 5426/5426
f 5424/5424 5422/5422 5425/5425
f 5424/5424 5425/5425 5427/5427
f 5425/5425 5426/5426 5429/5429
f 5425/5425 5429/5429 5428/5428
f 5426/5426 5427/5427 5430/5430
f 5426/5426 5430/5430 5429/5429
f 5427/5427 5425/5425 5428/5428
f 5427/5427 5428/5428 5430/5430
f 5428/5428 5429/5429 5432/5432
f 5428/5428 5432/5432 5431/5431
f 5429/5429 5430/5430 5433/5433
f 5429/5429 5433/5433 5432/5432
f 5430/5430 5428/5428 5431/5431
f 5430/5430 5431/5431 5433/5433
f 5431/5431 5432/5432 5435/5435
f 5431/5431 5435/5435 5434/5434
f 5432/5432 5433/5433 5436/5436
f 5432/5432 5436/5436 5435/5435
f 5433/5433 5431/5431 5434/5434
f 5433/5433 5434/5434 5436/5436
f 5437/5437 5438/5438 5441/5441
f 5437/5437 5441/5441 5440/5440
f 5438/5438 5439/5439 5442/5442
f 5438/5438 5442/5442 5441/5441
f 5439/5439 5437/5437 5440/5440
f 5439/5439 5440/5440 5442/5442
f 5440/5440 5441/5441 5444/5444
f 5440/5440 5444/5444 5443/5443
f 5441/5441 5442/5442 5445/5445
f 5441/5441 5445/5445 5444/5444
f 5442/5442 5440/5440 5443/5443
f 5442/5442 5443/5443 5445/5445
f 5443/5443 5444/5444 5447/5447
f 5443/5443 5447/5447 5446/5446
f 5444/5444 5445/5445 5448/5448
f 5444/5444 5448/5448 5447/5447
f 5445/5445 5443/5443 5446/5446
f 5445/5445 5446/5446 5448/5448
f 5446/5446 5447/5447 5450/5450
f 5446/5446 5450/5450 5449/5449
f 5447/5447 5448/5448 5451/5451
f 5447/5447 5451/5451 5450/5450
f 5448/5448 5446/5446 5449/5449
f 5448/5448 5449/5449 5451/5451
f 5449/5449 5450/5450 5453/5453
f 5449/5449 5453/5453 5452/5452
f 5450/5450 5451/5451 5454/5454
f 5450/5450 5454/5454 5453/5453
f 5451/5451 5449/5449 5452/5452
f 5451/5451 5452/5452 5454/5454
f 5452/5452 5453/5453 5456/5456
f 5452/5452 5456/5456 5455/5455
f 5453/5453 5454/5454 5457/5457
f 5453/5453 5457/5457 5456/5456
f 5454/5454 5452/5452 5455/5455
f 5454/5454 5455/5455 5457/5457
f 5455/5455 5456/5456 5459/5459
f 5455/5455 5459/5459 5458/5458
f 5456/5456 5457/5457 5460/5460
f 5456/5456 5460/5460 5459/5459
f 5457/5457 5455/5455 5458/5458
f 5457/5457 5458/5458 5460/5460
f 5458/5458 5459/5459 5462/5462
f 5458/5458 5462/5462 5461/5461
f 5459/5459 5460/5460 5463/5463
f 5459/5459 5463/5463 5462/5462
f 5460/5460 5458/5458 5461/5461
f 5460/5460 5461/5461 5463/5463
f 5464/5464 5465/5465 5468/5468
f 5464/5464 5468/5468 5467/5467
f 5465/5465 5466/5466 5469/5469
f 5465/5465 5469/5469 5468/5468
f 5466/5466 5464/5464 5467/5467
f 5466/5466 5467/5467 5469/5469
f 5467/5467 5468/5468 5471/5471
f 5467/5467 5471/5471 5470/5470
f 5468/5468 5469/5469 5472/5472
f 5468/5468 5472/5472 5471/5471
f 5469/5469 5467/5467 5470/5470
f 5469/5469 5470/5470 5472/5472
f 5470/5470 5471/5471 5474/5474
f 5470/5470 5474/5474 5473/5473
f 5471/5471 5472/5472 5475/5475
f 5471/5471 5475/5475 5474/5474
f 5472/5472 5470/5470 5473/5473
f 5472/5472 5473/5473 5475/5475
f 5473/5473 5474/5474 5477/5477
f 5473/5473 5477/5477 5476/5476
f 5474/5474 5475/5475 5478/5478
f 5474/5474 5478/5478 5477/5477
f 5475/5475 5473/5473 5476/5476
f 5475/5475 5476/5476 5478/5478
f 5476/5476 5477/5477 5480/5480
f 5476/5476 5480/5480 5479/5479
f 5477/5477 5478/5478 5481/5481
f 5477/5477 5481/5481 5480/5480
f 5478/5478 5476/5476 5479/5479
f 5478/5478 5479/5479 5481/5481
f 5479/5479 5480/5480 5483/5483
f 5479/5479 5483/5483 5482/5482
f 5480/5480 5481/5481 5484/5484
f 5480/5480 5484/5484 5483/5483
f 5481/5481 5479/5479 5482/5482
f 5481/5481 5482/5482 5484/5484
f 5482/5482 5483/5483 5486/5486
f 5482/5482 5486/5486 5485/5485
f 5483/5483 5484/5484 5487/5487
f 5483/5483 5487/5487 5486/5486
f 5484/5484 5482/5482 5485/5485
f 5484/5484 5485/5485 5487/5487
f 5485/5485 5486/5486 5489/5489
f 5485/5485 5489/5489 5488/5488
f 5486/5486 5487/5487 5490/5490
f 5486/5486 5490/5490 5489/5489
f 5487/5487 5485/5485 5488/5488
f 5487/5487 5488/5488 5490/5490
f 5491/5491 5492/5492 5495/5495
f 5491/5491 5495/5495 5494/5494
f 5492/5492 5493/5493 5496/5496
f 5492/5492 5496/5496 5495/5495
f 5493/5493 5491/5491 5494/5494
f 5493/5493 5494/5494 5496/5496
f 5494/5494 5495/5495 5498/5498
f 5494/5494 5498/5498 5497/5497
f 5495/5495 5496/5496 5499/5499
f 5495/5495 5499/5499 5498/5498
f 5496/5496 5494/5494 5497/5497
f 5496/5496 5497/5497 5499/5499
f 5497/5497 5498/5498 5501/5501
f 5497/5497 5501/5501 5500/5500
f 5498/5498 5499/5499 5502/5502
f 5498/5498 5502/5502 5501/5501
f 5499/5499 5497/5497 5500/5500
f 5499/5499 5500/5500 5502/5502
f 5500/5500 5501/5501 5504/5504
f 5500/5500 5504/5504 5503/5503
f 5501/5501 5502/5502 5505/5505
f 5501/5501 5505/5505 5504/5504
f 5502/5502 5500/5500 5503/5503
f 5502/5502 5503/5503 5505/5505
f 5503/5503 5504/5504 5507/5507
f 5503/5503 5507/5507 5506/5506
f 5504/5504 5505/5505 5508/5508
f 5504/5504 5508/5508 5507/5507
f 5505/5505 5503/5503 5506/5506
f 5505/5505 5506/5506 5508/5508
f 5506/5506 5507/5507 5510/5510
f 5506/5506 5510/5510 5509/5509
f 5507/5507 5508/5508 5511/5511
f 5507/5507 5511/5511 5510/5510
f 5508/5508 5506/5506 5509/5509
f 5508/5508 5509/5509 5511/5511
f 5509/5509 5510/5510 5513/5513
f 5509/5509 5513/5513 5512/5512
f 5510/5510 5511/5511 5514/5514
f 5510/5510 5514/5514 5513/5513
f 5511/5511 5509/5509 5512/5512
f 5511/5511 5512/5512 5514/5514
f 5512/5512 5513/5513 5516/5516
f 5512/5512 5516/5516 5515/5515
f 5513/5513 5514/5514 5517/5517
f 5513/5513 5517/5517 5516/5516
f 5514/5514 5512/5512 5515/5515
f 5514/5514 5515/5515 5517/5517
f 5518/5518 5519/5519 5522/5522
f 5518/5518 5522/5522 5521/5521
f 5519/5519 5520/5520 5523/5523
f 5519/5519 5523/5523 5522/5522
f 5520/5520 5518/5518 5521/5521
f 5520/5520 5521/5521 5523/5523
f 5521/5521 5522/5522 5525/5525
f 5521/5521 5525/5525 5524/5524
f 5522/5522 5523/5523 5526/5526
f 5522/5522 5526/5526 5525/5525
f 5523/5523 5521/5521 5524/5524
f 5523/5523 5524/5524 5526/5526
f 5524/5524 5525/5525 5528/5528
f 5524/5524 5528/5528 5527/5527
f 5525/5525 5526/5526 5529/5529
f 5525/5525 5529/5529 5528/5528
f 5526/5526 5524/5524 5527/5527
f 5526/5526 5527/5527 5529/5529
f 5527/5527 5528/5528 5531/5531
f 5527/5527 5531/5531 5530/5530
f 5528/5528 5529/5529 5532/5532
f 5528/5528 5532/5532 5531/5531
f 5529/5529 5527/5527 5530/5530
f 5529/5529 5530/5530 5532/5532
f 5530/5530 5531/5531 5534/5534
f 5530/5530 5534/5534 5533/5533
f 5531/5531 5532/5532 5535/5535
f 5531/5531 5535/5535 5534/5534
f 5532/5532 5530/5530 5533/5533
f 5532/5532 5533/5533 5535/5535
f 5533/5533 5534/5534 5537/5537
f 5533/5533 5537/5537 5536/5536
f 5534/5534 5535/5535 5538/5538
f 5534/5534 5538/5538 5537/5537
f 5535/5535 5533/5533 5536/5536
f 5535/5535 5536/5536 5538/5538
f 5536/5536 5537/5537 5540/5540
f 5536/5536 5540/5540 5539/5539
f 5537/5537 5538/5538 5541/5541
f 5537/5537 5541/5541 5540/5540
f 5538/5538 5536/5536 5539/5539
f 5538/5538 5539/5539 5541/5541
f 5539/5539 5540/5540 5543/5543
f 5539/5539 5543/5543 5542/5542
f 5540/5540 5541/5541 5544/5544
f 5540/5540 5544/5544 5543/5543
f 5541/5541 5539/5539 5542/5542
f 5541/5541 5542/5542 5544/5544
f 5545/5545 5546/5546 5549/5549
f 5545/5545 5549/5549 5548/5548
f 5546/5546 5547/5547 5550/5550
f 5546/5546 5550/5550 5549/5549
f 5547/5547 5545/5545 5548/5548
f 5547/5547 5548/5548 5550/5550
f 5548/5548 5549/5549 5552/5552
f 5548/5548 5552/5552 5551/5551
f 5549/5549 5550/5550 5553/5553
f 5549/5549 5553/5553 5552/5552
f 5550/5550 5548/5548 5551/5551
f 5550/5550 5551/5551 5553/5553
f 5551/5551 5552/5552 5555/5555
f 5551/5551 5555/5555 5554/5554
f 5552/5552 5553/5553 5556/5556
f 5552/5552 5556/5556 5555/5555
f 5553/5553 5551/5551 5554/5554
f 5553/5553 5554/5554 5556/5556
f 5554/5554 5555/5555 5558/5558
f 5554/5554 5558/5558 5557/5557
f 5555/5555 5556/5556 5559/5559
f 5555/5555 5559/5559 5558/5558
f 5556/5556 5554/5554 5557/5557
f 5556/5556 5557/5557 5559/5559
f 5557/5557 5558/5558 5561/5561
f 5557/5557 5561/5561 5560/5560
f 5558/5558 5559/5559 5562/5562
f 5558/5558 5562/5562 5561/5561
f 5559/5559 5557/5557 5560/5560
f 5559/5559 5560/5560 5562/5562
f 5560/5560 5561/5561 5564/5564
f 5560/5560 5564/5564 5563/5563
f 5561/5561 5562/5562 5565/5565
f 5561/5561 5565/5565 5564/5564
f 5562/5562 5560/5560 5563/5563
f 5562/5562 5563/5563 5565/5565
f 5563/5563 5564/5564 5567/5567
f 5563/5563 5567/5567 5566/5566
f 5564/5564 5565/5565 5568/5568
f 5564/5564 5568/5568 5567/5567
f 5565/5565 5563/5563 5566/5566
f 5565/5565 5566/5566 5568/5568
f 5566/5566 5567/5567 5570/5570
f 5566/5566 5570/5570 5569/5569
f 5567/5567 5568/5568 5571/5571
f 5567/5567 5571/5571 5570/5570
f 5568/5568 5566/5566 5569/5569
f 5568/5568 5569/5569 5571/5571
f 5572/5572 5573/5573 5576/5576
f 5572/5572 5576/5576 5575/5575
f 5573/5573 5574/5574 5577/5577
f 5573/5573 5577/5577 5576/5576
f 5574/5574 5572/5572 5575/5575
f 5574/5574 5575/5575 5577/5577
f 5575/5575 5576/5576 5579/5579
f 5575/5575 5579/5579 5578/5578
f 5576/5576 5577/5577 5580/5580
f 5576/5576 5580/5580 5579/5579
f 5577/5577 5575/5575 5578/5578
f 5577/5577 5578/5578 5580/5580
f 5578/5578 5579/5579 5582/5582
f 5578/5578 5582/5582 5581/5581
f 5579/5579 5580/5580 5583/5583
f 5579/5579 5583/5583 5582/5582
f 5580/5580 5578/5578 5581/5581
f 5580/5580 5581/5581 5583/5583
f 5581/5581 5582/5582 5585/5585
f 5581/5581 5585/5585 5584/5584
f 5582/5582 5583/5583 5586/5586
f 5582/5582 5586/5586 5585/5585
f 5583/5583 5581/5581 5584/5584
f 5583/5583 5584/5584 5586/5586
f 5584/5584 5585/5585 5588/5588
f 5584/5584 5588/5588 5587/5587
f 5585/5585 5586/5586 5589/5589
f 5585/5585 5589/5589 5588/5588
f 5586/5586 5584/5584 5587/5587
f 5586/5586 5587/5587 5589/5589
f 5587/5587 5588/5588 5591/5591
f 5587/5587 5591/5591 5590/5590
f 5588/5588 5589/5589 5592/5592
f 5588/5588 5592/5592 5591/5591
f 5589/5589 5587/5587 5590/5590
f 5589/5589 5590/5590 5592/5592
f 5590/5590 5591/5591 5594/5594
f 5590/5590 5594/5594 5593/5593
f 5591/5591 5592/5592 5595/5595
f 5591/5591 5595/5595 5594/5594
f 5592/5592 5590/5590 5593/5593
f 5592/5592 5593/5593 5595/5595
f 5593/5593 5594/5594 5597/5597
f 5593/5593 5597/5597 5596/5596
f 5594/5594 5595/5595 5598/5598
f 5594/5594 5598/5598 5597/5597
f 5595/5595 5593/5593 5596/5596
f 5595/5595 5596/5596 5598/5598
f 5599/5599 5600/5600 5603/5603
f 5599/5599 5603/5603 5602/5602
f 5600/5600 5601/5601 5604/5604
f 5600/5600 5604/5604 5603/5603
f 5601/5601 5599/5599 5602/5602
f 5601/5601 5602/5602 5604/5604
f 5602/5602 5603/5603 5606/5606
f 5602/5602 5606/5606 5605/5605
f 5603/5603 5604/5604 5607/5607
f 5603/5603 5607/5607 5606/5606
f 5604/5604 5602/5602 5605/5605
f 5604/5604 5605/5605 5607/5607
f 5605/5605 5606/5606 5609/5609
f 5605/5605 5609/5609 5608/5608
f 5606/5606 5607/5607 5610/5610
f 5606/5606 5610/5610 5609/5609
f 5607/5607 5605/5605 5608/5608
f 5607/5607 5608/5608 5610/5610
f 5608/5608 5609/5609 5612/5612
f 5608/5608 5612/5612 5611/5611
f 5609/5609 5610/5610 5613/5613
f 5609/5609 5613/5613 5612/5612
f 5610/5610 5608/5608 5611/5611
f 5610/5610 5611/5611 5613/5613
f 5611/5611 5612/5612 5615/5615
f 5611/5611 5615/5615 5614/5614
f 5612/5612 5613/5613 5616/5616
f 5612/5612 5616/5616 5615/5615
f 5613/5613 5611/5611 5614/5614
f 5613/5613 5614/5614 5616/5616
f 5614/5614 5615/5615 5618/5618
f 5614/5614 5618/5618 5617/5617
f 5615/5615 5616/5616 5619/5619
f 5615/5615 5619/5619 5618/5618
f 5616/5616 5614/5614 5617/5617
f 5616/5616 5617/5617 5619/5619
f 5617/5617 5618/5618 5621/5621
f 5617/5617 5621/5621 5620/5620
f 5618/5618 5619/5619 5622/5622
f 5618/5618 5622/5622 5621/5621
f 5619/5619 5617/5617 5620/5620
f 5619/5619 5620/5620 5622/5622
f 5620/5620 5621/5621 5624/5624
f 5620/5620 5624/5624 5623/5623
f 5621/5621 5622/5622 5625/5625
f 5621/5621 5625/5625 5624/5624
f 5622/5622 5620/5620 5623/5623
f 5622/5622 5623/5623 5625/5625
f 5626/5626 5627/5627 5630/5630
f 5626/5626 5630/5630 5629/5629
f 5627/5627 5628/5628 5631/5631
f 5627/5627 5631/5631 5630/5630
f 5628/5628 5626/5626 5629/5629
f 5628/5628 5629/5629 5631/5631
f 5629/5629 5630/5630 5633/5633
f 5629/5629 5633/5633 5632/5632
f 5630/5630 5631/5631 5634/5634
f 5630/5630 5634/5634 5633/5633
f 5631/5631 5629/5629 5632/5632
f 5631/5631 5632/5632 5634/5634
f 5632/5632 5633/5633 5636/5636
f 5632/5632 5636/5636 5635/5635
f 5633/5633 5634/5634 5637/5637
f 5633/5633 5637/5637 5636/5636
f 5634/5634 5632/5632 5635/5635
f 5634/5634 5635/5635 5637/5637
f 5635/5635 5636/5636 5639/5639
f 5635/5635 5639/5639 5638/5638
f 5636/5636 5637/5637 5640/5640
f 5636/5636 5640/5640 5639/5639
f 5637/5637 5635/5635 5638/5638
f 5637/5637 5638/5638 5640/5640
f 5638/5638 5639/5639 5642/5642
f 5638/5638 5642/5642 5641/5641
f 5639/5639 5640/5640 5643/5643
f 5639/5639 5643/5643 5642/5642
f 5640/5640 5638/5638 5641/5641
f 5640/5640 5641/5641 5643/5643
f 5641/5641 5642/5642 5645/5645
f 5641/5641 5645/5645 5644/5644
f 5642/5642 5643/5643 5646/5646
f 5642/5642 5646/5646 5645/5645
f 5643/5643 5641/5641 5644/5644
f 5643/5643 5644/5644 5646/5646
f 5644/5644 5645/5645 5648/5648
f 5644/5644 5648/5648 5647/5647
f 5645/5645 5646/5646 5649/5649
f 5645/5645 5649/5649 5648/5648
f 5646/5646 5644/5644 5647/5647
f 5646/5646 5647/5647 5649/5649
f 5647/5647 5648/5648 5651/5651
f 5647/5647 5651/5651 5650/5650
f 5648/5648 5649/5649 5652/5652
f 5648/5648 5652/5652 5651/5651
f 5649/5649 5647/5647 5650/5650
f 5649/5649 5650/5650 5652/5652
f 5653/5653 5654/5654 5657/5657
f 5653/5653 5657/5657 5656/5656
f 5654/5654 5655/5655 5658/5658
f 5654/5654 5658/5658 5657/5657
f 5655/5655 5653/5653 5656/5656
f 5655/5655 5656/5656 5658/5658
f 5656/5656 5657/5657 5660/5660
f 5656/5656 5660/5660 5659/5659
f 5657/5657 5658/5658 5661/5661
f 5657/5657 5661/5661 5660/5660
f 5658/5658 5656/5656 5659/5659
f 5658/5658 5659/5659 5661/5661
f 5659/5659 5660/5660 5663/5663
f 5659/5659 5663/5663 5662/5662
f 5660/5660 5661/5661 5664/5664
f 5660/5660 5664/5664 5663/5663
f 5661/5661 5659/5659 5662/5662
f 5661/5661 5662/5662 5664/5664
f 5662/5662 5663/5663 5666/5666
f 5662/5662 5666/5666 5665/5665
f 5663/5663 5664/5664 5667/5667
f 5663/5663 5667/5667 5666/5666
f 5664/5664 5662/5662 5665/5665
f 5664/5664 5665/5665 5667/5667
f 5665/5665 5666/5666 5669/5669
f 5665/5665 5669/5669 5668/5668
f 5666/5666 5667/5667 5670/5670
f 5666/5666 5670/5670 5669/5669
f 5667/5667 5665/5665 5668/5668
f 5667/5667 5668/5668 5670/5670
f 5668/5668 5669/5669 5672/5672
f 5668/5668 5672/5672 5671/5671
f 5669/5669 5670/5670 5673/5673
f 5669/5669 5673/5673 5672/5672
f 5670/5670 5668/5668 5671/5671
f 5670/5670 5671/5671 5673/5673
f 5671/5671 5672/5672 5675/5675
f 5671/5671 5675/5675 5674/5674
f 5672/5672 5673/5673 5676/5676
f 5672/5672 5676/5676 5675/5675
f 5673/5673 5671/5671 5674/5674
f 5673/5673 5674/5674 5676/5676
f 5674/5674 5675/5675 5678/5678
f 5674/5674 5678/5678 5677/5677
f 5675/5675 5676/5676 5679/5679
f 5675/5675 5679/5679 5678/5678
f 5676/5676 5674/5674 5677/5677
f 5676/5676 5677/5677 5679/5679
f 5680/5680 5681/5681 5684/5684
f 5680/5680 5684/5684 5683/5683
f 5681/5681 5682/5682 5685/5685
f 5681/5681 5685/5685 5684/5684
f 5682/5682 5680/5680 5683/5683
f 5682/5682 5683/5683 5685/5685
f 5683/5683 5684/5684 5687/5687
f 5683/5683 5687/5687 5686/5686
f 5684/5684 5685/5685 5688/5688
f 5684/5684 5688/5688 5687/5687
f 5685/5685 5683/5683 5686/5686
f 5685/5685 5686/5686 5688/5688
f 5686/5686 5687/5687 5690/5690
f 5686/5686 5690/5690 5689/5689
f 5687/5687 5688/5688 5691/5691
f 5687/5687 5691/5691 5690/5690
f 5688/5688 5686/5686 5689/5689
f 5688/5688 5689/5689 5691/5691
f 5689/5689 5690/5690 5693/5693
f 5689/5689 5693/5693 5692/5692
f 5690/5690 5691/5691 5694/5694
f 5690/5690 5694/5694 5693/5693
f 5691/5691 5689/5689 5692/5692
f 5691/5691 5692/5692 5694/5694
f 5692/5692 5693/5693 5696/5696
f 5692/5692 5696/5696 5695/5695
f 5693/5693 5694/5694 5697/5697
f 5693/5693 5697/5697 5696/5696
f 5694/5694 5692/5692 5695/5695
f 5694/5694 5695/5695 5697/5697
f 5695/5695 5696/5696 5699/5699
f 5695/5695 5699/5699 5698/5698
f 5696/5696 5697/5697 5700/5700
f 5696/5696 5700/5700 5699/5699
f 5697/5697 5695/5695 5698/5698
f 5697/5697 5698/5698 5700/5700
f 5698/5698 5699/5699 5702/5702
f 5698/5698 5702/5702 5701/5701
f 5699/5699 5700/5700 5703/5703
f 5699/5699 5703/5703 5702/5702
f 5700/5700 5698/5698 5701/5701
f 5700/5700 5701/5701 5703/5703
f 5701/5701 5702/5702 5705/5705
f 5701/5701 5705/5705 5704/5704
f 5702/5702 5703/5703 5706/5706
f 5702/5702 5706/5706 5705/5705
f 5703/5703 5701/5701 5704/5704
f 5703/5703 5704/5704 5706/5706
f 5707/5707 5708/5708 5711/5711
f 5707/5707 5711/5711 5710/5710
f 5708/5708 5709/5709 5712/5712
f 5708/5708 5712/5712 5711/5711
f 5709/5709 5707/5707 5710/5710
f 5709/5709 5710/5710 5712/5712
f 5710/5710 5711/5711 5714/5714
f 5710/5710 5714/5714 5713/5713
f 5711/5711 5712/5712 5715/5715
f 5711/5711 5715/5715 5714/5714
f 5712/5712 5710/5710 5713/5713
f 5712/5712 5713/5713 5715/5715
f 5713/5713 5714/5714 5717/5717
f 5713/5713 5717/5717 5716/5716
f 5714/5714 5715/5715 5718/5718
f 5714/5714 5718/5718 5717/5717
f 5715/5715 5713/5713 5716/5716
f 5715/5715 5716/5716 5718/5718
f 5716/5716 5717/5717 5720/5720
f 5716/5716 5720/5720 5719/5719
f 5717/5717 5718/5718 5721/5721
f 5717/5717 5721/5721 5720/5720
f 5718/5718 5716/5716 5719/5719
f 5718/5718 5719/5719 5721/5721
f 5719/5719 5720/5720 5723/5723
f 5719/5719 5723/5723 5722/5722
f 5720/5720 5721/5721 5724/5724
f 5720/5720 5724/5724 5723/5723
f 5721/5721 5719/5719 5722/5722
f 5721/5721 5722/5722 5724/5724
f 5722/5722 5723/5723 5726/5726
f 5722/5722 5726/5726 5725/5725
f 5723/5723 5724/5724 5727/5727
f 5723/5723 5727/5727 5726/5726
f 5724/5724 5722/5722 5725/5725
f 5724/5724 5725/5725 5727/5727
f 5725/5725 5726/5726 5729/5729
f 5725/5725 5729/5729 5728/5728
f 5726/5726 5727/5727 5730/5730
f 5726/5726 5730/5730 5729/5729
f 5727/5727 5725/5725 5728/5728
f 5727/5727 5728/5728 5730/5730
f 5728/5728 5729/5729 5732/5732
f 5728/5728 5732/5732 5731/5731
f 5729/5729 5730/5730 5733/5733
f 5729/5729 5733/5733 5732/5732
f 5730/5730 5728/5728 5731/5731
f 5730/5730 5731/5731 5733/5733
f 5734/5734 5735/5735 5738/5738
f 5734/5734 5738/5738 5737/5737
f 5735/5735 5736/5736 5739/5739
f 5735/5735 5739/5739 5738/5738
f 5736/5736 5734/5734 5737/5737
f 5736/5736 5737/5737 5739/5739
f 5737/5737 5738/5738 5741/5741
f 5737/5737 5741/5741 5740/5740
f 5738/5738 5739/5739 5742/5742
f 5738/5738 5742/5742 5741/5741
f 5739/5739 5737/5737 5740/5740
f 5739/5739 5740/5740 5742/5742
f 5740/5740 5741/5741 5744/5744
f 5740/5740 5744/5744 5743/5743
f 5741/5741 5742/5742 5745/5745
f 5741/5741 5745/5745 5744/5744
f 5742/5742 5740/5740 5743/5743
f 5742/5742 5743/5743 5745/5745
f 5743/5743 5744/5744 5747/5747
f 5743/5743 5747/5747 5746/5746
f 5744/5744 5745/5745 5748/5748
f 5744/5744 5748/5748 5747/5747
f 5745/5745 5743/5743 5746/5746
f 5745/5745 5746/5746 5748/5748
f 5746/5746 5747/5747 5750/5750
f 5746/5746 5750/5750 5749/5749
f 5747/5747 5748/5748 5751/5751
f 5747/5747 5751/5751 5750/5750
f 5748/5748 5746/5746 5749/5749
f 5748/5748 5749/5749 5751/5751
f 5749/5749 5750/5750 5753/5753
f 5749/5749 5753/5753 5752/5752
f 5750/5750 5751/5751 5754/5754
f 5750/5750 5754/5754 5753/5753
f 5751/5751 5749/5749 5752/5752
f 5751/5751 5752/5752 5754/5754
f 5752/5752 5753/5753 5756/5756
f 5752/5752 5756/5756 5755/5755
f 5753/5753 5754/5754 5757/5757
f 5753/5753 5757/5757 5756/5756
f 5754/5754 5752/5752 5755/5755
f 5754/5754 5755/5755 5757/5757
f 5755/5755 5756/5756 5759/5759
f 5755/5755 5759/5759 5758/5758
f 5756/5756 5757/5757 5760/5760
f 5756/5756 5760/5760 5759/5759
f 5757/5757 5755/5755 5758/5758
f 5757/5757 5758/5758 5760/5760
f 5761/5761 5762/5762 5765/5765
f 5761/5761 5765/5765 5764/5764
f 5762/5762 5763/5763 5766/5766
f 5762/5762 5766/5766 5765/5765
f 5763/5763 5761/5761 5764/5764
f 5763/5763 5764/5764 5766/5766
f 5764/5764 5765/5765 5768/5768
f 5764/5764 5768/5768 5767/5767
f 5765/5765 5766/5766 5769/5769
f 5765/5765 5769/5769 5768/5768
f 5766/5766 5764/5764 5767/5767
f 5766/5766 5767/5767 5769/5769
f 5767/5767 5768/5768 5771/5771
f 5767/5767 5771/5771 5770/5770
f 5768/5768 5769/5769 5772/5772
f 5768/5768 5772/5772 5771/5771
f 5769/5769 5767/5767 5770/5770
f 5769/5769 5770/5770 5772/5772
f 5770/5770 5771/5771 5774/5774
f 5770/5770 5774/5774 5773/5773
f 5771/5771 5772/5772 5775/5775
f 5771/5771 5775/5775 5774/5774
f 5772/5772 5770/5770 5773/5773
f 5772/5772 5773/5773 5775/5775
f 5773/5773 5774/5774 5777/5777
f 5773/5773 5777/5777 5776/5776
f 5774/5774 5775/5775 5778/5778
f 5774/5774 5778/5778 5777/5777
f 5775/5775 5773/5773 5776/5776
f 5775/5775 5776/5776 5778/5778
f 5776/5776 5777/5777 5780/5780
f 5776/5776 5780/5780 5779/5779
f 5777/5777 5778/5778 5781/5781
f 5777/5777 5781/5781 5780/5780
f 5778/5778 5776/5776 5779/5779
f 5778/5778 5779/5779 5781/5781
f 5779/5779 5780/5780 5783/5783
f 5779/5779 5783/5783 5782/5782
f 5780/5780 5781/5781 5784/5784
f 5780/5780 5784/5784 5783/5783
f 5781/5781 5779/5779 5782/5782
f 5781/5781 5782/5782 5784/5784
f 5782/5782 5783/5783 5786/5786
f 5782/5782 5786/5786 5785/5785
f 5783/5783 5784/5784 5787/5787
f 5783/5783 5787/5787 5786/5786
f 5784/5784 5782/5782 5785/5785
f 5784/5784 5785/5785 5787/5787
f 5788/5788 5789/5789 5792/5792
f 5788/5788 5792/5792 5791/5791
f 5789/5789 5790/5790 5793/5793
f 5789/5789 5793/5793 5792/5792
f 5790/5790 5788/5788 5791/5791
f 5790/5790 5791/5791 5793/5793
f 5791/5791 5792/5792 5795/5795
f 5791/5791 5795/5795 5794/5794
f 5792/5792 5793/5793 5796/5796
f 5792/5792 5796/5796 5795/5795
f 5793/5793 5791/5791 5794/5794
f 5793/5793 5794/5794 5796/5796
f 5794/5794 5795/5795 5798/5798
f 5794/5794 5798/5798 5797/5797
f 5795/5795 5796/5796 5799/5799
f 5795/5795 5799/5799 5798/5798
f 5796/5796 5794/5794 5797/5797
f 5796/5796 5797/5797 5799/5799
f 5797/5797 5798/5798 5801/5801
f 5797/5797 5801/5801 5800/5800
f 5798/5798 5799/5799 5802/5802
f 5798/5798 5802/5802 5801/5801
f 5799/5799 5797/5797 5800/5800
f 5799/5799 5800/5800 5802/5802
f 5800/5800 5801/5801 5804/5804
f 5800/5800 5804/5804 5803/5803
f 5801/5801 5802/5802 5805/5805
f 5801/5801 5805/5805 5804/5804
f 5802/5802 5800/5800 5803/5803
f 5802/5802 5803/5803 5805/5805
f 5803/5803 5804/5804 5807/5807
f 5803/5803 5807/5807 5806/5806
f 5804/5804 5805/5805 5808/5808
f 5804/5804 5808/5808 5807/5807
f 5805/5805 5803/5803 5806/5806
f 5805/5805 5806/5806 5808/5808
f 5806/5806 5807/5807 5810/5810
f 5806/5806 5810/5810 5809/5809
f 5807/5807 5808/5808 5811/5811
f 5807/5807 5811/5811 5810/5810
f 5808/5808 5806/5806 5809/5809
f 5808/5808 5809/5809 5811/5811
f 5809/5809 5810/5810 5813/5813
f 5809/5809 5813/5813 5812/5812
f 5810/5810 5811/5811 5814/5814
f 5810/5810 5814/5814 5813/5813
f 5811/5811 5809/5809 5812/5812
f 5811/5811 5812/5812 5814/5814
f 5815/5815 5816/5816 5819/5819
f 5815/5815 5819/5819 5818/5818
f 5816/5816 5817/5817 5820/5820
f 5816/5816 5820/5820 5819/5819
f 5817/5817 5815/5815 5818/5818
f 5817/5817 5818/5818 5820/5820
f 5818/5818 5819/5819 5822/5822
f 5818/5818 5822/5822 5821/5821
f 5819/5819 5820/5820 5823/5823
f 5819/5819 5823/5823 5822/5822
f 5820/5820 5818/5818 5821/5821
f 5820/5820 5821/5821 5823/5823
f 5821/5821 5822/5822 5825/5825
f 5821/5821 5825/5825 5824/5824
f 5822/5822 5823/5823 5826/5826
f 5822/5822 5826/5826 5825/5825
f 5823/5823 5821/5821 5824/5824
f 5823/5823 5824/5824 5826/5826
f 5824/5824 5825/5825 5828/5828
f 5824/5824 5828/5828 5827/5827
f 5825/5825 5826/5826 5829/5829
f 5825/5825 5829/5829 5828/5828
f 5826/5826 5824/5824 5827/5827
f 5826/5826 5827/5827 5829/5829
f 5827/5827 5828/5828 5831/5831
f 5827/5827 5831/5831 5830/5830
f 5828/5828 5829/5829 5832/5832
f 5828/5828 5832/5832 5831/5831
f 5829/5829 5827/5827 5830/5830
f 5829/5829 5830/5830 5832/5832
f 5830/5830 5831/5831 5834/5834
f 5830/5830 5834/5834 5833/5833
f 5831/5831 5832/5832 5835/5835
f 5831/5831 5835/5835 5834/5834
f 5832/5832 5830/5830 5833/5833
f 5832/5832 5833/5833 5835/5835
f 5833/5833 5834/5834 5837/5837
f 5833/5833 5837/5837 5836/5836
f 5834/5834 5835/5835 5838/5838
f 5834/5834 5838/5838 5837/5837
f 5835/5835 5833/5833 5836/5836
f 5835/5835 5836/5836 5838/5838
f 5836/5836 5837/5837 5840/5840
f 5836/5836 5840/5840 5839/5839
f 5837/5837 5838/5838 5841/5841
f 5837/5837 5841/5841 5840/5840
f 5838/5838 5836/5836 5839/5839
f 5838/5838 5839/5839 5841/5841
f 5842/5842 5843/5843 5846/5846
f 5842/5842 5846/5846 5845/5845
f 5843/5843 5844/5844 5847/5847
f 5843/5843 5847/5847 5846/5846
f 5844/5844 5842/5842 5845/5845
f 5844/5844 5845/5845 5847/5847
f 5845/5845 5846/5846 5849/5849
f 5845/5845 5849/5849 5848/5848
f 5846/5846 5847/5847 5850/5850
f 5846/5846 5850/5850 5849/5849
f 5847/5847 5845/5845 5848/5848
f 5847/5847 5848/5848 5850/5850
f 5848/5848 5849/5849 5852/5852
f 5848/5848 5852/5852 5851/5851
f 5849/5849 5850/5850 5853/5853
f 5849/5849 5853/5853 5852/5852
f 5850/5850 5848/5848 5851/5851
f 5850/5850 5851/5851 5853/5853
f 5851/5851 5852/5852 5855/5855
f 5851/5851 5855/5855 5854/5854
f 5852/5852 5853/5853 5856/5856
f 5852/5852 5856/5856 5855/5855
f 5853/5853 5851/5851 5854/5854
f 5853/5853 5854/5854 5856/5856
f 5854/5854 5855/5855 5858/5858
f 5854/5854 5858/5858 5857/5857
f 5855/5855 5856/5856 5859/5859
f 5855/5855 5859/5859 5858/5858
f 5856/5856 5854/5854 5857/5857
f 5856/5856 5857/5857 5859/5859
f 5857/5857 5858/5858 5861/5861
f 5857/5857 5861/5861 5860/5860
f 5858/5858 5859/5859 5862/5862
f 5858/5858 5862/5862 5861/5861
f 5859/5859 5857/5857 5860/5860
f 5859/5859 5860/5860 5862/5862
f 5860/5860 5861/5861 5864/5864
f 5860/5860 5864/5864 5863/5863
f 5861/5861 5862/5862 5865/5865
f 5861/5861 5865/5865 5864/5864
f 5862/5862 5860/5860 5863/5863
f 5862/5862 5863/5863 5865/5865
f 5863/5863 5864/5864 5867/5867
f 5863/5863 5867/5867 5866/5866
f 5864/5864 5865/5865 5868/5868
f 5864/5864 5868/5868 5867/5867
f 5865/5865 5863/5863 5866/5866
f 5865/5865 5866/5866 5868/5868
f 5869/5869 5870/5870 5873/5873
f 5869/5869 5873/5873 5872/5872
f 5870/5870 5871/5871 5874/5874
f 5870/5870 5874/5874 5873/5873
f 5871/5871 5869/5869 5872/5872
f 5871/5871 5872/5872 5874/5874
f 5872/5872 5873/5873 5876/5876
f 5872/5872 5876/5876 5875/5875
f 5873/5873 5874/5874 5877/5877
f 5873/5873 5877/5877 5876/5876
f 5874/5874 5872/5872 5875/5875
f 5874/5874 5875/5875 5877/5877
f 5875/5875 5876/5876 5879/5879
f 5875/5875 5879/5879 5878/5878
f 5876/5876 5877/5877 5880/5880
f 5876/5876 5880/5880 5879/5879
f 5877/5877 5875/5875 5878/5878
f 5877/5877 5878/5878 5880/5880
f 5878/5878 5879/5879 5882/5882
f 5878/5878 5882/5882 5881/5881
f 5879/5879 5880/5880 5883/5883
f 5879/5879 5883/5883 5882/5882
f 5880/5880 5878/5878 5881/5881
f 5880/5880 5881/5881 5883/5883
f 5881/5881 5882/5882 5885/5885
f 5881/5881 5885/5885 5884/5884
f 5882/5882 5883/5883 5886/5886
f 5882/5882 5886/5886 5885/5885
f 5883/5883 5881/5881 5884/5884
f 5883/5883 5884/5884 5886/5886
f 5884/5884 5885/5885 5888/5888
f 5884/5884 5888/5888 5887/5887
f 5885/5885 5886/5886 5889/5889
f 5885/5885 5889/5889 5888/5888
f 5886/5886 5884/5884 5887/5887
f 5886/5886 5887/5887 5889/5889
f 5887/5887 5888/5888 5891/5891
f 5887/5887 5891/5891 5890/5890
f 5888/5888 5889/5889 5892/5892
f 5888/5888 5892/5892 5891/5891
f 5889/5889 5887/5887 5890/5890
f 5889/5889 5890/5890 5892/5892
f 5890/5890 5891/5891 5894/5894
f 5890/5890 5894/5894 5893/5893
f 5891/5891 5892/5892 5895/5895
f 5891/5891 5895/5895 5894/5894
f 5892/5892 5890/5890 5893/5893
f 5892/5892 5893/5893 5895/5895
f 5896/5896 5897/5897 5900/5900
f 5896/5896 5900/5900 5899/5899
f 5897/5897 5898/5898 5901/5901
f 5897/5897 5901/5901 5900/5900
f 5898/5898 5896/5896 5899/5899
f 5898/5898 5899/5899 5901/5901
f 5899/5899 5900/5900 5903/5903
f 5899/5899 5903/5903 5902/5902
f 5900/5900 5901/5901 5904/5904
f 5900/5900 5904/5904 5903/5903
f 5901/5901 5899/5899 5902/5902
f 5901/5901 5902/5902 5904/5904
f 5902/5902 5903/5903 5906/5906
f 5902/5902 5906/5906 5905/5905
f 5903/5903 5904/5904 5907/5907
f 5903/5903 5907/5907 5906/5906
f 5904/5904 5902/5902 5905/5905
f 5904/5904 5905/5905 5907/5907
f 5905/5905 5906/5906 5909/5909
f 5905/5905 5909/5909 5908/5908
f 5906/5906 5907/5907 5910/5910
f 5906/5906 5910/5910 5909/5909
f 5907/5907 5905/5905 5908/5908
f 5907/5907 5908/5908 5910/5910
f 5908/5908 5909/5909 5912/5912
f 5908/5908 5912/5912 5911/5911
f 5909/5909 5910/5910 5913/5913
f 5909/5909 5913/5913 5912/5912
f 5910/5910 5908/5908 5911/5911
f 5910/5910 5911/5911 5913/5913
f 5911/5911 5912/5912 5915/5915
f 5911/5911 5915/5915 5914/5914
f 5912/5912 5913/5913 5916/5916
f 5912/5912 5916/5916 5915/5915
f 5913/5913 5911/5911 5914/5914
f 5913/5913 5914/5914 5916/5916
f 5914/5914 5915/5915 5918/5918
f 5914/5914 5918/5918 5917/5917
f 5915/5915 5916/5916 5919/5919
f 5915/5915 5919/5919 5918/5918
f 5916/5916 5914/5914 5917/5917
f 5916/5916 5917/5917 5919/5919
f 5917/5917 5918/5918 5921/5921
f 5917/5917 5921/5921 5920/5920
f 5918/5918 5919/5919 5922/5922
f 5918/5918 5922/5922 5921/5921
f 5919/5919 5917/5917 5920/5920
f 5919/5919 5920/5920 5922/5922
f 5923/5923 5924/5924 5927/5927
f 5923/5923 5927/5927 5926/5926
f 5924/5924 5925/5925 5928/5928
f 5924/5924 5928/5928 5927/5927
f 5925/5925 5923/5923 5926/5926
f 5925/5925 5926/5926 5928/5928
f 5926/5926 5927/5927 5930/5930
f 5926/5926 5930/5930 5929/5929
f 5927/5927 5928/5928 5931/5931
f 5927/5927 5931/5931 5930/5930
f 5928/5928 5926/5926 5929/5929
f 5928/5928 5929/5929 5931/5931
f 5929/5929 5930/5930 5933/5933
f 5929/5929 5933/5933 5932/5932
f 5930/5930 5931/5931 5934/5934
f 5930/5930 5934/5934 5933/5933
f 5931/5931 5929/5929 5932/5932
f 5931/5931 5932/5932 5934/5934
f 5932/5932 5933/5933 5936/5936
f 5932/5932 5936/5936 5935/5935
f 5933/5933 5934/5934 5937/5937
f 5933/5933 5937/5937 5936/5936
f 5934/5934 5932/5932 5935/5935
f 5934/5934 5935/5935 5937/5937
f 5935/5935 5936/5936 5939/5939
f 5935/5935 5939/5939 5938/5938
f 5936/5936 5937/5937 5940/5940
f 5936/5936 5940/5940 5939/5939
f 5937/5937 5935/5935 5938/5938
f 5937/5937 5938/5938 5940/5940
f 5938/5938 5939/5939 5942/5942
f 5938/5938 5942/5942 5941/5941
f 5939/5939 5940/5940 5943/5943
f 5939/5939 5943/5943 5942/5942
f 5940/5940 5938/5938 5941/5941
f 5940/5940 5941/5941 5943/5943
f 5941/5941 5942/5942 5945/5945
f 5941/5941 5945/5945 5944/5944
f 5942/5942 5943/5943 5946/5946
f 5942/5942 5946/5946 5945/5945
f 5943/5943 5941/5941 5944/5944
f 5943/5943 5944/5944 5946/5946
f 5944/5944 5945/5945 5948/5948
f 5944/5944 5948/5948 5947/5947
f 5945/5945 5946/5946 5949/5949
f 5945/5945 5949/5949 5948/5948
f 5946/5946 5944/5944 5947/5947
f 5946/5946 5947/5947 5949/5949
f 5950/5950 5951/5951 5954/5954
f 5950/5950 5954/5954 5953/5953
f 5951/5951 5952/5952 5955/5955
f 5951/5951 5955/5955 5954/5954
f 5952/5952 5950/5950 5953/5953
f 5952/5952 5953/5953 5955/5955
f 5953/5953 5954/5954 5957/5957
f 5953/5953 5957/5957 5956/5956
f 5954/5954 5955/5955 5958/5958
f 5954/5954 5958/5958 5957/5957
f 5955/5955 5953/5953 5956/5956
f 5955/5955 5956/5956 5958/5958
f 5956/5956 5957/5957 5960/5960
f 5956/5956 5960/5960 5959/5959
f 5957/5957 5958/5958 5961/5961
f 5957/5957 5961/5961 5960/5960
f 5958/5958 5956/5956 5959/5959
f 5958/5958 5959/5959 5961/5961
f 5959/5959 5960/5960 5963/5963
f 5959/5959 5963/5963 5962/5962
f 5960/5960 5961/5961 5964/5964
f 5960/5960 5964/5964 5963/5963
f 5961/5961 5959/5959 5962/5962
f 5961/5961 5962/5962 5964/5964
f 5962/5962 5963/5963 5966/5966
f 5962/5962 5966/5966 5965/5965
f 5963/5963 5964/5964 5967/5967
f 5963/5963 5967/5967 5966/5966
f 5964/5964 5962/5962 5965/5965
f 5964/5964 5965/5965 5967/5967
f 5965/5965 5966/5966 5969/5969
f 5965/5965 5969/5969 5968/5968
f 5966/5966 5967/5967 5970/5970
f 5966/5966 5970/5970 5969/5969
f 5967/5967 5965/5965 5968/5968
f 5967/5967 5968/5968 5970/5970
f 5968/5968 5969/5969 5972/5972
f 5968/5968 5972/5972 5971/5971
f 5969/5969 5970/5970 5973/5973
f 5969/5969 5973/5973 5972/5972
f 5970/5970 5968/5968 5971/5971
f 5970/5970 5971/5971 5973/5973
f 5971/5971 5972/5972 5975/5975
f 5971/5971 5975/5975 5974/5974
f 5972/5972 5973/5973 5976/5976
f 5972/5972 5976/5976 5975/5975
f 5973/5973 5971/5971 5974/5974
f 5973/5973 5974/5974 5976/5976
f 5977/5977 5978/5978 5981/5981
f 5977/5977 5981/5981 5980/5980
f 5978/5978 5979/5979 5982/5982
f 5978/5978 5982/5982 5981/5981
f 5979/5979 5977/5977 5980/5980
f 5979/5979 5980/5980 5982/5982
f 5980/5980 5981/5981 5984/5984
f 5980/5980 5984/5984 5983/5983
f 5981/5981 5982/5982 5985/5985
f 5981/5981 5985/5985 5984/5984
f 5982/5982 5980/5980 5983/5983
f 5982/5982 5983/5983 5985/5985
f 5983/5983 5984/5984 5987/5987
f 5983/5983 5987/5987 5986/5986
f 5984/5984 5985/5985 5988/5988
f 5984/5984 5988/5988 5987/5987
f 5985/5985 5983/5983 5986/5986
f 5985/5985 5986/5986 5988/5988
f 5986/5986 5987/5987 5990/5990
f 5986/5986 5990/5990 5989/5989
f 5987/5987 5988/5988 5991/5991
f 5987/5987 5991/5991 5990/5990
f 5988/5988 5986/5986 5989/5989
f 5988/5988 5989/5989 5991/5991
f 5989/5989 5990/5990 5993/5993
f 5989/5989 5993/5993 5992/5992
f 5990/5990 5991/5991 5994/5994
f 5990/5990 5994/5994 5993/5993
f 5991/5991 5989/5989 5992/5992
f 5991/5991 5992/5992 5994/5994
f 5992/5992 5993/5993 5996/5996
f 5992/5992 5996/5996 5995/5995
f 5993/5993 5994/5994 5997/5997
f 5993/5993 5997/5997 5996/5996
f 5994/5994 5992/5992 5995/5995
f 5994/5994 5995/5995 5997/5997
f 5995/5995 5996/5996 5999/5999
f 5995/5995 5999/5999 5998/5998
f 5996/5996 5997/5997 6000/6000
f 5996/5996 6000/6000 5999/5999
f 5997/5997 5995/5995 5998/5998
f 5997/5997 5998/5998 6000/6000
f 5998/5998 5999/5999 6002/6002
f 5998/5998 6002/6002 6001/6001
f 5999/5999 6000/6000 6003/6003
f 5999/5999 6003/6003 6002/6002
f 6000/6000 5998/5998 6001/6001
f 6000/6000 6001/6001 6003/6003
f 6004/6004 6005/6005 6008/6008
f 6004/6004 6008/6008 6007/6007
f 6005/6005 6006/6006 6009/6009
f 6005/6005 6009/6009 6008/6008
f 6006/6006 6004/6004 6007/6007
f 6006/6006 6007/6007 6009/6009
f 6007/6007 6008/6008 6011/6011
f 6007/6007 6011/6011 6010/6010
f 6008/6008 6009/6009 6012/6012
f 6008/6008 6012/6012 6011/6011
f 6009/6009 6007/6007 6010/6010
f 6009/6009 6010/6010 6012/6012
f 6010/6010 6011/6011 6014/6014
f 6010/6010 6014/6014 6013/6013
f 6011/6011 6012/6012 6015/6015
f 6011/6011 6015/6015 6014/6014
f 6012/6012 6010/6010 6013/6013
f 6012/6012 6013/6013 6015/6015
f 6013/6013 6014/6014 6017/6017
f 6013/6013 6017/6017 6016/6016
f 6014/6014 6015/6015 6018/6018
f 6014/6014 6018/6018 6017/6017
f 6015/6015 6013/6013 6016/6016
f 6015/6015 6016/6016 6018/6018
f 6016/6016 6017/6017 6020/6020
f 6016/6016 6020/6020 6019/6019
f 6017/6017 6018/6018 6021/6021
f 6017/6017 6021/6021 6020/6020
f 6018/6018 6016/6016 6019/6019
f 6018/6018 6019/6019 6021/6021
f 6019/6019 6020/6020 6023/6023
f 6019/6019 6023/6023 6022/6022
f 6020/6020 6021/6021 6024/6024
f 6020/6020 6024/6024 6023/6023
f 6021/6021 6019/6019 6022/6022
f 6021/6021 6022/6022 6024/6024
f 6022/6022 6023/6023 6026/6026
f 6022/6022 6026/6026 6025/6025
f 6023/6023 6024/6024 6027/6027
f 6023/6023 6027/6027 6026/6026
f 6024/6024 6022/6022 6025/6025
f 6024/6024 6025/6025 6027/6027
f 6025/6025 6026/6026 6029/6029
f 6025/6025 6029/6029 6028/6028
f 6026/6026 6027/6027 6030/6030
f 6026/6026 6030/6030 6029/6029
f 6027/6027 6025/6025 6028/6028
f 6027/6027 6028/6028 6030/6030
f 6031/6031 6032/6032 6035/6035
f 6031/6031 6035/6035 6034/6034
f 6032/6032 6033/6033 6036/6036
f 6032/6032 6036/6036 6035/6035
f 6033/6033 6031/6031 6034/6034
f 6033/6033 6034/6034 6036/6036
f 6034/6034 6035/6035 6038/6038
f 6034/6034 6038/6038 6037/6037
f 6035/6035 6036/6036 6039/6039
f 6035/6035 6039/6039 6038/6038
f 6036/6036 6034/6034 6037/6037
f 6036/6036 6037/6037 6039/6039
f 6037/6037 6038/6038 6041/6041
f 6037/6037 6041/6041 6040/6040
f 6038/6038 6039/6039 6042/6042
f 6038/6038 6042/6042 6041/6041
f 6039/6039 6037/6037 6040/6040
f 6039/6039 6040/6040 6042/6042
f 6040/6040 6041/6041 6044/6044
f 6040/6040 6044/6044 6043/6043
f 6041/6041 6042/6042 6045/6045
f 6041/6041 6045/6045 6044/6044
f 6042/6042 6040/6040 6043/6043
f 6042/6042 6043/6043 6045/6045
f 6043/6043 6044/6044 6047/6047
f 6043/6043 6047/6047 6046/6046
f 6044/6044 6045/6045 6048/6048
f 6044/6044 6048/6048 6047/6047
f 6045/6045 6043/6043 6046/6046
f 6045/6045 6046/6046 6048/6048
f 6046/6046 6047/6047 6050/6050
f 6046/6046 6050/6050 6049/6049
f 6047/6047 6048/6048 6051/6051
f 6047/6047 6051/6051 6050/6050
f 6048/6048 6046/6046 6049/6049
f 6048/6048 6049/6049 6051/6051
f 6049/6049 6050/6050 6053/6053
f 6049/6049 6053/6053 6052/6052
f 6050/6050 6051/6051 6054/6054
f 6050/6050 6054/6054 6053/6053
f 6051/6051 6049/6049 6052/6052
f 6051/6051 6052/6052 6054/6054
f 6052/6052 6053/6053 6056/6056
f 6052/6052 6056/6056 6055/6055
f 6053/6053 6054/6054 6057/6057
f 6053/6053 6057/6057 6056/6056
f 6054/6054 6052/6052 6055/6055
f 6054/6054 6055/6055 6057/6057
f 6058/6058 6059/6059 6062/6062
f 6058/6058 6062/6062 6061/6061
f 6059/6059 6060/6060 6063/6063
f 6059/6059 6063/6063 6062/6062
f 6060/6060 6058/6058 6061/6061
f 6060/6060 6061/6061 6063/6063
f 6061/6061 6062/6062 6065/6065
f 6061/6061 6065/6065 6064/6064
f 6062/6062 6063/6063 6066/6066
f 6062/6062 6066/6066 6065/6065
f 6063/6063 6061/6061 6064/6064
f 6063/6063 6064/6064 6066/6066
f 6064/6064 6065/6065 6068/6068
f 6064/6064 6068/6068 6067/6067
f 6065/6065 6066/6066 6069/6069
f 6065/6065 6069/6069 6068/6068
f 6066/6066 6064/6064 6067/6067
f 6066/6066 6067/6067 6069/6069
f 6067/6067 6068/6068 6071/6071
f 6067/6067 6071/6071 6070/6070
f 6068/6068 6069/6069 6072/6072
f 6068/6068 6072/6072 6071/6071
f 6069/6069 6067/6067 6070/6070
f 6069/6069 6070/6070 6072/6072
f 6070/6070 6071/6071 6074/6074
f 6070/6070 6074/6074 6073/6073
f 6071/6071 6072/6072 6075/6075
f 6071/6071 6075/6075 6074/6074
f 6072/6072 6070/6070 6073/6073
f 6072/6072 6073/6073 6075/6075
f 6073/6073 6074/6074 6077/6077
f 6073/6073 6077/6077 6076/6076
f 6074/6074 6075/6075 6078/6078
f 6074/6074 6078/6078 6077/6077
f 6075/6075 6073/6073 6076/6076
f 6075/6075 6076/6076 6078/6078
f 6076/6076 6077/6077 6080/6080
f 6076/6076 6080/6080 6079/6079
f 6077/6077 6078/6078 6081/6081
f 6077/6077 6081/6081 6080/6080
f 6078/6078 6076/6076 6079/6079
f 6078/6078 6079/6079 6081/6081
f 6079/6079 6080/6080 6083/6083
f 6079/6079 6083/6083 6082/6082
f 6080/6080 6081/6081 6084/6084
f 6080/6080 6084/6084 6083/6083
f 6081/6081 6079/6079 6082/6082
f 6081/6081 6082/6082 6084/6084
f 6085/6085 6086/6086 6089/6089
f 6085/6085 6089/6089 6088/6088
f 6086/6086 6087/6087 6090/6090
f 6086/6086 6090/6090 6089/6089
f 6087/6087 6085/6085 6088/6088
f 6087/6087 6088/6088 6090/6090
f 6088/6088 6089/6089 6092/6092
f 6088/6088 6092/6092 6091/6091
f 6089/6089 6090/6090 6093/6093
f 6089/6089 6093/6093 6092/6092
f 6090/6090 6088/6088 6091/6091
f 6090/6090 6091/6091 6093/6093
f 6091/6091 6092/6092 6095/6095
f 6091/6091 6095/6095 6094/6094
f 6092/6092 6093/6093 6096/6096
f 6092/6092 6096/6096 6095/6095
f 6093/6093 6091/6091 6094/6094
f 6093/6093 6094/6094 6096/6096
f 6094/6094 6095/6095 6098/6098
f 6094/6094 6098/6098 6097/6097
f 6095/6095 6096/6096 6099/6099
f 6095/6095 6099/6099 6098/6098
f 6096/6096 6094/6094 6097/6097
f 6096/6096 6097/6097 6099/6099
f 6097/6097 6098/6098 6101/6101
f 6097/6097 6101/6101 6100/6100
f 6098/6098 6099/6099 6102/6102
f 6098/6098 6102/6102 6101/6101
f 6099/6099 6097/6097 6100/6100
f 6099/6099 6100/6100 6102/6102
f 6100/6100 6101/6101 6104/6104
f 6100/6100 6104/6104 6103/6103
f 6101/6101 6102/6102 6105/6105
f 6101/6101 6105/6105 6104/6104
f 6102/6102 6100/6100 6103/6103
f 6102/6102 6103/6103 6105/6105
f 6103/6103 6104/6104 6107/6107
f 6103/6103 6107/6107 6106/6106
f 6104/6104 6105/6105 6108/6108
f 6104/6104 6108/6108 6107/6107
f 6105/6105 6103/6103 6106/6106
f 6105/6105 6106/6106 6108/6108
f 6106/6106 6107/6107 6110/6110
f 6106/6106 6110/6110 6109/6109
f 6107/6107 6108/6108 6111/6111
f 6107/6107 6111/6111 6110/6110
f 6108/6108 6106/6106 6109/6109
f 6108/6108 6109/6109 6111/6111
f 6112/6112 6113/6113 6116/6116
f 6112/6112 6116/6116 6115/6115
f 6113/6113 6114/6114 6117/6117
f 6113/6113 6117/6117 6116/6116
f 6114/6114 6112/6112 6115/6115
f 6114/6114 6115/6115 6117/6117
f 6115/6115 6116/6116 6119/6119
f 6115/6115 6119/6119 6118/6118
f 6116/6116 6117/6117 6120/6120
f 6116/6116 6120/6120 6119/6119
f 6117/6117 6115/6115 6118/6118
f 6117/6117 6118/6118 6120/6120
f 6118/6118 6119/6119 6122/6122
f 6118/6118 6122/6122 6121/6121
f 6119/6119 6120/6120 6123/6123
f 6119/6119 6123/6123 6122/6122
f 6120/6120 6118/6118 6121/6121
f 6120/6120 6121/6121 6123/6123
f 6121/6121 6122/6122 6125/6125
f 6121/6121 6125/6125 6124/6124
f 6122/6122 6123/6123 6126/6126
f 6122/6122 6126/6126 6125/6125
f 6123/6123 6121/6121 6124/6124
f 6123/6123 6124/6124 6126/6126
f 6124/6124 6125/6125 6128/6128
f 6124/6124 6128/6128 6127/6127
f 6125/6125 6126/6126 6129/6129
f 6125/6125 6129/6129 6128/6128
f 6126/6126 6124/6124 6127/6127
f 6126/6126 6127/6127 6129/6129
f 6127/6127 6128/6128 6131/6131
f 6127/6127 6131/6131 6130/6130
f 6128/6128 6129/6129 6132/6132
f 6128/6128 6132/6132 6131/6131
f 6129/6129 6127/6127 6130/6130
f 6129/6129 6130/6130 6132/6132
f 6130/6130 6131/6131 6134/6134
f 6130/6130 6134/6134 6133/6133
f 6131/6131 6132/6132 6135/6135
f 6131/6131 6135/6135 6134/6134
f 6132/6132 6130/6130 6133/6133
f 6132/6132 6133/6133 6135/6135
f 6133/6133 6134/6134 6137/6137
f 6133/6133 6137/6137 6136/6136
f 6134/6134 6135/6135 6138/6138
f 6134/6134 6138/6138 6137/6137
f 6135/6135 6133/6133 6136/6136
f 6135/6135 6136/6136 6138/6138
f 6139/6139 6140/6140 6143/6143
f 6139/6139 6143/6143 6142/6142
f 6140/6140 6141/6141 6144/6144
f 6140/6140 6144/6144 6143/6143
f 6141/6141 6139/6139 6142/6142
f 6141/6141 6142/6142 6144/6144
f 6142/6142 6143/6143 6146/6146
f 6142/6142 6146/6146 6145/6145
f 6143/6143 6144/6144 6147/6147
f 6143/6143 6147/6147 6146/6146
f 6144/6144 6142/6142 6145/6145
f 6144/6144 6145/6145 6147/6147
f 6145/6145 6146/6146 6149/6149
f 6145/6145 6149/6149 6148/6148
f 6146/6146 6147/6147 6150/6150
f 6146/6146 6150/6150 6149/6149
f 6147/6147 6145/6145 6148/6148
f 6147/6147 6148/6148 6150/6150
f 6148/6148 6149/6149 6152/6152
f 6148/6148 6152/6152 6151/6151
f 6149/6149 6150/6150 6153/6153
f 6149/6149 6153/6153 6152/6152
f 6150/6150 6148/6148 6151/6151
f 6150/6150 6151/6151 6153/6153
f 6151/6151 6152/6152 6155/6155
f 6151/6151 6155/6155 6154/6154
f 6152/6152 6153/6153 6156/6156
f 6152/6152 6156/6156 6155/6155
f 6153/6153 6151/6151 6154/6154
f 6153/6153 6154/6154 6156/6156
f 6154/6154 6155/6155 6158/6158
f 6154/6154 6158/6158 6157/6157
f 6155/6155 6156/6156 6159/6159
f 6155/6155 6159/6159 6158/6158
f 6156/6156 6154/6154 6157/6157
f 6156/6156 6157/6157 6159/6159
f 6157/6157 6158/6158 6161/6161
f 6157/6157 6161/6161 6160/6160
f 6158/6158 6159/6159 6162/6162
f 6158/6158 6162/6162 6161/6161
f 6159/6159 6157/6157 6160/6160
f 6159/6159 6160/6160 6162/6162
f 6160/6160 6161/6161 6164/6164
f 6160/6160 6164/6164 6163/6163
f 6161/6161 6162/6162 6165/6165
f 6161/6161 6165/6165 6164/6164
f 6162/6162 6160/6160 6163/6163
f 6162/6162 6163/6163 6165/6165
f 6166/6166 6167/6167 6170/6170
f 6166/6166 6170/6170 6169/6169
f 6167/6167 6168/6168 6171/6171
f 6167/6167 6171/6171 6170/6170
f 6168/6168 6166/6166 6169/6169
f 6168/6168 6169/6169 6171/6171
f 6169/6169 6170/6170 6173/6173
f 6169/6169 6173/6173 6172/6172
f 6170/6170 6171/6171 6174/6174
f 6170/6170 6174/6174 6173/6173
f 6171/6171 6169/6169 6172/6172
f 6171/6171 6172/6172 6174/6174
f 6172/6172 6173/6173 6176/6176
f 6172/6172 6176/6176 6175/6175
f 6173/6173 6174/6174 6177/6177
f 6173/6173 6177/6177 6176/6176
f 6174/6174 6172/6172 6175/6175
f 6174/6174 6175/6175 6177/6177
f 6175/6175 6176/6176 6179/6179
f 6175/6175 6179/6179 6178/6178
f 6176/6176 6177/6177 6180/6180
f 6176/6176 6180/6180 6179/6179
f 6177/6177 6175/6175 6178/6178
f 6177/6177 6178/6178 6180/6180
f 6178/6178 6179/6179 6182/6182
f 6178/6178 6182/6182 6181/6181
f 6179/6179 6180/6180 6183/6183
f 6179/6179 6183/6183 6182/6182
f 6180/6180 6178/6178 6181/6181
f 6180/6180 6181/6181 6183/6183
f 6181/6181 6182/6182 6185/6185
f 6181/6181 6185/6185 6184/6184
f 6182/6182 6183/6183 6186/6186
f 6182/6182 6186/6186 6185/6185
f 6183/6183 6181/6181 6184/6184
f 6183/6183 6184/6184 6186/6186
f 6184/6184 6185/6185 6188/6188
f 6184/6184 6188/6188 6187/6187
f 6185/6185 6186/6186 6189/6189
f 6185/6185 6189/6189 6188/6188
f 6186/6186 6184/6184 6187/6187
f 6186/6186 6187/6187 6189/6189
f 6187/6187 6188/6188 6191/6191
f 6187/6187 6191/6191 6190/6190
f 6188/6188 6189/6189 6192/6192
f 6188/6188 6192/6192 6191/6191
f 6189/6189 6187/6187 6190/6190
f 6189/6189 6190/6190 6192/6192
f 6193/6193 6194/6194 6197/6197
f 6193/6193 6197/6197 6196/6196
f 6194/6194 6195/6195 6198/6198
f 6194/6194 6198/6198 6197/6197
f 6195/6195 6193/6193 6196/6196
f 6195/6195 6196/6196 6198/6198
f 6196/6196 6197/6197 6200/6200
f 6196/6196 6200/6200 6199/6199
f 6197/6197 6198/6198 6201/6201
f 6197/6197 6201/6201 6200/6200
f 6198/6198 6196/6196 6199/6199
f 6198/6198 6199/6199 6201/6201
f 6199/6199 6200/6200 6203/6203
f 6199/6199 6203/6203 6202/6202
f 6200/6200 6201/6201 6204/6204
f 6200/6200 6204/6204 6203/6203
f 6201/6201 6199/6199 6202/6202
f 6201/6201 6202/6202 6204/6204
f 6202/6202 6203/6203 6206/6206
f 6202/6202 6206/6206 6205/6205
f 6203/6203 6204/6204 6207/6207
f 6203/6203 6207/6207 6206/6206
f 6204/6204 6202/6202 6205/6205
f 6204/6204 6205/6205 6207/6207
f 6205/6205 6206/6206 6209/6209
f 6205/6205 6209/6209 6208/6208
f 6206/6206 6207/6207 6210/6210
f 6206/6206 6210/6210 6209/6209
f 6207/6207 6205/6205 6208/6208
f 6207/6207 6208/6208 6210/6210
f 6208/6208 6209/6209 6212/6212
f 6208/6208 6212/6212 6211/6211
f 6209/6209 6210/6210 6213/6213
f 6209/6209 6213/6213 6212/6212
f 6210/6210 6208/6208 6211/6211
f 6210/6210 6211/6211 6213/6213
f 6211/6211 6212/6212 6215/6215
f 6211/6211 6215/6215 6214/6214
f 6212/6212 6213/6213 6216/6216
f 6212/6212 6216/6216 6215/6215
f 6213/6213 6211/6211 6214/6214
f 6213/6213 6214/6214 6216/6216
f 6214/6214 6215/6215 6218/6218
f 6214/6214 6218/6218 6217/6217
f 6215/6215 6216/6216 6219/6219
f 6215/6215 6219/6219 6218/6218
f 6216/6216 6214/6214 6217/6217
f 6216/6216 6217/6217 6219/6219
f 6220/6220 6221/6221 6224/6224
f 6220/6220 6224/6224 6223/6223
f 6221/6221 6222/6222 6225/6225
f 6221/6221 6225/6225 6224/6224
f 6222/6222 6220/6220 6223/6223
f 6222/6222 6223/6223 6225/6225
f 6223/6223 6224/6224 6227/6227
f 6223/6223 6227/6227 6226/6226
f 6224/6224 6225/6225 6228/6228
f 6224/6224 6228/6228 6227/6227
f 6225/6225 6223/6223 6226/6226
f 6225/6225 6226/6226 6228/6228
f 6226/6226 6227/6227 6230/6230
f 6226/6226 6230/6230 6229/6229
f 6227/6227 6228/6228 6231/6231
f 6227/6227 6231/6231 6230/6230
f 6228/6228 6226/6226 6229/6229
f 6228/6228 6229/6229 6231/6231
f 6229/6229 6230/6230 6233/6233
f 6229/6229 6233/6233 6232/6232
f 6230/6230 6231/6231 6234/6234
f 6230/6230 6234/6234 6233/6233
f 6231/6231 6229/6229 6232/6232
f 6231/6231 6232/6232 6234/6234
f 6232/6232 6233/6233 6236/6236
f 6232/6232 6236/6236 6235/6235
f 6233/6233 6234/6234 6237/6237
f 6233/6233 6237/6237 6236/6236
f 6234/6234 6232/6232 6235/6235
f 6234/6234 6235/6235 6237/6237
f 6235/6235 6236/6236 6239/6239
f 6235/6235 6239/6239 6238/6238
f 6236/6236 6237/6237 6240/6240
f 6236/6236 6240/6240 6239/6239
f 6237/6237 6235/6235 6238/6238
f 6237/6237 6238/6238 6240/6240
f 6238/6238 6239/6239 6242/6242
f 6238/6238 6242/6242 6241/6241
f 6239/6239 6240/6240 6243/6243
f 6239/6239 6243/6243 6242/6242
f 6240/6240 6238/6238 6241/6241
f 6240/6240 6241/6241 6243/6243
f 6241/6241 6242/6242 6245/6245
f 6241/6241 6245/6245 6244/6244
f 6242/6242 6243/6243 6246/6246
f 6242/6242 6246/6246 6245/6245
f 6243/6243 6241/6241 6244/6244
f 6243/6243 6244/6244 6246/6246
f 6247/6247 6248/6248 6251/6251
f 6247/6247 6251/6251 6250/6250
f 6248/6248 6249/6249 6252/6252
f 6248/6248 6252/6252 6251/6251
f 6249/6249 6247/6247 6250/6250
f 6249/6249 6250/6250 6252/6252
f 6250/6250 6251/6251 6254/6254
f 6250/6250 6254/6254 6253/6253
f 6251/6251 6252/6252 6255/6255
f 6251/6251 6255/6255 6254/6254
f 6252/6252 6250/6250 6253/6253
f 6252/6252 6253/6253 6255/6255
f 6253/6253 6254/6254 6257/6257
f 6253/6253 6257/6257 6256/6256
f 6254/6254 6255/6255 6258/6258
f 6254/6254 6258/6258 6257/6257
f 6255/6255 6253/6253 6256/6256
f 6255/6255 6256/6256 6258/6258
f 6256/6256 6257/6257 6260/6260
f 6256/6256 6260/6260 6259/6259
f 6257/6257 6258/6258 6261/6261
f 6257/6257 6261/6261 6260/6260
f 6258/6258 6256/6256 6259/6259
f 6258/6258 6259/6259 6261/6261
f 6259/6259 6260/6260 6263/6263
f 6259/6259 6263/6263 6262/6262
f 6260/6260 6261/6261 6264/6264
f 6260/6260 6264/6264 6263/6263
f 6261/6261 6259/6259 6262/6262
f 6261/6261 6262/6262 6264/6264
f 6262/6262 6263/6263 6266/6266
f 6262/6262 6266/6266 6265/6265
f 6263/6263 6264/6264 6267/6267
f 6263/6263 6267/6267 6266/6266
f 6264/6264 6262/6262 6265/6265
f 6264/6264 6265/6265 6267/6267
f 6265/6265 6266/6266 6269/6269
f 6265/6265 6269/6269 6268/6268
f 6266/6266 6267/6267 6270/6270
f 6266/6266 6270/6270 6269/6269
f 6267/6267 6265/6265 6268/6268
f 6267/6267 6268/6268 6270/6270
f 6268/6268 6269/6269 6272/6272
f 6268/6268 6272/6272 6271/6271
f 6269/6269 6270/6270 6273/6273
f 6269/6269 6273/6273 6272/6272
f 6270/6270 6268/6268 6271/6271
f 6270/6270 6271/6271 6273/6273
f 6274/6274 6275/6275 6278/6278
f 6274/6274 6278/6278 6277/6277
f 6275/6275 6276/6276 6279/6279
f 6275/6275 6279/6279 6278/6278
f 6276/6276 6274/6274 6277/6277
f 6276/6276 6277/6277 6279/6279
f 6277/6277 6278/6278 6281/6281
f 6277/6277 6281/6281 6280/6280
f 6278/6278 6279/6279 6282/6282
f 6278/6278 6282/6282 6281/6281
f 6279/6279 6277/6277 6280/6280
f 6279/6279 6280/6280 6282/6282
f 6280/6280 6281/6281 6284/6284
f 6280/6280 6284/6284 6283/6283
f 6281/6281 6282/6282 6285/6285
f 6281/6281 6285/6285 6284/6284
f 6282/6282 6280/6280 6283/6283
f 6282/6282 6283/6283 6285/6285
f 6283/6283 6284/6284 6287/6287
f 6283/6283 6287/6287 6286/6286
f 6284/6284 6285/6285 6288/6288
f 6284/6284 6288/6288 6287/6287
f 6285/6285 6283/6283 6286/6286
f 6285/6285 6286/6286 6288/6288
f 6286/6286 6287/6287 6290/6290
f 6286/6286 6290/6290 6289/6289
f 6287/6287 6288/6288 6291/6291
f 6287/6287 6291/6291 6290/6290
f 6288/6288 6286/6286 6289/6289
f 6288/6288 6289/6289 6291/6291
f 6289/6289 6290/6290 6293/6293
f 6289/6289 6293/6293 6292/6292
f 6290/6290 6291/6291 6294/6294
f 6290/6290 6294/6294 6293/6293
f 6291/6291 6289/6289 6292/6292
f 6291/6291 6292/6292 6294/6294
f 6292/6292 6293/6293 6296/6296
f 6292/6292 6296/6296 6295/6295
f 6293/6293 6294/6294 6297/6297
f 6293/6293 6297/6297 6296/6296
f 6294/6294 6292/6292 6295/6295
f 6294/6294 6295/6295 6297/6297
f 6295/6295 6296/6296 6299/6299
f 6295/6295 6299/6299 6298/6298
f 6296/6296 6297/6297 6300/6300
f 6296/6296 6300/6300 6299/6299
f 6297/6297 6295/6295 6298/6298
f 6297/6297 6298/6298 6300/6300
f 6301/6301 6302/6302 6305/6305
f 6301/6301 6305/6305 6304/6304
f 6302/6302 6303/6303 6306/6306
f 6302/6302 6306/6306 6305/6305
f 6303/6303 6301/6301 6304/6304
f 6303/6303 6304/6304 6306/6306
f 6304/6304 6305/6305 6308/6308
f 6304/6304 6308/6308 6307/6307
f 6305/6305 6306/6306 6309/6309
f 6305/6305 6309/6309 6308/6308
f 6306/6306 6304/6304 6307/6307
f 6306/6306 6307/6307 6309/6309
f 6307/6307 6308/6308 6311/6311
f 6307/6307 6311/6311 6310/6310
f 6308/6308 6309/6309 6312/6312
f 6308/6308 6312/6312 6311/6311
f 6309/6309 6307/6307 6310/6310
f 6309/6309 6310/6310 6312/6312
f 6310/6310 6311/6311 6314/6314
f 6310/6310 6314/6314 6313/6313
f 6311/6311 6312/6312 6315/6315
f 6311/6311 6315/6315 6314/6314
f 6312/6312 6310/6310 6313/6313
f 6312/6312 6313/6313 6315/6315
f 6313/6313 6314/6314 6317/6317
f 6313/6313 6317/6317 6316/6316
f 6314/6314 6315/6315 6318/6318
f 6314/6314 6318/6318 6317/6317
f 6315/6315 6313/6313 6316/6316
f 6315/6315 6316/6316 6318/6318
f 6316/6316 6317/6317 6320/6320
f 6316/6316 6320/6320 6319/6319
f 6317/6317 6318/6318 6321/6321
f 6317/6317 6321/6321 6320/6320
f 6318/6318 6316/6316 6319/6319
f 6318/6318 6319/6319 6321/6321
f 6319/6319 6320/6320 6323/6323
f 6319/6319 6323/6323 6322/6322
f 6320/6320 6321/6321 6324/6324
f 6320/6320 6324/6324 6323/6323
f 6321/6321 6319/6319 6322/6322
f 6321/6321 6322/6322 6324/6324
f 6322/6322 6323/6323 6326/6326
f 6322/6322 6326/6326 6325/6325
f 6323/6323 6324/6324 6327/6327
f 6323/6323 6327/6327 6326/6326
f 6324/6324 6322/6322 6325/6325
f 6324/6324 6325/6325 6327/6327
f 6328/6328 6329/6329 6332/6332
f 6328/6328 6332/6332 6331/6331
f 6329/6329 6330/6330 6333/6333
f 6329/6329 6333/6333 6332/6332
f 6330/6330 6328/6328 6331/6331
f 6330/6330 6331/6331 6333/6333
f 6331/6331 6332/6332 6335/6335
f 6331/6331 6335/6335 6334/6334
f 6332/6332 6333/6333 6336/6336
f 6332/6332 6336/6336 6335/6335
f 6333/6333 6331/6331 6334/6334
f 6333/6333 6334/6334 6336/6336
f 6334/6334 6335/6335 6338/6338
f 6334/6334 6338/6338 6337/6337
f 6335/6335 6336/6336 6339/6339
f 6335/6335 6339/6339 6338/6338
f 6336/6336 6334/6334 6337/6337
f 6336/6336 6337/6337 6339/6339
f 6337/6337 6338/6338 6341/6341
f 6337/6337 6341/6341 6340/6340
f 6338/6338 6339/6339 6342/6342
f 6338/6338 6342/6342 6341/6341
f 6339/6339 6337/6337 6340/6340
f 6339/6339 6340/6340 6342/6342
f 6340/6340 6341/6341 6344/6344
f 6340/6340 6344/6344 6343/6343
f 6341/6341 6342/6342 6345/6345
f 6341/6341 6345/6345 6344/6344
f 6342/6342 6340/6340 6343/6343
f 6342/6342 6343/6343 6345/6345
f 6343/6343 6344/6344 6347/6347
f 6343/6343 6347/6347 6346/6346
f 6344/6344 6345/6345 6348/6348
f 6344/6344 6348/6348 6347/6347
f 6345/6345 6343/6343 6346/6346
f 6345/6345 6346/6346 6348/6348
f 6346/6346 6347/6347 6350/6350
f 6346/6346 6350/6350 6349/6349
f 6347/6347 6348/6348 6351/6351
f 6347/6347 6351/6351 6350/6350
f 6348/6348 6346/6346 6349/6349
f 6348/6348 6349/6349 6351/6351
f 6349/6349 6350/6350 6353/6353
f 6349/6349 6353/6353 6352/6352
f 6350/6350 6351/6351 6354/6354
f 6350/6350 6354/6354 6353/6353
f 6351/6351 6349/6349 6352/6352
f 6351/6351 6352/6352 6354/6354
f 6355/6355 6356/6356 6359/6359
f 6355/6355 6359/6359 6358/6358
f 6356/6356 6357/6357 6360/6360
f 6356/6356 6360/6360 6359/6359
f 6357/6357 6355/6355 6358/6358
f 6357/6357 6358/6358 6360/6360
f 6358/6358 6359/6359 6362/6362
f 6358/6358 6362/6362 6361/6361
f 6359/6359 6360/6360 6363/6363
f 6359/6359 6363/6363 6362/6362
f 6360/6360 6358/6358 6361/6361
f 6360/6360 6361/6361 6363/6363
f 6361/6361 6362/6362 6365/6365
f 6361/6361 6365/6365 6364/6364
f 6362/6362 6363/6363 6366/6366
f 6362/6362 6366/6366 6365/6365
f 6363/6363 6361/6361 6364/6364
f 6363/6363 6364/6364 6366/6366
f 6364/6364 6365/6365 6368/6368
f 6364/6364 6368/6368 6367/6367
f 6365/6365 6366/6366 6369/6369
f 6365/6365 6369/6369 6368/6368
f 6366/6366 6364/6364 6367/6367
f 6366/6366 6367/6367 6369/6369
f 6367/6367 6368/6368 6371/6371
f 6367/6367 6371/6371 6370/6370
f 6368/6368 6369/6369 6372/6372
f 6368/6368 6372/6372 6371/6371
f 6369/6369 6367/6367 6370/6370
f 6369/6369 6370/6370 6372/6372
f 6370/6370 6371/6371 6374/6374
f 6370/6370 6374/6374 6373/6373
f 6371/6371 6372/6372 6375/6375
f 6371/6371 6375/6375 6374/6374
f 6372/6372 6370/6370 6373/6373
f 6372/6372 6373/6373 6375/6375
f 6373/6373 6374/6374 6377/6377
f 6373/6373 6377/6377 6376/6376
f 6374/6374 6375/6375 6378/6378
f 6374/6374 6378/6378 6377/6377
f 6375/6375 6373/6373 6376/6376
f 6375/6375 6376/6376 6378/6378
f 6376/6376 6377/6377 6380/6380
f 6376/6376 6380/6380 6379/6379
f 6377/6377 6378/6378 6381/6381
f 6377/6377 6381/6381 6380/6380
f 6378/6378 6376/6376 6379/6379
f 6378/6378 6379/6379 6381/6381
f 6382/6382 6383/6383 6386/6386
f 6382/6382 6386/6386 6385/6385
f 6383/6383 6384/6384 6387/6387
f 6383/6383 6387/6387 6386/6386
f 6384/6384 6382/6382 6385/6385
f 6384/6384 6385/6385 6387/6387
f 6385/6385 6386/6386 6389/6389
f 6385/6385 6389/6389 6388/6388
f 6386/6386 6387/6387 6390/6390
f 6386/6386 6390/6390 6389/6389
f 6387/6387 6385/6385 6388/6388
f 6387/6387 6388/6388 6390/6390
f 6388/6388 6389/6389 6392/6392
f 6388/6388 6392/6392 6391/6391
f 6389/6389 6390/6390 6393/6393
f 6389/6389 6393/6393 6392/6392
f 6390/6390 6388/6388 6391/6391
f 6390/6390 6391/6391 6393/6393
f 6391/6391 6392/6392 6395/6395
f 6391/6391 6395/6395 6394/6394
f 6392/6392 6393/6393 6396/6396
f 6392/6392 6396/6396 6395/6395
f 6393/6393 6391/6391 6394/6394
f 6393/6393 6394/6394 6396/6396
f 6394/6394 6395/6395 6398/6398
f 6394/6394 6398/6398 6397/6397
f 6395/6395 6396/6396 6399/6399
f 6395/6395 6399/6399 6398/6398
f 6396/6396 6394/6394 6397/6397
f 6396/6396 6397/6397 6399/6399
f 6397/6397 6398/6398 6401/6401
f 6397/6397 6401/6401 6400/6400
f 6398/6398 6399/6399 6402/6402
f 6398/6398 6402/6402 6401/6401
f 6399/6399 6397/6397 6400/6400
f 6399/6399 6400/6400 6402/6402
f 6400/6400 6401/6401 6404/6404
f 6400/6400 6404/6404 6403/6403
f 6401/6401 6402/6402 6405/6405
f 6401/6401 6405/6405 6404/6404
f 6402/6402 6400/6400 6403/6403
f 6402/6402 6403/6403 6405/6405
f 6403/6403 6404/6404 6407/6407
f 6403/6403 6407/6407 6406/6406
f 6404/6404 6405/6405 6408/6408
f 6404/6404 6408/6408 6407/6407
f 6405/6405 6403/6403 6406/6406
f 6405/6405 6406/6406 6408/6408
f 6409/6409 6410/6410 6413/6413
f 6409/6409 6413/6413 6412/6412
f 6410/6410 6411/6411 6414/6414
f 6410/6410 6414/6414 6413/6413
f 6411/6411 6409/6409 6412/6412
f 6411/6411 6412/6412 6414/6414
f 6412/6412 6413/6413 6416/6416
f 6412/6412 6416/6416 6415/6415
f 6413/6413 6414/6414 6417/6417
f 6413/6413 6417/6417 6416/6416
f 6414/6414 6412/6412 6415/6415
f 6414/6414 6415/6415 6417/6417
f 6415/6415 6416/6416 6419/6419
f 6415/6415 6419/6419 6418/6418
f 6416/6416 6417/6417 6420/6420
f 6416/6416 6420/6420 6419/6419
f 6417/6417 6415/6415 6418/6418
f 6417/6417 6418/6418 6420/6420
f 6418/6418 6419/6419 6422/6422
f 6418/6418 6422/6422 6421/6421
f 6419/6419 6420/6420 6423/6423
f 6419/6419 6423/6423 6422/6422
f 6420/6420 6418/6418 6421/6421
f 6420/6420 6421/6421 6423/6423
f 6421/6421 6422/6422 6425/6425
f 6421/6421 6425/6425 6424/6424
f 6422/6422 6423/6423 6426/6426
f 6422/6422 6426/6426 6425/6425
f 6423/6423 6421/6421 6424/6424
f 6423/6423 6424/6424 6426/6426
f 6424/6424 6425/6425 6428/6428
f 6424/6424 6428/6428 6427/6427
f 6425/6425 6426/6426 6429/6429
f 6425/6425 6429/6429 6428/6428
f 6426/6426 6424/6424 6427/6427
f 6426/6426 6427/6427 6429/6429
f 6427/6427 6428/6428 6431/6431
f 6427/6427 6431/6431 6430/6430
f 6428/6428 6429/6429 6432/6432
f 6428/6428 6432/6432 6431/6431
f 6429/6429 6427/6427 6430/6430
f 6429/6429 6430/6430 6432/6432
f 6430/6430 6431/6431 6434/6434
f 6430/6430 6434/6434 6433/6433
f 6431/6431 6432/6432 6435/6435
f 6431/6431 6435/6435 6434/6434
f 6432/6432 6430/6430 6433/6433
f 6432/6432 6433/6433 6435/6435
f 6436/6436 6437/6437 6440/6440
f 6436/6436 6440/6440 6439/6439
f 6437/6437 6438/6438 6441/6441
f 6437/6437 6441/6441 6440/6440
f 6438/6438 6436/6436 6439/6439
f 6438/6438 6439/6439 6441/6441
f 6439/6439 6440/6440 6443/6443
f 6439/6439 6443/6443 6442/6442
f 6440/6440 6441/6441 6444/6444
f 6440/6440 6444/6444 6443/6443
f 6441/6441 6439/6439 6442/6442
f 6441/6441 6442/6442 6444/6444
f 6442/6442 6443/6443 6446/6446
f 6442/6442 6446/6446 6445/6445
f 6443/6443 6444/6444 6447/6447
f 6443/6443 6447/6447 6446/6446
f 6444/6444 6442/6442 6445/6445
f 6444/6444 6445/6445 6447/6447
f 6445/6445 6446/6446 6449/6449
f 6445/6445 6449/6449 6448/6448
f 6446/6446 6447/6447 6450/6450
f 6446/6446 6450/6450 6449/6449
f 6447/6447 6445/6445 6448/6448
f 6447/6447 6448/6448 6450/6450
f 6448/6448 6449/6449 6452/6452
f 6448/6448 6452/6452 6451/6451
f 6449/6449 6450/6450 6453/6453
f 6449/6449 6453/6453 6452/6452
f 6450/6450 6448/6448 6451/6451
f 6450/6450 6451/6451 6453/6453
f 6451/6451 6452/6452 6455/6455
f 6451/6451 6455/6455 6454/6454
f 6452/6452 6453/6453 6456/6456
f 6452/6452 6456/6456 6455/6455
f 6453/6453 6451/6451 6454/6454
f 6453/6453 6454/6454 6456/6456
f 6454/6454 6455/6455 6458/6458
f 6454/6454 6458/6458 6457/6457
f 6455/6455 6456/6456 6459/6459
f 6455/6455 6459/6459 6458/6458
f 6456/6456 6454/6454 6457/6457
f 6456/6456 6457/6457 6459/6459
f 6457/6457 6458/6458 6461/6461
f 6457/6457 6461/6461 6460/6460
f 6458/6458 6459/6459 6462/6462
f 6458/6458 6462/6462 6461/6461
f 6459/6459 6457/6457 6460/6460
f 6459/6459 6460/6460 6462/6462
f 6463/6463 6464/6464 6467/6467
f 6463/6463 6467/6467 6466/6466
f 6464/6464 6465/6465 6468/6468
f 6464/6464 6468/6468 6467/6467
f 6465/6465 6463/6463 6466/6466
f 6465/6465 6466/6466 6468/6468
f 6466/6466 6467/6467 6470/6470
f 6466/6466 6470/6470 6469/6469
f 6467/6467 6468/6468 6471/6471
f 6467/6467 6471/6471 6470/6470
f 6468/6468 6466/6466 6469/6469
f 6468/6468 6469/6469 6471/6471
f 6469/6469 6470/6470 6473/6473
f 6469/6469 6473/6473 6472/6472
f 6470/6470 6471/6471 6474/6474
f 6470/6470 6474/6474 6473/6473
f 6471/6471 6469/6469 6472/6472
f 6471/6471 6472/6472 6474/6474
f 6472/6472 6473/6473 6476/6476
f 6472/6472 6476/6476 6475/6475
f 6473/6473 6474/6474 6477/6477
f 6473/6473 6477/6477 6476/6476
f 6474/6474 6472/6472 6475/6475
f 6474/6474 6475/6475 6477/6477
f 6475/6475 6476/6476 6479/6479
f 6475/6475 6479/6479 6478/6478
f 6476/6476 6477/6477 6480/6480
f 6476/6476 6480/6480 6479/6479
f 6477/6477 6475/6475 6478/6478
f 6477/6477 6478/6478 6480/6480
f 6478/6478 6479/6479 6482/6482
f 6478/6478 6482/6482 6481/6481
f 6479/6479 6480/6480 6483/6483
f 6479/6479 6483/6483 6482/6482
f 6480/6480 6478/6478 6481/6481
f 6480/6480 6481/6481 6483/6483
f 6481/6481 6482/6482 6485/6485
f 6481/6481 6485/6485 6484/6484
f 6482/6482 6483/6483 6486/6486
f 6482/6482 6486/6486 6485/6485
f 6483/6483 6481/6481 6484/6484
f 6483/6483 6484/6484 6486/6486
f 6484/6484 6485/6485 6488/6488
f 6484/6484 6488/6488 6487/6487
f 6485/6485 6486/6486 6489/6489
f 6485/6485 6489/6489 6488/6488
f 6486/6486 6484/6484 6487/6487
f 6486/6486 6487/6487 6489/6489
f 6490/6490 6491/6491 6494/6494
f 6490/6490 6494/6494 6493/6493
f 6491/6491 6492/6492 6495/6495
f 6491/6491 6495/6495 6494/6494
f 6492/6492 6490/6490 6493/6493
f 6492/6492 6493/6493 6495/6495
f 6493/6493 6494/6494 6497/6497
f 6493/6493 6497/6497 6496/6496
f 6494/6494 6495/6495 6498/6498
f 6494/6494 6498/6498 6497/6497
f 6495/6495 6493/6493 6496/6496
f 6495/6495 6496/6496 6498/6498
f 6496/6496 6497/6497 6500/6500
f 6496/6496 6500/6500 6499/6499
f 6497/6497 6498/6498 6501/6501
f 6497/6497 6501/6501 6500/6500
f 6498/6498 6496/6496 6499/6499
f 6498/6498 6499/6499 6501/6501
f 6499/6499 6500/6500 6503/6503
f 6499/6499 6503/6503 6502/6502
f 6500/6500 6501/6501 6504/6504
f 6500/6500 6504/6504 6503/6503
f 6501/6501 6499/6499 6502/6502
f 6501/6501 6502/6502 6504/6504
f 6502/6502 6503/6503 6506/6506
f 6502/6502 6506/6506 6505/6505
f 6503/6503 6504/6504 6507/6507
f 6503/6503 6507/6507 6506/6506
f 6504/6504 6502/6502 6505/6505
f 6504/6504 6505/6505 6507/6507
f 6505/6505 6506/6506 6509/6509
f 6505/6505 6509/6509 6508/6508
f 6506/6506 6507/6507 6510/6510
f 6506/6506 6510/6510 6509/6509
f 6507/6507 6505/6505 6508/6508
f 6507/6507 6508/6508 6510/6510
f 6508/6508 6509/6509 6512/6512
f 6508/6508 6512/6512 6511/6511
f 6509/6509 6510/6510 6513/6513
f 6509/6509 6513/6513 6512/6512
f 6510/6510 6508/6508 6511/6511
f 6510/6510 6511/6511 6513/6513
f 6511/6511 6512/6512 6515/6515
f 6511/6511 6515/6515 6514/6514
f 6512/6512 6513/6513 6516/6516
f 6512/6512 6516/6516 6515/6515
f 6513/6513 6511/6511 6514/6514
f 6513/6513 6514/6514 6516/6516
f 6517/6517 6518/6518 6521/6521
f 6517/6517 6521/6521 6520/6520
f 6518/6518 6519/6519 6522/6522
f 6518/6518 6522/6522 6521/6521
f 6519/6519 6517/6517 6520/6520
f 6519/6519 6520/6520 6522/6522
f 6520/6520 6521/6521 6524/6524
f 6520/6520 6524/6524 6523/6523
f 6521/6521 6522/6522 6525/6525
f 6521/6521 6525/6525 6524/6524
f 6522/6522 6520/6520 6523/6523
f 6522/6522 6523/6523 6525/6525
f 6523/6523 6524/6524 6527/6527
f 6523/6523 6527/6527 6526/6526
f 6524/6524 6525/6525 6528/6528
f 6524/6524 6528/6528 6527/6527
f 6525/6525 6523/6523 6526/6526
f 6525/6525 6526/6526 6528/6528
f 6526/6526 6527/6527 6530/6530
f 6526/6526 6530/6530 6529/6529
f 6527/6527 6528/6528 6531/6531
f 6527/6527 6531/6531 6530/6530
f 6528/6528 6526/6526 6529/6529
f 6528/6528 6529/6529 6531/6531
f 6529/6529 6530/6530 6533/6533
f 6529/6529 6533/6533 6532/6532
f 6530/6530 6531/6531 6534/6534
f 6530/6530 6534/6534 6533/6533
f 6531/6531 6529/6529 6532/6532
f 6531/6531 6532/6532 6534/6534
f 6532/6532 6533/6533 6536/6536
f 6532/6532 6536/6536 6535/6535
f 6533/6533 6534/6534 6537/6537
f 6533/6533 6537/6537 6536/6536
f 6534/6534 6532/6532 6535/6535
f 6534/6534 6535/6535 6537/6537
f 6535/6535 6536/6536 6539/6539
f 6535/6535 6539/6539 6538/6538
f 6536/6536 6537/6537 6540/6540
f 6536/6536 6540/6540 6539/6539
f 6537/6537 6535/6535 6538/6538
f 6537/6537 6538/6538 6540/6540
f 6538/6538 6539/6539 6542/6542
f 6538/6538 6542/6542 6541/6541
f 6539/6539 6540/6540 6543/6543
f 6539/6539 6543/6543 6542/6542
f 6540/6540 6538/6538 6541/6541
f 6540/6540 6541/6541 6543/6543
f 6544/6544 6545/6545 6548/6548
f 6544/6544 6548/6548 6547/6547
f 6545/6545 6546/6546 6549/6549
f 6545/6545 6549/6549 6548/6548
f 6546/6546 6544/6544 6547/6547
f 6546/6546 6547/6547 6549/6549
f 6547/6547 6548/6548 6551/6551
f 6547/6547 6551/6551 6550/6550
f 6548/6548 6549/6549 6552/6552
f 6548/6548 6552/6552 6551/6551
f 6549/6549 6547/6547 6550/6550
f 6549/6549 6550/6550 6552/6552
f 6550/6550 6551/6551 6554/6554
f 6550/6550 6554/6554 6553/6553
f 6551/6551 6552/6552 6555/6555
f 6551/6551 6555/6555 6554/6554
f 6552/6552 6550/6550 6553/6553
f 6552/6552 6553/6553 6555/6555
f 6553/6553 6554/6554 6557/6557
f 6553/6553 6557/6557 6556/6556
f 6554/6554 6555/6555 6558/6558
f 6554/6554 6558/6558 6557/6557
f 6555/6555 6553/6553 6556/6556
f 6555/6555 6556/6556 6558/6558
f 6556/6556 6557/6557 6560/6560
f 6556/6556 6560/6560 6559/6559
f 6557/6557 6558/6558 6561/6561
f 6557/6557 6561/6561 6560/6560
f 6558/6558 6556/6556 6559/6559
f 6558/6558 6559/6559 6561/6561
f 6559/6559 6560/6560 6563/6563
f 6559/6559 6563/6563 6562/6562
f 6560/6560 6561/6561 6564/6564
f 6560/6560 6564/6564 6563/6563
f 6561/6561 6559/6559 6562/6562
f 6561/6561 6562/6562 6564/6564
f 6562/6562 6563/6563 6566/6566
f 6562/6562 6566/6566 6565/6565
f 6563/6563 6564/6564 6567/6567
f 6563/6563 6567/6567 6566/6566
f 6564/6564 6562/6562 6565/6565
f 6564/6564 6565/6565 6567/6567
f 6565/6565 6566/6566 6569/6569
f 6565/6565 6569/6569 6568/6568
f 6566/6566 6567/6567 6570/6570
f 6566/6566 6570/6570 6569/6569
f 6567/6567 6565/6565 6568/6568
f 6567/6567 6568/6568 6570/6570
f 6571/6571 6572/6572 6575/6575
f 6571/6571 6575/6575 6574/6574
f 6572/6572 6573/6573 6576/6576
f 6572/6572 6576/6576 6575/6575
f 6573/6573 6571/6571 6574/6574
f 6573/6573 6574/6574 6576/6576
f 6574/6574 6575/6575 6578/6578
f 6574/6574 6578/6578 6577/6577
f 6575/6575 6576/6576 6579/6579
f 6575/6575 6579/6579 6578/6578
f 6576/6576 6574/6574 6577/6577
f 6576/6576 6577/6577 6579/6579
f 6577/6577 6578/6578 6581/6581
f 6577/6577 6581/6581 6580/6580
f 6578/6578 6579/6579 6582/6582
f 6578/6578 6582/6582 6581/6581
f 6579/6579 6577/6577 6580/6580
f 6579/6579 6580/6580 6582/6582
f 6580/6580 6581/6581 6584/6584
f 6580/6580 6584/6584 6583/6583
f 6581/6581 6582/6582 6585/6585
f 6581/6581 6585/6585 6584/6584
f 6582/6582 6580/6580 6583/6583
f 6582/6582 6583/6583 6585/6585
f 6583/6583 6584/6584 6587/6587
f 6583/6583 6587/6587 6586/6586
f 6584/6584 6585/6585 6588/6588
f 6584/6584 6588/6588 6587/6587
f 6585/6585 6583/6583 6586/6586
f 6585/6585 6586/6586 6588/6588
f 6586/6586 6587/6587 6590/6590
f 6586/6586 6590/6590 6589/6589
f 6587/6587 6588/6588 6591/6591
f 6587/6587 6591/6591 6590/6590
f 6588/6588 6586/6586 6589/6589
f 6588/6588 6589/6589 6591/6591
f 6589/6589 6590/6590 6593/6593
f 6589/6589 6593/6593 6592/6592
f 6590/6590 6591/6591 6594/6594
f 6590/6590 6594/6594 6593/6593
f 6591/6591 6589/6589 6592/6592
f 6591/6591 6592/6592 6594/6594
f 6592/6592 6593/6593 6596/6596
f 6592/6592 6596/6596 6595/6595
f 6593/6593 6594/6594 6597/6597
f 6593/6593 6597/6597 6596/6596
f 6594/6594 6592/6592 6595/6595
f 6594/6594 6595/6595 6597/6597
f 6598/6598 6599/6599 6602/6602
f 6598/6598 6602/6602 6601/6601
f 6599/6599 6600/6600 6603/6603
f 6599/6599 6603/6603 6602/6602
f 6600/6600 6598/6598 6601/6601
f 6600/6600 6601/6601 6603/6603
f 6601/6601 6602/6602 6605/6605
f 6601/6601 6605/6605 6604/6604
f 6602/6602 6603/6603 6606/6606
f 6602/6602 6606/6606 6605/6605
f 6603/6603 6601/6601 6604/6604
f 6603/6603 6604/6604 6606/6606
f 6604/6604 6605/6605 6608/6608
f 6604/6604 6608/6608 6607/6607
f 6605/6605 6606/6606 6609/6609
f 6605/6605 6609/6609 6608/6608
f 6606/6606 6604/6604 6607/6607
f 6606/6606 6607/6607 6609/6609
f 6607/6607 6608/6608 6611/6611
f 6607/6607 6611/6611 6610/6610
f 6608/6608 6609/6609 6612/6612
f 6608/6608 6612/6612 6611/6611
f 6609/6609 6607/6607 6610/6610
f 6609/6609 6610/6610 6612/6612
f 6610/6610 6611/6611 6614/6614
f 6610/6610 6614/6614 6613/6613
f 6611/6611 6612/6612 6615/6615
f 6611/6611 6615/6615 6614/6614
f 6612/6612 6610/6610 6613/6613
f 6612/6612 6613/6613 6615/6615
f 6613/6613 6614/6614 6617/6617
f 6613/6613 6617/6617 6616/6616
f 6614/6614 6615/6615 6618/6618
f 6614/6614 6618/6618 6617/6617
f 6615/6615 6613/6613 6616/6616
f 6615/6615 6616/6616 6618/6618
f 6616/6616 6617/6617 6620/6620
f 6616/6616 6620/6620 6619/6619
f 6617/6617 6618/6618 6621/6621
f 6617/6617 6621/6621 6620/6620
f 6618/6618 6616/6616 6619/6619
f 6618/6618 6619/6619 6621/6621
f 6619/6619 6620/6620 6623/6623
f 6619/6619 6623/6623 6622/6622
f 6620/6620 6621/6621 6624/6624
f 6620/6620 6624/6624 6623/6623
f 6621/6621 6619/6619 6622/6622
f 6621/6621 6622/6622 6624/6624
f 6625/6625 6626/6626 6629/6629
f 6625/6625 6629/6629 6628/6628
f 6626/6626 6627/6627 6630/6630
f 6626/6626 6630/6630 6629/6629
f 6627/6627 6625/6625 6628/6628
f 6627/6627 6628/6628 6630/6630
f 6628/6628 6629/6629 6632/6632
f 6628/6628 6632/6632 6631/6631
f 6629/6629 6630/6630 6633/6633
f 6629/6629 6633/6633 6632/6632
f 6630/6630 6628/6628 6631/6631
f 6630/6630 6631/6631 6633/6633
f 6631/6631 6632/6632 6635/6635
f 6631/6631 6635/6635 6634/6634
f 6632/6632 6633/6633 6636/6636
f 6632/6632 6636/6636 6635/6635
f 6633/6633 6631/6631 6634/6634
f 6633/6633 6634/6634 6636/6636
f 6634/6634 6635/6635 6638/6638
f 6634/6634 6638/6638 6637/6637
f 6635/6635 6636/6636 6639/6639
f 6635/6635 6639/6639 6638/6638
f 6636/6636 6634/6634 6637/6637
f 6636/6636 6637/6637 6639/6639
f 6637/6637 6638/6638 6641/6641
f 6637/6637 6641/6641 6640/6640
f 6638/6638 6639/6639 6642/6642
f 6638/6638 6642/6642 6641/6641
f 6639/6639 6637/6637 6640/6640
f 6639/6639 6640/6640 6642/6642
f 6640/6640 6641/6641 6644/6644
f 6640/6640 6644/6644 6643/6643
f 6641/6641 6642/6642 6645/6645
f 6641/6641 6645/6645 6644/6644
f 6642/6642 6640/6640 6643/6643
f 6642/6642 6643/6643 6645/6645
f 6643/6643 6644/6644 6647/6647
f 6643/6643 6647/6647 6646/6646
f 6644/6644 6645/6645 6648/6648
f 6644/6644 6648/6648 6647/6647
f 6645/6645 6643/6643 6646/6646
f 6645/6645 6646/6646 6648/6648
f 6646/6646 6647/6647 6650/6650
f 6646/6646 6650/6650 6649/6649
f 6647/6647 6648/6648 6651/6651
f 6647/6647 6651/6651 6650/6650
f 6648/6648 6646/6646 6649/6649
f 6648/6648 6649/6649 6651/6651
f 6652/6652 6653/6653 6656/6656
f 6652/6652 6656/6656 6655/6655
f 6653/6653 6654/6654 6657/6657
f 6653/6653 6657/6657 6656/6656
f 6654/6654 6652/6652 6655/6655
f 6654/6654 6655/6655 6657/6657
f 6655/6655 6656/6656 6659/6659
f 6655/6655 6659/6659 6658/6658
f 6656/6656 6657/6657 6660/6660
f 6656/6656 6660/6660 6659/6659
f 6657/6657 6655/6655 6658/6658
f 6657/6657 6658/6658 6660/6660
f 6658/6658 6659/6659 6662/6662
f 6658/6658 6662/6662 6661/6661
f 6659/6659 6660/6660 6663/6663
f 6659/6659 6663/6663 6662/6662
f 6660/6660 6658/6658 6661/6661
f 6660/6660 6661/6661 6663/6663
f 6661/6661 6662/6662 6665/6665
f 6661/6661 6665/6665 6664/6664
f 6662/6662 6663/6663 6666/6666
f 6662/6662 6666/6666 6665/6665
f 6663/6663 6661/6661 6664/6664
f 6663/6663 6664/6664 6666/6666
f 6664/6664 6665/6665 6668/6668
f 6664/6664 6668/6668 6667/6667
f 6665/6665 6666/6666 6669/6669
f 6665/6665 6669/6669 6668/6668
f 6666/6666 6664/6664 6667/6667
f 6666/6666 6667/6667 6669/6669
f 6667/6667 6668/6668 6671/6671
f 6667/6667 6671/6671 6670/6670
f 6668/6668 6669/6669 6672/6672
f 6668/6668 6672/6672 6671/6671
f 6669/6669 6667/6667 6670/6670
f 6669/6669 6670/6670 6672/6672
f 6670/6670 6671/6671 6674/6674
f 6670/6670 6674/6674 6673/6673
f 6671/6671 6672/6672 6675/6675
f 6671/6671 6675/6675 6674/6674
f 6672/6672 6670/6670 6673/6673
f 6672/6672 6673/6673 6675/6675
f 6673/6673 6674/6674 6677/6677
f 6673/6673 6677/6677 6676/6676
f 6674/6674 6675/6675 6678/6678
f 6674/6674 6678/6678 6677/6677
f 6675/6675 6673/6673 6676/6676
f 6675/6675 6676/6676 6678/6678
f 6679/6679 6680/6680 6683/6683
f 6679/6679 6683/6683 6682/6682
f 6680/6680 6681/6681 6684/6684
f 6680/6680 6684/6684 6683/6683
f 6681/6681 6679/6679 6682/6682
f 6681/6681 6682/6682 6684/6684
f 6682/6682 6683/6683 6686/6686
f 6682/6682 6686/6686 6685/6685
f 6683/6683 6684/6684 6687/6687
f 6683/6683 6687/6687 6686/6686
f 6684/6684 6682/6682 6685/6685
f 6684/6684 6685/6685 6687/6687
f 6685/6685 6686/6686 6689/6689
f 6685/6685 6689/6689 6688/6688
f 6686/6686 6687/6687 6690/6690
f 6686/6686 6690/6690 6689/6689
f 6687/6687 6685/6685 6688/6688
f 6687/6687 6688/6688 6690/6690
f 6688/6688 6689/6689 6692/6692
f 6688/6688 6692/6692 6691/6691
f 6689/6689 6690/6690 6693/6693
f 6689/6689 6693/6693 6692/6692
f 6690/6690 6688/6688 6691/6691
f 6690/6690 6691/6691 6693/6693
f 6691/6691 6692/6692 6695/6695
f 6691/6691 6695/6695 6694/6694
f 6692/6692 6693/6693 6696/6696
f 6692/6692 6696/6696 6695/6695
f 6693/6693 6691/6691 6694/6694
f 6693/6693 6694/6694 6696/6696
f 6694/6694 6695/6695 6698/6698
f 6694/6694 6698/6698 6697/6697
f 6695/6695 6696/6696 6699/6699
f 6695/6695 6699/6699 6698/6698
f 6696/6696 6694/6694 6697/6697
f 6696/6696 6697/6697 6699/6699
f 6697/6697 6698/6698 6701/6701
f 6697/6697 6701/6701 6700/6700
f 6698/6698 6699/6699 6702/6702
f 6698/6698 6702/6702 6701/6701
f 6699/6699 6697/6697 6700/6700
f 6699/6699 6700/6700 6702/6702
f 6700/6700 6701/6701 6704/6704
f 6700/6700 6704/6704 6703/6703
f 6701/6701 6702/6702 6705/6705
f 6701/6701 6705/6705 6704/6704
f 6702/6702 6700/6700 6703/6703
f 6702/6702 6703/6703 6705/6705
f 6706/6706 6707/6707 6710/6710
f 6706/6706 6710/6710 6709/6709
f 6707/6707 6708/6708 6711/6711
f 6707/6707 6711/6711 6710/6710
f 6708/6708 6706/6706 6709/6709
f 6708/6708 6709/6709 6711/6711
f 6709/6709 6710/6710 6713/6713
f 6709/6709 6713/6713 6712/6712
f 6710/6710 6711/6711 6714/6714
f 6710/6710 6714/6714 6713/6713
f 6711/6711 6709/6709 6712/6712
f 6711/6711 6712/6712 6714/6714
f 6712/6712 6713/6713 6716/6716
f 6712/6712 6716/6716 6715/6715
f 6713/6713 6714/6714 6717/6717
f 6713/6713 6717/6717 6716/6716
f 6714/6714 6712/6712 6715/6715
f 6714/6714 6715/6715 6717/6717
f 6715/6715 6716/6716 6719/6719
f 6715/6715 6719/6719 6718/6718
f 6716/6716 6717/6717 6720/6720
f 6716/6716 6720/6720 6719/6719
f 6717/6717 6715/6715 6718/6718
f 6717/6717 6718/6718 6720/6720
f 6718/6718 6719/6719 6722/6722
f 6718/6718 6722/6722 6721/6721
f 6719/6719 6720/6720 6723/6723
f 6719/6719 6723/6723 6722/6722
f 6720/6720 6718/6718 6721/6721
f 6720/6720 6721/6721 6723/6723
f 6721/6721 6722/6722 6725/6725
f 6721/6721 6725/6725 6724/6724
f 6722/6722 6723/6723 6726/6726
f 6722/6722 6726/6726 6725/6725
f 6723/6723 6721/6721 6724/6724
f 6723/6723 6724/6724 6726/6726
f 6724/6724 6725/6725 6728/6728
f 6724/6724 6728/6728 6727/6727
f 6725/6725 6726/6726 6729/6729
f 6725/6725 6729/6729 6728/6728
f 6726/6726 6724/6724 6727/6727
f 6726/6726 6727/6727 6729/6729
f 6727/6727 6728/6728 6731/6731
f 6727/6727 6731/6731 6730/6730
f 6728/6728 6729/6729 6732/6732
f 6728/6728 6732/6732 6731/6731
f 6729/6729 6727/6727 6730/6730
f 6729/6729 6730/6730 6732/6732
f 6733/6733 6734/6734 6737/6737
f 6733/6733 6737/6737 6736/6736
f 6734/6734 6735/6735 6738/6738
f 6734/6734 6738/6738 6737/6737
f 6735/6735 6733/6733 6736/6736
f 6735/6735 6736/6736 6738/6738
f 6736/6736 6737/6737 6740/6740
f 6736/6736 6740/6740 6739/6739
f 6737/6737 6738/6738 6741/6741
f 6737/6737 6741/6741 6740/6740
f 6738/6738 6736/6736 6739/6739
f 6738/6738 6739/6739 6741/6741
f 6739/6739 6740/6740 6743/6743
f 6739/6739 6743/6743 6742/6742
f 6740/6740 6741/6741 6744/6744
f 6740/6740 6744/6744 6743/6743
f 6741/6741 6739/6739 6742/6742
f 6741/6741 6742/6742 6744/6744
f 6742/6742 6743/6743 6746/6746
f 6742/6742 6746/6746 6745/6745
f 6743/6743 6744/6744 6747/6747
f 6743/6743 6747/6747 6746/6746
f 6744/6744 6742/6742 6745/6745
f 6744/6744 6745/6745 6747/6747
f 6745/6745 6746/6746 6749/6749
f 6745/6745 6749/6749 6748/6748
f 6746/6746 6747/6747 6750/6750
f 6746/6746 6750/6750 6749/6749
f 6747/6747 6745/6745 6748/6748
f 6747/6747 6748/6748 6750/6750
f 6748/6748 6749/6749 6752/6752
f 6748/6748 6752/6752 6751/6751
f 6749/6749 6750/6750 6753/6753
f 6749/6749 6753/6753 6752/6752
f 6750/6750 6748/6748 6751/6751
f 6750/6750 6751/6751 6753/6753
f 6751/6751 6752/6752 6755/6755
f 6751/6751 6755/6755 6754/6754
f 6752/6752 6753/6753 6756/6756
f 6752/6752 6756/6756 6755/6755
f 6753/6753 6751/6751 6754/6754
f 6753/6753 6754/6754 6756/6756
f 6754/6754 6755/6755 6758/6758
f 6754/6754 6758/6758 6757/6757
f 6755/6755 6756/6756 6759/6759
f 6755/6755 6759/6759 6758/6758
f 6756/6756 6754/6754 6757/6757
f 6756/6756 6757/6757 6759/6759
f 6760/6760 6761/6761 6764/6764
f 6760/6760 6764/6764 6763/6763
f 6761/6761 6762/6762 6765/6765
f 6761/6761 6765/6765 6764/6764
f 6762/6762 6760/6760 6763/6763
f 6762/6762 6763/6763 6765/6765
f 6763/6763 6764/6764 6767/6767
f 6763/6763 6767/6767 6766/6766
f 6764/6764 6765/6765 6768/6768
f 6764/6764 6768/6768 6767/6767
f 6765/6765 6763/6763 6766/6766
f 6765/6765 6766/6766 6768/6768
f 6766/6766 6767/6767 6770/6770
f 6766/6766 6770/6770 6769/6769
f 6767/6767 6768/6768 6771/6771
f 6767/6767 6771/6771 6770/6770
f 6768/6768 6766/6766 6769/6769
f 6768/6768 6769/6769 6771/6771
f 6769/6769 6770/6770 6773/6773
f 6769/6769 6773/6773 6772/6772
f 6770/6770 6771/6771 6774/6774
f 6770/6770 6774/6774 6773/6773
f 6771/6771 6769/6769 6772/6772
f 6771/6771 6772/6772 6774/6774
f 6772/6772 6773/6773 6776/6776
f 6772/6772 6776/6776 6775/6775
f 6773/6773 6774/6774 6777/6777
f 6773/6773 6777/6777 6776/6776
f 6774/6774 6772/6772 6775/6775
f 6774/6774 6775/6775 6777/6777
f 6775/6775 6776/6776 6779/6779
f 6775/6775 6779/6779 6778/6778
f 6776/6776 6777/6777 6780/6780
f 6776/6776 6780/6780 6779/6779
f 6777/6777 6775/6775 6778/6778
f 6777/6777 6778/6778 6780/6780
f 6778/6778 6779/6779 6782/6782
f 6778/6778 6782/6782 6781/6781
f 6779/6779 6780/6780 6783/6783
f 6779/6779 6783/6783 6782/6782
f 6780/6780 6778/6778 6781/6781
f 6780/6780 6781/6781 6783/6783
f 6781/6781 6782/6782 6785/6785
f 6781/6781 6785/6785 6784/6784
f 6782/6782 6783/6783 6786/6786
f 6782/6782 6786/6786 6785/6785
f 6783/6783 6781/6781 6784/6784
f 6783/6783 6784/6784 6786/6786
f 6787/6787 6788/6788 6791/6791
f 6787/6787 6791/6791 6790/6790
f 6788/6788 6789/6789 6792/6792
f 6788/6788 6792/6792 6791/6791
f 6789/6789 6787/6787 6790/6790
f 6789/6789 6790/6790 6792/6792
f 6790/6790 6791/6791 6794/6794
f 6790/6790 6794/6794 6793/6793
f 6791/6791 6792/6792 6795/6795
f 6791/6791 6795/6795 6794/6794
f 6792/6792 6790/6790 6793/6793
f 6792/6792 6793/6793 6795/6795
f 6793/6793 6794/6794 6797/6797
f 6793/6793 6797/6797 6796/6796
f 6794/6794 6795/6795 6798/6798
f 6794/6794 6798/6798 6797/6797
f 6795/6795 6793/6793 6796/6796
f 6795/6795 6796/6796 6798/6798
f 6796/6796 6797/6797 6800/6800
f 6796/6796 6800/6800 6799/6799
f 6797/6797 6798/6798 6801/6801
f 6797/6797 6801/6801 6800/6800
f 6798/6798 6796/6796 6799/6799
f 6798/6798 6799/6799 6801/6801
f 6799/6799 6800/6800 6803/6803
f 6799/6799 6803/6803 6802/6802
f 6800/6800 6801/6801 6804/6804
f 6800/6800 6804/6804 6803/6803
f 6801/6801 6799/6799 6802/6802
f 6801/6801 6802/6802 6804/6804
f 6802/6802 6803/6803 6806/6806
f 6802/6802 6806/6806 6805/6805
f 6803/6803 6804/6804 6807/6807
f 6803/6803 6807/6807 6806/6806
f 6804/6804 6802/6802 6805/6805
f 6804/6804 6805/6805 6807/6807
f 6805/6805 6806/6806 6809/6809
f 6805/6805 6809/6809 6808/6808
f 6806/6806 6807/6807 6810/6810
f 6806/6806 6810/6810 6809/6809
f 6807/6807 6805/6805 6808/6808
f 6807/6807 6808/6808 6810/6810
f 6808/6808 6809/6809 6812/6812
f 6808/6808 6812/6812 6811/6811
f 6809/6809 6810/6810 6813/6813
f 6809/6809 6813/6813 6812/6812
f 6810/6810 6808/6808 6811/6811
f 6810/6810 6811/6811 6813/6813
f 6814/6814 6815/6815 6818/6818
f 6814/6814 6818/6818 6817/6817
f 6815/6815 6816/6816 6819/6819
f 6815/6815 6819/6819 6818/6818
f 6816/6816 6814/6814 6817/6817
f 6816/6816 6817/6817 6819/6819
f 6817/6817 6818/6818 6821/6821
f 6817/6817 6821/6821 6820/6820
f 6818/6818 6819/6819 6822/6822
f 6818/6818 6822/6822 6821/6821
f 6819/6819 6817/6817 6820/6820
f 6819/6819 6820/6820 6822/6822
f 6820/6820 6821/6821 6824/6824
f 6820/6820 6824/6824 6823/6823
f 6821/6821 6822/6822 6825/6825
f 6821/6821 6825/6825 6824/6824
f 6822/6822 6820/6820 6823/6823
f 6822/6822 6823/6823 6825/6825
f 6823/6823 6824/6824 6827/6827
f 6823/6823 6827/6827 6826/6826
f 6824/6824 6825/6825 6828/6828
f 6824/6824 6828/6828 6827/6827
f 6825/6825 6823/6823 6826/6826
f 6825/6825 6826/6826 6828/6828
f 6826/6826 6827/6827 6830/6830
f 6826/6826 6830/6830 6829/6829
f 6827/6827 6828/6828 6831/6831
f 6827/6827 6831/6831 6830/6830
f 6828/6828 6826/6826 6829/6829
f 6828/6828 6829/6829 6831/6831
f 6829/6829 6830/6830 6833/6833
f 6829/6829 6833/6833 6832/6832
f 6830/6830 6831/6831 6834/6834
f 6830/6830 6834/6834 6833/6833
f 6831/6831 6829/6829 6832/6832
f 6831/6831 6832/6832 6834/6834
f 6832/6832 6833/6833 6836/6836
f 6832/6832 6836/6836 6835/6835
f 6833/6833 6834/6834 6837/6837
f 6833/6833 6837/6837 6836/6836
f 6834/6834 6832/6832 6835/6835
f 6834/6834 6835/6835 6837/6837
f 6835/6835 6836/6836 6839/6839
f 6835/6835 6839/6839 6838/6838
f 6836/6836 6837/6837 6840/6840
f 6836/6836 6840/6840 6839/6839
f 6837/6837 6835/6835 6838/6838
f 6837/6837 6838/6838 6840/6840
f 6841/6841 6842/6842 6845/6845
f 6841/6841 6845/6845 6844/6844
f 6842/6842 6843/6843 6846/6846
f 6842/6842 6846/6846 6845/6845
f 6843/6843 6841/6841 6844/6844
f 6843/6843 6844/6844 6846/6846
f 6844/6844 6845/6845 6848/6848
f 6844/6844 6848/6848 6847/6847
f 6845/6845 6846/6846 6849/6849
f 6845/6845 6849/6849 6848/6848
f 6846/6846 6844/6844 6847/6847
f 6846/6846 6847/6847 6849/6849
f 6847/6847 6848/6848 6851/6851
f 6847/6847 6851/6851 6850/6850
f 6848/6848 6849/6849 6852/6852
f 6848/6848 6852/6852 6851/6851
f 6849/6849 6847/6847 6850/6850
f 6849/6849 6850/6850 6852/6852
f 6850/6850 6851/6851 6854/6854
f 6850/6850 6854/6854 6853/6853
f 6851/6851 6852/6852 6855/6855
f 6851/6851 6855/6855 6854/6854
f 6852/6852 6850/6850 6853/6853
f 6852/6852 6853/6853 6855/6855
f 6853/6853 6854/6854 6857/6857
f 6853/6853 6857/6857 6856/6856
f 6854/6854 6855/6855 6858/6858
f 6854/6854 6858/6858 6857/6857
f 6855/6855 6853/6853 6856/6856
f 6855/6855 6856/6856 6858/6858
f 6856/6856 6857/6857 6860/6860
f 6856/6856 6860/6860 6859/6859
f 6857/6857 6858/6858 6861/6861
f 6857/6857 6861/6861 6860/6860
f 6858/6858 6856/6856 6859/6859
f 6858/6858 6859/6859 6861/6861
f 6859/6859 6860/6860 6863/6863
f 6859/6859 6863/6863 6862/6862
f 6860/6860 6861/6861 6864/6864
f 6860/6860 6864/6864 6863/6863
f 6861/6861 6859/6859 6862/6862
f 6861/6861 6862/6862 6864/6864
f 6862/6862 6863/6863 6866/6866
f 6862/6862 6866/6866 6865/6865
f 6863/6863 6864/6864 6867/6867
f 6863/6863 6867/6867 6866/6866
f 6864/6864 6862/6862 6865/6865
f 6864/6864 6865/6865 6867/6867
f 6868/6868 6869/6869 6872/6872
f 6868/6868 6872/6872 6871/6871
f 6869/6869 6870/6870 6873/6873
f 6869/6869 6873/6873 6872/6872
f 6870/6870 6868/6868 6871/6871
f 6870/6870 6871/6871 6873/6873
f 6871/6871 6872/6872 6875/6875
f 6871/6871 6875/6875 6874/6874
f 6872/6872 6873/6873 6876/6876
f 6872/6872 6876/6876 6875/6875
f 6873/6873 6871/6871 6874/6874
f 6873/6873 6874/6874 6876/6876
f 6874/6874 6875/6875 6878/6878
f 6874/6874 6878/6878 6877/6877
f 6875/6875 6876/6876 6879/6879
f 6875/6875 6879/6879 6878/6878
f 6876/6876 6874/6874 6877/6877
f 6876/6876 6877/6877 6879/6879
f 6877/6877 6878/6878 6881/6881
f 6877/6877 6881/6881 6880/6880
f 6878/6878 6879/6879 6882/6882
f 6878/6878 6882/6882 6881/6881
f 6879/6879 6877/6877 6880/6880
f 6879/6879 6880/6880 6882/6882
f 6880/6880 6881/6881 6884/6884
f 6880/6880 6884/6884 6883/6883
f 6881/6881 6882/6882 6885/6885
f 6881/6881 6885/6885 6884/6884
f 6882/6882 6880/6880 6883/6883
f 6882/6882 6883/6883 6885/6885
f 6883/6883 6884/6884 6887/6887
f 6883/6883 6887/6887 6886/6886
f 6884/6884 6885/6885 6888/6888
f 6884/6884 6888/6888 6887/6887
f 6885/6885 6883/6883 6886/6886
f 6885/6885 6886/6886 6888/6888
f 6886/6886 6887/6887 6890/6890
f 6886/6886 6890/6890 6889/6889
f 6887/6887 6888/6888 6891/6891
f 6887/6887 6891/6891 6890/6890
f 6888/6888 6886/6886 6889/6889
f 6888/6888 6889/6889 6891/6891
f 6889/6889 6890/6890 6893/6893
f 6889/6889 6893/6893 6892/6892
f 6890/6890 6891/6891 6894/6894
f 6890/6890 6894/6894 6893/6893
f 6891/6891 6889/6889 6892/6892
f 6891/6891 6892/6892 6894/6894
f 6895/6895 6896/6896 6899/6899
f 6895/6895 6899/6899 6898/6898
f 6896/6896 6897/6897 6900/6900
f 6896/6896 6900/6900 6899/6899
f 6897/6897 6895/6895 6898/6898
f 6897/6897 6898/6898 6900/6900
f 6898/6898 6899/6899 6902/6902
f 6898/6898 6902/6902 6901/6901
f 6899/6899 6900/6900 6903/6903
f 6899/6899 6903/6903 6902/6902
f 6900/6900 6898/6898 6901/6901
f 6900/6900 6901/6901 6903/6903
f 6901/6901 6902/6902 6905/6905
f 6901/6901 6905/6905 6904/6904
f 6902/6902 6903/6903 6906/6906
f 6902/6902 6906/6906 6905/6905
f 6903/6903 6901/6901 6904/6904
f 6903/6903 6904/6904 6906/6906
f 6904/6904 6905/6905 6908/6908
f 6904/6904 6908/6908 6907/6907
f 6905/6905 6906/6906 6909/6909
f 6905/6905 6909/6909 6908/6908
f 6906/6906 6904/6904 6907/6907
f 6906/6906 6907/6907 6909/6909
f 6907/6907 6908/6908 6911/6911
f 6907/6907 6911/6911 6910/6910
f 6908/6908 6909/6909 6912/6912
f 6908/6908 6912/6912 6911/6911
f 6909/6909 6907/6907 6910/6910
f 6909/6909 6910/6910 6912/6912
f 6910/6910 6911/6911 6914/6914
f 6910/6910 6914/6914 6913/6913
f 6911/6911 6912/6912 6915/6915
f 6911/6911 6915/6915 6914/6914
f 6912/6912 6910/6910 6913/6913
f 6912/6912 6913/6913 6915/6915
f 6913/6913 6914/6914 6917/6917
f 6913/6913 6917/6917 6916/6916
f 6914/6914 6915/6915 6918/6918
f 6914/6914 6918/6918 6917/6917
f 6915/6915 6913/6913 6916/6916
f 6915/6915 6916/6916 6918/6918
f 6916/6916 6917/6917 6920/6920
f 6916/6916 6920/6920 6919/6919
f 6917/6917 6918/6918 6921/6921
f 6917/6917 6921/6921 6920/6920
f 6918/6918 6916/6916 6919/6919
f 6918/6918 6919/6919 6921/6921
f 6922/6922 6923/6923 6926/6926
f 6922/6922 6926/6926 6925/6925
f 6923/6923 6924/6924 6927/6927
f 6923/6923 6927/6927 6926/6926
f 6924/6924 6922/6922 6925/6925
f 6924/6924 6925/6925 6927/6927
f 6925/6925 6926/6926 6929/6929
f 6925/6925 6929/6929 6928/6928
f 6926/6926 6927/6927 6930/6930
f 6926/6926 6930/6930 6929/6929
f 6927/6927 6925/6925 6928/6928
f 6927/6927 6928/6928 6930/6930
f 6928/6928 6929/6929 6932/6932
f 6928/6928 6932/6932 6931/6931
f 6929/6929 6930/6930 6933/6933
f 6929/6929 6933/6933 6932/6932
f 6930/6930 6928/6928 6931/6931
f 6930/6930 6931/6931 6933/6933
f 6931/6931 6932/6932 6935/6935
f 6931/6931 6935/6935 6934/6934
f 6932/6932 6933/6933 6936/6936
f 6932/6932 6936/6936 6935/6935
f 6933/6933 6931/6931 6934/6934
f 6933/6933 6934/6934 6936/6936
f 6934/6934 6935/6935 6938/6938
f 6934/6934 6938/6938 6937/6937
f 6935/6935 6936/6936 6939/6939
f 6935/6935 6939/6939 6938/6938
f 6936/6936 6934/6934 6937/6937
f 6936/6936 6937/6937 6939/6939
f 6937/6937 6938/6938 6941/6941
f 6937/6937 6941/6941 6940/6940
f 6938/6938 6939/6939 6942/6942
f 6938/6938 6942/6942 6941/6941
f 6939/6939 6937/6937 6940/6940
f 6939/6939 6940/6940 6942/6942
f 6940/6940 6941/6941 6944/6944
f 6940/6940 6944/6944 6943/6943
f 6941/6941 6942/6942 6945/6945
f 6941/6941 6945/6945 6944/6944
f 6942/6942 6940/6940 6943/6943
f 6942/6942 6943/6943 6945/6945
f 6943/6943 6944/6944 6947/6947
f 6943/6943 6947/6947 6946/6946
f 6944/6944 6945/6945 6948/6948
f 6944/6944 6948/6948 6947/6947
f 6945/6945 6943/6943 6946/6946
f 6945/6945 6946/6946 6948/6948
f 6949/6949 6950/6950 6953/6953
f 6949/6949 6953/6953 6952/6952
f 6950/6950 6951/6951 6954/6954
f 6950/6950 6954/6954 6953/6953
f 6951/6951 6949/6949 6952/6952
f 6951/6951 6952/6952 6954/6954
f 6952/6952 6953/6953 6956/6956
f 6952/6952 6956/6956 6955/6955
f 6953/6953 6954/6954 6957/6957
f 6953/6953 6957/6957 6956/6956
f 6954/6954 6952/6952 6955/6955
f 6954/6954 6955/6955 6957/6957
f 6955/6955 6956/6956 6959/6959
f 6955/6955 6959/6959 6958/6958
f 6956/6956 6957/6957 6960/6960
f 6956/6956 6960/6960 6959/6959
f 6957/6957 6955/6955 6958/6958
f 6957/6957 6958/6958 6960/6960
f 6958/6958 6959/6959 6962/6962
f 6958/6958 6962/6962 6961/6961
f 6959/6959 6960/6960 6963/6963
f 6959/6959 6963/6963 6962/6962
f 6960/6960 6958/6958 6961/6961
f 6960/6960 6961/6961 6963/6963
f 6961/6961 6962/6962 6965/6965
f 6961/6961 6965/6965 6964/6964
f 6962/6962 6963/6963 6966/6966
f 6962/6962 6966/6966 6965/6965
f 6963/6963 6961/6961 6964/6964
f 6963/6963 6964/6964 6966/6966
f 6964/6964 6965/6965 6968/6968
f 6964/6964 6968/6968 6967/6967
f 6965/6965 6966/6966 6969/6969
f 6965/6965 6969/6969 6968/6968
f 6966/6966 6964/6964 6967/6967
f 6966/6966 6967/6967 6969/6969
f 6967/6967 6968/6968 6971/6971
f 6967/6967 6971/6971 6970/6970
f 6968/6968 6969/6969 6972/6972
f 6968/6968 6972/6972 6971/6971
f 6969/6969 6967/6967 6970/6970
f 6969/6969 6970/6970 6972/6972
f 6970/6970 6971/6971 6974/6974
f 6970/6970 6974/6974 6973/6973
f 6971/6971 6972/6972 6975/6975
f 6971/6971 6975/6975 6974/6974
f 6972/6972 6970/6970 6973/6973
f 6972/6972 6973/6973 6975/6975
f 6976/6976 6977/6977 6980/6980
f 6976/6976 6980/6980 6979/6979
f 6977/6977 6978/6978 6981/6981
f 6977/6977 6981/6981 6980/6980
f 6978/6978 6976/6976 6979/6979
f 6978/6978 6979/6979 6981/6981
f 6979/6979 6980/6980 6983/6983
f 6979/6979 6983/6983 6982/6982
f 6980/6980 6981/6981 6984/6984
f 6980/6980 6984/6984 6983/6983
f 6981/6981 6979/6979 6982/6982
f 6981/6981 6982/6982 6984/6984
f 6982/6982 6983/6983 6986/6986
f 6982/6982 6986/6986 6985/6985
f 6983/6983 6984/6984 6987/6987
f 6983/6983 6987/6987 6986/6986
f 6984/6984 6982/6982 6985/6985
f 6984/6984 6985/6985 6987/6987
f 6985/6985 6986/6986 6989/6989
f 6985/6985 6989/6989 6988/6988
f 6986/6986 6987/6987 6990/6990
f 6986/6986 6990/6990 6989/6989
f 6987/6987 6985/6985 6988/6988
f 6987/6987 6988/6988 6990/6990
f 6988/6988 6989/6989 6992/6992
f 6988/6988 6992/6992 6991/6991
f 6989/6989 6990/6990 6993/6993
f 6989/6989 6993/6993 6992/6992
f 6990/6990 6988/6988 6991/6991
f 6990/6990 6991/6991 6993/6993
f 6991/6991 6992/6992 6995/6995
f 6991/6991 6995/6995 6994/6994
f 6992/6992 6993/6993 6996/6996
f 6992/6992 6996/6996 6995/6995
f 6993/6993 6991/6991 6994/6994
f 6993/6993 6994/6994 6996/6996
f 6994/6994 6995/6995 6998/6998
f 6994/6994 6998/6998 6997/6997
f 6995/6995 6996/6996 6999/6999
f 6995/6995 6999/6999 6998/6998
f 6996/6996 6994/6994 6997/6997
f 6996/6996 6997/6997 6999/6999
f 6997/6997 6998/6998 7001/7001
f 6997/6997 7001/7001 7000/7000
f 6998/6998 6999/6999 7002/7002
f 6998/6998 7002/7002 7001/7001
f 6999/6999 6997/6997 7000/7000
f 6999/6999 7000/7000 7002/7002
f 7003/7003 7004/7004 7007/7007
f 7003/7003 7007/7007 7006/7006
f 7004/7004 7005/7005 7008/7008
f 7004/7004 7008/7008 7007/7007
f 7005/7005 7003/7003 7006/7006
f 7005/7005 7006/7006 7008/7008
f 7006/7006 7007/7007 7010/7010
f 7006/7006 7010/7010 7009/7009
f 7007/7007 7008/7008 7011/7011
f 7007/7007 7011/7011 7010/7010
f 7008/7008 7006/7006 7009/7009
f 7008/7008 7009/7009 7011/7011
f 7009/7009 7010/7010 7013/7013
f 7009/7009 7013/7013 7012/7012
f 7010/7010 7011/7011 7014/7014
f 7010/7010 7014/7014 7013/7013
f 7011/7011 7009/7009 7012/7012
f 7011/7011 7012/7012 7014/7014
f 7012/7012 7013/7013 7016/7016
f 7012/7012 7016/7016 7015/7015
f 7013/7013 7014/7014 7017/7017
f 7013/7013 7017/7017 7016/7016
f 7014/7014 7012/7012 7015/7015
f 7014/7014 7015/7015 7017/7017
f 7015/7015 7016/7016 7019/7019
f 7015/7015 7019/7019 7018/7018
f 7016/7016 7017/7017 7020/7020
f 7016/7016 7020/7020 7019/7019
f 7017/7017 7015/7015 7018/7018
f 7017/7017 7018/7018 7020/7020
f 7018/7018 7019/7019 7022/7022
f 7018/7018 7022/7022 7021/7021
f 7019/7019 7020/7020 7023/7023
f 7019/7019 7023/7023 7022/7022
f 7020/7020 7018/7018 7021/7021
f 7020/7020 7021/7021 7023/7023
f 7021/7021 7022/7022 7025/7025
f 7021/7021 7025/7025 7024/7024
f 7022/7022 7023/7023 7026/7026
f 7022/7022 7026/7026 7025/7025
f 7023/7023 7021/7021 7024/7024
f 7023/7023 7024/7024 7026/7026
f 7024/7024 7025/7025 7028/7028
f 7024/7024 7028/7028 7027/7027
f 7025/7025 7026/7026 7029/7029
f 7025/7025 7029/7029 7028/7028
f 7026/7026 7024/7024 7027/7027
f 7026/7026 7027/7027 7029/7029
f 7030/7030 7031/7031 7034/7034
f 7030/7030 7034/7034 7033/7033
f 7031/7031 7032/7032 7035/7035
f 7031/7031 7035/7035 7034/7034
f 7032/7032 7030/7030 7033/7033
f 7032/7032 7033/7033 7035/7035
f 7033/7033 7034/7034 7037/7037
f 7033/7033 7037/7037 7036/7036
f 7034/7034 7035/7035 7038/7038
f 7034/7034 7038/7038 7037/7037
f 7035/7035 7033/7033 7036/7036
f 7035/7035 7036/7036 7038/7038
f 7036/7036 7037/7037 7040/7040
f 7036/7036 7040/7040 7039/7039
f 7037/7037 7038/7038 7041/7041
f 7037/7037 7041/7041 7040/7040
f 7038/7038 7036/7036 7039/7039
f 7038/7038 7039/7039 7041/7041
f 7039/7039 7040/7040 7043/7043
f 7039/7039 7043/7043 7042/7042
f 7040/7040 7041/7041 7044/7044
f 7040/7040 7044/7044 7043/7043
f 7041/7041 7039/7039 7042/7042
f 7041/7041 7042/7042 7044/7044
f 7042/7042 7043/7043 7046/7046
f 7042/7042 7046/7046 7045/7045
f 7043/7043 7044/7044 7047/7047
f 7043/7043 7047/7047 7046/7046
f 7044/7044 7042/7042 7045/7045
f 7044/7044 7045/7045 7047/7047
f 7045/7045 7046/7046 7049/7049
f 7045/7045 7049/7049 7048/7048
f 7046/7046 7047/7047 7050/7050
f 7046/7046 7050/7050 7049/7049
f 7047/7047 7045/7045 7048/7048
f 7047/7047 7048/7048 7050/7050
f 7048/7048 7049/7049 7052/7052
f 7048/7048 7052/7052 7051/7051
f 7049/7049 7050/7050 7053/7053
f 7049/7049 7053/7053 7052/7052
f 7050/7050 7048/7048 7051/7051
f 7050/7050 7051/7051 7053/7053
f 7051/7051 7052/7052 7055/7055
f 7051/7051 7055/7055 7054/7054
f 7052/7052 7053/7053 7056/7056
f 7052/7052 7056/7056 7055/7055
f 7053/7053 7051/7051 7054/7054
f 7053/7053 7054/7054 7056/7056
f 7057/7057 7058/7058 7061/7061
f 7057/7057 7061/7061 7060/7060
f 7058/7058 7059/7059 7062/7062
f 7058/7058 7062/7062 7061/7061
f 7059/7059 7057/7057 7060/7060
f 7059/7059 7060/7060 7062/7062
f 7060/7060 7061/7061 7064/7064
f 7060/7060 7064/7064 7063/7063
f 7061/7061 7062/7062 7065/7065
f 7061/7061 7065/7065 7064/7064
f 7062/7062 7060/7060 7063/7063
f 7062/7062 7063/7063 7065/7065
f 7063/7063 7064/7064 7067/7067
f 7063/7063 7067/7067 7066/7066
f 7064/7064 7065/7065 7068/7068
f 7064/7064 7068/7068 7067/7067
f 7065/7065 7063/7063 7066/7066
f 7065/7065 7066/7066 7068/7068
f 7066/7066 7067/7067 7070/7070
f 7066/7066 7070/7070 7069/7069
f 7067/7067 7068/7068 7071/7071
f 7067/7067 7071/7071 7070/7070
f 7068/7068 7066/7066 7069/7069
f 7068/7068 7069/7069 7071/7071
f 7069/7069 7070/7070 7073/7073
f 7069/7069 7073/7073 7072/7072
f 7070/7070 7071/7071 7074/7074
f 7070/7070 7074/7074 7073/7073
f 7071/7071 7069/7069 7072/7072
f 7071/7071 7072/7072 7074/7074
f 7072/7072 7073/7073 7076/7076
f 7072/7072 7076/7076 7075/7075
f 7073/7073 7074/7074 7077/7077
f 7073/7073 7077/7077 7076/7076
f 7074/7074 7072/7072 7075/7075
f 7074/7074 7075/7075 7077/7077
f 7075/7075 7076/7076 7079/7079
f 7075/7075 7079/7079 7078/7078
f 7076/7076 7077/7077 7080/7080
f 7076/7076 7080/7080 7079/7079
f 7077/7077 7075/7075 7078/7078
f 7077/7077 7078/7078 7080/7080
f 7078/7078 7079/7079 7082/7082
f 7078/7078 7082/7082 7081/7081
f 7079/7079 7080/7080 7083/7083
f 7079/7079 7083/7083 7082/7082
f 7080/7080 7078/7078 7081/7081
f 7080/7080 7081/7081 7083/7083
f 7084/7084 7085/7085 7088/7088
f 7084/7084 7088/7088 7087/7087
f 7085/7085 7086/7086 7089/7089
f 7085/7085 7089/7089 7088/7088
f 7086/7086 7084/7084 7087/7087
f 7086/7086 7087/7087 7089/7089
f 7087/7087 7088/7088 7091/7091
f 7087/7087 7091/7091 7090/7090
f 7088/7088 7089/7089 7092/7092
f 7088/7088 7092/7092 7091/7091
f 7089/7089 7087/7087 7090/7090
f 7089/7089 7090/7090 7092/7092
f 7090/7090 7091/7091 7094/7094
f 7090/7090 7094/7094 7093/7093
f 7091/7091 7092/7092 7095/7095
f 7091/7091 7095/7095 7094/7094
f 7092/7092 7090/7090 7093/7093
f 7092/7092 7093/7093 7095/7095
f 7093/7093 7094/7094 7097/7097
f 7093/7093 7097/7097 7096/7096
f 7094/7094 7095/7095 7098/7098
f 7094/7094 7098/7098 7097/7097
f 7095/7095 7093/7093 7096/7096
f 7095/7095 7096/7096 7098/7098
f 7096/7096 7097/7097 7100/7100
f 7096/7096 7100/7100 7099/7099
f 7097/7097 7098/7098 7101/7101
f 7097/7097 7101/7101 7100/7100
f 7098/7098 7096/7096 7099/7099
f 7098/7098 7099/7099 7101/7101
f 7099/7099 7100/7100 7103/7103
f 7099/7099 7103/7103 7102/7102
f 7100/7100 7101/7101 7104/7104
f 7100/7100 7104/7104 7103/7103
f 7101/7101 7099/7099 7102/7102
f 7101/7101 7102/7102 7104/7104
f 7102/7102 7103/7103 7106/7106
f 7102/7102 7106/7106 7105/7105
f 7103/7103 7104/7104 7107/7107
f 7103/7103 7107/7107 7106/7106
f 7104/7104 7102/7102 7105/7105
f 7104/7104 7105/7105 7107/7107
f 7105/7105 7106/7106 7109/7109
f 7105/7105 7109/7109 7108/7108
f 7106/7106 7107/7107 7110/7110
f 7106/7106 7110/7110 7109/7109
f 7107/7107 7105/7105 7108/7108
f 7107/7107 7108/7108 7110/7110
f 7111/7111 7112/7112 7115/7115
f 7111/7111 7115/7115 7114/7114
f 7112/7112 7113/7113 7116/7116
f 7112/7112 7116/7116 7115/7115
f 7113/7113 7111/7111 7114/7114
f 7113/7113 7114/7114 7116/7116
f 7114/7114 7115/7115 7118/7118
f 7114/7114 7118/7118 7117/7117
f 7115/7115 7116/7116 7119/7119
f 7115/7115 7119/7119 7118/7118
f 7116/7116 7114/7114 7117/7117
f 7116/7116 7117/7117 7119/7119
f 7117/7117 7118/7118 7121/7121
f 7117/7117 7121/7121 7120/7120
f 7118/7118 7119/7119 7122/7122
f 7118/7118 7122/7122 7121/7121
f 7119/7119 7117/7117 7120/7120
f 7119/7119 7120/7120 7122/7122
f 7120/7120 7121/7121 7124/7124
f 7120/7120 7124/7124 7123/7123
f 7121/7121 7122/7122 7125/7125
f 7121/7121 7125/7125 7124/7124
f 7122/7122 7120/7120 7123/7123
f 7122/7122 7123/7123 7125/7125
f 7123/7123 7124/7124 7127/7127
f 7123/7123 7127/7127 7126/7126
f 7124/7124 7125/7125 7128/7128
f 7124/7124 7128/7128 7127/7127
f 7125/7125 7123/7123 7126/7126
f 7125/7125 7126/7126 7128/7128
f 7126/7126 7127/7127 7130/7130
f 7126/7126 7130/7130 7129/7129
f 7127/7127 7128/7128 7131/7131
f 7127/7127 7131/7131 7130/7130
f 7128/7128 7126/7126 7129/7129
f 7128/7128 7129/7129 7131/7131
f 7129/7129 7130/7130 7133/7133
f 7129/7129 7133/7133 7132/7132
f 7130/7130 7131/7131 7134/7134
f 7130/7130 7134/7134 7133/7133
f 7131/7131 7129/7129 7132/7132
f 7131/7131 7132/7132 7134/7134
f 7132/7132 7133/7133 7136/7136
f 7132/7132 7136/7136 7135/7135
f 7133/7133 7134/7134 7137/7137
f 7133/7133 7137/7137 7136/7136
f 7134/7134 7132/7132 7135/7135
f 7134/7134 7135/7135 7137/7137
f 7138/7138 7139/7139 7142/7142
f 7138/7138 7142/7142 7141/7141
f 7139/7139 7140/7140 7143/7143
f 7139/7139 7143/7143 7142/7142
f 7140/7140 7138/7138 7141/7141
f 7140/7140 7141/7141 7143/7143
f 7141/7141 7142/7142 7145/7145
f 7141/7141 7145/7145 7144/7144
f 7142/7142 7143/7143 7146/7146
f 7142/7142 7146/7146 7145/7145
f 7143/7143 7141/7141 7144/7144
f 7143/7143 7144/7144 7146/7146
f 7144/7144 7145/7145 7148/7148
f 7144/7144 7148/7148 7147/7147
f 7145/7145 7146/7146 7149/7149
f 7145/7145 7149/7149 7148/7148
f 7146/7146 7144/7144 7147/7147
f 7146/7146 7147/7147 7149/7149
f 7147/7147 7148/7148 7151/7151
f 7147/7147 7151/7151 7150/7150
f 7148/7148 7149/7149 7152/7152
f 7148/7148 7152/7152 7151/7151
f 7149/7149 7147/7147 7150/7150
f 7149/7149 7150/7150 7152/7152
f 7150/7150 7151/7151 7154/7154
f 7150/7150 7154/7154 7153/7153
f 7151/7151 7152/7152 7155/7155
f 7151/7151 7155/7155 7154/7154
f 7152/7152 7150/7150 7153/7153
f 7152/7152 7153/7153 7155/7155
f 7153/7153 7154/7154 7157/7157
f 7153/7153 7157/7157 7156/7156
f 7154/7154 7155/7155 7158/7158
f 7154/7154 7158/7158 7157/7157
f 7155/7155 7153/7153 7156/7156
f 7155/7155 7156/7156 7158/7158
f 7156/7156 7157/7157 7160/7160
f 7156/7156 7160/7160 7159/7159
f 7157/7157 7158/7158 7161/7161
f 7157/7157 7161/7161 7160/7160
f 7158/7158 7156/7156 7159/7159
f 7158/7158 7159/7159 7161/7161
f 7159/7159 7160/7160 7163/7163
f 7159/7159 7163/7163 7162/7162
f 7160/7160 7161/7161 7164/7164
f 7160/7160 7164/7164 7163/7163
f 7161/7161 7159/7159 7162/7162
f 7161/7161 7162/7162 7164/7164
f 7165/7165 7166/7166 7169/7169
f 7165/7165 7169/7169 7168/7168
f 7166/7166 7167/7167 7170/7170
f 7166/7166 7170/7170 7169/7169
f 7167/7167 7165/7165 7168/7168
f 7167/7167 7168/7168 7170/7170
f 7168/7168 7169/7169 7172/7172
f 7168/7168 7172/7172 7171/7171
f 7169/7169 7170/7170 7173/7173
f 7169/7169 7173/7173 7172/7172
f 7170/7170 7168/7168 7171/7171
f 7170/7170 7171/7171 7173/7173
f 7171/7171 7172/7172 7175/7175
f 7171/7171 7175/7175 7174/7174
f 7172/7172 7173/7173 7176/7176
f 7172/7172 7176/7176 7175/7175
f 7173/7173 7171/7171 7174/7174
f 7173/7173 7174/7174 7176/7176
f 7174/7174 7175/7175 7178/7178
f 7174/7174 7178/7178 7177/7177
f 7175/7175 7176/7176 7179/7179
f 7175/7175 7179/7179 7178/7178
f 7176/7176 7174/7174 7177/7177
f 7176/7176 7177/7177 7179/7179
f 7177/7177 7178/7178 7181/7181
f 7177/7177 7181/7181 7180/7180
f 7178/7178 7179/7179 7182/7182
f 7178/7178 7182/7182 7181/7181
f 7179/7179 7177/7177 7180/7180
f 7179/7179 7180/7180 7182/7182
f 7180/7180 7181/7181 7184/7184
f 7180/7180 7184/7184 7183/7183
f 7181/7181 7182/7182 7185/7185
f 7181/7181 7185/7185 7184/7184
f 7182/7182 7180/7180 7183/7183
f 7182/7182 7183/7183 7185/7185
f 7183/7183 7184/7184 7187/7187
f 7183/7183 7187/7187 7186/7186
f 7184/7184 7185/7185 7188/7188
f 7184/7184 7188/7188 7187/7187
f 7185/7185 7183/7183 7186/7186
f 7185/7185 7186/7186 7188/7188
f 7186/7186 7187/7187 7190/7190
f 7186/7186 7190/7190 7189/7189
f 7187/7187 7188/7188 7191/7191
f 7187/7187 7191/7191 7190/7190
f 7188/7188 7186/7186 7189/7189
f 7188/7188 7189/7189 7191/7191
f 7192/7192 7193/7193 7196/7196
f 7192/7192 7196/7196 7195/7195
f 7193/7193 7194/7194 7197/7197
f 7193/7193 7197/7197 7196/7196
f 7194/7194 7192/7192 7195/7195
f 7194/7194 7195/7195 7197/7197
f 7195/7195 7196/7196 7199/7199
f 7195/7195 7199/7199 7198/7198
f 7196/7196 7197/7197 7200/7200
f 7196/7196 7200/7200 7199/7199
f 7197/7197 7195/7195 7198/7198
f 7197/7197 7198/7198 7200/7200
f 7198/7198 7199/7199 7202/7202
f 7198/7198 7202/7202 7201/7201
f 7199/7199 7200/7200 7203/7203
f 7199/7199 7203/7203 7202/7202
f 7200/7200 7198/7198 7201/7201
f 7200/7200 7201/7201 7203/7203
f 7201/7201 7202/7202 7205/7205
f 7201/7201 7205/7205 7204/7204
f 7202/7202 7203/7203 7206/7206
f 7202/7202 7206/7206 7205/7205
f 7203/7203 7201/7201 7204/7204
f 7203/7203 7204/7204 7206/7206
f 7204/7204 7205/7205 7208/7208
f 7204/7204 7208/7208 7207/7207
f 7205/7205 7206/7206 7209/7209
f 7205/7205 7209/7209 7208/7208
f 7206/7206 7204/7204 7207/7207
f 7206/7206 7207/7207 7209/7209
f 7207/7207 7208/7208 7211/7211
f 7207/7207 7211/7211 7210/7210
f 7208/7208 7209/7209 7212/7212
f 7208/7208 7212/7212 7211/7211
f 7209/7209 7207/7207 7210/7210
f 7209/7209 7210/7210 7212/7212
f 7210/7210 7211/7211 7214/7214
f 7210/7210 7214/7214 7213/7213
f 7211/7211 7212/7212 7215/7215
f 7211/7211 7215/7215 7214/7214
f 7212/7212 7210/7210 7213/7213
f 7212/7212 7213/7213 7215/7215
f 7213/7213 7214/7214 7217/7217
f 7213/7213 7217/7217 7216/7216
f 7214/7214 7215/7215 7218/7218
f 7214/7214 7218/7218 7217/7217
f 7215/7215 7213/7213 7216/7216
f 7215/7215 7216/7216 7218/7218
f 7219/7219 7220/7220 7223/7223
f 7219/7219 7223/7223 7222/7222
f 7220/7220 7221/7221 7224/7224
f 7220/7220 7224/7224 7223/7223
f 7221/7221 7219/7219 7222/7222
f 7221/7221 7222/7222 7224/7224
f 7222/7222 7223/7223 7226/7226
f 7222/7222 7226/7226 7225/7225
f 7223/7223 7224/7224 7227/7227
f 7223/7223 7227/7227 7226/7226
f 7224/7224 7222/7222 7225/7225
f 7224/7224 7225/7225 7227/7227
f 7225/7225 7226/7226 7229/7229
f 7225/7225 7229/7229 7228/7228
f 7226/7226 7227/7227 7230/7230
f 7226/7226 7230/7230 7229/7229
f 7227/7227 7225/7225 7228/7228
f 7227/7227 7228/7228 7230/7230
f 7228/7228 7229/7229 7232/7232
f 7228/7228 7232/7232 7231/7231
f 7229/7229 7230/7230 7233/7233
f 7229/7229 7233/7233 7232/7232
f 7230/7230 7228/7228 7231/7231
f 7230/7230 7231/7231 7233/7233
f 7231/7231 7232/7232 7235/7235
f 7231/7231 7235/7235 7234/7234
f 7232/7232 7233/7233 7236/7236
f 7232/7232 7236/7236 7235/7235
f 7233/7233 7231/7231 7234/7234
f 7233/7233 7234/7234 7236/7236
f 7234/7234 7235/7235 7238/7238
f 7234/7234 7238/7238 7237/7237
f 7235/7235 7236/7236 7239/7239
f 7235/7235 7239/7239 7238/7238
f 7236/7236 7234/7234 7237/7237
f 7236/7236 7237/7237 7239/7239
f 7237/7237 7238/7238 7241/7241
f 7237/7237 7241/7241 7240/7240
f 7238/7238 7239/7239 7242/7242
f 7238/7238 7242/7242 7241/7241
f 7239/7239 7237/7237 7240/7240
f 7239/7239 7240/7240 7242/7242
f 7240/7240 7241/7241 7244/7244
f 7240/7240 7244/7244 7243/7243
f 7241/7241 7242/7242 7245/7245
f 7241/7241 7245/7245 7244/7244
f 7242/7242 7240/7240 7243/7243
f 7242/7242 7243/7243 7245/7245
f 7246/7246 7247/7247 7250/7250
f 7246/7246 7250/7250 7249/7249
f 7247/7247 7248/7248 7251/7251
f 7247/7247 7251/7251 7250/7250
f 7248/7248 7246/7246 7249/7249
f 7248/7248 7249/7249 7251/7251
f 7249/7249 7250/7250 7253/7253
f 7249/7249 7253/7253 7252/7252
f 7250/7250 7251/7251 7254/7254
f 7250/7250 7254/7254 7253/7253
f 7251/7251 7249/7249 7252/7252
f 7251/7251 7252/7252 7254/7254
f 7252/7252 7253/7253 7256/7256
f 7252/7252 7256/7256 7255/7255
f 7253/7253 7254/7254 7257/7257
f 7253/7253 7257/7257 7256/7256
f 7254/7254 7252/7252 7255/7255
f 7254/7254 7255/7255 7257/7257
f 7255/7255 7256/7256 7259/7259
f 7255/7255 7259/7259 7258/7258
f 7256/7256 7257/7257 7260/7260
f 7256/7256 7260/7260 7259/7259
f 7257/7257 7255/7255 7258/7258
f 7257/7257 7258/7258 7260/7260
f 7258/7258 7259/7259 7262/7262
f 7258/7258 7262/7262 7261/7261
f 7259/7259 7260/7260 7263/7263
f 7259/7259 7263/7263 7262/7262
f 7260/7260 7258/7258 7261/7261
f 7260/7260 7261/7261 7263/7263
f 7261/7261 7262/7262 7265/7265
f 7261/7261 7265/7265 7264/7264
f 7262/7262 7263/7263 7266/7266
f 7262/7262 7266/7266 7265/7265
f 7263/7263 7261/7261 7264/7264
f 7263/7263 7264/7264 7266/7266
f 7264/7264 7265/7265 7268/7268
f 7264/7264 7268/7268 7267/7267
f 7265/7265 7266/7266 7269/7269
f 7265/7265 7269/7269 7268/7268
f 7266/7266 7264/7264 7267/7267
f 7266/7266 7267/7267 7269/7269
f 7267/7267 7268/7268 7271/7271
f 7267/7267 7271/7271 7270/7270
f 7268/7268 7269/7269 7272/7272
f 7268/7268 7272/7272 7271/7271
f 7269/7269 7267/7267 7270/7270
f 7269/7269 7270/7270 7272/7272
f 7273/7273 7274/7274 7277/7277
f 7273/7273 7277/7277 7276/7276
f 7274/7274 7275/7275 7278/7278
f 7274/7274 7278/7278 7277/7277
f 7275/7275 7273/7273 7276/7276
f 7275/7275 7276/7276 7278/7278
f 7276/7276 7277/7277 7280/7280
f 7276/7276 7280/7280 7279/7279
f 7277/7277 7278/7278 7281/7281
f 7277/7277 7281/7281 7280/7280
f 7278/7278 7276/7276 7279/7279
f 7278/7278 7279/7279 7281/7281
f 7279/7279 7280/7280 7283/7283
f 7279/7279 7283/7283 7282/7282
f 7280/7280 7281/7281 7284/7284
f 7280/7280 7284/7284 7283/7283
f 7281/7281 7279/7279 7282/7282
f 7281/7281 7282/7282 7284/7284
f 7282/7282 7283/7283 7286/7286
f 7282/7282 7286/7286 7285/7285
f 7283/7283 7284/7284 7287/7287
f 7283/7283 7287/7287 7286/7286
f 7284/7284 7282/7282 7285/7285
f 7284/7284 7285/7285 7287/7287
f 7285/7285 7286/7286 7289/7289
f 7285/7285 7289/7289 7288/7288
f 7286/7286 7287/7287 7290/7290
f 7286/7286 7290/7290 7289/7289
f 7287/7287 7285/7285 7288/7288
f 7287/7287 7288/7288 7290/7290
f 7288/7288 7289/7289 7292/7292
f 7288/7288 7292/7292 7291/7291
f 7289/7289 7290/7290 7293/7293
f 7289/7289 7293/7293 7292/7292
f 7290/7290 7288/7288 7291/7291
f 7290/7290 7291/7291 7293/7293
f 7291/7291 7292/7292 7295/7295
f 7291/7291 7295/7295 7294/7294
f 7292/7292 7293/7293 7296/7296
f 7292/7292 7296/7296 7295/7295
f 7293/7293 7291/7291 7294/7294
f 7293/7293 7294/7294 7296/7296
f 7294/7294 7295/7295 7298/7298
f 7294/7294 7298/7298 7297/7297
f 7295/7295 7296/7296 7299/7299
f 7295/7295 7299/7299 7298/7298
f 7296/7296 7294/7294 7297/7297
f 7296/7296 7297/7297 7299/7299
f 7300/7300 7301/7301 7304/7304
f 7300/7300 7304/7304 7303/7303
f 7301/7301 7302/7302 7305/7305
f 7301/7301 7305/7305 7304/7304
f 7302/7302 7300/7300 7303/7303
f 7302/7302 7303/7303 7305/7305
f 7303/7303 7304/7304 7307/7307
f 7303/7303 7307/7307 7306/7306
f 7304/7304 7305/7305 7308/7308
f 7304/7304 7308/7308 7307/7307
f 7305/7305 7303/7303 7306/7306
f 7305/7305 7306/7306 7308/7308
f 7306/7306 7307/7307 7310/7310
f 7306/7306 7310/7310 7309/7309
f 7307/7307 7308/7308 7311/7311
f 7307/7307 7311/7311 7310/7310
f 7308/7308 7306/7306 7309/7309
f 7308/7308 7309/7309 7311/7311
f 7309/7309 7310/7310 7313/7313
f 7309/7309 7313/7313 7312/7312
f 7310/7310 7311/7311 7314/7314
f 7310/7310 7314/7314 7313/7313
f 7311/7311 7309/7309 7312/7312
f 7311/7311 7312/7312 7314/7314
f 7312/7312 7313/7313 7316/7316
f 7312/7312 7316/7316 7315/7315
f 7313/7313 7314/7314 7317/7317
f 7313/7313 7317/7317 7316/7316
f 7314/7314 7312/7312 7315/7315
f 7314/7314 7315/7315 7317/7317
f 7315/7315 7316/7316 7319/7319
f 7315/7315 7319/7319 7318/7318
f 7316/7316 7317/7317 7320/7320
f 7316/7316 7320/7320 7319/7319
f 7317/7317 7315/7315 7318/7318
f 7317/7317 7318/7318 7320/7320
f 7318/7318 7319/7319 7322/7322
f 7318/7318 7322/7322 7321/7321
f 7319/7319 7320/7320 7323/7323
f 7319/7319 7323/7323 7322/7322
f 7320/7320 7318/7318 7321/7321
f 7320/7320 7321/7321 7323/7323
f 7321/7321 7322/7322 7325/7325
f 7321/7321 7325/7325 7324/7324
f 7322/7322 7323/7323 7326/7326
f 7322/7322 7326/7326 7325/7325
f 7323/7323 7321/7321 7324/7324
f 7323/7323 7324/7324 7326/7326
f 7327/7327 7328/7328 7331/7331
f 7327/7327 7331/7331 7330/7330
f 7328/7328 7329/7329 7332/7332
f 7328/7328 7332/7332 7331/7331
f 7329/7329 7327/7327 7330/7330
f 7329/7329 7330/7330 7332/7332
f 7330/7330 7331/7331 7334/7334
f 7330/7330 7334/7334 7333/7333
f 7331/7331 7332/7332 7335/7335
f 7331/7331 7335/7335 7334/7334
f 7332/7332 7330/7330 7333/7333
f 7332/7332 7333/7333 7335/7335
f 7333/7333 7334/7334 7337/7337
f 7333/7333 7337/7337 7336/7336
f 7334/7334 7335/7335 7338/7338
f 7334/7334 7338/7338 7337/7337
f 7335/7335 7333/7333 7336/7336
f 7335/7335 7336/7336 7338/7338
f 7336/7336 7337/7337 7340/7340
f 7336/7336 7340/7340 7339/7339
f 7337/7337 7338/7338 7341/7341
f 7337/7337 7341/7341 7340/7340
f 7338/7338 7336/7336 7339/7339
f 7338/7338 7339/7339 7341/7341
f 7339/7339 7340/7340 7343/7343
f 7339/7339 7343/7343 7342/7342
f 7340/7340 7341/7341 7344/7344
f 7340/7340 7344/7344 7343/7343
f 7341/7341 7339/7339 7342/7342
f 7341/7341 7342/7342 7344/7344
f 7342/7342 7343/7343 7346/7346
f 7342/7342 7346/7346 7345/7345
f 7343/7343 7344/7344 7347/7347
f 7343/7343 7347/7347 7346/7346
f 7344/7344 7342/7342 7345/7345
f 7344/7344 7345/7345 7347/7347
f 7345/7345 7346/7346 7349/7349
f 7345/7345 7349/7349 7348/7348
f 7346/7346 7347/7347 7350/7350
f 7346/7346 7350/7350 7349/7349
f 7347/7347 7345/7345 7348/7348
f 7347/7347 7348/7348 7350/7350
f 7348/7348 7349/7349 7352/7352
f 7348/7348 7352/7352 7351/7351
f 7349/7349 7350/7350 7353/7353
f 7349/7349 7353/7353 7352/7352
f 7350/7350 7348/7348 7351/7351
f 7350/7350 7351/7351 7353/7353
f 7354/7354 7355/7355 7358/7358
f 7354/7354 7358/7358 7357/7357
f 7355/7355 7356/7356 7359/7359
f 7355/7355 7359/7359 7358/7358
f 7356/7356 7354/7354 7357/7357
f 7356/7356 7357/7357 7359/7359
f 7357/7357 7358/7358 7361/7361
f 7357/7357 7361/7361 7360/7360
f 7358/7358 7359/7359 7362/7362
f 7358/7358 7362/7362 7361/7361
f 7359/7359 7357/7357 7360/7360
f 7359/7359 7360/7360 7362/7362
f 7360/7360 7361/7361 7364/7364
f 7360/7360 7364/7364 7363/7363
f 7361/7361 7362/7362 7365/7365
f 7361/7361 7365/7365 7364/7364
f 7362/7362 7360/7360 7363/7363
f 7362/7362 7363/7363 7365/7365
f 7363/7363 7364/7364 7367/7367
f 7363/7363 7367/7367 7366/7366
f 7364/7364 7365/7365 7368/7368
f 7364/7364 7368/7368 7367/7367
f 7365/7365 7363/7363 7366/7366
f 7365/7365 7366/7366 7368/7368
f 7366/7366 7367/7367 7370/7370
f 7366/7366 7370/7370 7369/7369
f 7367/7367 7368/7368 7371/7371
f 7367/7367 7371/7371 7370/7370
f 7368/7368 7366/7366 7369/7369
f 7368/7368 7369/7369 7371/7371
f 7369/7369 7370/7370 7373/7373
f 7369/7369 7373/7373 7372/7372
f 7370/7370 7371/7371 7374/7374
f 7370/7370 7374/7374 7373/7373
f 7371/7371 7369/7369 7372/7372
f 7371/7371 7372/7372 7374/7374
f 7372/7372 7373/7373 7376/7376
f 7372/7372 7376/7376 7375/7375
f 7373/7373 7374/7374 7377/7377
f 7373/7373 7377/7377 7376/7376
f 7374/7374 7372/7372 7375/7375
f 7374/7374 7375/7375 7377/7377
f 7375/7375 7376/7376 7379/7379
f 7375/7375 7379/7379 7378/7378
f 7376/7376 7377/7377 7380/7380
f 7376/7376 7380/7380 7379/7379
f 7377/7377 7375/7375 7378/7378
f 7377/7377 7378/7378 7380/7380
f 7381/7381 7382/7382 7385/7385
f 7381/7381 7385/7385 7384/7384
f 7382/7382 7383/7383 7386/7386
f 7382/7382 7386/7386 7385/7385
f 7383/7383 7381/7381 7384/7384
f 7383/7383 7384/7384 7386/7386
f 7384/7384 7385/7385 7388/7388
f 7384/7384 7388/7388 7387/7387
f 7385/7385 7386/7386 7389/7389
f 7385/7385 7389/7389 7388/7388
f 7386/7386 7384/7384 7387/7387
f 7386/7386 7387/7387 7389/7389
f 7387/7387 7388/7388 7391/7391
f 7387/7387 7391/7391 7390/7390
f 7388/7388 7389/7389 7392/7392
f 7388/7388 7392/7392 7391/7391
f 7389/7389 7387/7387 7390/7390
f 7389/7389 7390/7390 7392/7392
f 7390/7390 7391/7391 7394/7394
f 7390/7390 7394/7394 7393/7393
f 7391/7391 7392/7392 7395/7395
f 7391/7391 7395/7395 7394/7394
f 7392/7392 7390/7390 7393/7393
f 7392/7392 7393/7393 7395/7395
f 7393/7393 7394/7394 7397/7397
f 7393/7393 7397/7397 7396/7396
f 7394/7394 7395/7395 7398/7398
f 7394/7394 7398/7398 7397/7397
f 7395/7395 7393/7393 7396/7396
f 7395/7395 7396/7396 7398/7398
f 7396/7396 7397/7397 7400/7400
f 7396/7396 7400/7400 7399/7399
f 7397/7397 7398/7398 7401/7401
f 7397/7397 7401/7401 7400/7400
f 7398/7398 7396/7396 7399/7399
f 7398/7398 7399/7399 7401/7401
f 7399/7399 7400/7400 7403/7403
f 7399/7399 7403/7403 7402/7402
f 7400/7400 7401/7401 7404/7404
f 7400/7400 7404/7404 7403/7403
f 7401/7401 7399/7399 7402/7402
f 7401/7401 7402/7402 7404/7404
f 7402/7402 7403/7403 7406/7406
f 7402/7402 7406/7406 7405/7405
f 7403/7403 7404/7404 7407/7407
f 7403/7403 7407/7407 7406/7406
f 7404/7404 7402/7402 7405/7405
f 7404/7404 7405/7405 7407/7407
f 7408/7408 7409/7409 7412/7412
f 7408/7408 7412/7412 7411/7411
f 7409/7409 7410/7410 7413/7413
f 7409/7409 7413/7413 7412/7412
f 7410/7410 7408/7408 7411/7411
f 7410/7410 7411/7411 7413/7413
f 7411/7411 7412/7412 7415/7415
f 7411/7411 7415/7415 7414/7414
f 7412/7412 7413/7413 7416/7416
f 7412/7412 7416/7416 7415/7415
f 7413/7413 7411/7411 7414/7414
f 7413/7413 7414/7414 7416/7416
f 7414/7414 7415/7415 7418/7418
f 7414/7414 7418/7418 7417/7417
f 7415/7415 7416/7416 7419/7419
f 7415/7415 7419/7419 7418/7418
f 7416/7416 7414/7414 7417/7417
f 7416/7416 7417/7417 7419/7419
f 7417/7417 7418/7418 7421/7421
f 7417/7417 7421/7421 7420/7420
f 7418/7418 7419/7419 7422/7422
f 7418/7418 7422/7422 7421/7421
f 7419/7419 7417/7417 7420/7420
f 7419/7419 7420/7420 7422/7422
f 7420/7420 7421/7421 7424/7424
f 7420/7420 7424/7424 7423/7423
f 7421/7421 7422/7422 7425/7425
f 7421/7421 7425/7425 7424/7424
f 7422/7422 7420/7420 7423/7423
f 7422/7422 7423/7423 7425/7425
f 7423/7423 7424/7424 7427/7427
f 7423/7423 7427/7427 7426/7426
f 7424/7424 7425/7425 7428/7428
f 7424/7424 7428/7428 7427/7427
f 7425/7425 7423/7423 7426/7426
f 7425/7425 7426/7426 7428/7428
f 7426/7426 7427/7427 7430/7430
f 7426/7426 7430/7430 7429/7429
f 7427/7427 7428/7428 7431/7431
f 7427/7427 7431/7431 7430/7430
f 7428/7428 7426/7426 7429/7429
f 7428/7428 7429/7429 7431/7431
f 7429/7429 7430/7430 7433/7433
f 7429/7429 7433/7433 7432/7432
f 7430/7430 7431/7431 7434/7434
f 7430/7430 7434/7434 7433/7433
f 7431/7431 7429/7429 7432/7432
f 7431/7431 7432/7432 7434/7434
f 7435/7435 7436/7436 7439/7439
f 7435/7435 7439/7439 7438/7438
f 7436/7436 7437/7437 7440/7440
f 7436/7436 7440/7440 7439/7439
f 7437/7437 7435/7435 7438/7438
f 7437/7437 7438/7438 7440/7440
f 7438/7438 7439/7439 7442/7442
f 7438/7438 7442/7442 7441/7441
f 7439/7439 7440/7440 7443/7443
f 7439/7439 7443/7443 7442/7442
f 7440/7440 7438/7438 7441/7441
f 7440/7440 7441/7441 7443/7443
f 7441/7441 7442/7442 7445/7445
f 7441/7441 7445/7445 7444/7444
f 7442/7442 7443/7443 7446/7446
f 7442/7442 7446/7446 7445/7445
f 7443/7443 7441/7441 7444/7444
f 7443/7443 7444/7444 7446/7446
f 7444/7444 7445/7445 7448/7448
f 7444/7444 7448/7448 7447/7447
f 7445/7445 7446/7446 7449/7449
f 7445/7445 7449/7449 7448/7448
f 7446/7446 7444/7444 7447/7447
f 7446/7446 7447/7447 7449/7449
f 7447/7447 7448/7448 7451/7451
f 7447/7447 7451/7451 7450/7450
f 7448/7448 7449/7449 7452/7452
f 7448/7448 7452/7452 7451/7451
f 7449/7449 7447/7447 7450/7450
f 7449/7449 7450/7450 7452/7452
f 7450/7450 7451/7451 7454/7454
f 7450/7450 7454/7454 7453/7453
f 7451/7451 7452/7452 7455/7455
f 7451/7451 7455/7455 7454/7454
f 7452/7452 7450/7450 7453/7453
f 7452/7452 7453/7453 7455/7455
f 7453/7453 7454/7454 7457/7457
f 7453/7453 7457/7457 7456/7456
f 7454/7454 7455/7455 7458/7458
f 7454/7454 7458/7458 7457/7457
f 7455/7455 7453/7453 7456/7456
f 7455/7455 7456/7456 7458/7458
f 7456/7456 7457/7457 7460/7460
f 7456/7456 7460/7460 7459/7459
f 7457/7457 7458/7458 7461/7461
f 7457/7457 7461/7461 7460/7460
f 7458/7458 7456/7456 7459/7459
f 7458/7458 7459/7459 7461/7461
f 7462/7462 7463/7463 7466/7466
f 7462/7462 7466/7466 7465/7465
f 7463/7463 7464/7464 7467/7467
f 7463/7463 7467/7467 7466/7466
f 7464/7464 7462/7462 7465/7465
f 7464/7464 7465/7465 7467/7467
f 7465/7465 7466/7466 7469/7469
f 7465/7465 7469/7469 7468/7468
f 7466/7466 7467/7467 7470/7470
f 7466/7466 7470/7470 7469/7469
f 7467/7467 7465/7465 7468/7468
f 7467/7467 7468/7468 7470/7470
f 7468/7468 7469/7469 7472/7472
f 7468/7468 7472/7472 7471/7471
f 7469/7469 7470/7470 7473/7473
f 7469/7469 7473/7473 7472/7472
f 7470/7470 7468/7468 7471/7471
f 7470/7470 7471/7471 7473/7473
f 7471/7471 7472/7472 7475/7475
f 7471/7471 7475/7475 7474/7474
f 7472/7472 7473/7473 7476/7476
f 7472/7472 7476/7476 7475/7475
f 7473/7473 7471/7471 7474/7474
f 7473/7473 7474/7474 7476/7476
f 7474/7474 7475/7475 7478/7478
f 7474/7474 7478/7478 7477/7477
f 7475/7475 7476/7476 7479/7479
f 7475/7475 7479/7479 7478/7478
f 7476/7476 7474/7474 7477/7477
f 7476/7476 7477/7477 7479/7479
f 7477/7477 7478/7478 7481/7481
f 7477/7477 7481/7481 7480/7480
f 7478/7478 7479/7479 7482/7482
f 7478/7478 7482/7482 7481/7481
f 7479/7479 7477/7477 7480/7480
f 7479/7479 7480/7480 7482/7482
f 7480/7480 7481/7481 7484/7484
f 7480/7480 7484/7484 7483/7483
f 7481/7481 7482/7482 7485/7485
f 7481/7481 7485/7485 7484/7484
f 7482/7482 7480/7480 7483/7483
f 7482/7482 7483/7483 7485/7485
f 7483/7483 7484/7484 7487/7487
f 7483/7483 7487/7487 7486/7486
f 7484/7484 7485/7485 7488/7488
f 7484/7484 7488/7488 7487/7487
f 7485/7485 7483/7483 7486/7486
f 7485/7485 7486/7486 7488/7488
f 7489/7489 7490/7490 7493/7493
f 7489/7489 7493/7493 7492/7492
f 7490/7490 7491/7491 7494/7494
f 7490/7490 7494/7494 7493/7493
f 7491/7491 7489/7489 7492/7492
f 7491/7491 7492/7492 7494/7494
f 7492/7492 7493/7493 7496/7496
f 7492/7492 7496/7496 7495/7495
f 7493/7493 7494/7494 7497/7497
f 7493/7493 7497/7497 7496/7496
f 7494/7494 7492/7492 7495/7495
f 7494/7494 7495/7495 7497/7497
f 7495/7495 7496/7496 7499/7499
f 7495/7495 7499/7499 7498/7498
f 7496/7496 7497/7497 7500/7500
f 7496/7496 7500/7500 7499/7499
f 7497/7497 7495/7495 7498/7498
f 7497/7497 7498/7498 7500/7500
f 7498/7498 7499/7499 7502/7502
f 7498/7498 7502/7502 7501/7501
f 7499/7499 7500/7500 7503/7503
f 7499/7499 7503/7503 7502/7502
f 7500/7500 7498/7498 7501/7501
f 7500/7500 7501/7501 7503/7503
f 7501/7501 7502/7502 7505/7505
f 7501/7501 7505/7505 7504/7504
f 7502/7502 7503/7503 7506/7506
f 7502/7502 7506/7506 7505/7505
f 7503/7503 7501/7501 7504/7504
f 7503/7503 7504/7504 7506/7506
f 7504/7504 7505/7505 7508/7508
f 7504/7504 7508/7508 7507/7507
f 7505/7505 7506/7506 7509/7509
f 7505/7505 7509/7509 7508/7508
f 7506/7506 7504/7504 7507/7507
f 7506/7506 7507/7507 7509/7509
f 7507/7507 7508/7508 7511/7511
f 7507/7507 7511/7511 7510/7510
f 7508/7508 7509/7509 7512/7512
f 7508/7508 7512/7512 7511/7511
f 7509/7509 7507/7507 7510/7510
f 7509/7509 7510/7510 7512/7512
f 7510/7510 7511/7511 7514/7514
f 7510/7510 7514/7514 7513/7513
f 7511/7511 7512/7512 7515/7515
f 7511/7511 7515/7515 7514/7514
f 7512/7512 7510/7510 7513/7513
f 7512/7512 7513/7513 7515/7515
f 7516/7516 7517/7517 7520/7520
f 7516/7516 7520/7520 7519/7519
f 7517/7517 7518/7518 7521/7521
f 7517/7517 7521/7521 7520/7520
f 7518/7518 7516/7516 7519/7519
f 7518/7518 7519/7519 7521/7521
f 7519/7519 7520/7520 7523/7523
f 7519/7519 7523/7523 7522/7522
f 7520/7520 7521/7521 7524/7524
f 7520/7520 7524/7524 7523/7523
f 7521/7521 7519/7519 7522/7522
f 7521/7521 7522/7522 7524/7524
f 7522/7522 7523/7523 7526/7526
f 7522/7522 7526/7526 7525/7525
f 7523/7523 7524/7524 7527/7527
f 7523/7523 7527/7527 7526/7526
f 7524/7524 7522/7522 7525/7525
f 7524/7524 7525/7525 7527/7527
f 7525/7525 7526/7526 7529/7529
f 7525/7525 7529/7529 7528/7528
f 7526/7526 7527/7527 7530/7530
f 7526/7526 7530/7530 7529/7529
f 7527/7527 7525/7525 7528/7528
f 7527/7527 7528/7528 7530/7530
f 7528/7528 7529/7529 7532/7532
f 7528/7528 7532/7532 7531/7531
f 7529/7529 7530/7530 7533/7533
f 7529/7529 7533/7533 7532/7532
f 7530/7530 7528/7528 7531/7531
f 7530/7530 7531/7531 7533/7533
f 7531/7531 7532/7532 7535/7535
f 7531/7531 7535/7535 7534/7534
f 7532/7532 7533/7533 7536/7536
f 7532/7532 7536/7536 7535/7535
f 7533/7533 7531/7531 7534/7534
f 7533/7533 7534/7534 7536/7536
f 7534/7534 7535/7535 7538/7538
f 7534/7534 7538/7538 7537/7537
f 7535/7535 7536/7536 7539/7539
f 7535/7535 7539/7539 7538/7538
f 7536/7536 7534/7534 7537/7537
f 7536/7536 7537/7537 7539/7539
f 7537/7537 7538/7538 7541/7541
f 7537/7537 7541/7541 7540/7540
f 7538/7538 7539/7539 7542/7542
f 7538/7538 7542/7542 7541/7541
f 7539/7539 7537/7537 7540/7540
f 7539/7539 7540/7540 7542/7542
f 7543/7543 7544/7544 7547/7547
f 7543/7543 7547/7547 7546/7546
f 7544/7544 7545/7545 7548/7548
f 7544/7544 7548/7548 7547/7547
f 7545/7545 7543/7543 7546/7546
f 7545/7545 7546/7546 7548/7548
f 7546/7546 7547/7547 7550/7550
f 7546/7546 7550/7550 7549/7549
f 7547/7547 7548/7548 7551/7551
f 7547/7547 7551/7551 7550/7550
f 7548/7548 7546/7546 7549/7549
f 7548/7548 7549/7549 7551/7551
f 7549/7549 7550/7550 7553/7553
f 7549/7549 7553/7553 7552/7552
f 7550/7550 7551/7551 7554/7554
f 7550/7550 7554/7554 7553/7553
f 7551/7551 7549/7549 7552/7552
f 7551/7551 7552/7552 7554/7554
f 7552/7552 7553/7553 7556/7556
f 7552/7552 7556/7556 7555/7555
f 7553/7553 7554/7554 7557/7557
f 7553/7553 7557/7557 7556/7556
f 7554/7554 7552/7552 7555/7555
f 7554/7554 7555/7555 7557/7557
f 7555/7555 7556/7556 7559/7559
f 7555/7555 7559/7559 7558/7558
f 7556/7556 7557/7557 7560/7560
f 7556/7556 7560/7560 7559/7559
f 7557/7557 7555/7555 7558/7558
f 7557/7557 7558/7558 7560/7560
f 7558/7558 7559/7559 7562/7562
f 7558/7558 7562/7562 7561/7561
f 7559/7559 7560/7560 7563/7563
f 7559/7559 7563/7563 7562/7562
f 7560/7560 7558/7558 7561/7561
f 7560/7560 7561/7561 7563/7563
f 7561/7561 7562/7562 7565/7565
f 7561/7561 7565/7565 7564/7564
f 7562/7562 7563/7563 7566/7566
f 7562/7562 7566/7566 7565/7565
f 7563/7563 7561/7561 7564/7564
f 7563/7563 7564/7564 7566/7566
f 7564/7564 7565/7565 7568/7568
f 7564/7564 7568/7568 7567/7567
f 7565/7565 7566/7566 7569/7569
f 7565/7565 7569/7569 7568/7568
f 7566/7566 7564/7564 7567/7567
f 7566/7566 7567/7567 7569/7569
f 7570/7570 7571/7571 7574/7574
f 7570/7570 7574/7574 7573/7573
f 7571/7571 7572/7572 7575/7575
f 7571/7571 7575/7575 7574/7574
f 7572/7572 7570/7570 7573/7573
f 7572/7572 7573/7573 7575/7575
f 7573/7573 7574/7574 7577/7577
f 7573/7573 7577/7577 7576/7576
f 7574/7574 7575/7575 7578/7578
f 7574/7574 7578/7578 7577/7577
f 7575/7575 7573/7573 7576/7576
f 7575/7575 7576/7576 7578/7578
f 7576/7576 7577/7577 7580/7580
f 7576/7576 7580/7580 7579/7579
f 7577/7577 7578/7578 7581/7581
f 7577/7577 7581/7581 7580/7580
f 7578/7578 7576/7576 7579/7579
f 7578/7578 7579/7579 7581/7581
f 7579/7579 7580/7580 7583/7583
f 7579/7579 7583/7583 7582/7582
f 7580/7580 7581/7581 7584/7584
f 7580/7580 7584/7584 7583/7583
f 7581/7581 7579/7579 7582/7582
f 7581/7581 7582/7582 7584/7584
f 7582/7582 7583/7583 7586/7586
f 7582/7582 7586/7586 7585/7585
f 7583/7583 7584/7584 7587/7587
f 7583/7583 7587/7587 7586/7586
f 7584/7584 7582/7582 7585/7585
f 7584/7584 7585/7585 7587/7587
f 7585/7585 7586/7586 7589/7589
f 7585/7585 7589/7589 7588/7588
f 7586/7586 7587/7587 7590/7590
f 7586/7586 7590/7590 7589/7589
f 7587/7587 7585/7585 7588/7588
f 7587/7587 7588/7588 7590/7590
f 7588/7588 7589/7589 7592/7592
f 7588/7588 7592/7592 7591/7591
f 7589/7589 7590/7590 7593/7593
f 7589/7589 7593/7593 7592/7592
f 7590/7590 7588/7588 7591/7591
f 7590/7590 7591/7591 7593/7593
f 7591/7591 7592/7592 7595/7595
f 7591/7591 7595/7595 7594/7594
f 7592/7592 7593/7593 7596/7596
f 7592/7592 7596/7596 7595/7595
f 7593/7593 7591/7591 7594/7594
f 7593/7593 7594/7594 7596/7596
f 7597/7597 7598/7598 7601/7601
f 7597/7597 7601/7601 7600/7600
f 7598/7598 7599/7599 7602/7602
f 7598/7598 7602/7602 7601/7601
f 7599/7599 7597/7597 7600/7600
f 7599/7599 7600/7600 7602/7602
f 7600/7600 7601/7601 7604/7604
f 7600/7600 7604/7604 7603/7603
f 7601/7601 7602/7602 7605/7605
f 7601/7601 7605/7605 7604/7604
f 7602/7602 7600/7600 7603/7603
f 7602/7602 7603/7603 7605/7605
f 7603/7603 7604/7604 7607/7607
f 7603/7603 7607/7607 7606/7606
f 7604/7604 7605/7605 7608/7608
f 7604/7604 7608/7608 7607/7607
f 7605/7605 7603/7603 7606/7606
f 7605/7605 7606/7606 7608/7608
f 7606/7606 7607/7607 7610/7610
f 7606/7606 7610/7610 7609/7609
f 7607/7607 7608/7608 7611/7611
f 7607/7607 7611/7611 7610/7610
f 7608/7608 7606/7606 7609/7609
f 7608/7608 7609/7609 7611/7611
f 7609/7609 7610/7610 7613/7613
f 7609/7609 7613/7613 7612/7612
f 7610/7610 7611/7611 7614/7614
f 7610/7610 7614/7614 7613/7613
f 7611/7611 7609/7609 7612/7612
f 7611/7611 7612/7612 7614/7614
f 7612/7612 7613/7613 7616/7616
f 7612/7612 7616/7616 7615/7615
f 7613/7613 7614/7614 7617/7617
f 7613/7613 7617/7617 7616/7616
f 7614/7614 7612/7612 7615/7615
f 7614/7614 7615/7615 7617/7617
f 7615/7615 7616/7616 7619/7619
f 7615/7615 7619/7619 7618/7618
f 7616/7616 7617/7617 7620/7620
f 7616/7616 7620/7620 7619/7619
f 7617/7617 7615/7615 7618/7618
f 7617/7617 7618/7618 7620/7620
f 7618/7618 7619/7619 7622/7622
f 7618/7618 7622/7622 7621/7621
f 7619/7619 7620/7620 7623/7623
f 7619/7619 7623/7623 7622/7622
f 7620/7620 7618/7618 7621/7621
f 7620/7620 7621/7621 7623/7623
f 7624/7624 7625/7625 7628/7628
f 7624/7624 7628/7628 7627/7627
f 7625/7625 7626/7626 7629/7629
f 7625/7625 7629/7629 7628/7628
f 7626/7626 7624/7624 7627/7627
f 7626/7626 7627/7627 7629/7629
f 7627/7627 7628/7628 7631/7631
f 7627/7627 7631/7631 7630/7630
f 7628/7628 7629/7629 7632/7632
f 7628/7628 7632/7632 7631/7631
f 7629/7629 7627/7627 7630/7630
f 7629/7629 7630/7630 7632/7632
f 7630/7630 7631/7631 7634/7634
f 7630/7630 7634/7634 7633/7633
f 7631/7631 7632/7632 7635/7635
f 7631/7631 7635/7635 7634/7634
f 7632/7632 7630/7630 7633/7633
f 7632/7632 7633/7633 7635/7635
f 7633/7633 7634/7634 7637/7637
f 7633/7633 7637/7637 7636/7636
f 7634/7634 7635/7635 7638/7638
f 7634/7634 7638/7638 7637/7637
f 7635/7635 7633/7633 7636/7636
f 7635/7635 7636/7636 7638/7638
f 7636/7636 7637/7637 7640/7640
f 7636/7636 7640/7640 7639/7639
f 7637/7637 7638/7638 7641/7641
f 7637/7637 7641/7641 7640/7640
f 7638/7638 7636/7636 7639/7639
f 7638/7638 7639/7639 7641/7641
f 7639/7639 7640/7640 7643/7643
f 7639/7639 7643/7643 7642/7642
f 7640/7640 7641/7641 7644/7644
f 7640/7640 7644/7644 7643/7643
f 7641/7641 7639/7639 7642/7642
f 7641/7641 7642/7642 7644/7644
f 7642/7642 7643/7643 7646/7646
f 7642/7642 7646/7646 7645/7645
f 7643/7643 7644/7644 7647/7647
f 7643/7643 7647/7647 7646/7646
f 7644/7644 7642/7642 7645/7645
f 7644/7644 7645/7645 7647/7647
f 7645/7645 7646/7646 7649/7649
f 7645/7645 7649/7649 7648/7648
f 7646/7646 7647/7647 7650/7650
f 7646/7646 7650/7650 7649/7649
f 7647/7647 7645/7645 7648/7648
f 7647/7647 7648/7648 7650/7650
f 7651/7651 7652/7652 7655/7655
f 7651/7651 7655/7655 7654/7654
f 7652/7652 7653/7653 7656/7656
f 7652/7652 7656/7656 7655/7655
f 7653/7653 7651/7651 7654/7654
f 7653/7653 7654/7654 7656/7656
f 7654/7654 7655/7655 7658/7658
f 7654/7654 7658/7658 7657/7657
f 7655/7655 7656/7656 7659/7659
f 7655/7655 7659/7659 7658/7658
f 7656/7656 7654/7654 7657/7657
f 7656/7656 7657/7657 7659/7659
f 7657/7657 7658/7658 7661/7661
f 7657/7657 7661/7661 7660/7660
f 7658/7658 7659/7659 7662/7662
f 7658/7658 7662/7662 7661/7661
f 7659/7659 7657/7657 7660/7660
f 7659/7659 7660/7660 7662/7662
f 7660/7660 7661/7661 7664/7664
f 7660/7660 7664/7664 7663/7663
f 7661/7661 7662/7662 7665/7665
f 7661/7661 7665/7665 7664/7664
f 7662/7662 7660/7660 7663/7663
f 7662/7662 7663/7663 7665/7665
f 7663/7663 7664/7664 7667/7667
f 7663/7663 7667/7667 7666/7666
f 7664/7664 7665/7665 7668/7668
f 7664/7664 7668/7668 7667/7667
f 7665/7665 7663/7663 7666/7666
f 7665/7665 7666/7666 7668/7668
f 7666/7666 7667/7667 7670/7670
f 7666/7666 7670/7670 7669/7669
f 7667/7667 7668/7668 7671/7671
f 7667/7667 7671/7671 7670/7670
f 7668/7668 7666/7666 7669/7669
f 7668/7668 7669/7669 7671/7671
f 7669/7669 7670/7670 7673/7673
f 7669/7669 7673/7673 7672/7672
f 7670/7670 7671/7671 7674/7674
f 7670/7670 7674/7674 7673/7673
f 7671/7671 7669/7669 7672/7672
f 7671/7671 7672/7672 7674/7674
f 7672/7672 7673/7673 7676/7676
f 7672/7672 7676/7676 7675/7675
f 7673/7673 7674/7674 7677/7677
f 7673/7673 7677/7677 7676/7676
f 7674/7674 7672/7672 7675/7675
f 7674/7674 7675/7675 7677/7677
f 7678/7678 7679/7679 7682/7682
f 7678/7678 7682/7682 7681/7681
f 7679/7679 7680/7680 7683/7683
f 7679/7679 7683/7683 7682/7682
f 7680/7680 7678/7678 7681/7681
f 7680/7680 7681/7681 7683/7683
f 7681/7681 7682/7682 7685/7685
f 7681/7681 7685/7685 7684/7684
f 7682/7682 7683/7683 7686/7686
f 7682/7682 7686/7686 7685/7685
f 7683/7683 7681/7681 7684/7684
f 7683/7683 7684/7684 7686/7686
f 7684/7684 7685/7685 7688/7688
f 7684/7684 7688/7688 7687/7687
f 7685/7685 7686/7686 7689/7689
f 7685/7685 7689/7689 7688/7688
f 7686/7686 7684/7684 7687/7687
f 7686/7686 7687/7687 7689/7689
f 7687/7687 7688/7688 7691/7691
f 7687/7687 7691/7691 7690/7690
f 7688/7688 7689/7689 7692/7692
f 7688/7688 7692/7692 7691/7691
f 7689/7689 7687/7687 7690/7690
f 7689/7689 7690/7690 7692/7692
f 7690/7690 7691/7691 7694/7694
f 7690/7690 7694/7694 7693/7693
f 7691/7691 7692/7692 7695/7695
f 7691/7691 7695/7695 7694/7694
f 7692/7692 7690/7690 7693/7693
f 7692/7692 7693/7693 7695/7695
f 7693/7693 7694/7694 7697/7697
f 7693/7693 7697/7697 7696/7696
f 7694/7694 7695/7695 7698/7698
f 7694/7694 7698/7698 7697/7697
f 7695/7695 7693/7693 7696/7696
f 7695/7695 7696/7696 7698/7698
f 7696/7696 7697/7697 7700/7700
f 7696/7696 7700/7700 7699/7699
f 7697/7697 7698/7698 7701/7701
f 7697/7697 7701/7701 7700/7700
f 7698/7698 7696/7696 7699/7699
f 7698/7698 7699/7699 7701/7701
f 7699/7699 7700/7700 7703/7703
f 7699/7699 7703/7703 7702/7702
f 7700/7700 7701/7701 7704/7704
f 7700/7700 7704/7704 7703/7703
f 7701/7701 7699/7699 7702/7702
f 7701/7701 7702/7702 7704/7704
f 7705/7705 7706/7706 7709/7709
f 7705/7705 7709/7709 7708/7708
f 7706/7706 7707/7707 7710/7710
f 7706/7706 7710/7710 7709/7709
f 7707/7707 7705/7705 7708/7708
f 7707/7707 7708/7708 7710/7710
f 7708/7708 7709/7709 7712/7712
f 7708/7708 7712/7712 7711/7711
f 7709/7709 7710/7710 7713/7713
f 7709/7709 7713/7713 7712/7712
f 7710/7710 7708/7708 7711/7711
f 7710/7710 7711/7711 7713/7713
f 7711/7711 7712/7712 7715/7715
f 7711/7711 7715/7715 7714/7714
f 7712/7712 7713/7713 7716/7716
f 7712/7712 7716/7716 7715/7715
f 7713/7713 7711/7711 7714/7714
f 7713/7713 7714/7714 7716/7716
f 7714/7714 7715/7715 7718/7718
f 7714/7714 7718/7718 7717/7717
f 7715/7715 7716/7716 7719/7719
f 7715/7715 7719/7719 7718/7718
f 7716/7716 7714/7714 7717/7717
f 7716/7716 7717/7717 7719/7719
f 7717/7717 7718/7718 7721/7721
f 7717/7717 7721/7721 7720/7720
f 7718/7718 7719/7719 7722/7722
f 7718/7718 7722/7722 7721/7721
f 7719/7719 7717/7717 7720/7720
f 7719/7719 7720/7720 7722/7722
f 7720/7720 7721/7721 7724/7724
f 7720/7720 7724/7724 7723/7723
f 7721/7721 7722/7722 7725/7725
f 7721/7721 7725/7725 7724/7724
f 7722/7722 7720/7720 7723/7723
f 7722/7722 7723/7723 7725/7725
f 7723/7723 7724/7724 7727/7727
f 7723/7723 7727/7727 7726/7726
f 7724/7724 7725/7725 7728/7728
f 7724/7724 7728/7728 7727/7727
f 7725/7725 7723/7723 7726/7726
f 7725/7725 7726/7726 7728/7728
f 7726/7726 7727/7727 7730/7730
f 7726/7726 7730/7730 7729/7729
f 7727/7727 7728/7728 7731/7731
f 7727/7727 7731/7731 7730/7730
f 7728/7728 7726/7726 7729/7729
f 7728/7728 7729/7729 7731/7731
f 7732/7732 7733/7733 7736/7736
f 7732/7732 7736/7736 7735/7735
f 7733/7733 7734/7734 7737/7737
f 7733/7733 7737/7737 7736/7736
f 7734/7734 7732/7732 7735/7735
f 7734/7734 7735/7735 7737/7737
f 7735/7735 7736/7736 7739/7739
f 7735/7735 7739/7739 7738/7738
f 7736/7736 7737/7737 7740/7740
f 7736/7736 7740/7740 7739/7739
f 7737/7737 7735/7735 7738/7738
f 7737/7737 7738/7738 7740/7740
f 7738/7738 7739/7739 7742/7742
f 7738/7738 7742/7742 7741/7741
f 7739/7739 7740/7740 7743/7743
f 7739/7739 7743/7743 7742/7742
f 7740/7740 7738/7738 7741/7741
f 7740/7740 7741/7741 7743/7743
f 7741/7741 7742/7742 7745/7745
f 7741/7741 7745/7745 7744/7744
f 7742/7742 7743/7743 7746/7746
f 7742/7742 7746/7746 7745/7745
f 7743/7743 7741/7741 7744/7744
f 7743/7743 7744/7744 7746/7746
f 7744/7744 7745/7745 7748/7748
f 7744/7744 7748/7748 7747/7747
f 7745/7745 7746/7746 7749/7749
f 7745/7745 7749/7749 7748/7748
f 7746/7746 7744/7744 7747/7747
f 7746/7746 7747/7747 7749/7749
f 7747/7747 7748/7748 7751/7751
f 7747/7747 7751/7751 7750/7750
f 7748/7748 7749/7749 7752/7752
f 7748/7748 7752/7752 7751/7751
f 7749/7749 7747/7747 7750/7750
f 7749/7749 7750/7750 7752/7752
f 7750/7750 7751/7751 7754/7754
f 7750/7750 7754/7754 7753/7753
f 7751/7751 7752/7752 7755/7755
f 7751/7751 7755/7755 7754/7754
f 7752/7752 7750/7750 7753/7753
f 7752/7752 7753/7753 7755/7755
f 7753/7753 7754/7754 7757/7757
f 7753/7753 7757/7757 7756/7756
f 7754/7754 7755/7755 7758/7758
f 7754/7754 7758/7758 7757/7757
f 7755/7755 7753/7753 7756/7756
f 7755/7755 7756/7756 7758/7758
f 7759/7759 7760/7760 7763/7763
f 7759/7759 7763/7763 7762/7762
f 7760/7760 7761/7761 7764/7764
f 7760/7760 7764/7764 7763/7763
f 7761/7761 7759/7759 7762/7762
f 7761/7761 7762/7762 7764/7764
f 7762/7762 7763/7763 7766/7766
f 7762/7762 7766/7766 7765/7765
f 7763/7763 7764/7764 7767/7767
f 7763/7763 7767/7767 7766/7766
f 7764/7764 7762/7762 7765/7765
f 7764/7764 7765/7765 7767/7767
f 7765/7765 7766/7766 7769/7769
f 7765/7765 7769/7769 7768/7768
f 7766/7766 7767/7767 7770/7770
f 7766/7766 7770/7770 7769/7769
f 7767/7767 7765/7765 7768/7768
f 7767/7767 7768/7768 7770/7770
f 7768/7768 7769/7769 7772/7772
f 7768/7768 7772/7772 7771/7771
f 7769/7769 7770/7770 7773/7773
f 7769/7769 7773/7773 7772/7772
f 7770/7770 7768/7768 7771/7771
f 7770/7770 7771/7771 7773/7773
f 7771/7771 7772/7772 7775/7775
f 7771/7771 7775/7775 7774/7774
f 7772/7772 7773/7773 7776/7776
f 7772/7772 7776/7776 7775/7775
f 7773/7773 7771/7771 7774/7774
f 7773/7773 7774/7774 7776/7776
f 7774/7774 7775/7775 7778/7778
f 7774/7774 7778/7778 7777/7777
f 7775/7775 7776/7776 7779/7779
f 7775/7775 7779/7779 7778/7778
f 7776/7776 7774/7774 7777/7777
f 7776/7776 7777/7777 7779/7779
f 7777/7777 7778/7778 7781/7781
f 7777/7777 7781/7781 7780/7780
f 7778/7778 7779/7779 7782/7782
f 7778/7778 7782/7782 7781/7781
f 7779/7779 7777/7777 7780/7780
f 7779/7779 7780/7780 7782/7782
f 7780/7780 7781/7781 7784/7784
f 7780/7780 7784/7784 7783/7783
f 7781/7781 7782/7782 7785/7785
f 7781/7781 7785/7785 7784/7784
f 7782/7782 7780/7780 7783/7783
f 7782/7782 7783/7783 7785/7785
f 7786/7786 7787/7787 7790/7790
f 7786/7786 7790/7790 7789/7789
f 7787/7787 7788/7788 7791/7791
f 7787/7787 7791/7791 7790/7790
f 7788/7788 7786/7786 7789/7789
f 7788/7788 7789/7789 7791/7791
f 7789/7789 7790/7790 7793/7793
f 7789/7789 7793/7793 7792/7792
f 7790/7790 7791/7791 7794/7794
f 7790/7790 7794/7794 7793/7793
f 7791/7791 7789/7789 7792/7792
f 7791/7791 7792/7792 7794/7794
f 7792/7792 7793/7793 7796/7796
f 7792/7792 7796/7796 7795/7795
f 7793/7793 7794/7794 7797/7797
f 7793/7793 7797/7797 7796/7796
f 7794/7794 7792/7792 7795/7795
f 7794/7794 7795/7795 7797/7797
f 7795/7795 7796/7796 7799/7799
f 7795/7795 7799/7799 7798/7798
f 7796/7796 7797/7797 7800/7800
f 7796/7796 7800/7800 7799/7799
f 7797/7797 7795/7795 7798/7798
f 7797/7797 7798/7798 7800/7800
f 7798/7798 7799/7799 7802/7802
f 7798/7798 7802/7802 7801/7801
f 7799/7799 7800/7800 7803/7803
f 7799/7799 7803/7803 7802/7802
f 7800/7800 7798/7798 7801/7801
f 7800/7800 7801/7801 7803/7803
f 7801/7801 7802/7802 7805/7805
f 7801/7801 7805/7805 7804/7804
f 7802/7802 7803/7803 7806/7806
f 7802/7802 7806/7806 7805/7805
f 7803/7803 7801/7801 7804/7804
f 7803/7803 7804/7804 7806/7806
f 7804/7804 7805/7805 7808/7808
f 7804/7804 7808/7808 7807/7807
f 7805/7805 7806/7806 7809/7809
f 7805/7805 7809/7809 7808/7808
f 7806/7806 7804/7804 7807/7807
f 7806/7806 7807/7807 7809/7809
f 7807/7807 7808/7808 7811/7811
f 7807/7807 7811/7811 7810/7810
f 7808/7808 7809/7809 7812/7812
f 7808/7808 7812/7812 7811/7811
f 7809/7809 7807/7807 7810/7810
f 7809/7809 7810/7810 7812/7812
f 7813/7813 7814/7814 7817/7817
f 7813/7813 7817/7817 7816/7816
f 7814/7814 7815/7815 7818/7818
f 7814/7814 7818/7818 7817/7817
f 7815/7815 7813/7813 7816/7816
f 7815/7815 7816/7816 7818/7818
f 7816/7816 7817/7817 7820/7820
f 7816/7816 7820/7820 7819/7819
f 7817/7817 7818/7818 7821/7821
f 7817/7817 7821/7821 7820/7820
f 7818/7818 7816/7816 7819/7819
f 7818/7818 7819/7819 7821/7821
f 7819/7819 7820/7820 7823/7823
f 7819/7819 7823/7823 7822/7822
f 7820/7820 7821/7821 7824/7824
f 7820/7820 7824/7824 7823/7823
f 7821/7821 7819/7819 7822/7822
f 7821/7821 7822/7822 7824/7824
f 7822/7822 7823/7823 7826/7826
f 7822/7822 7826/7826 7825/7825
f 7823/7823 7824/7824 7827/7827
f 7823/7823 7827/7827 7826/7826
f 7824/7824 7822/7822 7825/7825
f 7824/7824 7825/7825 7827/7827
f 7825/7825 7826/7826 7829/7829
f 7825/7825 7829/7829 7828/7828
f 7826/7826 7827/7827 7830/7830
f 7826/7826 7830/7830 7829/7829
f 7827/7827 7825/7825 7828/7828
f 7827/7827 7828/7828 7830/7830
f 7828/7828 7829/7829 7832/7832
f 7828/7828 7832/7832 7831/7831
f 7829/7829 7830/7830 7833/7833
f 7829/7829 7833/7833 7832/7832
f 7830/7830 7828/7828 7831/7831
f 7830/7830 7831/7831 7833/7833
f 7831/7831 7832/7832 7835/7835
f 7831/7831 7835/7835 7834/7834
f 7832/7832 7833/7833 7836/7836
f 7832/7832 7836/7836 7835/7835
f 7833/7833 7831/7831 7834/7834
f 7833/7833 7834/7834 7836/7836
f 7834/7834 7835/7835 7838/7838
f 7834/7834 7838/7838 7837/7837
f 7835/7835 7836/7836 7839/7839
f 7835/7835 7839/7839 7838/7838
f 7836/7836 7834/7834 7837/7837
f 7836/7836 7837/7837 7839/7839
