v 49.94485 7.55940 1974.39778
v 49.31186 11.20693 1971.40896
v 52.81577 8.04431 1977.89156
v 75.71973 -7.54054 1954.80466
v 42.60671 8.23329 1978.48225
v 40.93318 14.80463 1973.52481
v 46.95140 9.80231 1984.61771
v 47.19945 16.55256 1982.27346
v 43.70979 19.39499 1976.22037
v 43.70979 19.39499 1976.22037
v 53.69144 12.61285 1976.62878
v 51.15519 14.58317 1972.57030
v 51.15519 14.58317 1972.57030
v 79.80354 -2.65697 1956.32982
v 77.68427 -0.60264 1952.49140
v 77.68427 -0.60264 1952.49140
v 79.13549 -7.21945 1958.45652
v 101.61906 -17.95030 1928.91097
v 99.17662 -16.00900 1926.04029
v 99.17662 -16.00900 1926.04029
v 101.40354 -22.10996 1930.49967
v 130.85514 -36.53911 1893.25583
v 128.59517 -34.72444 1890.26821
v 128.59517 -34.72444 1890.26821
v 130.66854 -40.32941 1894.19353
v 162.93623 -57.75022 1852.35250
v 160.35903 -56.69057 1848.80161
v 160.35903 -56.69057 1848.80161
v 162.19285 -60.36514 1852.22924
v 198.86911 -83.89737 1796.36359
v 196.97478 -82.76466 1795.24040
v 196.97478 -82.76466 1795.24040
v 199.41002 -88.72195 1799.57175
v 204.41061 -86.89690 1792.73438
v 205.14354 -96.85887 1797.87910
v 201.84776 -84.80351 1789.10220
v 201.84776 -84.80351 1789.10220
v 204.32216 -86.32635 1788.96809
v 204.56210 -85.92968 1785.20238
v 204.12007 -90.11881 1792.09983
v 202.69778 -84.94259 1786.39007
v 202.69778 -84.94259 1786.39007
v 203.86130 -85.79142 1783.84972
v 203.86130 -85.79142 1783.84972
v 201.76017 -87.31530 1786.11743
v 202.30213 -86.38281 1783.33747
v 200.23775 -86.89709 1788.69820
v 201.76286 -89.20061 1788.55705
v 200.40849 -90.79247 1791.81945
v 203.51511 -88.27526 1785.47990
v 205.88824 -89.07150 1777.88591
v 203.89977 -88.36148 1786.83436
v 206.37023 -87.96804 1778.26285
v 207.32194 -86.23344 1778.05555
v 209.60474 -89.57344 1773.14532
v 206.03219 -86.37127 1777.16172
v 206.03219 -86.37127 1777.16172
v 205.36157 -86.55107 1776.88384
v 196.62651 -88.45621 1797.09601
v 195.75694 -85.22487 1795.63630
v 159.15242 -61.73089 1850.10457
v 158.17617 -58.53751 1848.14763
v 127.62193 -40.75474 1892.26973
v 125.91583 -37.45874 1889.57012
v 97.89886 -22.72050 1927.82390
v 97.28555 -18.60754 1926.01657
v 75.12589 -4.16670 1951.51150
v -9.73881 -83.01133 2023.20170
v 23.17714 -2.05423 2094.37847
v -6.06245 -86.72462 2026.26967
v -16.20745 -82.54209 2025.29454
v -38.79207 -152.53140 1953.43089
v -35.84412 -155.71113 1956.48372
v -45.45441 -152.90442 1955.89137
v -44.61858 -164.48498 1939.99982
v -40.30812 -168.98838 1942.29770
v -50.54927 -164.44899 1939.93211
v -46.76464 -177.48755 1935.46343
v -52.41444 -169.98635 1944.46564
v -52.41444 -169.98635 1944.46564
v -44.95012 -172.35690 1945.77599
v -40.11013 -158.05800 1961.06637
v -46.58928 -155.27751 1960.31976
v -46.58928 -155.27751 1960.31976
v -10.08708 -89.75524 2030.96628
v 23.00174 -11.97878 2104.96736
v -16.68750 -87.02457 2030.34353
v -16.68750 -87.02457 2030.34353
v 14.67125 -6.97410 2103.07455
v 14.67125 -6.97410 2103.07455
v 14.08550 -1.34591 2097.34535
v 28.94805 -8.12469 2098.27733
v 16.88175 39.69933 2165.09604
v 23.11156 43.59368 2166.90969
v 19.69740 32.42194 2159.87182
v 9.47655 60.66623 2128.35336
v 12.64693 63.95955 2129.20690
v 11.47575 57.61838 2124.81403
v 0.23191 76.97578 2108.23798
v 2.75003 78.35720 2107.99241
v 1.79280 73.49820 2105.05319
v -6.41644 88.51991 2089.77103
v -3.49073 90.43334 2090.56306
v -4.67803 85.43371 2086.70211
v -23.48821 122.53437 2041.29910
v -20.62780 123.53805 2041.22853
v -21.37494 119.22954 2037.82821
v -41.70410 154.06114 1997.87450
v -38.33415 154.74641 1997.76685
v -39.46435 151.40761 1994.27772
v -41.92448 159.33460 1988.00504
v -35.02810 151.46872 1992.80059
v -35.72655 153.42268 1995.47493
v -35.72655 153.42268 1995.47493
v -17.84508 122.58855 2039.53290
v -17.84508 122.58855 2039.53290
v -17.67071 120.10837 2037.39142
v 0.00688 87.66795 2086.92193
v 0.00688 87.66795 2086.92193
v -0.33652 85.50677 2086.00473
v 6.83485 76.88396 2106.41718
v 6.83485 76.88396 2106.41718
v 5.55838 73.51008 2104.08902
v 18.39224 61.28762 2125.68808
v 18.39224 61.28762 2125.68808
v 16.69004 57.31592 2122.78843
v 30.66875 39.45956 2162.42909
v 30.66875 39.45956 2162.42909
v 28.85716 32.58251 2158.18596
v 11.48588 26.49373 2243.14332
v 10.80735 27.26976 2251.43147
v 17.02723 28.67912 2241.31012
v 0.06304 35.45346 2240.37933
v -0.14501 39.15569 2244.99655
v 2.77894 38.30304 2239.36701
v -16.65764 49.15600 2235.99482
v -33.39997 66.18785 2235.88324
v -16.82380 50.81525 2239.36892
v -14.17260 51.85118 2234.33805
v -31.45224 68.00812 2235.01158
v -12.91440 54.95716 2237.10847
v 4.25366 42.15027 2242.12170
v -30.14047 70.74388 2237.33354
v -14.91931 54.27881 2240.70001
v -14.91931 54.27881 2240.70001
v 1.54775 41.40301 2246.06967
v 1.54775 41.40301 2246.06967
v -31.74510 70.39189 2240.92627
v -31.74510 70.39189 2240.92627
v -33.45132 67.57955 2238.61909
v -93.42465 118.67994 2244.34090
v -93.42465 118.67994 2244.34090
v -91.99965 119.52524 2240.65733
v -95.25920 115.85079 2243.01291
v -102.75531 124.85647 2244.04407
v -102.75531 124.85647 2244.04407
v -105.08170 126.36885 2244.44127
v -105.08170 126.36885 2244.44127
v -105.08170 126.36885 2244.44127
v -105.08170 126.36885 2244.44127
v -100.71535 125.87425 2239.76660
v -103.63682 121.04693 2241.59956
v -110.04860 123.59938 2237.42580
v -103.02184 119.12043 2238.20233
v -106.86795 124.98006 2244.04001
v -106.86795 124.98006 2244.04001
v -108.95146 125.49123 2243.66593
v -108.95146 125.49123 2243.66593
v -109.91661 131.41111 2249.30882
v -111.49136 130.49950 2248.71278
v -108.54618 132.43054 2249.94946
v -108.54618 132.43054 2249.94946
v -114.47883 135.21610 2253.99852
v -109.69117 132.78900 2247.76292
v -108.87206 132.53534 2248.84820
v -110.80376 131.57256 2248.30031
v -109.14183 126.99138 2242.47193
v -109.14183 126.99138 2242.47193
v -109.14183 126.99138 2242.47193
v -107.13457 129.13132 2241.70184
v -107.13457 129.13132 2241.70184
v -109.55353 125.33295 2237.90717
v -109.55353 125.33295 2237.90717
v -108.25327 127.66844 2235.14104
v -123.40484 128.12783 2225.04854
v -123.40484 128.12783 2225.04854
v -124.67659 124.69736 2225.40331
v -121.82348 129.53275 2223.00243
v -139.26862 132.46021 2208.52876
v -139.26862 132.46021 2208.52876
v -136.97487 133.94985 2206.00414
v -139.16352 131.15264 2207.35240
v -168.77133 139.84610 2178.88474
v -168.77133 139.84610 2178.88474
v -167.34497 140.70675 2177.24252
v -169.49528 138.81908 2178.94292
v -195.40645 141.30071 2154.87146
v -195.40645 141.30071 2154.87146
v -193.85546 142.30496 2153.10192
v -195.56777 140.28235 2154.18434
v -196.66523 141.24583 2152.48227
v -194.64046 139.29005 2152.59147
v -194.07992 140.69264 2152.46272
v -167.30160 138.49548 2176.28288
v -168.32237 136.59863 2176.23591
v -138.03400 131.75833 2205.25742
v -138.17178 130.32424 2205.90019
v -122.02565 126.33687 2220.92843
v -108.67079 123.77189 2232.49173
v -123.03057 124.13976 2221.93217
v -109.42156 121.20458 2233.68669
v -102.00307 122.32883 2237.30564
v -93.63084 117.59831 2239.13360
v -94.92511 114.76837 2240.19146
v -105.11228 128.38863 2242.61427
v -105.11228 128.38863 2242.61427
v 14.87527 34.39633 2253.88837
v 14.87527 34.39633 2253.88837
v 21.18163 35.44652 2246.42611
v 70.75232 41.47576 2312.60729
v 72.88423 33.46668 2306.94747
v 65.38162 47.37541 2308.50148
v 65.38162 47.37541 2308.50148
v 77.36090 45.37839 2303.33829
v 78.29212 41.14430 2300.65680
v 73.08041 47.81602 2302.06943
v 73.08041 47.81602 2302.06943
v 108.04534 65.23748 2288.24139
v 139.88242 85.32747 2274.84059
v 109.69315 61.55761 2286.16738
v 104.92077 67.41190 2286.42178
v 104.92077 67.41190 2286.42178
v 135.94171 87.74146 2272.01056
v 135.94171 87.74146 2272.01056
v 103.91723 64.55729 2281.59881
v 135.86554 84.37559 2267.62938
v 107.02629 61.52149 2281.24785
v 72.85248 44.54429 2297.93310
v 74.33371 41.71776 2297.81055
v 61.68463 40.11016 2300.28796
v 66.96033 32.36663 2298.74325
v 139.11746 81.93938 2267.59601
v 141.35724 81.19000 2271.64912
v 200.23391 118.83161 2237.19096
v 202.64971 117.97259 2240.54718
v 197.61458 122.30844 2237.32448
v 265.92284 150.40505 2196.77615
v 268.38011 149.19628 2199.60952
v 264.69141 152.44865 2197.10159
v 303.88212 166.93208 2171.92459
v 306.21129 165.74270 2175.27676
v 302.04257 170.03685 2171.75460
v 308.15279 169.54100 2171.19837
v 305.56867 169.82898 2178.18737
v 302.90943 170.98969 2175.52781
v 302.90943 170.98969 2175.52781
v 264.36543 155.15563 2199.69106
v 264.36543 155.15563 2199.69106
v 267.64256 153.22819 2202.87585
v 196.97179 126.52098 2241.00399
v 196.97179 126.52098 2241.00399
v 201.52210 123.00492 2244.70687
v 69.19411 25.58820 2513.08393
v 65.87087 18.46251 2506.70218
v 65.26814 35.83824 2511.14488
v 135.16589 50.96073 2468.95409
v 134.54029 43.48256 2463.23538
v 134.13243 55.08345 2467.63682
v 219.39062 58.12429 2436.30290
v 218.36701 53.72602 2430.63521
v 217.14570 63.69778 2433.68149
v 295.36623 80.95698 2406.76761
v 293.84339 77.79903 2403.69511
v 294.62546 82.85543 2406.79026
v 337.19513 90.15835 2397.89701
v 335.88508 87.31640 2392.24815
v 336.38027 94.11693 2397.50910
v 379.76265 102.85315 2398.71025
v 379.76897 99.14371 2396.05093
v 380.09036 103.74709 2399.20568
v 434.14801 108.66740 2408.82564
v 433.54052 106.24702 2404.66928
v 433.78544 110.40135 2408.63872
v 469.15546 111.26678 2415.92169
v 469.31115 107.23330 2412.23502
v 468.59232 114.06670 2415.84849
v 482.77515 109.33793 2417.95397
v 468.18042 112.47862 2411.50022
v 468.18042 112.47862 2411.50022
v 468.84590 108.38657 2411.20791
v 432.97628 107.12250 2401.42012
v 433.01925 109.64573 2404.07276
v 433.01925 109.64573 2404.07276
v 378.56194 101.77296 2393.40734
v 378.97202 102.56121 2395.45417
v 378.97202 102.56121 2395.45417
v 335.26379 86.40287 2388.91149
v 334.74597 93.03339 2391.84618
v 334.74597 93.03339 2391.84618
v 291.39817 80.64440 2400.40374
v 291.51553 83.33629 2401.56889
v 291.51553 83.33629 2401.56889
v 215.91465 57.28539 2427.13308
v 214.12727 65.39167 2428.49684
v 214.12727 65.39167 2428.49684
v 130.47257 48.73037 2458.20332
v 129.98250 54.50486 2460.40845
v 129.98250 54.50486 2460.40845
v 60.40319 19.79296 2499.98617
v 62.61469 31.45857 2505.38540
v 62.61469 31.45857 2505.38540
v 299.50103 79.76259 2358.02436
v 299.50103 79.76259 2358.02436
v 323.88908 78.13869 2303.66325
v 323.88908 78.13869 2303.66325
v 297.65004 77.54451 2355.66854
v 322.66438 76.29269 2301.90086
v 300.24937 73.65389 2356.64582
v 324.25088 73.17120 2303.04408
v 302.05593 74.22398 2359.95984
v 326.30786 73.26145 2304.85821
v 302.15091 77.57820 2361.03129
v 325.80525 76.21130 2304.89540
v 261.16294 73.47479 2397.26424
v 261.16294 73.47479 2397.26424
v 260.26297 70.33668 2394.70100
v 261.98894 67.26840 2395.49899
v 264.00113 66.93232 2398.91315
v 264.12943 70.84341 2400.67673
v 239.11974 71.09905 2422.49584
v 239.11974 71.09905 2422.49584
v 237.69751 67.47035 2418.96963
v 239.54709 63.54076 2419.99269
v 241.96781 64.23730 2423.93398
v 241.29964 68.69738 2424.77942
v 283.60531 68.82291 2379.20260
v 281.45576 69.71456 2376.80507
v 283.47480 73.62885 2381.00529
v 280.63846 72.36025 2374.76635
v 280.56097 76.13125 2377.62856
v 280.56097 76.13125 2377.62856
v 326.07764 77.92763 2299.97182
v 326.07764 77.92763 2299.97182
v 325.57979 75.99869 2300.00281
v 326.80610 73.89347 2300.55141
v 327.66154 73.49189 2300.90618
v 327.56066 76.17950 2301.11408
v 327.68846 75.99020 2300.37713
v 316.76191 74.12048 2324.25404
v 314.85814 73.66944 2322.51501
v 313.41207 76.78544 2321.41590
v 314.80643 78.69089 2323.20833
v 314.80643 78.69089 2323.20833
v 317.12133 77.14426 2324.89014
v 69.30264 0.71846 2609.19690
v 68.75807 5.12628 2606.21238
v 73.06639 0.94813 2612.96320
v 106.38468 -21.98765 2561.50699
v 58.74753 2.78106 2619.46011
v 56.98813 10.81653 2615.00716
v 64.40438 4.15623 2626.67108
v 65.13867 12.17750 2625.10252
v 60.80761 15.97961 2618.88409
v 60.80761 15.97961 2618.88409
v 74.52862 6.27532 2611.99617
v 71.35187 8.93280 2607.95355
v 71.35187 8.93280 2607.95355
v 112.13101 -16.70656 2563.02357
v 109.52328 -14.00705 2559.10563
v 109.52328 -14.00705 2559.10563
v 110.89339 -22.03574 2565.16099
v 144.26671 -39.23771 2505.82147
v 141.12957 -36.59805 2503.48115
v 141.12957 -36.59805 2503.48115
v 143.71558 -44.16700 2507.03621
v 187.30900 -67.10960 2431.35691
v 184.43210 -64.65385 2428.70545
v 184.43210 -64.65385 2428.70545
v 186.85938 -71.61632 2431.70190
v 234.65046 -98.71995 2346.76123
v 231.34959 -97.13835 2343.21809
v 231.34959 -97.13835 2343.21809
v 233.53940 -101.75399 2346.19141
v 288.37928 -137.27218 2236.18841
v 285.85038 -135.64423 2235.89754
v 285.85038 -135.64423 2235.89754
v 288.74192 -143.07615 2239.19249
v 296.31484 -141.84126 2226.87554
v 296.63965 -153.80517 2231.09198
v 293.07213 -139.02017 2223.51718
v 293.07213 -139.02017 2223.51718
v 296.49636 -141.24149 2221.50850
v 297.13178 -140.90207 2215.91067
v 295.85749 -145.68982 2225.11625
v 294.46390 -139.39229 2218.98794
v 294.46390 -139.39229 2218.98794
v 296.25914 -140.66267 2214.32757
v 296.25914 -140.66267 2214.32757
v 293.10006 -142.10859 2218.37544
v 294.09918 -141.14514 2214.23817
v 290.78642 -141.29943 2223.16074
v 292.85929 -144.31247 2221.42267
v 290.66667 -145.92996 2226.51887
v 295.57374 -143.55400 2216.18247
v 299.44843 -145.08435 2203.38082
v 296.00573 -143.68150 2217.95630
v 300.12789 -143.82154 2204.01168
v 301.52848 -141.88808 2203.71079
v 304.99333 -146.39357 2194.16976
v 299.78842 -141.87694 2203.04585
v 299.78842 -141.87694 2203.04585
v 298.86612 -141.99626 2202.94452
v 285.04589 -142.38900 2237.11658
v 284.04078 -138.40434 2236.40347
v 229.40682 -102.98061 2344.28215
v 228.28932 -99.03828 2342.87786
v 182.73187 -71.70504 2430.37891
v 180.65338 -67.54538 2428.30157
v 138.99902 -44.42731 2504.79102
v 138.40613 -39.43099 2503.68953
v 105.90968 -17.92339 2557.96647
v 187.19782 105.87628 2708.95147
v 83.34899 37.41805 2768.72849
v 185.79340 102.67861 2704.04434
v 183.89314 112.01477 2709.52201
v 285.63538 166.88138 2659.95121
v 283.94526 164.27833 2655.65825
v 282.23109 173.39897 2659.59644
v 304.00366 178.45491 2651.98231
v 303.82121 174.96076 2646.41643
v 303.27633 184.52027 2652.62556
v 313.63466 185.11215 2640.27286
v 300.25187 187.27189 2646.04878
v 300.25187 187.27189 2646.04878
v 300.73604 180.10354 2642.57646
v 279.32119 168.56378 2652.52280
v 278.19961 174.51531 2656.16369
v 278.19961 174.51531 2656.16369
v 181.34108 106.89431 2700.16623
v 75.68154 38.70831 2755.98454
v 180.08858 112.96391 2703.73654
v 180.08858 112.96391 2703.73654
v 74.69932 46.10362 2762.34961
v 74.69932 46.10362 2762.34961
v 78.65787 46.02753 2769.57297
v 82.23011 32.61749 2761.02090
v 35.19005 -25.34215 2815.35292
v 45.67114 -27.95906 2820.02282
v 25.31534 -26.84486 2823.44365
v 23.61444 -84.43750 2792.41610
v 30.32719 -86.87834 2793.91670
v 19.05258 -86.95198 2796.74768
v 18.55413 -119.07209 2770.59078
v 21.81351 -121.17386 2772.59851
v 13.46236 -120.69221 2774.70183
v 11.57904 -148.71866 2754.98366
v 16.54689 -150.08654 2757.11989
v 7.14275 -150.55385 2759.04131
v -2.37847 -229.54367 2711.98058
v 0.86901 -231.23531 2714.64038
v -7.07963 -231.80665 2716.61711
v -15.98366 -301.93651 2669.34943
v -12.72019 -303.57093 2672.81485
v -19.97393 -304.89790 2673.69747
v -18.12083 -318.03828 2665.48705
v -17.64305 -308.02286 2678.80917
v -13.95135 -306.08386 2676.71490
v -13.95135 -306.08386 2676.71490
v 0.64912 -233.36264 2718.49966
v 0.64912 -233.36264 2718.49966
v -3.60462 -234.08999 2720.33954
v 13.36967 -153.37601 2763.00669
v 13.36967 -153.37601 2763.00669
v 10.02445 -152.70907 2764.04142
v 22.11955 -123.11946 2778.32460
v 22.11955 -123.11946 2778.32460
v 15.62417 -122.95973 2779.07014
v 29.08140 -90.73690 2802.35934
v 29.08140 -90.73690 2802.35934
v 21.15653 -90.68584 2803.00331
v 43.47116 -32.37019 2831.54273
v 43.47116 -32.37019 2831.54273
v 31.23416 -31.65881 2833.98724
v 60.36325 -31.07284 2886.46436
v 60.91208 -21.66259 2880.45335
v 63.18790 -28.40059 2896.89350
v 75.31180 -52.95573 2871.68145
v 80.51053 -49.45531 2869.26126
v 79.37716 -52.84496 2877.21968
v 98.10388 -85.76992 2850.36778
v 125.54274 -115.09288 2827.06833
v 100.33300 -82.60892 2848.36650
v 102.01658 -86.65901 2855.90076
v 128.13494 -115.06841 2831.08449
v 106.31213 -83.50503 2856.83918
v 84.76362 -49.90339 2878.66306
v 131.90591 -112.21010 2832.30925
v 105.21451 -80.77778 2851.29309
v 105.21451 -80.77778 2851.29309
v 83.61003 -47.47718 2871.76299
v 83.61003 -47.47718 2871.76299
v 131.25432 -109.21820 2827.46840
v 131.25432 -109.21820 2827.46840
v 127.41056 -112.46199 2825.58823
v 210.30357 -203.77193 2736.38320
v 210.30357 -203.77193 2736.38320
v 211.72357 -207.37734 2741.09125
v 206.36699 -205.89450 2733.69384
v 220.63488 -218.45198 2722.87607
v 220.63488 -218.45198 2722.87607
v 223.13000 -221.49090 2719.21396
v 223.13000 -221.49090 2719.21396
v 223.13000 -221.49090 2719.21396
v 223.13000 -221.49090 2719.21396
v 222.29573 -222.22114 2728.96695
v 215.21378 -220.34130 2722.19944
v 220.10309 -234.52544 2715.01184
v 212.53569 -222.86217 2724.87950
v 221.27435 -223.22136 2716.32314
v 221.27435 -223.22136 2716.32314
v 222.30311 -226.38066 2713.32145
v 222.30311 -226.38066 2713.32145
v 230.83085 -223.73962 2709.50627
v 229.68490 -225.76168 2707.16906
v 232.15756 -221.95736 2711.51090
v 232.15756 -221.95736 2711.51090
v 236.65799 -225.17353 2700.09565
v 233.00470 -226.28348 2711.09152
v 232.44281 -223.80534 2711.68566
v 231.25534 -226.14230 2708.73761
v 224.67710 -229.01931 2714.05029
v 224.67710 -229.01931 2714.05029
v 224.67710 -229.01931 2714.05029
v 227.73446 -228.98585 2718.16373
v 227.73446 -228.98585 2718.16373
v 222.61232 -234.36904 2715.85703
v 222.61232 -234.36904 2715.85703
v 226.20791 -237.82097 2720.10231
v 229.41084 -268.33525 2702.13938
v 229.41084 -268.33525 2702.13938
v 224.36856 -267.29929 2699.19825
v 231.51757 -269.99116 2706.20608
v 239.04628 -310.20883 2687.75511
v 239.04628 -310.20883 2687.75511
v 241.24163 -311.71677 2693.27211
v 237.16876 -310.82556 2688.38191
v 255.86748 -386.30062 2660.20775
v 255.86748 -386.30062 2660.20775
v 257.14001 -387.29224 2663.66959
v 254.39975 -386.44347 2658.80752
v 262.99322 -448.37886 2632.60555
v 262.99322 -448.37886 2632.60555
v 264.47833 -449.47711 2636.37376
v 261.53868 -448.84261 2632.56431
v 263.24892 -452.85031 2632.04527
v 260.07879 -449.24301 2634.82523
v 262.13458 -449.59927 2636.08265
v 253.89376 -387.16605 2663.88345
v 251.16098 -387.26735 2661.89790
v 238.12889 -312.58631 2691.59532
v 235.93627 -311.06883 2690.69266
v 226.91241 -270.99305 2706.51245
v 220.62205 -239.39247 2720.27612
v 223.63918 -269.54925 2703.84789
v 216.74877 -237.19437 2717.82660
v 217.31752 -224.75106 2727.70333
v 209.13611 -210.05371 2739.02845
v 204.93972 -208.49618 2735.74090
v 226.31973 -225.06765 2720.69073
v 226.31973 -225.06765 2720.69073
v 70.96332 -18.08704 2886.88684
v 70.96332 -18.08704 2886.88684
v 72.46820 -21.09904 2901.76296
v 3.27991 -12.72229 3143.54706
v 6.56605 -18.75684 3150.18773
v -1.50986 -2.37719 3147.52626
v -142.23094 -55.46317 3080.79338
v -141.40253 -63.40369 3084.20062
v -145.37142 -51.89549 3081.95472
v -285.43690 -121.26172 2995.55135
v -286.40211 -126.38777 2999.05992
v -289.44978 -116.18061 2998.35849
v -427.14918 -167.27036 2916.92114
v -425.87110 -170.00657 2920.00151
v -427.64246 -165.19353 2917.54699
v -495.31454 -192.42634 2871.54651
v -497.08581 -196.07335 2875.20528
v -497.68692 -188.77697 2872.17021
v -557.50597 -211.40584 2821.75303
v -557.31696 -215.49515 2823.02618
v -558.10761 -210.70750 2821.12193
v -620.09329 -240.56169 2756.25134
v -621.59282 -243.76276 2758.57568
v -621.14221 -238.96600 2756.53648
v -658.93358 -260.03158 2714.01787
v -659.69896 -264.89681 2715.49702
v -660.42966 -257.37989 2714.37740
v -672.52725 -270.29771 2698.14491
v -662.99671 -260.11321 2716.45451
v -662.99671 -260.11321 2716.45451
v -661.00687 -264.03698 2716.23921
v -624.75789 -243.94116 2760.19573
v -624.11308 -240.85821 2758.99673
v -624.11308 -240.85821 2758.99673
v -560.41300 -213.55242 2824.98384
v -559.50636 -212.38315 2823.75717
v -559.50636 -212.38315 2823.75717
v -498.90512 -197.70862 2877.11167
v -500.40311 -190.76653 2876.01113
v -500.40311 -190.76653 2876.01113
v -428.21923 -167.28064 2923.55108
v -429.26374 -164.70101 2922.74237
v -429.26374 -164.70101 2922.74237
v -289.49213 -123.15682 3002.61045
v -292.07215 -114.74608 3003.30758
v -292.07215 -114.74608 3003.30758
v -145.26257 -58.27299 3089.90335
v -146.86435 -52.33885 3089.10537
v -146.86435 -52.33885 3089.10537
v 5.77811 -16.51845 3158.45394
v -0.53757 -6.38816 3152.90713
v -0.53757 -6.38816 3152.90713
v -479.52232 -190.43972 2928.51329
v -479.52232 -190.43972 2928.51329
v -562.49058 -230.30517 2919.09957
v -562.49058 -230.30517 2919.09957
v -477.84078 -191.89523 2931.62632
v -561.29122 -231.65815 2921.26775
v -477.17437 -196.49957 2928.78127
v -559.77690 -234.86210 2919.43049
v -476.60130 -195.98021 2925.57883
v -560.63288 -235.50370 2916.49318
v -478.21400 -192.88084 2924.75510
v -562.20996 -232.72797 2916.73160
v -387.97826 -153.30493 2959.56802
v -387.97826 -153.30493 2959.56802
v -386.99341 -156.25751 2961.77316
v -386.03494 -159.65198 2959.88703
v -384.93150 -159.97680 2956.51627
v -386.32655 -156.17141 2955.36566
v -333.65151 -129.88295 2976.40610
v -333.65151 -129.88295 2976.40610
v -332.58918 -133.25377 2979.57373
v -330.90860 -137.34917 2977.56577
v -330.58226 -136.90610 2973.44708
v -332.30293 -132.46061 2973.44255
v -430.38490 -179.90762 2940.66143
v -430.73556 -178.63025 2943.79115
v -432.09770 -175.17506 2939.69440
v -433.73564 -176.70618 2945.10579
v -433.68196 -172.43649 2943.83931
v -433.68196 -172.43649 2943.83931
v -568.71521 -233.46585 2917.86885
v -568.71521 -233.46585 2917.86885
v -566.59389 -234.68287 2918.62965
v -565.98783 -237.04077 2917.28759
v -566.40440 -237.82484 2916.24546
v -568.11666 -235.47573 2916.00132
v -568.86017 -236.01155 2916.12101
v -530.18481 -220.46271 2920.77684
v -529.17206 -220.19292 2923.55514
v -530.81471 -217.07393 2925.21930
v -532.24242 -215.77881 2922.84298
v -532.24242 -215.77881 2922.84298
v -532.30721 -217.99026 2919.83390
v 116.26916 -444.98321 3001.94693
v 119.27406 -447.94974 3001.04523
v 115.31558 -444.27201 3005.98454
v 120.93000 -449.06387 3004.21858
v 120.93000 -449.06387 3004.21858
v 118.30987 -447.08219 3007.43270
v 94.32799 -486.00370 2987.74314
v 97.12070 -489.26434 2986.47881
v 93.01431 -485.61719 2992.01751
v 98.60623 -491.25528 2989.83908
v 98.60623 -491.25528 2989.83908
v 96.10972 -489.09017 2992.69247
v 74.02121 -530.98834 2966.29643
v 77.33811 -532.87649 2966.57872
v 72.89791 -531.69996 2969.94948
v 78.42221 -535.03758 2968.47892
v 78.42221 -535.03758 2968.47892
v 75.88508 -534.15191 2970.71385
v 48.49076 -591.04943 2939.14080
v 51.69901 -592.67139 2937.93964
v 47.44516 -592.05008 2941.94031
v 52.52826 -594.92022 2940.71889
v 52.52826 -594.92022 2940.71889
v 50.16170 -593.76895 2943.04609
v 17.20909 -662.19443 2916.13722
v 19.97263 -663.87284 2915.66873
v 17.39416 -661.57043 2919.95120
v 20.72760 -664.43974 2918.27250
v 20.72760 -664.43974 2918.27250
v 19.24865 -661.87435 2921.58318
v -22.91956 -747.05589 2901.63636
v -20.11930 -748.21860 2901.53265
v -23.92928 -745.86940 2904.81186
v -18.61101 -749.41897 2903.13935
v -18.61101 -749.41897 2903.13935
v -20.11903 -749.26990 2904.60515
v -28.54479 -775.14285 2897.07661
v -26.40321 -775.98357 2897.17507
v -27.79397 -774.99473 2898.06104
v -26.47827 -776.06869 2897.86148
v -26.47827 -776.06869 2897.86148
v -26.75869 -775.81400 2899.29771
v -30.73942 -782.95046 2896.79098
v -24.90189 -756.90299 2905.18093
v -32.76293 -751.37365 2904.52337
v -26.67150 -755.53393 2900.35915
v -23.73966 -759.06146 2900.07997
v -22.59854 -759.56911 2902.25172
v -22.59854 -759.56911 2902.25172
v -24.56410 -766.57945 2898.72718
v -26.43323 -763.48060 2900.96593
v -24.60981 -766.93362 2900.31886
v -24.60981 -766.93362 2900.31886
v -24.85614 -765.78408 2901.49426
v -26.34570 -764.82582 2899.98531
v -24.74832 -761.24328 2903.25975
v -26.17429 -760.16557 2900.11835
v -24.86850 -763.00591 2899.52302
v -27.45900 -757.47472 2903.33080
v -23.26752 -763.25452 2901.27325
v -23.26752 -763.25452 2901.27325
v 119.88252 -434.19841 3003.06082
v 125.51951 -438.62206 3001.60003
v 119.03673 -432.41647 3010.25414
v 127.63317 -439.28114 3006.91009
v 127.63317 -439.28114 3006.91009
v 123.92490 -436.06830 3011.64865
v 117.14925 -395.01396 3028.96929
v 118.22339 -380.69957 3040.35592
v 118.53854 -387.95936 3025.43926
v 122.06659 -380.88590 3031.37946
v 122.06659 -380.88590 3031.37946
v 115.02330 -390.37532 3035.57014
v 133.57213 -410.55506 3024.33634
v 136.60568 -404.02111 3030.46489
v 137.18417 -406.38241 3024.06359
v 138.00272 -403.40182 3026.17574
v 138.00272 -403.40182 3026.17574
v 134.13888 -408.36254 3028.45740
v 185.83253 -452.61762 3011.44838
v 187.60258 -447.45547 3015.86914
v 187.19330 -450.07497 3010.97059
v 188.54178 -445.90637 3012.86936
v 188.54178 -445.90637 3012.86936
v 186.03231 -451.18666 3014.35685
v 275.02576 -518.20564 2978.99199
v 277.20016 -514.35137 2983.60801
v 276.31629 -515.90961 2978.08695
v 277.56336 -512.51799 2980.49617
v 277.56336 -512.51799 2980.49617
v 276.61583 -517.68225 2981.88114
v 159.83969 -430.59665 3017.26079
v 161.61016 -427.11249 3020.02954
v 161.61016 -427.11249 3020.02954
v 158.71897 -432.29586 3022.07041
v 158.13801 -433.61408 3017.96675
v 160.67341 -428.19786 3023.53215
v 291.33245 -540.82680 2971.97413
v 296.36249 -538.02484 2975.46983
v 294.04619 -537.98127 2971.06838
v 295.26469 -536.93575 2972.12791
v 295.26469 -536.93575 2972.12791
v 293.07896 -541.05854 2974.31970
v 320.02848 -599.78867 2962.26931
v 322.43720 -598.26934 2964.98632
v 321.53928 -599.54095 2961.21597
v 322.82752 -598.53190 2961.27319
v 322.82752 -598.53190 2961.27319
v 321.21131 -600.21698 2963.32359
v 347.13206 -662.16516 2950.74534
v 350.15824 -660.03817 2953.13907
v 350.06502 -660.91979 2949.69177
v 350.46285 -660.13175 2950.83237
v 350.46285 -660.13175 2950.83237
v 348.10299 -660.92551 2952.51417
v 368.31877 -714.53136 2938.47275
v 370.48584 -713.10782 2940.37962
v 369.93441 -714.07413 2937.49738
v 370.75409 -713.22674 2937.84547
v 370.75409 -713.22674 2937.84547
v 369.17564 -713.99093 2939.67628
v 371.57249 -716.92085 2937.67333
v 307.65456 -564.86708 2966.48550
v 307.65456 -564.86708 2966.48550
v 305.48787 -566.03682 2963.61256
v 304.92687 -567.20334 2968.48559
v 307.72030 -564.96894 2969.34605
v 303.69690 -567.43729 2966.16983
v 289.31779 -525.06673 2979.35700
v 286.99511 -528.91272 2977.53811
v 287.13053 -526.74836 2973.79422
v 289.99066 -523.37807 2975.38948
v 289.99066 -523.37807 2975.38948
v 284.85730 -529.27810 2974.77484
v 297.01805 -530.53439 2974.52188
v 297.01805 -530.53439 2974.52188
v 296.56875 -532.13429 2971.45128
v 296.56875 -532.13429 2971.45128
v 296.56875 -532.13429 2971.45128
v 295.09822 -530.81185 2970.43228
v 295.09822 -530.81185 2970.43228
v 294.88409 -527.37147 2975.57211
v 294.88409 -527.37147 2975.57211
v 293.11702 -528.08356 2971.85993
v 293.11702 -528.08356 2971.85993
v 293.07455 -525.64192 2973.91558
v 293.07455 -525.64192 2973.91558
v 293.07455 -525.64192 2973.91558
v 293.07455 -525.64192 2973.91558
v 302.34343 -527.68588 2971.60268
v 302.06984 -528.46909 2969.84220
v 301.61178 -528.88173 2968.57047
v 301.53802 -525.72918 2971.76504
v 301.29629 -526.50565 2970.13831
v 301.22989 -524.31852 2971.56072
v 301.22989 -524.31852 2971.56072
v 308.19431 -527.24260 2966.08472
v 51.63630 -46.89507 3213.79972
v 61.33347 -46.25057 3222.64576
v 61.33347 -46.25057 3222.64576
v 60.49270 -38.73583 3210.78873
v 69.27925 -35.05763 3215.71970
v 53.60157 -51.06225 3224.45011
v 90.36633 -217.51638 3134.18555
v 101.06088 -217.70792 3139.52255
v 101.06088 -217.70792 3139.52255
v 98.00891 -213.30141 3127.94352
v 104.16841 -214.62670 3134.35984
v 91.70269 -220.52442 3137.60996
v 114.12878 -394.96699 3025.07496
v 123.59238 -398.03374 3033.20026
v 123.59238 -398.03374 3033.20026
v 121.47609 -392.93721 3021.32893
v 125.70691 -394.43663 3025.27809
v 117.08024 -398.12812 3030.41053
v 134.05055 -570.61458 2937.23583
v 140.65433 -569.71723 2941.46776
v 140.65433 -569.71723 2941.46776
v 138.27497 -567.08014 2935.86993
v 142.32534 -567.76869 2939.42642
v 133.96381 -571.09690 2939.36777
v 137.29097 -665.64304 2902.62818
v 144.11804 -667.01847 2906.57449
v 144.11804 -667.01847 2906.57449
v 144.74389 -665.17550 2900.69127
v 148.96922 -665.70270 2900.05374
v 136.99007 -666.94534 2906.71206
v 130.10845 -754.95523 2872.26963
v 133.65902 -755.38290 2872.62678
v 133.65902 -755.38290 2872.62678
v 133.86337 -753.75408 2869.71450
v 136.03897 -755.33772 2872.38240
v 129.36100 -755.87744 2872.53618
v 118.26146 -843.31262 2821.06829
v 123.10021 -845.04282 2822.44492
v 123.10021 -845.04282 2822.44492
v 123.29827 -842.97210 2819.82708
v 126.55750 -844.65474 2820.68539
v 118.03442 -844.13832 2822.51263
v 110.28952 -898.96917 2787.44125
v 114.71786 -900.93184 2788.83457
v 114.71786 -900.93184 2788.83457
v 115.22473 -898.38785 2784.44481
v 116.03786 -899.10913 2785.55989
v 109.67734 -900.20263 2789.76941
v 108.68803 -918.83349 2772.45235
v 107.62832 -287.77197 3090.49702
v 108.80388 -284.06519 3095.66283
v 108.35022 -284.81752 3090.14487
v 108.76928 -281.44175 3093.04452
v 108.76928 -281.44175 3093.04452
v 108.99141 -287.29483 3093.50705
v 127.95380 -303.83560 3083.19545
v 132.05540 -300.00603 3087.57854
v 129.89563 -299.84230 3083.12201
v 130.80798 -298.58553 3084.43308
v 130.80798 -298.58553 3084.43308
v 129.63238 -303.96205 3085.61563
v 167.87021 -352.11784 3070.23120
v 169.78781 -350.31751 3073.33255
v 169.24635 -351.14130 3069.49425
v 170.23864 -349.69285 3069.87023
v 170.23864 -349.69285 3069.87023
v 169.07014 -352.37014 3071.33245
v 207.04305 -404.03643 3054.86846
v 209.41329 -401.34338 3057.83820
v 209.54125 -401.56585 3054.47125
v 209.73636 -400.86403 3055.70531
v 209.73636 -400.86403 3055.70531
v 207.67513 -402.81099 3056.83565
v 238.47277 -447.61965 3039.30879
v 240.19030 -445.83204 3041.60213
v 239.90172 -446.41048 3038.68818
v 240.48597 -445.34418 3039.24775
v 240.48597 -445.34418 3039.24775
v 239.15368 -447.02771 3040.63439
v 242.06214 -448.78849 3038.70320
v 148.59079 -321.65000 3077.13819
v 148.59079 -321.65000 3077.13819
v 146.82552 -322.98163 3073.97270
v 146.51665 -325.35398 3078.30501
v 148.65528 -322.31632 3079.81706
v 145.42669 -325.53235 3075.92368
v 122.57562 -290.00285 3091.96711
v 121.23797 -294.32419 3089.40530
v 120.92037 -291.31204 3086.20596
v 122.86917 -287.24784 3088.57083
v 122.86917 -287.24784 3088.57083
v 119.32372 -294.85124 3086.45582
v 131.04914 -291.97612 3087.79883
v 131.04914 -291.97612 3087.79883
v 130.99644 -293.12551 3084.63669
v 130.99644 -293.12551 3084.63669
v 130.99644 -293.12551 3084.63669
v 129.33119 -292.06842 3083.64844
v 129.33119 -292.06842 3083.64844
v 128.34410 -289.69514 3088.90557
v 128.34410 -289.69514 3088.90557
v 126.86130 -290.25513 3085.07228
v 126.86130 -290.25513 3085.07228
v 126.27594 -288.20777 3087.32557
v 126.27594 -288.20777 3087.32557
v 126.27594 -288.20777 3087.32557
v 126.27594 -288.20777 3087.32557
v 135.46419 -286.68708 3086.21311
v 135.38957 -287.21529 3084.41615
v 135.05682 -287.52911 3083.10127
v 134.27889 -285.00253 3086.51471
v 134.23118 -285.54067 3084.84864
v 133.68323 -283.63052 3086.46989
v 133.68323 -283.63052 3086.46989
v 140.91486 -283.13470 3081.93946
v 74.37641 77.96422 3281.68440
v 78.47280 76.38256 3276.95870
v 67.83457 76.27726 3277.51017
v 95.10444 171.58803 3247.05982
v 71.33867 58.93820 3295.45617
v 78.31210 54.57182 3288.05971
v 60.02657 53.83146 3288.45072
v 62.23688 48.11377 3278.55921
v 72.28404 48.02876 3278.56565
v 72.28404 48.02876 3278.56565
v 68.54087 73.01447 3269.70911
v 75.35103 72.55315 3269.97781
v 75.35103 72.55315 3269.97781
v 90.20624 168.53307 3234.40695
v 96.49279 168.26090 3233.93083
v 96.49279 168.26090 3233.93083
v 88.11957 170.75050 3242.20085
v 124.36160 268.54265 3203.67146
v 129.36363 266.39575 3204.31376
v 129.36363 266.39575 3204.31376
v 122.81159 271.73936 3209.93781
v 168.17436 398.07725 3160.55107
v 173.29401 396.58737 3160.98237
v 173.29401 396.58737 3160.98237
v 167.51876 401.81094 3166.02850
v 219.04725 544.20853 3113.50298
v 225.27695 544.20459 3115.20004
v 225.27695 544.20459 3115.20004
v 220.01043 547.02961 3118.03579
v 291.63149 727.42891 3059.50046
v 293.92940 724.56300 3060.93287
v 293.92940 724.56300 3060.93287
v 287.45332 730.22932 3065.95683
v 295.17421 746.27751 3051.99337
v 288.92156 753.79038 3065.37342
v 301.33817 744.92192 3052.33455
v 301.33817 744.92192 3052.33455
v 300.73383 751.25724 3049.84093
v 306.18069 757.00760 3047.33014
v 296.81081 751.50412 3056.27584
v 305.04233 750.75102 3049.86930
v 305.04233 750.75102 3049.86930
v 308.47862 757.83581 3047.81580
v 308.47862 757.83581 3047.81580
v 306.27027 753.14927 3054.37636
v 310.02149 757.04086 3051.07975
v 303.00435 746.05942 3057.61719
v 302.95780 752.04051 3057.76715
v 298.95359 747.06161 3063.52186
v 306.63013 758.32456 3052.22797
v 317.07618 775.22647 3045.84718
v 304.45722 756.91837 3052.23298
v 316.11183 773.78863 3043.77604
v 315.70584 773.09847 3039.84141
v 322.63064 789.31642 3037.94384
v 317.62218 772.67259 3041.90207
v 317.62218 772.67259 3041.90207
v 318.35869 772.31324 3043.18810
v 292.30657 729.35528 3069.46635
v 294.29612 725.58963 3066.32471
v 224.73636 547.56665 3124.19105
v 227.52097 544.47317 3121.07396
v 171.78309 400.65396 3171.10014
v 175.97395 397.43096 3168.82253
v 128.42891 271.31552 3215.72852
v 130.67213 267.22240 3210.88409
v 99.68616 170.94696 3242.47980
v 300.11785 54.75675 3208.89592
v 300.11785 54.75675 3208.89592
v 406.49354 83.18792 3137.57467
v 406.49354 83.18792 3137.57467
v 295.52585 50.97212 3203.32527
v 403.90044 79.48370 3130.64098
v 300.22746 46.28664 3204.38766
v 406.83562 73.97096 3132.97319
v 303.79286 47.61127 3211.46846
v 411.57621 74.78140 3139.73689
v 304.87972 52.43912 3214.61987
v 410.80427 80.19786 3141.34860
v 189.78968 28.52051 3285.95543
v 189.78968 28.52051 3285.95543
v 187.28875 23.78368 3279.74963
v 190.18501 19.96126 3280.62534
v 193.89963 20.04874 3287.67180
v 195.03757 25.65426 3292.40584
v 124.96081 16.78805 3331.18844
v 124.96081 16.78805 3331.18844
v 121.31326 11.19683 3322.83473
v 124.12889 6.16195 3323.93885
v 129.04996 7.87031 3332.38053
v 128.72317 14.01710 3335.33478
v 91.13291 21.59776 3351.88150
v 91.13291 21.59776 3351.88150
v 83.93354 9.66839 3329.70691
v 94.44466 -6.54593 3334.13386
v 104.08354 -0.29281 3356.85635
v 96.67207 13.29175 3367.40518
v 249.71807 31.52590 3248.62671
v 245.52424 32.12980 3243.82520
v 250.52643 38.32499 3253.67999
v 245.14014 35.76483 3240.32211
v 245.35029 41.02293 3247.27058
v 245.35029 41.02293 3247.27058
v 418.05798 85.79086 3131.10733
v 418.05798 85.79086 3131.10733
v 415.74633 81.66777 3129.23741
v 418.50716 78.14797 3130.45669
v 420.80921 77.79254 3132.00068
v 421.08911 82.89545 3134.29499
v 422.32168 82.91870 3132.54571
v 357.23948 61.93499 3175.78030
v 352.80478 60.49233 3169.11745
v 350.28380 66.06998 3167.04822
v 353.42586 69.99318 3174.29185
v 353.42586 69.99318 3174.29185
v 358.65593 67.82905 3179.86798
v 102.62643 20.64990 3344.30885
v 102.62643 20.64990 3344.30885
v 108.77121 8.66154 3346.52519
v 108.76740 2.03485 3342.96894
v 101.24974 0.12158 3335.44588
v 95.06872 8.98162 3332.48901
v -91.68112 20.77219 3324.04685
v 16.74846 -6.20043 3410.04014
v -93.49658 24.22181 3328.28951
v -87.22480 27.15866 3319.68570
v -191.44864 36.24573 3244.52996
v -192.58669 39.75523 3248.23308
v -187.28542 43.86247 3240.04269
v -209.44621 38.15055 3229.30408
v -212.73595 41.08319 3233.50000
v -207.26573 42.44998 3224.08223
v -222.49006 46.74929 3222.21351
v -207.27229 53.00041 3223.95515
v -207.27229 53.00041 3223.95515
v -210.85614 50.78984 3230.76820
v -189.15826 49.34785 3246.67096
v -185.16655 51.00963 3241.12654
v -185.16655 51.00963 3241.12654
v -90.60262 34.34122 3326.86758
v 17.53727 12.71726 3414.00361
v -86.50541 36.25476 3321.27857
v -86.50541 36.25476 3321.27857
v 23.04127 12.71397 3406.62313
v 23.04127 12.71397 3406.62313
v 23.07057 2.75754 3403.93472
v 12.97254 -1.45157 3416.12315
v 85.16683 -24.98183 3488.64627
v 81.15105 -16.51863 3478.26290
v 90.87375 -23.26007 3498.84367
v 126.84613 -35.19680 3466.56585
v 124.77668 -30.69652 3459.26285
v 130.53855 -33.62850 3470.50142
v 150.66798 -46.42090 3450.40631
v 150.16177 -43.14532 3446.65432
v 154.11241 -45.41498 3455.24120
v 172.31828 -54.99413 3439.67104
v 170.49287 -51.01361 3434.67283
v 175.55366 -53.69636 3443.76636
v 228.74998 -76.46130 3405.49827
v 227.98538 -72.80275 3402.08006
v 232.35525 -74.78432 3409.74641
v 280.00265 -99.11913 3375.16880
v 279.16878 -94.88817 3371.91463
v 283.66399 -97.20163 3378.34501
v 290.75399 -99.74603 3368.63256
v 284.13647 -91.91900 3375.56267
v 281.15731 -92.16031 3372.59650
v 281.15731 -92.16031 3372.59650
v 229.22587 -69.73183 3401.97849
v 229.22587 -69.73183 3401.97849
v 231.78719 -70.15201 3406.02303
v 173.87681 -47.57384 3437.20412
v 173.87681 -47.57384 3437.20412
v 175.17263 -48.43608 3440.91082
v 150.96048 -38.54166 3446.49124
v 150.96048 -38.54166 3446.49124
v 154.19036 -40.90288 3452.89803
v 127.41461 -24.46768 3460.15716
v 127.41461 -24.46768 3460.15716
v 131.44934 -27.51113 3467.85378
v 84.50364 -8.40315 3480.37577
v 84.50364 -8.40315 3480.37577
v 90.31080 -12.18624 3492.84124
v 85.59513 23.28756 3526.93701
v 87.10145 14.30332 3529.27518
v 77.01056 21.98849 3529.81830
v 100.47292 35.25919 3498.66199
v 100.50514 30.56901 3495.57209
v 95.95222 34.98630 3497.51115
v 122.12384 53.24944 3456.27141
v 143.57236 66.77298 3411.37075
v 122.34696 49.69465 3455.46889
v 117.91494 53.85225 3454.71787
v 140.35708 66.71576 3410.78472
v 115.76962 50.23175 3453.34148
v 93.36361 31.33690 3495.35251
v 138.16187 63.52722 3409.76501
v 119.08652 47.34639 3453.65191
v 119.08652 47.34639 3453.65191
v 97.74075 28.49978 3495.07046
v 97.74075 28.49978 3495.07046
v 140.84032 60.41650 3410.11500
v 140.84032 60.41650 3410.11500
v 143.62398 63.84096 3410.75873
v 222.63250 103.94073 3267.03119
v 222.63250 103.94073 3267.03119
v 220.12401 107.34031 3265.71608
v 225.68282 106.32151 3268.04399
v 235.13490 111.31300 3246.55533
v 235.13490 111.31300 3246.55533
v 238.29383 112.60543 3241.73188
v 238.29383 112.60543 3241.73188
v 238.29383 112.60543 3241.73188
v 238.29383 112.60543 3241.73188
v 231.65500 115.00890 3245.45670
v 236.87786 114.21511 3249.55964
v 245.44671 123.62819 3235.82315
v 236.04530 117.46252 3251.28579
v 241.10019 114.07642 3241.25481
v 241.10019 114.07642 3241.25481
v 244.01629 115.96309 3237.74600
v 244.01629 115.96309 3237.74600
v 244.85174 110.88793 3231.11939
v 247.25324 112.50471 3230.13306
v 242.73270 109.37031 3231.72188
v 242.73270 109.37031 3231.72188
v 251.21042 109.03151 3222.49675
v 244.16628 112.69713 3228.66249
v 243.10261 110.86873 3230.60012
v 246.03626 112.66136 3229.26617
v 243.94286 117.66069 3234.78031
v 243.94286 117.66069 3234.78031
v 243.94286 117.66069 3234.78031
v 240.59418 117.48879 3233.87074
v 240.59418 117.48879 3233.87074
v 244.46720 122.97126 3234.24721
v 244.46720 122.97126 3234.24721
v 241.95737 125.59351 3231.15158
v 263.14169 147.37192 3206.41851
v 263.14169 147.37192 3206.41851
v 265.60789 147.36238 3209.84745
v 260.43847 148.85634 3205.35493
v 284.19489 177.52936 3172.02854
v 284.19489 177.52936 3172.02854
v 280.40254 179.10051 3171.48614
v 284.17319 178.64189 3173.39349
v 323.54826 232.28547 3109.57289
v 323.54826 232.28547 3109.57289
v 321.19557 233.33701 3109.29108
v 324.78246 232.56662 3110.14700
v 360.18479 277.87217 3061.94758
v 360.18479 277.87217 3061.94758
v 357.61610 279.00615 3061.55300
v 360.53988 278.63732 3062.82592
v 361.83882 281.45394 3059.22365
v 359.23460 279.72215 3064.55660
v 358.16854 279.68013 3063.21383
v 321.43542 234.12293 3111.96351
v 323.24222 234.60895 3113.33847
v 282.26066 180.37909 3172.86706
v 282.75713 179.54329 3175.04644
v 261.11665 150.95943 3208.53305
v 243.02369 128.41046 3234.75122
v 263.03437 150.18639 3210.89268
v 244.64986 127.19969 3238.04712
v 233.94278 118.23523 3247.57481
v 222.70849 109.92912 3265.61069
v 225.15994 109.20426 3268.52846
v 237.84915 114.99281 3237.90717
v 237.84915 114.99281 3237.90717
v 80.15338 9.69683 3525.57659
v 80.15338 9.69683 3525.57659
v 70.20703 14.21717 3528.10502
v 22.62255 36.17908 3799.89028
v 27.14815 40.42365 3810.77290
v 33.31419 32.29857 3787.65273
v -34.37407 175.45247 3697.25800
v -33.97887 182.48600 3706.71701
v -30.55204 175.27887 3691.73503
v -129.55272 326.61587 3609.94244
v -127.31197 332.73494 3615.30304
v -122.82833 326.29848 3602.88429
v -208.29564 461.35047 3507.60746
v -206.10353 463.46736 3512.39347
v -206.48247 460.14139 3505.47123
v -256.69509 526.74299 3458.42886
v -253.40283 532.29529 3461.78412
v -253.69185 525.72650 3453.25994
v -309.29166 580.76620 3406.67629
v -309.61078 584.45519 3411.17263
v -309.59013 580.49309 3405.28607
v -385.39663 639.65708 3358.36649
v -383.59949 644.24926 3361.02605
v -384.06512 639.22548 3356.10127
v -435.16305 676.96166 3329.09727
v -435.32550 682.15334 3333.61936
v -433.15443 676.01132 3325.49381
v -455.44118 692.68614 3321.71035
v -431.16957 681.01215 3326.74122
v -431.16957 681.01215 3326.74122
v -433.69752 682.68639 3332.00741
v -380.87779 647.42887 3359.19571
v -381.13472 643.93848 3356.36425
v -381.13472 643.93848 3356.36425
v -305.55433 585.84994 3407.51934
v -306.76413 583.77767 3406.70228
v -306.76413 583.77767 3406.70228
v -251.33425 535.69627 3462.54468
v -249.19358 530.68149 3454.33879
v -249.19358 530.68149 3454.33879
v -199.96098 464.00100 3509.20796
v -199.52300 462.43131 3505.60856
v -199.52300 462.43131 3505.60856
v -120.74888 333.44436 3611.03010
v -115.48655 328.53636 3601.21584
v -115.48655 328.53636 3601.21584
v -23.75352 182.77121 3700.81663
v -21.66575 178.78601 3693.59112
v -21.66575 178.78601 3693.59112
v 38.39611 41.35067 3811.08904
v 37.81634 36.37104 3794.25001
v 37.81634 36.37104 3794.25001
v -190.72980 527.24677 3490.76581
v -190.72980 527.24677 3490.76581
v -198.06656 626.95640 3456.72369
v -198.06656 626.95640 3456.72369
v -188.03504 527.94367 3494.68517
v -196.34813 627.70945 3459.79691
v -193.71364 530.58678 3498.52633
v -200.40250 628.72499 3463.38725
v -197.52586 528.81950 3497.31302
v -204.03254 629.19533 3462.19516
v -196.72593 527.26626 3492.74945
v -202.09485 628.17293 3458.36258
v -160.55918 428.60302 3542.50693
v -160.55918 428.60302 3542.50693
v -159.44993 430.91291 3546.93031
v -163.50257 432.53458 3550.22526
v -168.03372 431.01114 3550.18353
v -167.37455 428.58723 3545.00961
v -143.97374 368.45279 3571.31076
v -143.97374 368.45279 3571.31076
v -141.90087 371.31378 3576.55191
v -146.60248 372.91169 3581.05803
v -151.49716 371.16838 3579.37264
v -149.07530 368.76774 3573.75264
v -184.20628 481.15331 3525.74229
v -179.74293 481.17870 3525.41232
v -182.82869 478.24407 3519.49859
v -176.50139 482.33968 3521.61598
v -176.15783 478.29887 3517.15112
v -176.15783 478.29887 3517.15112
v -199.32997 634.44304 3454.13470
v -199.32997 634.44304 3454.13470
v -199.50378 633.94898 3457.31330
v -202.34194 635.11586 3459.54108
v -203.84705 635.85240 3459.55157
v -202.65016 635.17809 3455.83129
v -202.54698 636.27905 3455.77121
v -200.14969 592.47178 3474.60866
v -196.91965 592.14920 3476.22156
v -193.07941 591.26574 3472.54181
v -195.01668 590.69419 3469.25783
v -195.01668 590.69419 3469.25783
v -199.63932 591.84217 3470.17407
v -159.58391 -113.88761 3618.73269
v -163.42780 -115.70857 3619.19641
v -159.85762 -109.73279 3619.93575
v -166.58631 -113.48175 3621.16814
v -166.58631 -113.48175 3621.16814
v -164.45857 -109.41443 3621.39606
v -159.33162 -97.33501 3573.97366
v -163.03323 -99.24278 3573.97056
v -159.57533 -92.59650 3574.81146
v -166.61286 -96.40907 3575.41561
v -166.61286 -96.40907 3575.41561
v -164.35328 -92.82814 3575.69742
v -160.04197 -87.21365 3525.57158
v -163.96703 -88.53406 3527.31943
v -160.83774 -82.78765 3525.73490
v -166.77821 -86.72485 3527.78220
v -166.77821 -86.72485 3527.78220
v -164.98208 -83.23051 3527.11105
v -162.84285 -73.40325 3462.78596
v -165.98816 -76.12711 3464.00642
v -163.55605 -69.72091 3462.52298
v -168.95670 -73.29325 3464.56480
v -168.95670 -73.29325 3464.56480
v -167.18596 -69.92535 3464.20646
v -168.62738 -47.79961 3391.18290
v -171.70121 -49.51711 3392.30752
v -169.81547 -44.59881 3393.15772
v -173.59515 -47.40281 3393.62931
v -173.59515 -47.40281 3393.62931
v -172.12161 -44.23539 3395.11180
v -177.88936 -3.28723 3308.61330
v -180.83523 -4.87635 3310.18329
v -177.53480 -0.06856 3309.68523
v -183.35035 -3.97641 3311.37729
v -183.35035 -3.97641 3311.37729
v -182.54559 -1.63550 3310.83226
v -187.40569 6.44086 3287.46748
v -189.69595 5.37389 3288.76376
v -188.30396 6.79169 3288.52940
v -189.93108 6.09515 3288.92827
v -189.93108 6.09515 3288.92827
v -190.07631 7.53221 3289.40392
v -189.88360 10.49061 3281.47292
v -183.08680 4.92051 3303.21002
v -173.19363 7.68001 3299.63064
v -179.09071 1.14390 3300.63605
v -183.41662 0.15494 3300.98867
v -185.44102 1.58180 3302.47951
v -185.44102 1.58180 3302.47951
v -186.48206 2.17065 3295.81857
v -183.99356 4.41366 3296.85259
v -187.22247 3.81206 3296.21911
v -187.22247 3.81206 3296.21911
v -186.79632 4.66019 3297.09363
v -184.46891 3.92587 3295.82453
v -184.96534 4.59249 3300.27843
v -182.03007 2.25144 3298.48266
v -184.50175 1.83013 3297.78242
v -180.61152 5.14954 3300.14753
v -186.60899 2.45700 3299.61061
v -186.60899 2.45700 3299.61061
v -156.90631 -119.20871 3627.75803
v -163.55695 -122.82164 3629.32348
v -157.81251 -112.57456 3630.85270
v -167.61591 -119.08126 3632.73883
v -167.61591 -119.08126 3632.73883
v -164.44312 -113.29538 3633.35204
v -141.94039 -107.35105 3656.51560
v -138.89460 -102.64431 3669.42334
v -137.83117 -114.13261 3659.97314
v -138.93127 -113.56132 3668.85829
v -138.93127 -113.56132 3668.85829
v -139.95521 -101.42538 3659.87349
v -162.67648 -117.27116 3659.52229
v -163.73853 -115.99194 3667.80210
v -163.22508 -121.49668 3664.49881
v -162.99123 -121.16385 3667.55795
v -162.99123 -121.16385 3667.55795
v -163.40832 -114.61096 3662.75215
v -225.16538 -149.77789 3673.73514
v -225.33046 -148.73190 3679.61287
v -224.68795 -152.06942 3675.97699
v -224.14662 -152.72577 3680.00340
v -224.14662 -152.72577 3680.00340
v -225.58106 -147.72196 3675.79341
v -324.51433 -217.23758 3697.17240
v -325.82462 -215.81353 3702.75545
v -323.96233 -219.79012 3699.05996
v -323.96078 -219.62135 3702.79455
v -323.96078 -219.62135 3702.79455
v -326.59078 -215.82125 3699.84794
v -193.24704 -134.56361 3667.01436
v -193.75898 -134.45079 3671.35525
v -193.75898 -134.45079 3671.35525
v -195.02269 -128.70575 3667.11044
v -193.79200 -131.65548 3664.33930
v -194.86599 -130.15747 3671.40961
v -348.28222 -226.74476 3695.39905
v -352.15259 -227.93432 3702.25573
v -348.60283 -230.46806 3698.70949
v -349.41071 -230.69043 3700.64831
v -349.41071 -230.69043 3700.64831
v -350.71725 -225.66907 3697.58558
v -401.87806 -234.10095 3683.16698
v -404.01036 -233.76328 3686.95378
v -402.61114 -236.20285 3684.08632
v -403.13327 -237.39311 3685.66799
v -403.13327 -237.39311 3685.66799
v -403.48613 -233.77202 3684.29446
v -455.41590 -240.83199 3667.14525
v -457.60107 -241.43609 3671.61846
v -456.76798 -244.26512 3669.72423
v -457.06856 -243.75866 3670.90559
v -457.06856 -243.75866 3670.90559
v -456.16633 -240.29487 3669.26837
v -498.11494 -247.83236 3651.42894
v -499.80605 -248.04965 3654.65498
v -498.84522 -250.00900 3652.57335
v -499.17489 -250.55018 3653.81074
v -499.17489 -250.55018 3653.81074
v -498.95972 -247.49149 3652.86922
v -501.87719 -249.93633 3652.43649
v -373.41952 -234.32635 3693.48621
v -373.41952 -234.32635 3693.48621
v -371.23442 -235.10073 3690.01579
v -373.19762 -229.75834 3690.86385
v -374.57144 -231.67033 3694.60702
v -371.46562 -230.99099 3688.85303
v -340.39789 -224.17977 3705.04546
v -339.97649 -222.90029 3700.44661
v -337.50677 -227.26069 3700.23179
v -338.56219 -228.94366 3704.91838
v -338.56219 -228.94366 3704.91838
v -337.40133 -223.88248 3697.46852
v -348.12605 -231.96749 3706.37417
v -348.12605 -231.96749 3706.37417
v -347.53925 -233.94345 3703.96399
v -347.53925 -233.94345 3703.96399
v -347.53925 -233.94345 3703.96399
v -345.20036 -234.36554 3703.09544
v -345.20036 -234.36554 3703.09544
v -344.94936 -230.67360 3706.76517
v -344.94936 -230.67360 3706.76517
v -342.53305 -232.66758 3703.52602
v -342.53305 -232.66758 3703.52602
v -341.86715 -231.60501 3705.59263
v -341.86715 -231.60501 3705.59263
v -341.86715 -231.60501 3705.59263
v -341.86715 -231.60501 3705.59263
v -349.88391 -239.35014 3710.97279
v -349.45852 -240.52028 3709.64932
v -348.84840 -241.24315 3708.56738
v -348.16933 -239.35498 3711.43293
v -347.81522 -240.42495 3710.19077
v -347.04292 -239.84395 3711.85517
v -347.04292 -239.84395 3711.85517
v -352.49108 -248.64399 3713.69505
v 41.77008 -16.08744 3861.41872
v 30.85819 -14.70185 3872.94316
v 30.85819 -14.70185 3872.94316
v 40.10756 -27.88259 3871.60325
v 33.08757 -30.61626 3882.47490
v 33.91371 -6.00627 3864.95304
v -57.76320 -55.11592 3770.56289
v -68.70040 -57.37768 3781.06070
v -68.70040 -57.37768 3781.06070
v -59.46813 -67.66828 3776.42441
v -67.66792 -65.41958 3783.13851
v -61.81613 -51.75356 3771.37566
v -137.98782 -108.93270 3652.61030
v -150.53783 -106.71978 3661.69977
v -150.53783 -106.71978 3661.69977
v -141.58766 -118.17047 3658.05840
v -147.38584 -116.83998 3662.17828
v -144.16423 -104.83797 3655.37620
v -221.73472 -140.96650 3540.90643
v -228.25553 -141.85758 3548.29431
v -228.25553 -141.85758 3548.29431
v -222.75488 -146.39837 3545.60256
v -227.80283 -145.60293 3549.85452
v -222.70973 -138.74763 3541.41855
v -265.47259 -141.12274 3479.54702
v -273.35769 -141.61228 3485.79597
v -273.35769 -141.61228 3485.79597
v -270.69944 -148.18387 3484.96127
v -274.27721 -151.47226 3487.79202
v -267.44187 -136.64383 3480.22032
v -298.86597 -132.26788 3414.59537
v -302.18828 -134.20512 3417.33241
v -302.18828 -134.20512 3417.33241
v -300.38047 -137.64462 3417.21511
v -304.05217 -136.07380 3419.15298
v -298.86204 -131.17644 3413.61690
v -320.26744 -139.98477 3338.26065
v -325.76609 -141.38198 3341.73203
v -325.76609 -141.38198 3341.73203
v -323.81064 -144.70248 3341.95948
v -327.78108 -145.52130 3343.99652
v -321.06966 -138.18678 3338.20939
v -332.82489 -145.77885 3289.23249
v -338.11957 -146.79642 3292.26089
v -338.11957 -146.79642 3292.26089
v -335.50966 -152.14889 3292.28926
v -336.99793 -151.40510 3292.99116
v -333.85837 -142.74746 3289.00576
v -337.25476 -151.47786 3271.55066
v -95.87555 -82.24133 3729.91705
v -96.63860 -79.57031 3734.84349
v -94.68037 -84.12826 3731.91857
v -94.17774 -82.93185 3735.17847
v -94.17774 -82.93185 3735.17847
v -97.83340 -80.54070 3732.43523
v -119.18022 -97.12286 3734.70306
v -122.02160 -97.22275 3741.71424
v -118.51409 -99.95797 3738.33442
v -119.03985 -99.81312 3740.24057
v -119.03985 -99.81312 3740.24057
v -121.52651 -95.96919 3736.92083
v -174.89098 -119.02876 3735.77380
v -176.59627 -118.09909 3739.46977
v -175.21591 -121.00700 3737.09631
v -175.35996 -121.85697 3738.80053
v -175.35996 -121.85697 3738.80053
v -176.43097 -118.73139 3737.02645
v -231.16384 -141.34881 3733.38509
v -232.69372 -141.17301 3737.86235
v -231.70172 -144.31600 3736.52482
v -231.91650 -143.55293 3737.53643
v -231.91650 -143.55293 3737.53643
v -231.71274 -140.39044 3735.30912
v -276.22557 -161.57340 3729.17819
v -277.47804 -161.25493 3732.39136
v -276.50535 -163.56325 3730.71170
v -276.59267 -163.82574 3731.96101
v -276.59267 -163.82574 3731.96101
v -276.93927 -161.01731 3730.55363
v -279.64842 -164.16618 3731.17566
v -144.18405 -110.42643 3739.29739
v -144.18405 -110.42643 3739.29739
v -142.31758 -111.68897 3735.94570
v -144.97437 -106.58704 3736.14335
v -145.58743 -107.73502 3740.04698
v -143.30345 -107.99640 3734.24745
v -110.09264 -90.27256 3741.19854
v -110.48810 -90.18604 3736.83953
v -107.36145 -94.03577 3736.92751
v -107.54751 -94.63008 3741.55903
v -107.54751 -94.63008 3741.55903
v -108.12232 -91.43591 3733.88052
v -116.73404 -99.22796 3745.25547
v -116.73404 -99.22796 3745.25547
v -116.18945 -101.72227 3743.36362
v -116.18945 -101.72227 3743.36362
v -116.18945 -101.72227 3743.36362
v -113.84958 -101.88715 3742.21158
v -113.84958 -101.88715 3742.21158
v -113.60081 -97.17338 3744.74740
v -113.60081 -97.17338 3744.74740
v -111.29096 -99.52907 3741.76717
v -111.29096 -99.52907 3741.76717
v -110.46816 -97.76956 3743.27064
v -110.46816 -97.76956 3743.27064
v -110.46816 -97.76956 3743.27064
v -110.46816 -97.76956 3743.27064
v -116.84275 -105.62764 3750.94676
v -116.42562 -107.05964 3749.90225
v -115.84817 -107.94391 3748.95549
v -115.01659 -105.14529 3751.01519
v -114.67499 -106.47027 3750.03815
v -113.73098 -105.27545 3751.25074
v -113.73098 -105.27545 3751.25074
v -117.81514 -114.61127 3755.48649
v 245.01741 -67.16626 3924.42155
v 106.90278 -28.50674 4055.44758
v 240.38255 -60.92460 3918.66946
v 252.36005 -64.46034 3930.82571
v 369.94237 -111.58991 3807.18446
v 365.99100 -105.68197 3802.65713
v 377.84612 -107.85002 3812.79707
v 393.43435 -121.05875 3786.72934
v 388.87894 -115.33479 3778.98979
v 401.61178 -120.90828 3790.85279
v 407.12035 -118.43012 3767.70520
v 404.83263 -111.32959 3787.34899
v 404.83263 -111.32959 3787.34899
v 395.22678 -108.41498 3779.73080
v 370.52521 -98.00416 3805.20463
v 378.18256 -100.49449 3813.04216
v 378.18256 -100.49449 3813.04216
v 244.93560 -52.66523 3920.18557
v 106.82594 -8.27190 4048.47002
v 252.71544 -54.95671 3928.11441
v 252.71544 -54.95671 3928.11441
v 116.35835 -13.61641 4059.93032
v 116.35835 -13.61641 4059.93032
v 117.17740 -24.70205 4064.53085
v 100.33104 -19.74590 4045.53032
v 121.81659 -6.28173 4417.16480
v 98.65433 18.84430 4402.22502
v 109.92987 -19.28707 4402.76337
v 98.59763 -4.49515 4388.01479
v 98.59763 -4.49515 4388.01479
v 114.39031 8.85123 4420.09449
v 147.94999 -2.98527 4393.28671
v 137.51093 12.37882 4380.57566
v 141.10845 -4.16351 4378.72648
v 136.29074 0.63353 4373.98291
v 136.29074 0.63353 4373.98291
v 144.54496 7.77641 4391.25586
v 220.37902 9.60563 4316.93935
v 213.00180 20.25228 4306.84519
v 217.13786 7.66542 4309.41916
v 211.22588 11.51461 4300.48132
v 211.22588 11.51461 4300.48132
v 218.09542 17.12166 4315.71531
v 370.66054 6.50243 4223.05489
v 365.52438 18.65371 4214.47086
v 367.79043 3.45434 4215.86418
v 363.01222 9.10591 4208.76837
v 363.01222 9.10591 4208.76837
v 370.51377 15.27673 4220.44849
v 181.75516 0.68839 4349.11966
v 176.16612 7.54795 4341.68863
v 176.16612 7.54795 4341.68863
v 184.80912 14.61187 4356.67515
v 186.76014 3.43020 4357.63454
v 178.13334 17.54680 4347.30148
v 414.79227 8.71061 4223.56939
v 412.83610 19.95912 4210.12735
v 411.80032 6.19264 4212.42571
v 410.74225 9.31552 4208.66060
v 410.74225 9.31552 4208.66060
v 415.93459 16.46101 4221.62104
v 522.22586 30.53272 4258.94928
v 520.95723 38.75697 4252.80619
v 522.67575 28.31947 4254.73404
v 521.76362 28.68246 4250.31090
v 521.76362 28.68246 4250.31090
v 523.45097 34.42733 4257.79247
v 634.26280 48.17465 4302.53029
v 632.38180 55.51860 4293.84947
v 633.89111 46.24698 4293.59531
v 632.80690 49.25814 4292.05084
v 632.80690 49.25814 4292.05084
v 632.73692 53.04189 4299.35932
v 727.64540 54.75736 4340.93809
v 726.44389 60.61292 4335.00528
v 727.81885 52.70907 4336.18546
v 726.90141 53.70458 4333.19712
v 726.90141 53.70458 4333.19712
v 727.18179 58.34980 4338.88817
v 733.10268 55.72442 4337.72945
v 461.06729 16.00742 4227.36597
v 461.06729 16.00742 4227.36597
v 461.92348 7.29446 4232.30839
v 463.19941 21.31639 4238.28602
v 461.11014 24.14968 4229.03538
v 463.04974 14.20716 4239.96067
v 388.75154 19.66660 4204.91171
v 393.65026 15.29497 4215.39450
v 390.53723 3.65361 4209.24473
v 386.67098 7.97254 4198.32087
v 386.67098 7.97254 4198.32087
v 393.25988 6.46692 4218.95599
v 401.52788 13.57123 4195.31107
v 401.52788 13.57123 4195.31107
v 403.95477 5.54487 4197.25609
v 403.95477 5.54487 4197.25609
v 403.95477 5.54487 4197.25609
v 401.18214 1.09103 4197.50118
v 401.18214 1.09103 4197.50118
v 395.42949 13.54277 4194.97108
v 395.42949 13.54277 4194.97108
v 395.82112 2.45199 4197.80254
v 395.82112 2.45199 4197.80254
v 391.87899 6.87320 4194.86523
v 391.87899 6.87320 4194.86523
v 391.87899 6.87320 4194.86523
v 391.87899 6.87320 4194.86523
v 399.98856 6.91780 4177.50025
v 401.16259 2.23377 4178.42054
v 401.63669 -1.38742 4179.37088
v 396.50765 5.83068 4175.92478
v 397.68028 1.53698 4176.84221
v 394.15604 4.30217 4174.03030
v 394.15604 4.30217 4174.03030
v 402.61394 -5.42123 4161.23819
v 272.17910 7.56395 4272.68791
v 276.23236 10.24599 4276.70145
v 269.32108 12.21691 4272.99309
v 275.86633 15.55245 4279.99640
v 271.20274 17.37401 4276.53933
v 271.20274 17.37401 4276.53933
v 286.42914 27.61390 4217.97609
v 291.04173 30.28592 4221.28725
v 282.81158 32.46296 4215.67297
v 289.44916 36.15783 4222.00871
v 285.14650 36.99222 4220.03841
v 285.14650 36.99222 4220.03841
v 320.56546 52.65370 4148.70024
v 323.25625 53.42226 4151.47400
v 318.86190 54.46441 4149.75786
v 323.64514 56.42251 4153.22351
v 319.31370 58.75386 4150.36201
v 319.31370 58.75386 4150.36201
v 301.46939 39.62019 4181.66494
v 304.22562 41.45601 4184.98802
v 300.56447 47.58302 4184.11064
v 300.56447 47.58302 4184.11064
v 299.06225 43.89300 4181.13279
v 305.19935 44.99669 4186.80573
v 348.72162 81.13235 4088.85050
v 352.35479 82.46860 4091.08877
v 347.11725 84.18738 4089.46466
v 352.77504 87.49591 4093.62698
v 349.29183 88.51428 4092.49210
v 349.29183 88.51428 4092.49210
v 351.71810 99.71592 4013.11493
v 355.83261 100.39189 4015.71274
v 349.16961 103.35697 4013.86356
v 355.69012 106.32175 4017.84325
v 351.41706 108.06010 4016.37030
v 351.41706 108.06010 4016.37030
v 363.43506 114.14234 3945.30702
v 365.21137 115.19288 3946.80858
v 361.32827 117.63383 3945.07027
v 365.30140 118.36919 3947.84665
v 362.68714 119.17626 3946.75517
v 362.68714 119.17626 3946.75517
v 381.53768 126.89000 3847.19706
v 383.51402 127.84100 3848.43040
v 379.13078 129.25470 3846.91930
v 383.39058 131.41195 3848.88554
v 381.10682 133.00817 3848.60921
v 381.10682 133.00817 3848.60921
v 381.71339 127.54817 3841.48026
v 229.04453 417.25707 4094.24353
v 231.46187 417.13369 4089.00166
v 223.84092 413.88166 4094.09046
v 228.75258 413.30677 4085.19363
v 228.75258 413.30677 4085.19363
v 223.59073 411.46016 4088.06467
v 210.34326 472.94182 4069.05890
v 212.88179 473.51220 4063.78508
v 204.42808 469.84079 4068.69888
v 209.45922 470.14996 4059.01670
v 209.45922 470.14996 4059.01670
v 204.89383 468.43255 4062.15668
v 199.83423 536.25607 4041.11433
v 201.57872 534.13558 4036.39412
v 194.36082 534.19065 4039.60943
v 199.43663 532.60052 4032.32861
v 199.43663 532.60052 4032.32861
v 195.03999 532.22042 4034.28316
v 185.43987 618.00396 4002.03228
v 188.91628 617.23095 3998.31080
v 180.90525 616.83857 4000.49114
v 185.50339 615.13823 3993.96777
v 185.50339 615.13823 3993.96777
v 181.25188 614.37225 3996.06466
v 156.89065 707.09449 3952.70991
v 159.11682 706.05147 3948.94695
v 152.88167 702.97909 3951.71404
v 156.51788 703.24665 3946.66457
v 156.51788 703.24665 3946.66457
v 152.45131 699.97960 3949.32914
v 105.45360 803.61235 3890.59329
v 107.49559 801.90355 3887.24542
v 101.39102 800.83418 3891.38460
v 106.43969 799.73429 3884.09448
v 106.43969 799.73429 3884.09448
v 103.51624 799.59029 3884.76586
v 94.68029 828.60821 3864.31861
v 96.05519 827.10594 3861.74035
v 94.23982 826.93589 3863.53111
v 95.16217 826.57117 3861.41372
v 95.16217 826.57117 3861.41372
v 93.36214 825.31798 3861.31811
v 90.01015 835.18273 3857.07140
v 95.71183 807.52617 3879.26173
v 91.98673 811.94961 3891.65664
v 100.33548 812.86722 3884.12809
v 101.74488 812.53451 3878.03769
v 99.99929 809.76552 3875.71883
v 99.99929 809.76552 3875.71883
v 99.59511 818.75169 3870.55969
v 96.65096 816.54072 3874.56703
v 97.57099 817.48688 3869.52782
v 97.57099 817.48688 3869.52782
v 96.46051 815.94831 3870.54372
v 97.32214 818.14456 3873.36206
v 96.32787 811.63973 3874.95422
v 99.18182 815.25505 3878.53861
v 99.84642 816.26362 3874.56179
v 95.44480 811.83976 3881.24561
v 99.08485 813.34376 3872.37763
v 99.08485 813.34376 3872.37763
v 235.15837 406.98490 4103.52945
v 239.88338 405.89541 4094.91348
v 226.82118 399.93322 4103.22332
v 235.27209 399.39278 4090.40880
v 235.27209 399.39278 4090.40880
v 227.91043 396.37122 4094.86246
v 218.53012 362.93921 4139.86301
v 211.99715 343.21338 4150.82073
v 226.62996 361.09808 4148.41366
v 225.59449 348.42271 4151.49975
v 225.59449 348.42271 4151.49975
v 210.93240 355.96943 4144.02485
v 231.66960 361.60925 4111.86647
v 229.77789 349.49246 4114.61735
v 236.73750 356.35531 4114.12621
v 236.18416 351.97005 4116.07838
v 236.18416 351.97005 4116.07838
v 228.25922 355.98922 4112.26654
v 274.29599 351.47968 4030.50661
v 272.75515 342.85510 4033.31423
v 277.02871 349.31046 4032.62901
v 277.65048 343.99527 4035.64644
v 277.65048 343.99527 4035.64644
v 271.67198 347.75460 4030.80225
v 361.64609 340.59662 3903.10383
v 359.69925 332.16551 3904.03008
v 364.71489 339.03098 3905.17092
v 364.34749 333.75823 3907.15837
v 364.34749 333.75823 3907.15837
v 359.86599 336.17774 3901.34406
v 254.22794 356.46549 4072.48497
v 253.92765 350.34168 4074.04613
v 253.92765 350.34168 4074.04613
v 247.02150 353.85895 4069.36407
v 250.75001 358.98474 4069.97252
v 248.63781 348.46416 4072.03674
v 374.61039 345.59125 3868.04008
v 375.97433 336.30121 3866.12511
v 379.11394 342.46859 3869.69495
v 379.34500 339.81156 3869.56477
v 379.34500 339.81156 3869.56477
v 373.29054 341.97193 3865.52238
v 386.68504 362.62244 3783.22363
v 386.20153 357.08892 3782.07946
v 389.29233 362.15192 3782.83596
v 390.72883 360.40080 3783.02717
v 390.72883 360.40080 3783.02717
v 386.30098 360.82795 3781.42762
v 398.13972 384.68492 3696.40279
v 398.80049 378.57372 3695.63770
v 402.35987 382.40644 3696.11859
v 401.69394 380.53775 3696.26093
v 401.69394 380.53775 3696.26093
v 397.41623 381.46648 3696.38395
v 409.42827 407.03696 3625.73910
v 409.63849 402.53466 3624.99714
v 412.11885 406.28344 3625.48304
v 412.75427 404.75965 3625.71192
v 412.75427 404.75965 3625.71192
v 408.98183 404.84455 3625.23413
v 412.17080 406.27500 3620.93616
v 385.24839 349.92370 3830.70135
v 385.24839 349.92370 3830.70135
v 386.25911 355.19609 3832.13425
v 379.67014 351.73965 3829.18930
v 381.95106 347.22102 3829.35286
v 381.20937 355.13839 3830.78051
v 370.65968 331.54923 3884.58133
v 369.24407 337.46344 3882.61628
v 374.56271 339.66771 3886.55353
v 376.50478 333.75937 3887.66980
v 376.50478 333.75937 3887.66980
v 370.47479 342.15581 3884.90748
v 380.63326 332.42100 3874.64714
v 380.63326 332.42100 3874.64714
v 383.16497 336.61342 3874.40753
v 383.16497 336.61342 3874.40753
v 383.16497 336.61342 3874.40753
v 383.62101 338.12559 3877.42805
v 383.62101 338.12559 3877.42805
v 378.86515 331.52917 3879.41384
v 378.86515 331.52917 3879.41384
v 381.37186 336.98669 3881.42705
v 381.37186 336.98669 3881.42705
v 379.93371 333.71311 3883.41475
v 379.93371 333.71311 3883.41475
v 379.93371 333.71311 3883.41475
v 379.93371 333.71311 3883.41475
v 389.69639 328.90537 3875.22221
v 391.18776 331.24769 3875.25082
v 392.10460 333.08268 3875.63848
v 389.60579 328.36196 3877.99525
v 390.97241 330.54635 3877.95305
v 390.14515 328.03464 3879.92740
v 390.14515 328.03464 3879.92740
v 401.25296 328.73172 3873.72208
v 88.15663 50.66963 4511.65342
v 86.43936 33.43694 4501.62172
v 86.43936 33.43694 4501.62172
v 102.46543 41.16231 4515.78093
v 105.72143 26.72650 4511.52420
v 75.82859 41.21979 4501.01614
v 144.99086 187.53897 4320.03355
v 147.85238 173.21393 4309.76057
v 147.85238 173.21393 4309.76057
v 160.42529 184.36116 4321.85411
v 157.71580 173.63460 4313.15851
v 140.95908 184.81733 4314.17894
v 220.48314 369.24377 4143.74352
v 217.91384 354.97794 4129.91524
v 217.91384 354.97794 4129.91524
v 231.89968 365.19283 4142.23623
v 230.33296 358.58804 4135.77557
v 215.55412 363.38454 4135.73790
v 268.79022 533.21618 3963.54532
v 269.88000 522.91662 3957.98206
v 269.88000 522.91662 3957.98206
v 275.39086 528.81539 3965.07454
v 274.44994 522.28528 3959.84077
v 266.05403 531.54880 3962.17275
v 273.54231 616.34701 3866.24289
v 274.24240 607.39577 3858.02126
v 274.24240 607.39577 3858.02126
v 282.32759 611.37027 3862.11395
v 286.45736 608.55794 3858.67214
v 268.03449 613.48367 3863.27744
v 266.77763 701.41101 3781.39997
v 269.22014 698.19576 3778.15604
v 269.22014 698.19576 3778.15604
v 273.41962 699.85402 3781.08287
v 271.55039 696.31135 3776.56317
v 265.46186 702.33250 3780.77793
v 280.55480 809.72421 3709.69725
v 282.39298 805.14503 3703.58944
v 282.39298 805.14503 3703.58944
v 286.42336 806.28294 3706.90703
v 287.53418 803.55388 3702.22688
v 278.35786 809.02231 3708.31728
v 290.39150 879.69762 3665.47394
v 291.76724 875.59336 3659.39307
v 291.76724 875.59336 3659.39307
v 298.30259 877.86859 3663.76138
v 297.41532 876.50561 3661.87429
v 286.67903 878.72750 3663.54227
v 298.42171 906.40104 3650.01345
v 182.14352 253.04496 4244.67850
v 178.64953 245.05453 4245.94069
v 184.35109 251.08716 4247.69068
v 182.70358 246.08722 4250.06485
v 182.70358 246.08722 4250.06485
v 180.01130 248.73713 4242.98191
v 201.49159 251.10203 4214.32209
v 201.44799 241.21270 4213.90247
v 204.83299 247.22725 4217.51881
v 204.59619 244.48280 4217.75150
v 204.59619 244.48280 4217.75150
v 200.06949 247.41274 4211.94458
v 231.18831 255.37130 4134.89962
v 229.95345 249.74830 4134.27973
v 233.60646 254.31147 4135.31733
v 234.59774 252.27284 4136.09886
v 234.59774 252.27284 4136.09886
v 230.83514 253.41892 4133.27408
v 261.57111 264.59825 4052.83451
v 261.23258 258.20166 4052.96326
v 265.15165 261.39465 4054.00610
v 264.16999 259.66388 4054.15916
v 264.16999 259.66388 4054.15916
v 260.32323 261.49783 4052.96564
v 288.92070 276.13661 3986.11283
v 288.44565 271.45955 3985.95905
v 291.34235 274.79005 3986.71126
v 291.61990 273.15053 3987.27703
v 291.61990 273.15053 3987.27703
v 288.20351 273.95463 3985.74543
v 292.21389 274.21215 3982.38659
v 218.96257 248.69180 4181.21004
v 218.96257 248.69180 4181.21004
v 220.58947 253.97888 4182.28340
v 214.35814 251.48773 4177.99091
v 215.64823 246.47823 4179.28886
v 216.11498 254.79433 4179.57067
v 192.29221 239.78227 4230.54075
v 192.38631 245.79990 4227.61440
v 197.02771 247.41203 4232.63311
v 197.57956 241.18781 4234.89714
v 197.57956 241.18781 4234.89714
v 193.95840 250.56243 4229.63238
v 203.55336 237.38572 4223.78063
v 203.55336 237.38572 4223.78063
v 206.70952 241.06345 4223.80590
v 206.70952 241.06345 4223.80590
v 206.70952 241.06345 4223.80590
v 206.85773 242.86652 4226.65119
v 206.85773 242.86652 4226.65119
v 200.87947 237.43650 4227.92912
v 200.87947 237.43650 4227.92912
v 203.82971 242.67355 4229.95853
v 203.82971 242.67355 4229.95853
v 201.54184 239.91105 4231.80962
v 201.54184 239.91105 4231.80962
v 201.54184 239.91105 4231.80962
v 201.54184 239.91105 4231.80962
v 211.27416 232.04117 4227.27776
v 213.07968 234.10031 4227.46849
v 214.19291 235.81056 4227.89574
v 210.58939 231.85250 4229.95901
v 212.26241 233.77001 4230.06439
v 210.68335 231.64859 4231.99129
v 210.68335 231.64859 4231.99129
v 222.29475 229.30031 4229.13027
v 0.55996 -26.12808 4540.36570
v -6.64208 -25.67807 4545.00818
v 2.74543 -16.44685 4539.37292
v -94.63079 -44.44784 4437.41941
v 25.43903 -28.75452 4561.26404
v 14.60191 -28.01927 4571.20371
v 30.46596 -11.55546 4562.27303
v 21.80430 -4.16317 4571.59138
v 13.53567 -13.24269 4577.09408
v 13.53567 -13.24269 4577.09408
v -3.82109 -10.03367 4544.60096
v -8.97821 -16.28008 4548.81191
v -8.97821 -16.28008 4548.81191
v -101.34476 -29.21116 4439.84747
v -106.87809 -34.45292 4443.61162
v -106.87809 -34.45292 4443.61162
v -93.14477 -34.07041 4435.18925
v -206.93281 -64.56493 4335.72626
v -209.42968 -68.98614 4341.04347
v -209.42968 -68.98614 4341.04347
v -201.11895 -68.99098 4330.27601
v -346.53851 -107.37199 4200.95825
v -349.64964 -111.92153 4205.53541
v -349.64964 -111.92153 4205.53541
v -342.48295 -112.14200 4195.39165
v -503.68595 -158.22688 4049.54576
v -507.20060 -165.19913 4052.73199
v -507.20060 -165.19913 4052.73199
v -501.44792 -163.46127 4046.08488
v -703.18365 -233.87121 3863.94620
v -702.33703 -236.25833 3868.63637
v -702.33703 -236.25833 3868.63637
v -694.82267 -235.95306 3857.56326
v -722.34440 -236.56765 3842.93413
v -707.82232 -243.54887 3828.85456
v -726.47071 -242.03064 3847.91231
v -726.47071 -242.03064 3847.91231
v -731.39656 -241.33459 3839.88285
v -741.06872 -245.93794 3835.83903
v -722.05126 -242.90183 3836.84206
v -734.69388 -245.11403 3842.82923
v -734.69388 -245.11403 3842.82923
v -742.89560 -248.63651 3835.98733
v -742.89560 -248.63651 3835.98733
v -732.49853 -250.44733 3840.04378
v -740.64112 -252.36812 3837.49676
v -723.28830 -248.00961 3846.86828
v -725.95334 -249.79205 3839.32638
v -714.70916 -249.26063 3842.86308
v -737.33652 -250.56425 3833.95362
v -760.19526 -259.84070 3818.98212
v -734.86352 -248.19909 3834.54990
v -760.71310 -256.93184 3820.46866
v -763.84914 -253.27957 3821.49768
v -779.13713 -262.69007 3805.05824
v -763.24189 -256.51050 3822.86143
v -763.24189 -256.51050 3822.86143
v -762.43806 -258.08406 3823.58313
v -695.03284 -242.85276 3860.92615
v -697.92092 -241.11447 3867.02299
v -499.66899 -172.72450 4047.35279
v -503.51131 -171.91742 4053.03097
v -340.56196 -119.65346 4198.64178
v -344.69560 -120.74167 4205.15633
v -199.97232 -78.50117 4333.26340
v -204.55928 -75.56300 4340.07263
v -102.54171 -44.82011 4441.12873
v 225.43187 378.93057 4486.98425
v 225.43187 378.93057 4486.98425
v 282.73541 546.00090 4394.62757
v 282.73541 546.00090 4394.62757
v 232.56190 373.52577 4486.66859
v 291.36389 543.73032 4393.11457
v 236.78611 379.86982 4493.50786
v 294.87884 547.27381 4401.99661
v 230.34307 383.43659 4498.10505
v 289.40344 552.56641 4406.99530
v 223.61556 384.40815 4494.92931
v 283.07581 551.24307 4401.70431
v 160.49792 205.05925 4581.43759
v 160.49792 205.05925 4581.43759
v 169.44307 202.73976 4581.82144
v 172.68726 206.57931 4587.37421
v 167.40078 210.33801 4593.46581
v 158.65204 211.05826 4590.69920
v 119.11735 102.98426 4632.37524
v 119.11735 102.98426 4632.37524
v 130.40489 99.48044 4631.91795
v 134.51314 103.12932 4639.15253
v 126.85604 108.33664 4644.49930
v 118.83426 107.37228 4639.48298
v 90.30405 50.59096 4643.03017
v 90.30405 50.59096 4643.03017
v 118.19836 44.88082 4638.33237
v 130.98843 58.49422 4662.43362
v 108.16491 67.42474 4674.66164
v 85.64325 54.92754 4666.78762
v 201.89473 298.27759 4547.83440
v 204.56509 293.36992 4542.80758
v 191.74914 298.48748 4543.86473
v 204.23535 293.66007 4535.31694
v 193.72424 292.57777 4534.84774
v 193.72424 292.57777 4534.84774
v 288.30653 563.87562 4386.29293
v 288.30653 563.87562 4386.29293
v 293.06898 560.90415 4389.66084
v 295.72535 564.48412 4395.13302
v 295.20690 567.41267 4396.98219
v 288.79568 567.42901 4392.70163
v 290.51393 569.55689 4391.21342
v 258.97586 467.34756 4451.77984
v 264.98920 462.45357 4447.65520
v 261.27943 459.44318 4438.93480
v 252.30753 462.43137 4440.46593
v 252.30753 462.43137 4440.46593
v 250.57730 468.60901 4448.11296
v 99.94511 68.52435 4638.10110
v 99.94511 68.52435 4638.10110
v 109.96170 76.50712 4654.95205
v 118.85102 77.12103 4660.02750
v 125.37351 68.02367 4655.62725
v 118.75041 60.07962 4641.97874
v 58.68409 63.39809 4988.89351
v 53.99791 60.75793 4981.55308
v 68.14106 60.41490 4982.43427
v 15.84918 185.83080 4932.61147
v 56.61809 58.44736 5001.86968
v 75.13084 53.30899 4994.13157
v 47.26032 54.06832 4988.03854
v 61.65040 46.25197 4970.67118
v 60.12862 55.00073 4972.50700
v 78.44710 43.65761 4975.64936
v 78.44710 43.65761 4975.64936
v 69.54911 56.65432 4972.04113
v 69.54911 56.65432 4972.04113
v 26.17677 182.05455 4916.50534
v 26.17677 182.05455 4916.50534
v 17.48160 182.97169 4915.17544
v 25.76412 186.96250 4925.94194
v -16.55021 268.75332 4879.83227
v -16.55021 268.75332 4879.83227
v -64.82299 355.13204 4839.96296
v -64.82299 355.13204 4839.96296
v -26.82393 268.38270 4881.61802
v -17.44543 272.10429 4887.31575
v -67.18929 355.06678 4848.15121
v -25.27217 273.06855 4893.53609
v -72.57865 358.65587 4850.07954
v -28.15790 270.15355 4888.61513
v 9.63017 185.13493 4924.76463
v -76.34850 356.53138 4847.09930
v -74.19479 354.15062 4841.52555
v -144.36468 506.86681 4763.60750
v -139.09940 502.81781 4755.06067
v -140.06706 509.94241 4768.14365
v -208.39907 641.20239 4695.62149
v -201.69739 637.80785 4685.70471
v -202.96596 644.84853 4699.18728
v -280.71517 765.22338 4631.23655
v -277.55922 763.62175 4625.74244
v -279.29032 767.41630 4634.01461
v -400.27541 942.79850 4550.87757
v -396.93570 942.20090 4544.58618
v -398.12028 944.48411 4553.75290
v -403.32037 954.60892 4549.96300
v -391.36165 942.30270 4543.42365
v -391.36165 942.30270 4543.42365
v -391.72411 944.61095 4551.27382
v -272.62527 767.60715 4629.22525
v -272.66306 765.03491 4625.96512
v -272.66306 765.03491 4625.96512
v -194.37240 643.22311 4694.90814
v -193.09081 639.59736 4685.42719
v -193.09081 639.59736 4685.42719
v -133.95444 508.71587 4764.10294
v -132.31955 504.13656 4755.59807
v -132.31955 504.13656 4755.59807
v 118.73838 -58.63662 5038.89418
v 131.96811 -31.10072 5050.72880
v 108.92768 -41.15491 5032.13692
v 119.41987 -23.49301 5032.86982
v 119.41987 -23.49301 5032.86982
v 125.75851 -54.00413 5050.77028
v 138.72898 -66.48157 5003.11661
v 149.38171 -50.67257 5004.98247
v 139.48952 -52.82168 4996.19532
v 142.42199 -46.18805 4997.25771
v 142.42199 -46.18805 4997.25771
v 145.70382 -62.41486 5007.05671
v 199.65571 -82.49561 4897.05706
v 207.36434 -70.70696 4897.44902
v 199.20881 -75.69881 4892.88902
v 202.27474 -65.85156 4891.17002
v 202.27474 -65.85156 4891.17002
v 204.50680 -79.84056 4899.89424
v 285.77971 -152.18259 4718.64510
v 295.01736 -143.03261 4719.09618
v 284.58697 -145.88848 4714.15138
v 288.85248 -137.96112 4713.60588
v 288.85248 -137.96112 4713.60588
v 292.80543 -150.47172 4719.29073
v 168.13298 -69.22971 4946.32912
v 173.04146 -60.43812 4946.44070
v 173.04146 -60.43812 4946.44070
v 177.10610 -75.70589 4954.16641
v 169.56627 -78.00098 4950.28067
v 179.33872 -65.00989 4952.37160
v 304.91817 -188.26714 4689.02254
v 316.23492 -179.00273 4683.21848
v 305.23920 -179.66005 4681.69212
v 308.18427 -176.65145 4680.41277
v 308.18427 -176.65145 4680.41277
v 311.52874 -187.98578 4688.98392
v 353.12739 -294.89252 4648.28730
v 360.36503 -290.30585 4646.79861
v 352.97728 -292.94074 4644.04583
v 354.19434 -289.72653 4641.34359
v 354.19434 -289.72653 4641.34359
v 356.76369 -295.18044 4647.67647
v 397.72809 -409.89661 4609.50947
v 404.84595 -403.41070 4606.21357
v 398.86439 -404.63981 4602.24962
v 401.05504 -402.85069 4602.68354
v 401.05504 -402.85069 4602.68354
v 401.56162 -406.81198 4609.52854
v 428.44337 -507.04187 4576.42889
v 433.94274 -502.66439 4574.36323
v 428.46143 -504.56345 4572.01004
v 429.70210 -502.13552 4570.61338
v 429.70210 -502.13552 4570.61338
v 431.45180 -505.46551 4576.20907
v 432.28680 -509.66758 4570.42313
v 327.59261 -227.84281 4661.95583
v 327.59261 -227.84281 4661.95583
v 320.19717 -231.43241 4662.65345
v 328.99931 -235.58310 4670.52794
v 332.96221 -228.68124 4665.61127
v 323.32966 -236.50756 4669.85130
v 307.92114 -156.54218 4695.81175
v 303.61155 -166.43673 4699.28360
v 295.83472 -160.66089 4693.24970
v 300.65250 -151.35935 4688.70115
v 300.65250 -151.35935 4688.70115
v 296.04602 -168.24564 4699.73946
v 311.53610 -161.65507 4677.67477
v 311.53610 -161.65507 4677.67477
v 306.16021 -164.83685 4675.14992
v 306.16021 -164.83685 4675.14992
v 306.16021 -164.83685 4675.14992
v 301.77382 -162.79230 4675.96197
v 301.77382 -162.79230 4675.96197
v 309.17060 -156.51444 4681.64015
v 309.17060 -156.51444 4681.64015
v 300.51100 -158.58629 4680.32122
v 300.51100 -158.58629 4680.32122
v 302.98471 -153.67731 4682.07073
v 302.98471 -153.67731 4682.07073
v 302.98471 -153.67731 4682.07073
v 302.98471 -153.67731 4682.07073
v 311.46070 -150.57263 4662.93430
v 308.29036 -152.11305 4661.46231
v 305.59427 -153.08487 4660.81047
v 309.75378 -146.88462 4663.80930
v 306.86438 -148.41586 4662.44984
v 308.27808 -143.94227 4663.52129
v 308.27808 -143.94227 4663.52129
v 308.50720 -143.82523 4644.83881
v 232.19708 -99.89704 4826.02262
v 234.55107 -105.38507 4827.11506
v 234.30312 -97.67368 4829.60987
v 237.23283 -106.84290 4831.48909
v 237.70422 -101.09903 4832.57341
v 237.70422 -101.09903 4832.57341
v 268.67628 -80.62756 4779.41895
v 271.45740 -86.17808 4779.57296
v 271.39813 -76.32921 4781.56185
v 274.82277 -85.19512 4782.96185
v 274.28502 -80.58944 4784.66368
v 274.28502 -80.58944 4784.66368
v 321.07300 -69.30028 4709.12313
v 321.87575 -73.02056 4709.63669
v 321.37465 -68.47882 4711.66086
v 323.66493 -74.26535 4711.60746
v 324.45794 -69.11538 4713.07373
v 324.45794 -69.11538 4713.07373
v 294.19208 -72.39189 4744.22741
v 295.62390 -76.45509 4745.43619
v 298.82050 -72.89667 4749.09353
v 298.82050 -72.89667 4749.09353
v 296.45604 -70.07349 4746.73843
v 298.01577 -78.20411 4747.21146
v 370.72435 -58.32259 4651.32618
v 372.47312 -62.50051 4650.93517
v 372.09249 -57.31484 4653.81479
v 375.49597 -64.17880 4654.09136
v 375.16952 -60.70160 4655.92766
v 375.16952 -60.70160 4655.92766
v 407.91887 -18.20938 4595.75272
v 409.27881 -22.98900 4595.11328
v 409.28930 -16.50069 4599.17355
v 412.84633 -23.96891 4598.60849
v 412.82153 -19.65036 4600.94118
v 412.82153 -19.65036 4600.94118
v 443.25483 10.33498 4539.07013
v 444.27365 8.07155 4539.31189
v 444.98950 12.23249 4541.37325
v 446.28215 7.46913 4540.98797
v 446.13951 10.21337 4542.19198
v 446.13951 10.21337 4542.19198
v 489.00360 50.57465 4453.87602
v 490.11129 48.29674 4453.74107
v 489.82036 52.72093 4456.02560
v 492.49196 48.19909 4455.22785
v 492.80548 50.23257 4457.06749
v 492.80548 50.23257 4457.06749
v 491.25582 53.63175 4449.49818
v 136.18925 -80.87611 5117.21087
v 132.41215 -67.95065 5104.71201
v 150.51423 -75.56677 5131.51884
v 281.39019 -191.00255 5028.06139
v 278.18409 -183.63167 5013.07154
v 288.29214 -189.59789 5032.62615
v 398.38475 -337.56572 4910.92110
v 399.18649 -330.51866 4900.14029
v 408.24839 -333.48972 4917.01365
v 527.26346 -475.40534 4825.00458
v 525.88856 -469.42765 4819.23628
v 529.38151 -474.63268 4828.10783
v 583.27317 -554.71790 4782.12166
v 586.04658 -547.66369 4773.54908
v 588.82457 -554.26061 4787.32824
v 631.46365 -642.70371 4753.84331
v 629.86243 -639.77551 4746.27972
v 632.29167 -643.96137 4755.15366
v 665.78543 -757.14648 4715.54470
v 667.62108 -752.53737 4708.46462
v 668.23655 -756.92451 4717.81158
v 685.45151 -830.77925 4690.17982
v 684.91316 -827.39162 4680.88484
v 689.11117 -830.60652 4694.07940
v 689.93270 -857.95283 4675.90857
v 692.53546 -826.54876 4687.58249
v 692.53546 -826.54876 4687.58249
v 687.62040 -826.24549 4681.58817
v 672.91725 -749.72057 4706.37846
v 672.88077 -752.32899 4712.44478
v 672.88077 -752.32899 4712.44478
v 636.34181 -636.68931 4747.68972
v 634.94641 -639.03552 4750.57125
v 634.94641 -639.03552 4750.57125
v 588.88268 -544.06017 4769.25325
v 593.87410 -547.17523 4781.21090
v 593.87410 -547.17523 4781.21090
v 532.65524 -463.59742 4821.46072
v 534.95872 -465.48492 4825.94156
v 534.95872 -465.48492 4825.94156
v 407.25076 -324.79143 4902.99511
v 415.56373 -324.96440 4916.26358
v 415.56373 -324.96440 4916.26358
v 289.56115 -174.38683 5017.90476
v 294.36183 -176.80532 5027.95601
v 294.36183 -176.80532 5027.95601
v 139.51705 -53.56752 5104.32577
v 150.27037 -65.28828 5122.36261
v 150.27037 -65.28828 5122.36261
v 595.64924 -452.76332 4763.13543
v 595.64924 -452.76332 4763.13543
v 686.04213 -466.00628 4673.05994
v 686.04213 -466.00628 4673.05994
v 594.38115 -446.91682 4759.67550
v 684.94642 -461.88003 4670.07732
v 589.42735 -451.24668 4753.35979
v 680.11099 -464.60336 4665.94648
v 587.00639 -457.03006 4755.97143
v 679.25638 -469.77663 4665.98797
v 590.36195 -459.04565 4761.17086
v 683.02143 -469.84273 4670.13311
v 504.57084 -400.15101 4840.83796
v 504.57084 -400.15101 4840.83796
v 502.98184 -395.71214 4835.02722
v 498.79932 -398.51159 4830.41763
v 495.10595 -404.44404 4831.83050
v 498.32436 -407.14812 4838.46664
v 450.29050 -371.99026 4890.08904
v 450.29050 -371.99026 4890.08904
v 448.94567 -365.76343 4883.12292
v 443.32248 -368.64495 4877.59876
v 440.66978 -376.06072 4880.44167
v 445.34445 -376.83028 4887.52127
v 539.31117 -431.10812 4790.89975
v 542.29367 -425.73237 4791.47434
v 543.55538 -433.64197 4798.93684
v 548.25115 -423.78837 4793.19191
v 549.60823 -426.72515 4801.13792
v 549.60823 -426.72515 4801.13792
v 692.42883 -467.90987 4666.26310
v 692.42883 -467.90987 4666.26310
v 689.28325 -466.28791 4664.48212
v 686.44285 -468.29146 4661.27634
v 686.01429 -470.04199 4660.30121
v 689.46755 -470.90727 4663.90419
v 690.30660 -470.63285 4662.69302
v 646.78055 -463.50074 4699.35036
v 647.13240 -458.54801 4698.79770
v 652.00263 -456.12419 4702.82507
v 653.26637 -460.62088 4705.73664
v 653.26637 -460.62088 4705.73664
v 650.46054 -465.64710 4703.37105
v 474.79165 511.88892 4940.60421
v 477.74109 512.78859 4934.30901
v 466.68348 511.21229 4937.81519
v 472.55388 511.97493 4926.94521
v 472.55388 511.97493 4926.94521
v 465.21541 511.50388 4928.85447
v 475.48386 586.94994 4945.47701
v 478.89510 588.48864 4939.61048
v 466.59169 586.98732 4942.56687
v 472.99692 588.89788 4931.33450
v 472.99692 588.89788 4931.33450
v 466.47644 588.14269 4933.69913
v 489.93304 666.63963 4952.61860
v 491.14725 665.67957 4945.58811
v 482.04783 667.96672 4949.03088
v 487.69543 666.95762 4939.46886
v 487.69543 666.95762 4939.46886
v 481.96879 667.94366 4941.28752
v 507.50375 771.21758 4958.12511
v 511.52784 770.30116 4953.32670
v 501.20986 772.98146 4955.15585
v 506.21140 771.77966 4946.40970
v 506.21140 771.77966 4946.40970
v 500.49931 772.25155 4948.15636
v 510.24055 894.46092 4955.02043
v 512.55691 893.91869 4949.90396
v 503.30973 892.81541 4950.79899
v 507.98279 893.41211 4945.08266
v 507.98279 893.41211 4945.08266
v 501.40107 891.07859 4945.87803
v 487.06251 1041.89289 4939.63146
v 488.85426 1040.60817 4934.56650
v 480.67996 1040.83657 4938.46846
v 486.51084 1040.32934 4929.21782
v 486.51084 1040.32934 4929.21782
v 482.74362 1041.35954 4929.73375
v 484.16862 1083.13251 4923.41709
v 485.21477 1082.05748 4919.37923
v 482.85654 1082.03387 4921.31948
v 483.83936 1082.11303 4918.56432
v 483.83936 1082.11303 4918.56432
v 480.99598 1081.81250 4917.49096
v 481.07180 1095.03794 4918.61296
v 476.29407 1055.43280 4927.73199
v 473.68354 1056.39613 4945.49465
v 484.59765 1056.33879 4937.52241
v 486.16400 1057.89471 4929.98409
v 482.68870 1057.01351 4925.20285
v 482.68870 1057.01351 4925.20285
v 486.10529 1068.28856 4924.84045
v 481.43438 1065.86862 4928.04909
v 482.96070 1068.48609 4922.60265
v 482.96070 1068.48609 4922.60265
v 480.87963 1067.08741 4922.74284
v 482.98433 1067.63113 4927.69098
v 478.85099 1061.02133 4925.25291
v 484.12511 1061.64873 4932.21426
v 485.36804 1064.00371 4928.08533
v 477.89648 1058.98643 4932.98578
v 483.07666 1062.42561 4923.43760
v 483.07666 1062.42561 4923.43760
v 478.10334 494.74257 4945.54567
v 483.51157 494.97047 4934.66377
v 464.38134 492.06015 4939.91375
v 474.71198 492.75655 4924.54529
v 474.71198 492.75655 4924.54529
v 464.07813 491.54854 4927.44923
v 437.86788 444.06411 4959.46074
v 420.94323 423.16991 4959.28431
v 447.43848 434.57305 4969.22874
v 440.52923 421.25028 4964.52236
v 440.52923 421.25028 4964.52236
v 425.17617 439.19563 4959.37777
v 453.61277 448.09261 4925.40932
v 445.86053 435.89136 4920.60328
v 457.73989 439.41289 4925.04120
v 455.11276 434.52516 4924.47615
v 455.11276 434.52516 4924.47615
v 446.79055 444.06846 4921.93413
v 502.22421 451.39319 4822.61896
v 496.46997 442.44456 4820.21904
v 504.75580 446.98498 4823.96078
v 503.22044 440.13965 4824.16105
v 503.22044 440.13965 4824.16105
v 497.24114 448.89423 4820.32728
v 606.71222 451.21098 4666.41140
v 600.50535 443.45522 4661.81946
v 609.93803 447.25531 4668.10894
v 607.15294 441.38274 4667.01269
v 607.15294 441.38274 4667.01269
v 602.46688 448.47876 4661.21626
v 479.48021 448.49247 4875.63133
v 476.39689 441.92636 4873.45695
v 476.39689 441.92636 4873.45695
v 469.13433 450.83523 4869.59505
v 476.15328 453.78390 4873.99340
v 468.82200 443.56188 4869.39240
v 624.95804 464.58048 4627.92683
v 622.53761 455.53192 4619.54021
v 629.30834 458.54551 4628.19338
v 628.41940 455.85948 4626.29223
v 628.41940 455.85948 4626.29223
v 621.64295 462.73103 4622.37072
v 646.80934 511.42752 4536.75032
v 643.72241 506.68567 4531.65865
v 649.90556 509.82726 4536.15093
v 650.95341 507.29895 4535.32600
v 650.95341 507.29895 4535.32600
v 645.50209 510.60849 4533.34713
v 670.08460 564.40818 4446.41972
v 668.19823 558.36368 4441.48827
v 674.42632 560.17274 4444.86332
v 672.75214 558.59745 4443.75229
v 672.75214 558.59745 4443.75229
v 667.73558 561.59592 4444.21482
v 693.47703 610.89331 4375.94891
v 691.73396 606.65387 4372.07890
v 696.55478 608.91581 4375.32806
v 696.68722 606.99564 4374.64285
v 696.68722 606.99564 4374.64285
v 691.92970 609.16370 4373.85035
v 696.56098 610.81338 4369.78817
v 639.92822 479.42185 4586.06863
v 639.92822 479.42185 4586.06863
v 643.57197 483.52009 4591.37630
v 633.63451 484.64036 4585.03532
v 634.52435 478.96767 4582.40366
v 637.11870 486.55608 4589.33258
v 613.90650 445.64408 4638.49735
v 614.71319 453.03011 4639.91976
v 622.49362 450.88404 4646.55113
v 622.34747 443.60191 4644.13595
v 622.34747 443.60191 4644.13595
v 618.38913 456.08085 4645.90454
v 626.83332 445.75343 4627.67982
v 626.83332 445.75343 4627.67982
v 631.90758 448.73643 4630.34296
v 631.90758 448.73643 4630.34296
v 631.90758 448.73643 4630.34296
v 633.19576 448.72037 4635.05507
v 633.19576 448.72037 4635.05507
v 624.25113 443.72833 4632.77054
v 624.25113 443.72833 4632.77054
v 629.88365 447.01716 4639.01329
v 629.88365 447.01716 4639.01329
v 626.62756 443.65424 4639.16492
v 626.62756 443.65424 4639.16492
v 626.62756 443.65424 4639.16492
v 626.62756 443.65424 4639.16492
v 636.78443 437.51532 4626.69373
v 639.71901 439.07464 4628.38459
v 641.70325 440.26637 4630.13649
v 636.46209 435.84526 4629.70495
v 639.16731 437.34086 4631.19602
v 637.02524 434.43197 4631.87981
v 637.02524 434.43197 4631.87981
v 651.36051 432.21885 4625.56839
v 138.17063 42.47728 5196.32769
v 128.20870 30.56339 5172.57738
v 128.20870 30.56339 5172.57738
v 152.16258 24.19234 5196.07210
v 149.82869 10.10966 5181.55909
v 118.18877 43.80354 5176.24283
v 268.78327 230.82612 5057.57523
v 265.92356 219.60561 5035.78043
v 265.92356 219.60561 5035.78043
v 286.98856 219.21608 5058.78019
v 278.67466 213.65984 5040.89451
v 262.38298 232.63381 5048.35749
v 443.19689 447.67287 4968.49966
v 433.42483 440.72923 4942.02948
v 433.42483 440.72923 4942.02948
v 455.87212 438.61696 4964.78891
v 450.86828 435.61509 4952.43597
v 434.23662 447.74082 4954.52070
v 575.16897 662.20868 4861.00149
v 571.90681 653.84912 4847.48268
v 571.90681 653.84912 4847.48268
v 581.61211 653.91827 4860.41641
v 577.45111 650.15692 4849.65134
v 570.93728 662.50813 4858.03223
v 616.94336 783.34200 4797.86444
v 613.75284 777.63885 4781.97336
v 613.75284 777.63885 4781.97336
v 625.83423 775.79689 4790.16161
v 629.78506 772.42047 4784.39903
v 608.64180 784.51812 4791.96739
v 645.10930 906.83484 4750.36955
v 646.74139 903.81730 4744.46201
v 646.74139 903.81730 4744.46201
v 652.84598 902.11892 4749.42207
v 648.84269 901.46983 4741.43887
v 643.84067 908.66596 4750.12875
v 709.84828 1037.48119 4735.72493
v 710.07168 1034.63376 4725.38328
v 710.07168 1034.63376 4725.38328
v 715.73496 1032.33933 4730.46303
v 715.87479 1031.07655 4723.03391
v 706.73013 1038.46920 4733.42419
v 752.88594 1120.52405 4728.88660
v 752.73359 1118.36517 4718.86015
v 752.73359 1118.36517 4718.86015
v 762.09569 1115.49938 4726.14908
v 760.34021 1115.39626 4722.88561
v 747.71774 1122.23697 4725.62933
v 774.75667 1149.48118 4728.30439
v 344.13090 309.06016 5011.79171
v 336.15980 302.36861 5007.79104
v 346.10072 304.74460 5014.32037
v 341.81648 299.61577 5013.78489
v 341.81648 299.61577 5013.78489
v 339.48863 306.58633 5006.72197
v 367.45650 310.38976 4974.89882
v 363.00129 300.81552 4967.83686
v 370.01613 303.53603 4976.46236
v 368.49880 300.84255 4974.91264
v 368.49880 300.84255 4974.91264
v 363.98223 308.46271 4969.45953
v 406.07542 333.54539 4883.08764
v 402.00126 328.86690 4878.52240
v 408.67960 331.11471 4883.06570
v 409.04182 328.27342 4882.73811
v 409.04182 328.27342 4882.73811
v 404.73938 332.48252 4879.78983
v 447.73591 362.38167 4791.38899
v 444.46519 356.17363 4787.28676
v 450.87245 356.93222 4790.94839
v 448.85895 355.64598 4789.91938
v 448.85895 355.64598 4789.91938
v 444.77549 359.88367 4789.40821
v 486.76202 388.49601 4719.69509
v 484.07859 384.17548 4716.37774
v 489.24544 385.70338 4719.70367
v 488.87622 383.70425 4719.32650
v 488.87622 383.70425 4719.32650
v 484.87729 386.85304 4717.75246
v 490.04176 386.53505 4714.11514
v 388.15728 313.36424 4934.20744
v 388.15728 313.36424 4934.20744
v 392.58552 317.32249 4939.13031
v 383.51443 319.79102 4931.81229
v 382.94217 313.64524 4930.16720
v 387.23373 321.51210 4936.04946
v 350.94708 296.89807 4986.50789
v 353.70457 304.04210 4986.93419
v 360.37549 301.18895 4994.44246
v 358.33812 293.80009 4993.11829
v 358.33812 293.80009 4993.11829
v 357.84176 307.10787 4992.65718
v 364.09539 291.78664 4977.48280
v 364.09539 291.78664 4977.48280
v 369.73700 293.83719 4980.17216
v 369.73700 293.83719 4980.17216
v 369.73700 293.83719 4980.17216
v 370.76151 294.33641 4984.84230
v 370.76151 294.33641 4984.84230
v 360.77452 291.40747 4982.38087
v 360.77452 291.40747 4982.38087
v 366.87234 294.25028 4988.52873
v 366.87234 294.25028 4988.52873
v 362.76296 291.87432 4988.79242
v 362.76296 291.87432 4988.79242
v 362.76296 291.87432 4988.79242
v 362.76296 291.87432 4988.79242
v 371.56558 281.16888 4978.74975
v 374.77520 282.22281 4980.47304
v 376.95381 283.17657 4982.20444
v 370.64546 280.18475 4981.84204
v 373.62289 281.20092 4983.35838
v 370.69923 279.07273 4984.18951
v 370.69923 279.07273 4984.18951
v 384.36177 272.17782 4979.97046
v 226.64160 179.83472 5306.06318
v 136.66500 20.98704 5395.13636
v 230.47930 173.57983 5300.44746
v 216.65722 183.52765 5301.40448
v 311.65653 328.30650 5235.40115
v 314.28224 322.60048 5230.16357
v 301.67127 332.05736 5229.09689
v 326.74128 356.55126 5223.80161
v 332.64863 350.96917 5217.93842
v 319.85638 362.68201 5220.38507
v 337.94990 369.87966 5206.34174
v 317.03830 360.91226 5207.67975
v 317.03830 360.91226 5207.67975
v 326.11540 352.53677 5207.60345
v 306.36093 321.93533 5220.77942
v 297.58048 328.40583 5221.64440
v 297.58048 328.40583 5221.64440
v 223.20780 172.79476 5290.09867
v 132.84498 11.37296 5372.45226
v 214.19674 179.24805 5290.72714
v 214.19674 179.24805 5290.72714
v 121.48264 20.33188 5376.38617
v 121.48264 20.33188 5376.38617
v 122.57202 26.12459 5388.64279
v 143.77856 12.45945 5386.62624
v 152.00329 -81.46535 5580.61743
v 145.58543 -77.46557 5566.77580
v 165.41228 -70.42518 5589.53047
v 165.41228 -70.42518 5589.53047
v 167.73203 -81.22366 5570.08600
v 164.01377 -79.16795 5563.21287
v 172.82669 -74.27549 5576.47705
v 172.82669 -74.27549 5576.47705
v 214.14742 -109.86143 5542.14621
v 259.13864 -141.90826 5514.24694
v 210.64577 -109.50090 5535.36940
v 219.41206 -103.89153 5546.55933
v 219.41206 -103.89153 5546.55933
v 265.83326 -133.77398 5519.13691
v 265.83326 -133.77398 5519.13691
v 220.06866 -97.06978 5541.74662
v 265.23721 -128.63599 5513.07106
v 215.75187 -100.62020 5535.04992
v 172.11913 -69.19877 5570.84513
v 167.88755 -70.77388 5566.40577
v 162.82617 -55.78542 5581.43091
v 152.49905 -60.49924 5567.00659
v 261.51162 -132.79027 5506.98328
v 256.10331 -140.07331 5506.47402
v 350.20614 -189.16047 5448.63224
v 345.35921 -195.93582 5447.33286
v 355.43060 -186.10646 5455.01423
v 441.18935 -240.60920 5373.06738
v 436.35157 -246.84685 5371.03319
v 444.00087 -239.49964 5376.62888
v 492.68627 -268.55192 5326.77078
v 487.33416 -275.16466 5325.26350
v 497.65426 -266.20668 5331.68507
v 497.46537 -273.97391 5323.69041
v 490.58396 -277.84258 5331.82096
v 495.16582 -271.50476 5334.16748
v 495.16582 -271.50476 5334.16748
v 445.46014 -242.11060 5381.31428
v 445.46014 -242.11060 5381.31428
v 439.14476 -249.76383 5377.89679
v 358.06888 -189.61246 5462.22115
v 358.06888 -189.61246 5462.22115
v 348.75888 -199.37898 5456.19965
v 102.36823 -93.15111 5708.94670
v 122.82258 -83.60699 5710.66046
v 101.51269 -109.08224 5720.91150
v 114.65342 -270.31523 5467.01097
v 131.89939 -262.66214 5461.19070
v 114.90358 -278.00858 5469.59305
v 103.75777 -423.67244 5178.28465
v 118.88689 -421.02951 5174.37220
v 106.41005 -434.00836 5183.44069
v 81.63624 -591.62772 4921.18883
v 91.21367 -587.61865 4921.83781
v 80.75115 -594.12134 4923.85626
v 57.74099 -669.49552 4786.87429
v 71.88287 -669.28792 4784.17730
v 56.14234 -676.08750 4789.75821
v 11.87669 -743.39366 4661.46088
v 19.83134 -739.77941 4657.80497
v 9.97296 -744.83418 4661.18813
v -56.34272 -808.57354 4508.79383
v -45.97667 -808.26199 4505.66006
v -57.00530 -811.47385 4510.05554
v -100.51571 -847.79304 4410.91061
v -90.45136 -844.96170 4405.63107
v -102.04571 -852.23967 4413.12695
v -114.05724 -858.58959 4371.42897
v -92.10117 -853.88911 4409.36947
v -92.10117 -853.88911 4409.36947
v -88.96524 -847.65875 4406.17895
v -39.90588 -812.90030 4504.06265
v -46.98539 -814.44311 4507.31277
v -46.98539 -814.44311 4507.31277
v 23.92150 -746.09774 4659.17397
v 19.03321 -745.65840 4660.29644
v 19.03321 -745.65840 4660.29644
v 79.53008 -670.73119 4782.28283
v 69.23768 -678.67154 4788.39779
v 69.23768 -678.67154 4788.39779
v 97.39844 -593.56302 4926.30720
v 93.00414 -597.21673 4927.76918
v 93.00414 -597.21673 4927.76918
v 124.94130 -428.49576 5178.78723
v 117.59513 -439.36074 5187.37030
v 117.59513 -439.36074 5187.37030
v 140.94046 -272.96734 5469.21015
v 132.68647 -280.23946 5474.27750
v 132.68647 -280.23946 5474.27750
v 139.23547 -87.08149 5720.28875
v 118.13125 -104.58994 5721.84134
v 118.13125 -104.58994 5721.84134
v 173.35841 -650.74670 4856.04429
v 173.35841 -650.74670 4856.04429
v 259.78160 -740.28486 4723.41824
v 259.78160 -740.28486 4723.41824
v 181.10348 -647.20547 4858.65450
v 265.58751 -737.49453 4724.84684
v 180.05946 -642.23349 4851.01223
v 264.46190 -732.48219 4720.61300
v 171.75275 -641.64317 4849.21980
v 259.21455 -733.06245 4716.34912
v 167.05374 -646.57205 4850.78812
v 257.30795 -737.72603 4718.53161
v 133.51974 -547.36060 5013.02290
v 133.51974 -547.36060 5013.02290
v 141.59171 -543.56009 5012.33578
v 140.97911 -539.21217 5007.31993
v 133.00075 -537.12302 5004.82130
v 126.51396 -542.29850 5007.14970
v 104.51254 -487.07259 5106.40955
v 104.51254 -487.07259 5106.40955
v 115.24288 -482.86068 5106.16732
v 114.75027 -476.85087 5100.83723
v 104.63563 -476.51440 5097.88465
v 100.15337 -482.76716 5101.75419
v 153.69424 -587.19116 4924.65305
v 159.39751 -588.94193 4928.77674
v 146.66200 -593.61959 4927.99520
v 161.98951 -595.06786 4929.61788
v 153.65376 -598.47206 4933.72059
v 153.65376 -598.47206 4933.72059
v 265.29360 -746.83315 4712.77761
v 265.29360 -746.83315 4712.77761
v 267.10629 -742.71137 4713.91392
v 266.64948 -739.77810 4710.34575
v 265.57377 -739.68875 4708.05073
v 263.20952 -744.17245 4709.14507
v 264.67362 -744.83722 4707.92580
v 228.85348 -700.58948 4766.28637
v 234.10527 -699.45878 4770.09106
v 235.03570 -704.58168 4773.94581
v 228.98869 -707.65191 4772.04752
v 228.98869 -707.65191 4772.04752
v 225.03205 -705.74743 4766.51669
v -93.47987 433.14305 5305.96209
v -90.22658 438.01659 5301.92614
v -90.82250 426.45800 5304.74615
v -84.69784 435.55585 5298.43140
v -84.69784 435.55585 5298.43140
v -85.22360 428.05368 5299.61872
v -148.48812 436.25975 5248.80886
v -145.97340 441.45784 5244.51017
v -146.20741 428.92164 5246.93537
v -140.67070 438.70041 5239.52579
v -140.67070 438.70041 5239.52579
v -141.33252 431.79613 5241.21046
v -208.83571 451.71860 5189.61191
v -203.74046 455.11395 5186.60784
v -207.06354 445.61329 5186.37371
v -200.53919 453.97663 5182.17230
v -200.53919 453.97663 5182.17230
v -202.09475 448.08748 5182.19805
v -285.49027 471.97989 5109.79176
v -281.99267 477.26500 5108.04605
v -284.49500 467.17972 5106.58836
v -278.32663 474.66102 5102.96297
v -278.32663 474.66102 5102.96297
v -279.48165 468.78132 5103.35970
v -368.79182 482.24643 5009.98831
v -365.26388 486.06291 5007.72047
v -364.60888 477.07906 5008.80480
v -361.60296 483.35397 5005.37586
v -361.60296 483.35397 5005.37586
v -360.16798 476.82363 5007.46679
v -459.65236 473.68672 4883.47673
v -455.61796 476.95631 4881.81305
v -457.85850 468.05617 4883.49628
v -451.88922 476.51520 4879.06837
v -451.88922 476.51520 4879.06837
v -452.74121 472.88585 4878.41320
v -477.63693 478.56268 4841.75014
v -474.36637 480.80978 4840.45267
v -475.47132 477.96914 4841.45069
v -473.81467 479.79763 4839.92577
v -473.81467 479.79763 4839.92577
v -472.77826 477.48125 4839.49804
v -482.63651 477.90059 4829.56886
v -460.86127 468.29009 4865.92054
v -472.74739 460.05878 4874.69006
v -468.16140 472.86502 4870.74947
v -464.49733 476.89283 4865.47613
v -460.65825 475.17598 4863.48486
v -460.65825 475.17598 4863.48486
v -468.38814 479.09558 4854.40731
v -468.53226 473.54901 4857.93161
v -466.93671 476.90842 4852.94390
v -466.93671 476.90842 4852.94390
v -465.95538 474.84443 4854.07114
v -469.59901 475.20903 4856.38046
v -463.26643 471.79571 4860.20231
v -468.41371 474.45986 4863.63029
v -467.46457 477.10678 4859.55620
v -466.75450 468.24881 4865.98110
v -463.28884 476.41280 4858.22868
v -463.28884 476.41280 4858.22868
v -84.95803 433.67592 5322.40009
v -78.43281 442.31746 5316.49113
v -78.81604 422.57899 5321.07401
v -69.99475 437.31645 5312.51192
v -69.99475 437.31645 5312.51192
v -70.48132 426.37166 5314.72492
v -56.81542 388.79663 5369.09962
v -41.41639 371.92655 5385.14185
v -56.98168 393.99692 5382.23982
v -44.42181 388.37546 5390.09905
v -44.42181 388.37546 5390.09905
v -52.76091 376.71593 5372.55049
v -38.62824 414.91795 5347.93186
v -26.73747 408.60343 5354.81834
v -32.60358 418.41933 5354.77352
v -28.73366 415.88831 5358.28304
v -28.73366 415.88831 5358.28304
v -33.28435 409.47703 5349.05100
v 22.33957 494.29888 5291.12530
v 30.34519 489.23343 5296.78297
v 24.40038 495.98029 5295.44115
v 29.07914 494.11002 5300.95768
v 29.07914 494.11002 5300.95768
v 25.78127 490.26760 5291.72516
v 117.04376 643.21887 5209.86557
v 125.64863 638.51732 5213.37271
v 118.52942 645.45548 5214.03456
v 123.42745 642.89862 5218.03617
v 123.42745 642.89862 5218.03617
v 122.46482 640.81907 5209.10215
v -8.39224 455.46561 5321.44737
v -2.31121 452.94765 5325.40941
v -2.31121 452.94765 5325.40941
v -5.63329 447.92527 5316.00046
v -10.83411 453.18741 5316.24365
v -0.46307 447.30559 5321.67673
v 131.48449 673.64043 5178.93028
v 143.21756 673.65140 5181.52714
v 135.26493 677.28466 5184.01527
v 138.38059 676.93520 5185.09912
v 138.38059 676.93520 5185.09912
v 136.47978 672.27554 5177.29568
v 156.28903 726.58998 5092.90266
v 162.97428 725.12800 5093.83154
v 157.62223 729.58988 5093.94693
v 159.84358 730.70204 5095.54672
v 159.84358 730.70204 5095.54672
v 159.09533 726.44591 5091.67385
v 176.24386 780.92295 5002.48814
v 183.66633 780.45791 5004.57811
v 179.94653 785.25698 5005.15223
v 181.82920 783.97501 5005.75542
v 181.82920 783.97501 5005.75542
v 179.71416 779.30409 5003.46470
v 187.98853 828.47482 4928.00474
v 193.47836 827.89212 4929.23498
v 189.59670 831.44397 4929.33750
v 191.35462 831.68894 4930.50051
v 191.35462 831.68894 4930.50051
v 190.60235 827.62784 4928.20024
v 191.82597 833.37647 4924.82662
v 147.22909 702.19564 5144.89651
v 147.22909 702.19564 5144.89651
v 140.82234 704.07110 5144.61470
v 144.60041 696.94608 5139.98842
v 150.15680 698.33475 5143.11123
v 140.35547 698.88675 5140.89394
v 138.36747 658.81938 5199.40805
v 132.31488 659.50495 5194.31686
v 129.16878 664.46608 5199.85199
v 135.75074 664.72936 5204.34284
v 135.75074 664.72936 5204.34284
v 126.19779 661.13073 5195.23668
v 144.55566 674.44962 5193.85529
v 144.55566 674.44962 5193.85529
v 140.53769 678.47008 5193.07375
v 140.53769 678.47008 5193.07375
v 140.53769 678.47008 5193.07375
v 137.47250 678.12008 5195.67633
v 137.47250 678.12008 5195.67633
v 142.83122 670.25423 5198.14682
v 142.83122 670.25423 5198.14682
v 136.28626 673.63387 5199.07618
v 136.28626 673.63387 5199.07618
v 138.67627 670.36277 5201.73931
v 138.67627 670.36277 5201.73931
v 138.67627 670.36277 5201.73931
v 138.67627 670.36277 5201.73931
v 150.37753 683.61336 5200.18673
v 148.07199 685.87977 5199.94831
v 146.02923 687.21932 5200.00744
v 149.62310 682.23053 5203.13787
v 147.50072 684.34530 5202.83556
v 149.18138 681.96338 5205.45864
v 149.18138 681.96338 5205.45864
v 154.02339 697.29835 5204.23889
v 84.32383 9.34641 5808.26998
v 108.23394 7.22177 5804.60548
v 108.23394 7.22177 5804.60548
v 96.41692 21.49499 5823.12489
v 115.53884 23.33015 5826.41935
v 97.24743 -2.61657 5795.73631
v 36.30424 187.13415 5587.02040
v 58.12904 191.03126 5584.07593
v 58.12904 191.03126 5584.07593
v 42.64081 203.09623 5597.47410
v 58.32763 200.92401 5591.96806
v 41.26802 184.29413 5580.39618
v -65.35305 390.98993 5371.27829
v -43.14789 390.20783 5362.18643
v -43.14789 390.20783 5362.18643
v -57.36192 403.54827 5376.86872
v -47.14184 402.78235 5372.42222
v -56.01591 387.23394 5363.38568
v -151.50715 561.17916 5146.12198
v -136.92828 562.13140 5145.36619
v -136.92828 562.13140 5145.36619
v -145.72948 566.93417 5152.60649
v -136.04195 566.39087 5149.65010
v -149.60380 558.22390 5144.14787
v -196.94747 627.52295 5016.68119
v -182.69108 629.46737 5012.52651
v -182.69108 629.46737 5012.52651
v -187.25862 637.94595 5018.79215
v -181.44168 643.34649 5018.48269
v -193.57406 621.78123 5012.30049
v -253.33047 676.14639 4893.41688
v -247.55244 679.45021 4892.67254
v -247.55244 679.45021 4892.67254
v -249.85553 683.42191 4896.89589
v -244.10410 682.27899 4892.97009
v -254.37808 675.14116 4891.78944
v -337.48806 748.47317 4783.34141
v -328.92293 751.93143 4780.01881
v -328.92293 751.93143 4780.01881
v -330.86854 755.41973 4784.76810
v -325.25545 757.92712 4781.75688
v -336.54350 746.37449 4781.21424
v -392.65478 795.39454 4714.76841
v -384.74762 798.43605 4711.05623
v -384.74762 798.43605 4711.05623
v -387.89648 804.61746 4717.56840
v -385.65135 804.04800 4715.83080
v -391.49660 791.73714 4711.48396
v -413.38807 817.56777 4692.03997
v 7.72562 276.76654 5502.17247
v 15.30588 270.28161 5505.09787
v 8.99205 277.53794 5507.03955
v 13.09316 273.43786 5510.70738
v 13.09316 273.43786 5510.70738
v 12.90777 273.96894 5501.25885
v 29.21218 310.75081 5481.84586
v 40.56408 308.39828 5485.51750
v 32.81933 312.25252 5488.23118
v 35.74705 311.20062 5489.49289
v 35.74705 311.20062 5489.49289
v 34.19441 309.19468 5480.33190
v 69.94785 378.27045 5414.86025
v 76.30264 375.71746 5415.99321
v 71.51030 380.57587 5416.86392
v 73.66453 380.86751 5418.96152
v 73.66453 380.86751 5418.96152
v 72.85690 378.05161 5413.88130
v 106.53418 448.89984 5343.50014
v 113.60942 446.86112 5346.12751
v 110.42321 451.67607 5347.69869
v 112.07059 450.06597 5348.10591
v 112.07059 450.06597 5348.10591
v 109.67480 446.65375 5344.32888
v 132.34887 510.33759 5285.05898
v 137.58883 508.69101 5286.62491
v 134.14800 512.50070 5287.36401
v 135.78863 512.17169 5288.74207
v 135.78863 512.17169 5288.74207
v 134.82030 509.12917 5285.25972
v 137.10491 515.12867 5283.69999
v 52.12188 343.62549 5458.07314
v 52.12188 343.62549 5458.07314
v 46.01827 346.35201 5457.71837
v 49.44562 340.43017 5451.51520
v 54.77179 340.10404 5455.50442
v 45.36156 342.59948 5452.54993
v 31.94411 290.79035 5498.38257
v 26.59728 293.61111 5493.00385
v 23.43468 297.20962 5499.54367
v 29.48838 295.34319 5504.65298
v 29.48838 295.34319 5504.65298
v 20.61386 295.75434 5493.78395
v 40.58238 305.75365 5497.96724
v 40.58238 305.75365 5497.96724
v 37.16367 310.24444 5497.95961
v 37.16367 310.24444 5497.95961
v 37.16367 310.24444 5497.95961
v 33.78265 309.69018 5500.12064
v 33.78265 309.69018 5500.12064
v 37.88118 301.02172 5500.82016
v 37.88118 301.02172 5500.82016
v 31.68151 304.84253 5502.06757
v 31.68151 304.84253 5502.06757
v 33.36112 300.79195 5503.97968
v 33.36112 300.79195 5503.97968
v 33.36112 300.79195 5503.97968
v 33.36112 300.79195 5503.97968
v 46.73326 311.73134 5507.33948
v 44.74246 314.21641 5507.52926
v 42.86746 315.73123 5507.77245
v 45.48314 309.80125 5509.76992
v 43.66234 312.13573 5509.87101
v 44.74847 309.01828 5511.92856
v 44.74847 309.01828 5511.92856
v 51.52172 322.78252 5515.55157
vt 0.240110 0.767539
vt 0.248478 0.767210
vt 0.231595 0.767829
vt 0.240662 0.698462
vt 0.240655 0.785039
vt 0.250321 0.784082
vt 0.230696 0.785460
vt 0.220717 0.784496
vt 0.210871 0.782047
vt 0.260392 0.782673
vt 0.223221 0.767530
vt 0.215185 0.766109
vt 0.256479 0.766776
vt 0.225138 0.698229
vt 0.217345 0.697320
vt 0.256392 0.697874
vt 0.232903 0.698807
vt 0.226045 0.627224
vt 0.218246 0.627698
vt 0.257017 0.628260
vt 0.233915 0.626736
vt 0.227565 0.534669
vt 0.219804 0.535019
vt 0.258590 0.535678
vt 0.235363 0.534315
vt 0.229403 0.430236
vt 0.221543 0.430329
vt 0.260392 0.430970
vt 0.237201 0.429852
vt 0.233917 0.297784
vt 0.227282 0.297436
vt 0.258868 0.298026
vt 0.240396 0.297902
vt 0.235102 0.284160
vt 0.241518 0.287927
vt 0.229427 0.281413
vt 0.257690 0.282266
vt 0.235523 0.278631
vt 0.236201 0.272091
vt 0.240568 0.282899
vt 0.230615 0.275753
vt 0.256679 0.276786
vt 0.231954 0.270090
vt 0.255771 0.271145
vt 0.251565 0.277649
vt 0.251019 0.271698
vt 0.252114 0.283172
vt 0.246505 0.280517
vt 0.246329 0.286235
vt 0.246366 0.273280
vt 0.246616 0.258882
vt 0.240901 0.275495
vt 0.242347 0.259059
vt 0.238077 0.257739
vt 0.244920 0.246591
vt 0.233998 0.255327
vt 0.254782 0.256333
vt 0.250525 0.257853
vt 0.246424 0.298077
vt 0.252505 0.298275
vt 0.244642 0.429937
vt 0.252544 0.430558
vt 0.243096 0.534628
vt 0.250822 0.535357
vt 0.241671 0.627075
vt 0.249313 0.627917
vt 0.248529 0.697821
vt 0.557635 0.652654
vt 0.553334 0.537783
vt 0.566496 0.652113
vt 0.548748 0.653204
vt 0.561418 0.756747
vt 0.568787 0.756235
vt 0.553889 0.757318
vt 0.562741 0.772925
vt 0.568052 0.773095
vt 0.557888 0.774943
vt 0.566211 0.785460
vt 0.552143 0.779721
vt 0.579919 0.779620
vt 0.573612 0.775479
vt 0.576329 0.756102
vt 0.546465 0.757981
vt 0.584046 0.756962
vt 0.575406 0.651959
vt 0.573920 0.537473
vt 0.539817 0.653530
vt 0.584307 0.652192
vt 0.533032 0.539125
vt 0.584307 0.537551
vt 0.543188 0.538446
vt 0.563624 0.537449
vt 0.511839 0.541452
vt 0.522294 0.540865
vt 0.501507 0.541071
vt 0.511378 0.589103
vt 0.521378 0.588730
vt 0.501513 0.589428
vt 0.510666 0.619078
vt 0.518236 0.618731
vt 0.502972 0.619343
vt 0.510312 0.645092
vt 0.517423 0.644733
vt 0.503273 0.645509
vt 0.511013 0.715301
vt 0.518493 0.714914
vt 0.503555 0.715478
vt 0.509921 0.773023
vt 0.515069 0.773743
vt 0.505037 0.773327
vt 0.507484 0.785460
vt 0.500052 0.774210
vt 0.494514 0.776503
vt 0.520358 0.776482
vt 0.488551 0.715094
vt 0.526043 0.714972
vt 0.495928 0.715230
vt 0.489396 0.645233
vt 0.524431 0.644959
vt 0.496257 0.645481
vt 0.487033 0.619502
vt 0.525895 0.619259
vt 0.495024 0.619251
vt 0.482239 0.589345
vt 0.531267 0.589391
vt 0.491981 0.589226
vt 0.480264 0.540484
vt 0.532802 0.540302
vt 0.490740 0.540302
vt 0.413166 0.360117
vt 0.423160 0.358609
vt 0.403503 0.358296
vt 0.413355 0.384255
vt 0.420740 0.384969
vt 0.405683 0.383415
vt 0.413496 0.419545
vt 0.414644 0.455197
vt 0.419773 0.419688
vt 0.407234 0.419410
vt 0.407882 0.455165
vt 0.400938 0.419752
vt 0.398119 0.383963
vt 0.401273 0.455498
vt 0.394540 0.420429
vt 0.426164 0.419497
vt 0.390946 0.385885
vt 0.428111 0.384939
vt 0.394494 0.455981
vt 0.428158 0.454975
vt 0.421330 0.455271
vt 0.399210 0.576974
vt 0.430310 0.576138
vt 0.405346 0.576615
vt 0.424213 0.577194
vt 0.398780 0.593924
vt 0.431496 0.593042
vt 0.397414 0.597681
vt 0.433118 0.596550
vt 0.449175 0.501670
vt 0.449843 0.477582
vt 0.405015 0.594271
vt 0.425342 0.593779
vt 0.424947 0.608143
vt 0.418439 0.593952
vt 0.430701 0.599178
vt 0.450351 0.497841
vt 0.430413 0.602934
vt 0.450171 0.493759
vt 0.440867 0.494771
vt 0.441642 0.491992
vt 0.439582 0.497438
vt 0.440426 0.481597
vt 0.433348 0.489096
vt 0.442391 0.486563
vt 0.441879 0.484033
vt 0.442189 0.489187
vt 0.397489 0.607117
vt 0.432394 0.605972
vt 0.449760 0.489810
vt 0.399812 0.604292
vt 0.449980 0.485639
vt 0.399408 0.610078
vt 0.431000 0.609182
vt 0.405695 0.609465
vt 0.403114 0.637651
vt 0.429250 0.636716
vt 0.424075 0.636357
vt 0.408331 0.637790
vt 0.406457 0.672421
vt 0.428610 0.671616
vt 0.410890 0.672263
vt 0.424162 0.671438
vt 0.410592 0.735564
vt 0.428976 0.734897
vt 0.414270 0.735208
vt 0.425453 0.734969
vt 0.415409 0.783775
vt 0.427759 0.783247
vt 0.417921 0.781151
vt 0.424876 0.781230
vt 0.421680 0.785460
vt 0.422520 0.780358
vt 0.420316 0.780265
vt 0.417953 0.735030
vt 0.421700 0.735000
vt 0.415315 0.671939
vt 0.419700 0.671565
vt 0.413680 0.637622
vt 0.412122 0.609093
vt 0.418906 0.636896
vt 0.418634 0.608445
vt 0.411527 0.594111
vt 0.411648 0.577096
vt 0.418027 0.577603
vt 0.399807 0.600495
vt 0.450351 0.481459
vt 0.384203 0.358245
vt 0.433118 0.356772
vt 0.393851 0.356259
vt 0.470163 0.783805
vt 0.461231 0.784916
vt 0.433348 0.779905
vt 0.480034 0.781420
vt 0.468476 0.773300
vt 0.460686 0.773597
vt 0.438655 0.771245
vt 0.475676 0.772212
vt 0.468077 0.733023
vt 0.469042 0.696086
vt 0.461335 0.732672
vt 0.441151 0.733080
vt 0.474665 0.733867
vt 0.442116 0.696214
vt 0.475658 0.697127
vt 0.447939 0.733631
vt 0.448840 0.696571
vt 0.454675 0.733184
vt 0.445532 0.772770
vt 0.452980 0.773200
vt 0.442553 0.784121
vt 0.452092 0.785460
vt 0.455592 0.696002
vt 0.462265 0.695543
vt 0.457651 0.622720
vt 0.464513 0.622646
vt 0.450858 0.623195
vt 0.460162 0.545042
vt 0.466781 0.545473
vt 0.453449 0.545110
vt 0.462758 0.508359
vt 0.466770 0.508898
vt 0.458470 0.507359
vt 0.464738 0.501900
vt 0.471043 0.508320
vt 0.453487 0.503691
vt 0.476121 0.504418
vt 0.446996 0.545059
vt 0.480034 0.546144
vt 0.473508 0.546118
vt 0.444077 0.623130
vt 0.477967 0.624132
vt 0.471250 0.623357
vt 0.190103 0.216564
vt 0.180224 0.217192
vt 0.200229 0.214919
vt 0.190378 0.324133
vt 0.180051 0.324304
vt 0.200480 0.323875
vt 0.188980 0.442738
vt 0.181255 0.443238
vt 0.196787 0.442293
vt 0.188160 0.552817
vt 0.182138 0.551910
vt 0.194070 0.552924
vt 0.187859 0.609527
vt 0.182089 0.608884
vt 0.193802 0.609764
vt 0.187206 0.665437
vt 0.183160 0.664648
vt 0.191251 0.665823
vt 0.187844 0.731283
vt 0.183078 0.730520
vt 0.191935 0.731582
vt 0.187815 0.770046
vt 0.183473 0.769726
vt 0.191586 0.770318
vt 0.185698 0.785460
vt 0.175443 0.771116
vt 0.196067 0.771164
vt 0.179731 0.769792
vt 0.178958 0.730363
vt 0.174328 0.731073
vt 0.196452 0.730964
vt 0.178965 0.664574
vt 0.174929 0.665372
vt 0.195258 0.665352
vt 0.176253 0.608732
vt 0.170402 0.609437
vt 0.199800 0.609380
vt 0.175951 0.551486
vt 0.169872 0.552243
vt 0.199946 0.552155
vt 0.173533 0.443111
vt 0.165639 0.442719
vt 0.204743 0.442741
vt 0.169780 0.324173
vt 0.159635 0.324048
vt 0.210640 0.324029
vt 0.170036 0.215943
vt 0.160008 0.214540
vt 0.210482 0.214540
vt 0.284391 0.579156
vt 0.323679 0.579500
vt 0.287299 0.475220
vt 0.322536 0.475971
vt 0.315844 0.579163
vt 0.315071 0.478730
vt 0.308006 0.578924
vt 0.308469 0.479735
vt 0.300171 0.579018
vt 0.301999 0.479514
vt 0.292276 0.579212
vt 0.295066 0.478109
vt 0.283684 0.686865
vt 0.322627 0.687164
vt 0.314894 0.686550
vt 0.307104 0.685849
vt 0.299274 0.686019
vt 0.291497 0.686731
vt 0.281337 0.751692
vt 0.323955 0.752141
vt 0.315774 0.753397
vt 0.306990 0.753059
vt 0.298080 0.753223
vt 0.289400 0.753161
vt 0.299694 0.632470
vt 0.307513 0.632273
vt 0.291893 0.632921
vt 0.315352 0.632692
vt 0.284083 0.632925
vt 0.323158 0.633236
vt 0.295586 0.464648
vt 0.314371 0.466096
vt 0.310752 0.471746
vt 0.307186 0.473064
vt 0.303859 0.472453
vt 0.299996 0.470319
vt 0.305086 0.465936
vt 0.300584 0.527594
vt 0.308450 0.527615
vt 0.316395 0.527784
vt 0.284840 0.527529
vt 0.324245 0.527907
vt 0.292683 0.527665
vt 0.240110 0.767539
vt 0.248478 0.767210
vt 0.231595 0.767829
vt 0.240662 0.698462
vt 0.240655 0.785039
vt 0.250321 0.784082
vt 0.230696 0.785460
vt 0.220717 0.784496
vt 0.210871 0.782047
vt 0.260392 0.782673
vt 0.223221 0.767530
vt 0.215185 0.766109
vt 0.256479 0.766776
vt 0.225138 0.698229
vt 0.217345 0.697320
vt 0.256392 0.697874
vt 0.232903 0.698807
vt 0.226045 0.627224
vt 0.218246 0.627698
vt 0.257017 0.628260
vt 0.233915 0.626736
vt 0.227565 0.534669
vt 0.219804 0.535019
vt 0.258590 0.535678
vt 0.235363 0.534315
vt 0.229403 0.430236
vt 0.221543 0.430329
vt 0.260392 0.430970
vt 0.237201 0.429852
vt 0.233917 0.297784
vt 0.227282 0.297436
vt 0.258868 0.298026
vt 0.240396 0.297902
vt 0.235102 0.284160
vt 0.241518 0.287927
vt 0.229427 0.281413
vt 0.257690 0.282266
vt 0.235523 0.278631
vt 0.236201 0.272091
vt 0.240568 0.282899
vt 0.230615 0.275753
vt 0.256679 0.276786
vt 0.231954 0.270090
vt 0.255771 0.271145
vt 0.251565 0.277649
vt 0.251019 0.271698
vt 0.252114 0.283172
vt 0.246505 0.280517
vt 0.246329 0.286235
vt 0.246366 0.273280
vt 0.246616 0.258882
vt 0.240901 0.275495
vt 0.242347 0.259059
vt 0.238077 0.257739
vt 0.244920 0.246591
vt 0.233998 0.255327
vt 0.254782 0.256333
vt 0.250525 0.257853
vt 0.246424 0.298077
vt 0.252505 0.298275
vt 0.244642 0.429937
vt 0.252544 0.430558
vt 0.243096 0.534628
vt 0.250822 0.535357
vt 0.241671 0.627075
vt 0.249313 0.627917
vt 0.248529 0.697821
vt 0.557635 0.652654
vt 0.553334 0.537783
vt 0.566496 0.652113
vt 0.548748 0.653204
vt 0.561418 0.756747
vt 0.568787 0.756235
vt 0.553889 0.757318
vt 0.562741 0.772925
vt 0.568052 0.773095
vt 0.557888 0.774943
vt 0.566211 0.785460
vt 0.552143 0.779721
vt 0.579919 0.779620
vt 0.573612 0.775479
vt 0.576329 0.756102
vt 0.546465 0.757981
vt 0.584046 0.756962
vt 0.575406 0.651959
vt 0.573920 0.537473
vt 0.539817 0.653530
vt 0.584307 0.652192
vt 0.533032 0.539125
vt 0.584307 0.537551
vt 0.543188 0.538446
vt 0.563624 0.537449
vt 0.511839 0.541452
vt 0.522294 0.540865
vt 0.501507 0.541071
vt 0.511378 0.589103
vt 0.521378 0.588730
vt 0.501513 0.589428
vt 0.510666 0.619078
vt 0.518236 0.618731
vt 0.502972 0.619343
vt 0.510312 0.645092
vt 0.517423 0.644733
vt 0.503273 0.645509
vt 0.511013 0.715301
vt 0.518493 0.714914
vt 0.503555 0.715478
vt 0.509921 0.773023
vt 0.515069 0.773743
vt 0.505037 0.773327
vt 0.507484 0.785460
vt 0.500052 0.774210
vt 0.494514 0.776503
vt 0.520358 0.776482
vt 0.488551 0.715094
vt 0.526043 0.714972
vt 0.495928 0.715230
vt 0.489396 0.645233
vt 0.524431 0.644959
vt 0.496257 0.645481
vt 0.487033 0.619502
vt 0.525895 0.619259
vt 0.495024 0.619251
vt 0.482239 0.589345
vt 0.531267 0.589391
vt 0.491981 0.589226
vt 0.480264 0.540484
vt 0.532802 0.540302
vt 0.490740 0.540302
vt 0.413166 0.360117
vt 0.423160 0.358609
vt 0.403503 0.358296
vt 0.413355 0.384255
vt 0.420740 0.384969
vt 0.405683 0.383415
vt 0.413496 0.419545
vt 0.414644 0.455197
vt 0.419773 0.419688
vt 0.407234 0.419410
vt 0.407882 0.455165
vt 0.400938 0.419752
vt 0.398119 0.383963
vt 0.401273 0.455498
vt 0.394540 0.420429
vt 0.426164 0.419497
vt 0.390946 0.385885
vt 0.428111 0.384939
vt 0.394494 0.455981
vt 0.428158 0.454975
vt 0.421330 0.455271
vt 0.399210 0.576974
vt 0.430310 0.576138
vt 0.405346 0.576615
vt 0.424213 0.577194
vt 0.398780 0.593924
vt 0.431496 0.593042
vt 0.397414 0.597681
vt 0.433118 0.596550
vt 0.449175 0.501670
vt 0.449843 0.477582
vt 0.405015 0.594271
vt 0.425342 0.593779
vt 0.424947 0.608143
vt 0.418439 0.593952
vt 0.430701 0.599178
vt 0.450351 0.497841
vt 0.430413 0.602934
vt 0.450171 0.493759
vt 0.440867 0.494771
vt 0.441642 0.491992
vt 0.439582 0.497438
vt 0.440426 0.481597
vt 0.433348 0.489096
vt 0.442391 0.486563
vt 0.441879 0.484033
vt 0.442189 0.489187
vt 0.397489 0.607117
vt 0.432394 0.605972
vt 0.449760 0.489810
vt 0.399812 0.604292
vt 0.449980 0.485639
vt 0.399408 0.610078
vt 0.431000 0.609182
vt 0.405695 0.609465
vt 0.403114 0.637651
vt 0.429250 0.636716
vt 0.424075 0.636357
vt 0.408331 0.637790
vt 0.406457 0.672421
vt 0.428610 0.671616
vt 0.410890 0.672263
vt 0.424162 0.671438
vt 0.410592 0.735564
vt 0.428976 0.734897
vt 0.414270 0.735208
vt 0.425453 0.734969
vt 0.415409 0.783775
vt 0.427759 0.783247
vt 0.417921 0.781151
vt 0.424876 0.781230
vt 0.421680 0.785460
vt 0.422520 0.780358
vt 0.420316 0.780265
vt 0.417953 0.735030
vt 0.421700 0.735000
vt 0.415315 0.671939
vt 0.419700 0.671565
vt 0.413680 0.637622
vt 0.412122 0.609093
vt 0.418906 0.636896
vt 0.418634 0.608445
vt 0.411527 0.594111
vt 0.411648 0.577096
vt 0.418027 0.577603
vt 0.399807 0.600495
vt 0.450351 0.481459
vt 0.384203 0.358245
vt 0.433118 0.356772
vt 0.393851 0.356259
vt 0.190103 0.216564
vt 0.180224 0.217192
vt 0.200229 0.214919
vt 0.190378 0.324133
vt 0.180051 0.324304
vt 0.200480 0.323875
vt 0.188980 0.442738
vt 0.181255 0.443238
vt 0.196787 0.442293
vt 0.188160 0.552817
vt 0.182138 0.551910
vt 0.194070 0.552924
vt 0.187859 0.609527
vt 0.182089 0.608884
vt 0.193802 0.609764
vt 0.187206 0.665437
vt 0.183160 0.664648
vt 0.191251 0.665823
vt 0.187844 0.731283
vt 0.183078 0.730520
vt 0.191935 0.731582
vt 0.187815 0.770046
vt 0.183473 0.769726
vt 0.191586 0.770318
vt 0.185698 0.785460
vt 0.175443 0.771116
vt 0.196067 0.771164
vt 0.179731 0.769792
vt 0.178958 0.730363
vt 0.174328 0.731073
vt 0.196452 0.730964
vt 0.178965 0.664574
vt 0.174929 0.665372
vt 0.195258 0.665352
vt 0.176253 0.608732
vt 0.170402 0.609437
vt 0.199800 0.609380
vt 0.175951 0.551486
vt 0.169872 0.552243
vt 0.199946 0.552155
vt 0.173533 0.443111
vt 0.165639 0.442719
vt 0.204743 0.442741
vt 0.169780 0.324173
vt 0.159635 0.324048
vt 0.210640 0.324029
vt 0.170036 0.215943
vt 0.160008 0.214540
vt 0.210482 0.214540
vt 0.284391 0.579156
vt 0.323679 0.579500
vt 0.287299 0.475220
vt 0.322536 0.475971
vt 0.315844 0.579163
vt 0.315071 0.478730
vt 0.308006 0.578924
vt 0.308469 0.479735
vt 0.300171 0.579018
vt 0.301999 0.479514
vt 0.292276 0.579212
vt 0.295066 0.478109
vt 0.283684 0.686865
vt 0.322627 0.687164
vt 0.314894 0.686550
vt 0.307104 0.685849
vt 0.299274 0.686019
vt 0.291497 0.686731
vt 0.281337 0.751692
vt 0.323955 0.752141
vt 0.315774 0.753397
vt 0.306990 0.753059
vt 0.298080 0.753223
vt 0.289400 0.753161
vt 0.299694 0.632470
vt 0.307513 0.632273
vt 0.291893 0.632921
vt 0.315352 0.632692
vt 0.284083 0.632925
vt 0.323158 0.633236
vt 0.295586 0.464648
vt 0.314371 0.466096
vt 0.310752 0.471746
vt 0.307186 0.473064
vt 0.303859 0.472453
vt 0.299996 0.470319
vt 0.305086 0.465936
vt 0.300584 0.527594
vt 0.308450 0.527615
vt 0.316395 0.527784
vt 0.284840 0.527529
vt 0.324245 0.527907
vt 0.292683 0.527665
vt 0.240110 0.767539
vt 0.248478 0.767210
vt 0.231595 0.767829
vt 0.215185 0.766109
vt 0.256479 0.766776
vt 0.223221 0.767530
vt 0.240662 0.698462
vt 0.248529 0.697821
vt 0.232903 0.698807
vt 0.217345 0.697320
vt 0.256392 0.697874
vt 0.225138 0.698229
vt 0.241671 0.627075
vt 0.249313 0.627917
vt 0.233915 0.626736
vt 0.218246 0.627698
vt 0.257017 0.628260
vt 0.226045 0.627224
vt 0.243096 0.534628
vt 0.250822 0.535357
vt 0.235363 0.534315
vt 0.219804 0.535019
vt 0.258590 0.535678
vt 0.227565 0.534669
vt 0.244642 0.429937
vt 0.252544 0.430558
vt 0.237201 0.429852
vt 0.221543 0.430329
vt 0.260392 0.430970
vt 0.229403 0.430236
vt 0.246424 0.298077
vt 0.252505 0.298275
vt 0.240396 0.297902
vt 0.227282 0.297436
vt 0.258868 0.298026
vt 0.233917 0.297784
vt 0.246616 0.258882
vt 0.250525 0.257853
vt 0.242347 0.259059
vt 0.233998 0.255327
vt 0.254782 0.256333
vt 0.238077 0.257739
vt 0.244920 0.246591
vt 0.235102 0.284160
vt 0.241518 0.287927
vt 0.246329 0.286235
vt 0.252114 0.283172
vt 0.229427 0.281413
vt 0.257690 0.282266
vt 0.251019 0.271698
vt 0.240901 0.275495
vt 0.231954 0.270090
vt 0.255771 0.271145
vt 0.236201 0.272091
vt 0.246366 0.273280
vt 0.235523 0.278631
vt 0.246505 0.280517
vt 0.251565 0.277649
vt 0.240568 0.282899
vt 0.230615 0.275753
vt 0.256679 0.276786
vt 0.240655 0.785039
vt 0.250321 0.784082
vt 0.230696 0.785460
vt 0.210871 0.782047
vt 0.260392 0.782673
vt 0.220717 0.784496
vt 0.413166 0.360117
vt 0.393851 0.356259
vt 0.423160 0.358609
vt 0.384203 0.358245
vt 0.433118 0.356772
vt 0.403503 0.358296
vt 0.413355 0.384255
vt 0.398119 0.383963
vt 0.420740 0.384969
vt 0.390946 0.385885
vt 0.428111 0.384939
vt 0.405683 0.383415
vt 0.414644 0.455197
vt 0.401273 0.455498
vt 0.421330 0.455271
vt 0.394494 0.455981
vt 0.428158 0.454975
vt 0.407882 0.455165
vt 0.418027 0.577603
vt 0.405346 0.576615
vt 0.424213 0.577194
vt 0.399210 0.576974
vt 0.430310 0.576138
vt 0.411648 0.577096
vt 0.419773 0.419688
vt 0.394540 0.420429
vt 0.426164 0.419497
vt 0.407234 0.419410
vt 0.413496 0.419545
vt 0.400938 0.419752
vt 0.418634 0.608445
vt 0.405695 0.609465
vt 0.424947 0.608143
vt 0.399408 0.610078
vt 0.431000 0.609182
vt 0.412122 0.609093
vt 0.419700 0.671565
vt 0.410890 0.672263
vt 0.424162 0.671438
vt 0.406457 0.672421
vt 0.428610 0.671616
vt 0.415315 0.671939
vt 0.421700 0.735000
vt 0.414270 0.735208
vt 0.425453 0.734969
vt 0.410592 0.735564
vt 0.428976 0.734897
vt 0.417953 0.735030
vt 0.422520 0.780358
vt 0.417921 0.781151
vt 0.424876 0.781230
vt 0.415409 0.783775
vt 0.427759 0.783247
vt 0.420316 0.780265
vt 0.421680 0.785460
vt 0.403114 0.637651
vt 0.429250 0.636716
vt 0.424075 0.636357
vt 0.413680 0.637622
vt 0.408331 0.637790
vt 0.418906 0.636896
vt 0.405015 0.594271
vt 0.411527 0.594111
vt 0.425342 0.593779
vt 0.398780 0.593924
vt 0.431496 0.593042
vt 0.418439 0.593952
vt 0.399812 0.604292
vt 0.449980 0.485639
vt 0.397489 0.607117
vt 0.432394 0.605972
vt 0.449760 0.489810
vt 0.430413 0.602934
vt 0.450171 0.493759
vt 0.399807 0.600495
vt 0.450351 0.481459
vt 0.430701 0.599178
vt 0.450351 0.497841
vt 0.397414 0.597681
vt 0.433118 0.596550
vt 0.449175 0.501670
vt 0.449843 0.477582
vt 0.442391 0.486563
vt 0.442189 0.489187
vt 0.441642 0.491992
vt 0.441879 0.484033
vt 0.440867 0.494771
vt 0.439582 0.497438
vt 0.440426 0.481597
vt 0.433348 0.489096
vt 0.190103 0.216564
vt 0.160008 0.214540
vt 0.210482 0.214540
vt 0.180224 0.217192
vt 0.170036 0.215943
vt 0.200229 0.214919
vt 0.190378 0.324133
vt 0.159635 0.324048
vt 0.210640 0.324029
vt 0.180051 0.324304
vt 0.169780 0.324173
vt 0.200480 0.323875
vt 0.188980 0.442738
vt 0.165639 0.442719
vt 0.204743 0.442741
vt 0.181255 0.443238
vt 0.173533 0.443111
vt 0.196787 0.442293
vt 0.188160 0.552817
vt 0.169872 0.552243
vt 0.199946 0.552155
vt 0.182138 0.551910
vt 0.175951 0.551486
vt 0.194070 0.552924
vt 0.187859 0.609527
vt 0.170402 0.609437
vt 0.199800 0.609380
vt 0.182089 0.608884
vt 0.176253 0.608732
vt 0.193802 0.609764
vt 0.187206 0.665437
vt 0.174929 0.665372
vt 0.195258 0.665352
vt 0.183160 0.664648
vt 0.178965 0.664574
vt 0.191251 0.665823
vt 0.187844 0.731283
vt 0.174328 0.731073
vt 0.196452 0.730964
vt 0.183078 0.730520
vt 0.178958 0.730363
vt 0.191935 0.731582
vt 0.187815 0.770046
vt 0.175443 0.771116
vt 0.196067 0.771164
vt 0.183473 0.769726
vt 0.179731 0.769792
vt 0.191586 0.770318
vt 0.185698 0.785460
vt 0.418027 0.577603
vt 0.405346 0.576615
vt 0.424213 0.577194
vt 0.399210 0.576974
vt 0.430310 0.576138
vt 0.411648 0.577096
vt 0.418634 0.608445
vt 0.405695 0.609465
vt 0.424947 0.608143
vt 0.399408 0.610078
vt 0.431000 0.609182
vt 0.412122 0.609093
vt 0.419700 0.671565
vt 0.410890 0.672263
vt 0.424162 0.671438
vt 0.406457 0.672421
vt 0.428610 0.671616
vt 0.415315 0.671939
vt 0.421700 0.735000
vt 0.414270 0.735208
vt 0.425453 0.734969
vt 0.410592 0.735564
vt 0.428976 0.734897
vt 0.417953 0.735030
vt 0.422520 0.780358
vt 0.417921 0.781151
vt 0.424876 0.781230
vt 0.415409 0.783775
vt 0.427759 0.783247
vt 0.420316 0.780265
vt 0.421680 0.785460
vt 0.403114 0.637651
vt 0.429250 0.636716
vt 0.424075 0.636357
vt 0.413680 0.637622
vt 0.408331 0.637790
vt 0.418906 0.636896
vt 0.405015 0.594271
vt 0.411527 0.594111
vt 0.425342 0.593779
vt 0.398780 0.593924
vt 0.431496 0.593042
vt 0.418439 0.593952
vt 0.399812 0.604292
vt 0.449980 0.485639
vt 0.397489 0.607117
vt 0.432394 0.605972
vt 0.449760 0.489810
vt 0.430413 0.602934
vt 0.450171 0.493759
vt 0.399807 0.600495
vt 0.450351 0.481459
vt 0.430701 0.599178
vt 0.450351 0.497841
vt 0.397414 0.597681
vt 0.433118 0.596550
vt 0.449175 0.501670
vt 0.449843 0.477582
vt 0.442391 0.486563
vt 0.442189 0.489187
vt 0.441642 0.491992
vt 0.441879 0.484033
vt 0.440867 0.494771
vt 0.439582 0.497438
vt 0.440426 0.481597
vt 0.433348 0.489096
vt 0.240110 0.767539
vt 0.248478 0.767210
vt 0.231595 0.767829
vt 0.240662 0.698462
vt 0.240655 0.785039
vt 0.250321 0.784082
vt 0.230696 0.785460
vt 0.220717 0.784496
vt 0.210871 0.782047
vt 0.260392 0.782673
vt 0.223221 0.767530
vt 0.215185 0.766109
vt 0.256479 0.766776
vt 0.225138 0.698229
vt 0.217345 0.697320
vt 0.256392 0.697874
vt 0.232903 0.698807
vt 0.226045 0.627224
vt 0.218246 0.627698
vt 0.257017 0.628260
vt 0.233915 0.626736
vt 0.227565 0.534669
vt 0.219804 0.535019
vt 0.258590 0.535678
vt 0.235363 0.534315
vt 0.229403 0.430236
vt 0.221543 0.430329
vt 0.260392 0.430970
vt 0.237201 0.429852
vt 0.233917 0.297784
vt 0.227282 0.297436
vt 0.258868 0.298026
vt 0.240396 0.297902
vt 0.235102 0.284160
vt 0.241518 0.287927
vt 0.229427 0.281413
vt 0.257690 0.282266
vt 0.235523 0.278631
vt 0.236201 0.272091
vt 0.240568 0.282899
vt 0.230615 0.275753
vt 0.256679 0.276786
vt 0.231954 0.270090
vt 0.255771 0.271145
vt 0.251565 0.277649
vt 0.251019 0.271698
vt 0.252114 0.283172
vt 0.246505 0.280517
vt 0.246329 0.286235
vt 0.246366 0.273280
vt 0.246616 0.258882
vt 0.240901 0.275495
vt 0.242347 0.259059
vt 0.238077 0.257739
vt 0.244920 0.246591
vt 0.233998 0.255327
vt 0.254782 0.256333
vt 0.250525 0.257853
vt 0.246424 0.298077
vt 0.252505 0.298275
vt 0.244642 0.429937
vt 0.252544 0.430558
vt 0.243096 0.534628
vt 0.250822 0.535357
vt 0.241671 0.627075
vt 0.249313 0.627917
vt 0.248529 0.697821
vt 0.284391 0.579156
vt 0.323679 0.579500
vt 0.287299 0.475220
vt 0.322536 0.475971
vt 0.315844 0.579163
vt 0.315071 0.478730
vt 0.308006 0.578924
vt 0.308469 0.479735
vt 0.300171 0.579018
vt 0.301999 0.479514
vt 0.292276 0.579212
vt 0.295066 0.478109
vt 0.283684 0.686865
vt 0.322627 0.687164
vt 0.314894 0.686550
vt 0.307104 0.685849
vt 0.299274 0.686019
vt 0.291497 0.686731
vt 0.281337 0.751692
vt 0.323955 0.752141
vt 0.315774 0.753397
vt 0.306990 0.753059
vt 0.298080 0.753223
vt 0.289400 0.753161
vt 0.263804 0.776654
vt 0.340167 0.778512
vt 0.324479 0.784159
vt 0.308424 0.784077
vt 0.295208 0.783109
vt 0.279256 0.782328
vt 0.299694 0.632470
vt 0.307513 0.632273
vt 0.291893 0.632921
vt 0.315352 0.632692
vt 0.284083 0.632925
vt 0.323158 0.633236
vt 0.295586 0.464648
vt 0.314371 0.466096
vt 0.310752 0.471746
vt 0.307186 0.473064
vt 0.303859 0.472453
vt 0.299996 0.470319
vt 0.305086 0.465936
vt 0.300584 0.527594
vt 0.308450 0.527615
vt 0.316395 0.527784
vt 0.284840 0.527529
vt 0.324245 0.527907
vt 0.292683 0.527665
vt 0.269924 0.768261
vt 0.334487 0.769656
vt 0.282709 0.772975
vt 0.296176 0.773773
vt 0.307999 0.774377
vt 0.321482 0.774369
vt 0.557635 0.652654
vt 0.553334 0.537783
vt 0.566496 0.652113
vt 0.548748 0.653204
vt 0.561418 0.756747
vt 0.568787 0.756235
vt 0.553889 0.757318
vt 0.562741 0.772925
vt 0.568052 0.773095
vt 0.557888 0.774943
vt 0.566211 0.785460
vt 0.552143 0.779721
vt 0.579919 0.779620
vt 0.573612 0.775479
vt 0.576329 0.756102
vt 0.546465 0.757981
vt 0.584046 0.756962
vt 0.575406 0.651959
vt 0.573920 0.537473
vt 0.539817 0.653530
vt 0.584307 0.652192
vt 0.533032 0.539125
vt 0.584307 0.537551
vt 0.543188 0.538446
vt 0.563624 0.537449
vt 0.511839 0.541452
vt 0.522294 0.540865
vt 0.501507 0.541071
vt 0.511378 0.589103
vt 0.521378 0.588730
vt 0.501513 0.589428
vt 0.510666 0.619078
vt 0.518236 0.618731
vt 0.502972 0.619343
vt 0.510312 0.645092
vt 0.517423 0.644733
vt 0.503273 0.645509
vt 0.511013 0.715301
vt 0.518493 0.714914
vt 0.503555 0.715478
vt 0.509921 0.773023
vt 0.515069 0.773743
vt 0.505037 0.773327
vt 0.507484 0.785460
vt 0.500052 0.774210
vt 0.494514 0.776503
vt 0.520358 0.776482
vt 0.488551 0.715094
vt 0.526043 0.714972
vt 0.495928 0.715230
vt 0.489396 0.645233
vt 0.524431 0.644959
vt 0.496257 0.645481
vt 0.487033 0.619502
vt 0.525895 0.619259
vt 0.495024 0.619251
vt 0.482239 0.589345
vt 0.531267 0.589391
vt 0.491981 0.589226
vt 0.480264 0.540484
vt 0.532802 0.540302
vt 0.490740 0.540302
vt 0.413166 0.360117
vt 0.423160 0.358609
vt 0.403503 0.358296
vt 0.413355 0.384255
vt 0.420740 0.384969
vt 0.405683 0.383415
vt 0.413496 0.419545
vt 0.414644 0.455197
vt 0.419773 0.419688
vt 0.407234 0.419410
vt 0.407882 0.455165
vt 0.400938 0.419752
vt 0.398119 0.383963
vt 0.401273 0.455498
vt 0.394540 0.420429
vt 0.426164 0.419497
vt 0.390946 0.385885
vt 0.428111 0.384939
vt 0.394494 0.455981
vt 0.428158 0.454975
vt 0.421330 0.455271
vt 0.399210 0.576974
vt 0.430310 0.576138
vt 0.405346 0.576615
vt 0.424213 0.577194
vt 0.398780 0.593924
vt 0.431496 0.593042
vt 0.397414 0.597681
vt 0.433118 0.596550
vt 0.449175 0.501670
vt 0.449843 0.477582
vt 0.405015 0.594271
vt 0.425342 0.593779
vt 0.424947 0.608143
vt 0.418439 0.593952
vt 0.430701 0.599178
vt 0.450351 0.497841
vt 0.430413 0.602934
vt 0.450171 0.493759
vt 0.440867 0.494771
vt 0.441642 0.491992
vt 0.439582 0.497438
vt 0.440426 0.481597
vt 0.433348 0.489096
vt 0.442391 0.486563
vt 0.441879 0.484033
vt 0.442189 0.489187
vt 0.397489 0.607117
vt 0.432394 0.605972
vt 0.449760 0.489810
vt 0.399812 0.604292
vt 0.449980 0.485639
vt 0.399408 0.610078
vt 0.431000 0.609182
vt 0.405695 0.609465
vt 0.403114 0.637651
vt 0.429250 0.636716
vt 0.424075 0.636357
vt 0.408331 0.637790
vt 0.406457 0.672421
vt 0.428610 0.671616
vt 0.410890 0.672263
vt 0.424162 0.671438
vt 0.410592 0.735564
vt 0.428976 0.734897
vt 0.414270 0.735208
vt 0.425453 0.734969
vt 0.415409 0.783775
vt 0.427759 0.783247
vt 0.417921 0.781151
vt 0.424876 0.781230
vt 0.421680 0.785460
vt 0.422520 0.780358
vt 0.420316 0.780265
vt 0.417953 0.735030
vt 0.421700 0.735000
vt 0.415315 0.671939
vt 0.419700 0.671565
vt 0.413680 0.637622
vt 0.412122 0.609093
vt 0.418906 0.636896
vt 0.418634 0.608445
vt 0.411527 0.594111
vt 0.411648 0.577096
vt 0.418027 0.577603
vt 0.399807 0.600495
vt 0.450351 0.481459
vt 0.384203 0.358245
vt 0.433118 0.356772
vt 0.393851 0.356259
vt 0.190103 0.216564
vt 0.180224 0.217192
vt 0.200229 0.214919
vt 0.190378 0.324133
vt 0.180051 0.324304
vt 0.200480 0.323875
vt 0.188980 0.442738
vt 0.181255 0.443238
vt 0.196787 0.442293
vt 0.188160 0.552817
vt 0.182138 0.551910
vt 0.194070 0.552924
vt 0.187859 0.609527
vt 0.182089 0.608884
vt 0.193802 0.609764
vt 0.187206 0.665437
vt 0.183160 0.664648
vt 0.191251 0.665823
vt 0.187844 0.731283
vt 0.183078 0.730520
vt 0.191935 0.731582
vt 0.187815 0.770046
vt 0.183473 0.769726
vt 0.191586 0.770318
vt 0.185698 0.785460
vt 0.175443 0.771116
vt 0.196067 0.771164
vt 0.179731 0.769792
vt 0.178958 0.730363
vt 0.174328 0.731073
vt 0.196452 0.730964
vt 0.178965 0.664574
vt 0.174929 0.665372
vt 0.195258 0.665352
vt 0.176253 0.608732
vt 0.170402 0.609437
vt 0.199800 0.609380
vt 0.175951 0.551486
vt 0.169872 0.552243
vt 0.199946 0.552155
vt 0.173533 0.443111
vt 0.165639 0.442719
vt 0.204743 0.442741
vt 0.169780 0.324173
vt 0.159635 0.324048
vt 0.210640 0.324029
vt 0.170036 0.215943
vt 0.160008 0.214540
vt 0.210482 0.214540
vt 0.284391 0.579156
vt 0.323679 0.579500
vt 0.287299 0.475220
vt 0.322536 0.475971
vt 0.315844 0.579163
vt 0.315071 0.478730
vt 0.308006 0.578924
vt 0.308469 0.479735
vt 0.300171 0.579018
vt 0.301999 0.479514
vt 0.292276 0.579212
vt 0.295066 0.478109
vt 0.283684 0.686865
vt 0.322627 0.687164
vt 0.314894 0.686550
vt 0.307104 0.685849
vt 0.299274 0.686019
vt 0.291497 0.686731
vt 0.281337 0.751692
vt 0.323955 0.752141
vt 0.315774 0.753397
vt 0.306990 0.753059
vt 0.298080 0.753223
vt 0.289400 0.753161
vt 0.299694 0.632470
vt 0.307513 0.632273
vt 0.291893 0.632921
vt 0.315352 0.632692
vt 0.284083 0.632925
vt 0.323158 0.633236
vt 0.295586 0.464648
vt 0.314371 0.466096
vt 0.310752 0.471746
vt 0.307186 0.473064
vt 0.303859 0.472453
vt 0.299996 0.470319
vt 0.305086 0.465936
vt 0.300584 0.527594
vt 0.308450 0.527615
vt 0.316395 0.527784
vt 0.284840 0.527529
vt 0.324245 0.527907
vt 0.292683 0.527665
vt 0.240110 0.767539
vt 0.248478 0.767210
vt 0.231595 0.767829
vt 0.215185 0.766109
vt 0.256479 0.766776
vt 0.223221 0.767530
vt 0.240662 0.698462
vt 0.248529 0.697821
vt 0.232903 0.698807
vt 0.217345 0.697320
vt 0.256392 0.697874
vt 0.225138 0.698229
vt 0.241671 0.627075
vt 0.249313 0.627917
vt 0.233915 0.626736
vt 0.218246 0.627698
vt 0.257017 0.628260
vt 0.226045 0.627224
vt 0.243096 0.534628
vt 0.250822 0.535357
vt 0.235363 0.534315
vt 0.219804 0.535019
vt 0.258590 0.535678
vt 0.227565 0.534669
vt 0.244642 0.429937
vt 0.252544 0.430558
vt 0.237201 0.429852
vt 0.221543 0.430329
vt 0.260392 0.430970
vt 0.229403 0.430236
vt 0.246424 0.298077
vt 0.252505 0.298275
vt 0.240396 0.297902
vt 0.227282 0.297436
vt 0.258868 0.298026
vt 0.233917 0.297784
vt 0.246616 0.258882
vt 0.250525 0.257853
vt 0.242347 0.259059
vt 0.233998 0.255327
vt 0.254782 0.256333
vt 0.238077 0.257739
vt 0.244920 0.246591
vt 0.235102 0.284160
vt 0.241518 0.287927
vt 0.246329 0.286235
vt 0.252114 0.283172
vt 0.229427 0.281413
vt 0.257690 0.282266
vt 0.251019 0.271698
vt 0.240901 0.275495
vt 0.231954 0.270090
vt 0.255771 0.271145
vt 0.236201 0.272091
vt 0.246366 0.273280
vt 0.235523 0.278631
vt 0.246505 0.280517
vt 0.251565 0.277649
vt 0.240568 0.282899
vt 0.230615 0.275753
vt 0.256679 0.276786
vt 0.240655 0.785039
vt 0.250321 0.784082
vt 0.230696 0.785460
vt 0.210871 0.782047
vt 0.260392 0.782673
vt 0.220717 0.784496
vt 0.413166 0.360117
vt 0.393851 0.356259
vt 0.423160 0.358609
vt 0.384203 0.358245
vt 0.433118 0.356772
vt 0.403503 0.358296
vt 0.413355 0.384255
vt 0.398119 0.383963
vt 0.420740 0.384969
vt 0.390946 0.385885
vt 0.428111 0.384939
vt 0.405683 0.383415
vt 0.414644 0.455197
vt 0.401273 0.455498
vt 0.421330 0.455271
vt 0.394494 0.455981
vt 0.428158 0.454975
vt 0.407882 0.455165
vt 0.418027 0.577603
vt 0.405346 0.576615
vt 0.424213 0.577194
vt 0.399210 0.576974
vt 0.430310 0.576138
vt 0.411648 0.577096
vt 0.419773 0.419688
vt 0.394540 0.420429
vt 0.426164 0.419497
vt 0.407234 0.419410
vt 0.413496 0.419545
vt 0.400938 0.419752
vt 0.418634 0.608445
vt 0.405695 0.609465
vt 0.424947 0.608143
vt 0.399408 0.610078
vt 0.431000 0.609182
vt 0.412122 0.609093
vt 0.419700 0.671565
vt 0.410890 0.672263
vt 0.424162 0.671438
vt 0.406457 0.672421
vt 0.428610 0.671616
vt 0.415315 0.671939
vt 0.421700 0.735000
vt 0.414270 0.735208
vt 0.425453 0.734969
vt 0.410592 0.735564
vt 0.428976 0.734897
vt 0.417953 0.735030
vt 0.422520 0.780358
vt 0.417921 0.781151
vt 0.424876 0.781230
vt 0.415409 0.783775
vt 0.427759 0.783247
vt 0.420316 0.780265
vt 0.421680 0.785460
vt 0.403114 0.637651
vt 0.429250 0.636716
vt 0.424075 0.636357
vt 0.413680 0.637622
vt 0.408331 0.637790
vt 0.418906 0.636896
vt 0.405015 0.594271
vt 0.411527 0.594111
vt 0.425342 0.593779
vt 0.398780 0.593924
vt 0.431496 0.593042
vt 0.418439 0.593952
vt 0.399812 0.604292
vt 0.449980 0.485639
vt 0.397489 0.607117
vt 0.432394 0.605972
vt 0.449760 0.489810
vt 0.430413 0.602934
vt 0.450171 0.493759
vt 0.399807 0.600495
vt 0.450351 0.481459
vt 0.430701 0.599178
vt 0.450351 0.497841
vt 0.397414 0.597681
vt 0.433118 0.596550
vt 0.449175 0.501670
vt 0.449843 0.477582
vt 0.442391 0.486563
vt 0.442189 0.489187
vt 0.441642 0.491992
vt 0.441879 0.484033
vt 0.440867 0.494771
vt 0.439582 0.497438
vt 0.440426 0.481597
vt 0.433348 0.489096
vt 0.190103 0.216564
vt 0.160008 0.214540
vt 0.210482 0.214540
vt 0.180224 0.217192
vt 0.170036 0.215943
vt 0.200229 0.214919
vt 0.190378 0.324133
vt 0.159635 0.324048
vt 0.210640 0.324029
vt 0.180051 0.324304
vt 0.169780 0.324173
vt 0.200480 0.323875
vt 0.188980 0.442738
vt 0.165639 0.442719
vt 0.204743 0.442741
vt 0.181255 0.443238
vt 0.173533 0.443111
vt 0.196787 0.442293
vt 0.188160 0.552817
vt 0.169872 0.552243
vt 0.199946 0.552155
vt 0.182138 0.551910
vt 0.175951 0.551486
vt 0.194070 0.552924
vt 0.187859 0.609527
vt 0.170402 0.609437
vt 0.199800 0.609380
vt 0.182089 0.608884
vt 0.176253 0.608732
vt 0.193802 0.609764
vt 0.187206 0.665437
vt 0.174929 0.665372
vt 0.195258 0.665352
vt 0.183160 0.664648
vt 0.178965 0.664574
vt 0.191251 0.665823
vt 0.187844 0.731283
vt 0.174328 0.731073
vt 0.196452 0.730964
vt 0.183078 0.730520
vt 0.178958 0.730363
vt 0.191935 0.731582
vt 0.187815 0.770046
vt 0.175443 0.771116
vt 0.196067 0.771164
vt 0.183473 0.769726
vt 0.179731 0.769792
vt 0.191586 0.770318
vt 0.185698 0.785460
vt 0.418027 0.577603
vt 0.405346 0.576615
vt 0.424213 0.577194
vt 0.399210 0.576974
vt 0.430310 0.576138
vt 0.411648 0.577096
vt 0.418634 0.608445
vt 0.405695 0.609465
vt 0.424947 0.608143
vt 0.399408 0.610078
vt 0.431000 0.609182
vt 0.412122 0.609093
vt 0.419700 0.671565
vt 0.410890 0.672263
vt 0.424162 0.671438
vt 0.406457 0.672421
vt 0.428610 0.671616
vt 0.415315 0.671939
vt 0.421700 0.735000
vt 0.414270 0.735208
vt 0.425453 0.734969
vt 0.410592 0.735564
vt 0.428976 0.734897
vt 0.417953 0.735030
vt 0.422520 0.780358
vt 0.417921 0.781151
vt 0.424876 0.781230
vt 0.415409 0.783775
vt 0.427759 0.783247
vt 0.420316 0.780265
vt 0.421680 0.785460
vt 0.403114 0.637651
vt 0.429250 0.636716
vt 0.424075 0.636357
vt 0.413680 0.637622
vt 0.408331 0.637790
vt 0.418906 0.636896
vt 0.405015 0.594271
vt 0.411527 0.594111
vt 0.425342 0.593779
vt 0.398780 0.593924
vt 0.431496 0.593042
vt 0.418439 0.593952
vt 0.399812 0.604292
vt 0.449980 0.485639
vt 0.397489 0.607117
vt 0.432394 0.605972
vt 0.449760 0.489810
vt 0.430413 0.602934
vt 0.450171 0.493759
vt 0.399807 0.600495
vt 0.450351 0.481459
vt 0.430701 0.599178
vt 0.450351 0.497841
vt 0.397414 0.597681
vt 0.433118 0.596550
vt 0.449175 0.501670
vt 0.449843 0.477582
vt 0.442391 0.486563
vt 0.442189 0.489187
vt 0.441642 0.491992
vt 0.441879 0.484033
vt 0.440867 0.494771
vt 0.439582 0.497438
vt 0.440426 0.481597
vt 0.433348 0.489096
vt 0.557635 0.652654
vt 0.553334 0.537783
vt 0.566496 0.652113
vt 0.548748 0.653204
vt 0.561418 0.756747
vt 0.568787 0.756235
vt 0.553889 0.757318
vt 0.562741 0.772925
vt 0.568052 0.773095
vt 0.557888 0.774943
vt 0.566211 0.785460
vt 0.552143 0.779721
vt 0.579919 0.779620
vt 0.573612 0.775479
vt 0.576329 0.756102
vt 0.546465 0.757981
vt 0.584046 0.756962
vt 0.575406 0.651959
vt 0.573920 0.537473
vt 0.539817 0.653530
vt 0.584307 0.652192
vt 0.533032 0.539125
vt 0.584307 0.537551
vt 0.543188 0.538446
vt 0.563624 0.537449
vt 0.413166 0.360117
vt 0.393851 0.356259
vt 0.423160 0.358609
vt 0.384203 0.358245
vt 0.433118 0.356772
vt 0.403503 0.358296
vt 0.413355 0.384255
vt 0.398119 0.383963
vt 0.420740 0.384969
vt 0.390946 0.385885
vt 0.428111 0.384939
vt 0.405683 0.383415
vt 0.414644 0.455197
vt 0.401273 0.455498
vt 0.421330 0.455271
vt 0.394494 0.455981
vt 0.428158 0.454975
vt 0.407882 0.455165
vt 0.418027 0.577603
vt 0.405346 0.576615
vt 0.424213 0.577194
vt 0.399210 0.576974
vt 0.430310 0.576138
vt 0.411648 0.577096
vt 0.419773 0.419688
vt 0.394540 0.420429
vt 0.426164 0.419497
vt 0.407234 0.419410
vt 0.413496 0.419545
vt 0.400938 0.419752
vt 0.418634 0.608445
vt 0.405695 0.609465
vt 0.424947 0.608143
vt 0.399408 0.610078
vt 0.431000 0.609182
vt 0.412122 0.609093
vt 0.419700 0.671565
vt 0.410890 0.672263
vt 0.424162 0.671438
vt 0.406457 0.672421
vt 0.428610 0.671616
vt 0.415315 0.671939
vt 0.421700 0.735000
vt 0.414270 0.735208
vt 0.425453 0.734969
vt 0.410592 0.735564
vt 0.428976 0.734897
vt 0.417953 0.735030
vt 0.422520 0.780358
vt 0.417921 0.781151
vt 0.424876 0.781230
vt 0.415409 0.783775
vt 0.427759 0.783247
vt 0.420316 0.780265
vt 0.421680 0.785460
vt 0.403114 0.637651
vt 0.429250 0.636716
vt 0.424075 0.636357
vt 0.413680 0.637622
vt 0.408331 0.637790
vt 0.418906 0.636896
vt 0.405015 0.594271
vt 0.411527 0.594111
vt 0.425342 0.593779
vt 0.398780 0.593924
vt 0.431496 0.593042
vt 0.418439 0.593952
vt 0.399812 0.604292
vt 0.449980 0.485639
vt 0.397489 0.607117
vt 0.432394 0.605972
vt 0.449760 0.489810
vt 0.430413 0.602934
vt 0.450171 0.493759
vt 0.399807 0.600495
vt 0.450351 0.481459
vt 0.430701 0.599178
vt 0.450351 0.497841
vt 0.397414 0.597681
vt 0.433118 0.596550
vt 0.449175 0.501670
vt 0.449843 0.477582
vt 0.442391 0.486563
vt 0.442189 0.489187
vt 0.441642 0.491992
vt 0.441879 0.484033
vt 0.440867 0.494771
vt 0.439582 0.497438
vt 0.440426 0.481597
vt 0.433348 0.489096
vt 0.356026 0.282617
vt 0.365464 0.282566
vt 0.346866 0.282739
vt 0.374375 0.282610
vt 0.338800 0.284377
vt 0.382332 0.283097
vt 0.358947 0.355687
vt 0.366654 0.355847
vt 0.351265 0.355481
vt 0.374275 0.355401
vt 0.343408 0.356074
vt 0.382079 0.354812
vt 0.362995 0.450539
vt 0.368302 0.451249
vt 0.357568 0.450071
vt 0.373685 0.451010
vt 0.352163 0.450805
vt 0.378995 0.450011
vt 0.360869 0.402448
vt 0.367470 0.403156
vt 0.347892 0.402530
vt 0.380655 0.401547
vt 0.354377 0.401764
vt 0.374100 0.402631
vt 0.365280 0.534018
vt 0.370872 0.534220
vt 0.359678 0.533410
vt 0.376385 0.533518
vt 0.354147 0.533466
vt 0.381833 0.532653
vt 0.367480 0.608334
vt 0.373001 0.608792
vt 0.362029 0.607403
vt 0.378507 0.607899
vt 0.356470 0.607592
vt 0.383973 0.606751
vt 0.370313 0.681086
vt 0.374078 0.681499
vt 0.366526 0.680472
vt 0.378115 0.680959
vt 0.362709 0.680726
vt 0.381781 0.680175
vt 0.373804 0.778664
vt 0.376974 0.778731
vt 0.370274 0.778874
vt 0.380150 0.778866
vt 0.366589 0.780802
vt 0.383845 0.779960
vt 0.375529 0.785460
vt 0.240110 0.767539
vt 0.248478 0.767210
vt 0.231595 0.767829
vt 0.215185 0.766109
vt 0.256479 0.766776
vt 0.223221 0.767530
vt 0.240662 0.698462
vt 0.248529 0.697821
vt 0.232903 0.698807
vt 0.217345 0.697320
vt 0.256392 0.697874
vt 0.225138 0.698229
vt 0.241671 0.627075
vt 0.249313 0.627917
vt 0.233915 0.626736
vt 0.218246 0.627698
vt 0.257017 0.628260
vt 0.226045 0.627224
vt 0.243096 0.534628
vt 0.250822 0.535357
vt 0.235363 0.534315
vt 0.219804 0.535019
vt 0.258590 0.535678
vt 0.227565 0.534669
vt 0.244642 0.429937
vt 0.252544 0.430558
vt 0.237201 0.429852
vt 0.221543 0.430329
vt 0.260392 0.430970
vt 0.229403 0.430236
vt 0.246424 0.298077
vt 0.252505 0.298275
vt 0.240396 0.297902
vt 0.227282 0.297436
vt 0.258868 0.298026
vt 0.233917 0.297784
vt 0.246616 0.258882
vt 0.250525 0.257853
vt 0.242347 0.259059
vt 0.233998 0.255327
vt 0.254782 0.256333
vt 0.238077 0.257739
vt 0.244920 0.246591
vt 0.235102 0.284160
vt 0.241518 0.287927
vt 0.246329 0.286235
vt 0.252114 0.283172
vt 0.229427 0.281413
vt 0.257690 0.282266
vt 0.251019 0.271698
vt 0.240901 0.275495
vt 0.231954 0.270090
vt 0.255771 0.271145
vt 0.236201 0.272091
vt 0.246366 0.273280
vt 0.235523 0.278631
vt 0.246505 0.280517
vt 0.251565 0.277649
vt 0.240568 0.282899
vt 0.230615 0.275753
vt 0.256679 0.276786
vt 0.240655 0.785039
vt 0.250321 0.784082
vt 0.230696 0.785460
vt 0.210871 0.782047
vt 0.260392 0.782673
vt 0.220717 0.784496
vt 0.413166 0.360117
vt 0.393851 0.356259
vt 0.423160 0.358609
vt 0.384203 0.358245
vt 0.433118 0.356772
vt 0.403503 0.358296
vt 0.413355 0.384255
vt 0.398119 0.383963
vt 0.420740 0.384969
vt 0.390946 0.385885
vt 0.428111 0.384939
vt 0.405683 0.383415
vt 0.414644 0.455197
vt 0.401273 0.455498
vt 0.421330 0.455271
vt 0.394494 0.455981
vt 0.428158 0.454975
vt 0.407882 0.455165
vt 0.418027 0.577603
vt 0.405346 0.576615
vt 0.424213 0.577194
vt 0.399210 0.576974
vt 0.430310 0.576138
vt 0.411648 0.577096
vt 0.419773 0.419688
vt 0.394540 0.420429
vt 0.426164 0.419497
vt 0.407234 0.419410
vt 0.413496 0.419545
vt 0.400938 0.419752
vt 0.418634 0.608445
vt 0.405695 0.609465
vt 0.424947 0.608143
vt 0.399408 0.610078
vt 0.431000 0.609182
vt 0.412122 0.609093
vt 0.419700 0.671565
vt 0.410890 0.672263
vt 0.424162 0.671438
vt 0.406457 0.672421
vt 0.428610 0.671616
vt 0.415315 0.671939
vt 0.421700 0.735000
vt 0.414270 0.735208
vt 0.425453 0.734969
vt 0.410592 0.735564
vt 0.428976 0.734897
vt 0.417953 0.735030
vt 0.422520 0.780358
vt 0.417921 0.781151
vt 0.424876 0.781230
vt 0.415409 0.783775
vt 0.427759 0.783247
vt 0.420316 0.780265
vt 0.421680 0.785460
vt 0.403114 0.637651
vt 0.429250 0.636716
vt 0.424075 0.636357
vt 0.413680 0.637622
vt 0.408331 0.637790
vt 0.418906 0.636896
vt 0.405015 0.594271
vt 0.411527 0.594111
vt 0.425342 0.593779
vt 0.398780 0.593924
vt 0.431496 0.593042
vt 0.418439 0.593952
vt 0.399812 0.604292
vt 0.449980 0.485639
vt 0.397489 0.607117
vt 0.432394 0.605972
vt 0.449760 0.489810
vt 0.430413 0.602934
vt 0.450171 0.493759
vt 0.399807 0.600495
vt 0.450351 0.481459
vt 0.430701 0.599178
vt 0.450351 0.497841
vt 0.397414 0.597681
vt 0.433118 0.596550
vt 0.449175 0.501670
vt 0.449843 0.477582
vt 0.442391 0.486563
vt 0.442189 0.489187
vt 0.441642 0.491992
vt 0.441879 0.484033
vt 0.440867 0.494771
vt 0.439582 0.497438
vt 0.440426 0.481597
vt 0.433348 0.489096
vt 0.190103 0.216564
vt 0.160008 0.214540
vt 0.210482 0.214540
vt 0.180224 0.217192
vt 0.170036 0.215943
vt 0.200229 0.214919
vt 0.190378 0.324133
vt 0.159635 0.324048
vt 0.210640 0.324029
vt 0.180051 0.324304
vt 0.169780 0.324173
vt 0.200480 0.323875
vt 0.188980 0.442738
vt 0.165639 0.442719
vt 0.204743 0.442741
vt 0.181255 0.443238
vt 0.173533 0.443111
vt 0.196787 0.442293
vt 0.188160 0.552817
vt 0.169872 0.552243
vt 0.199946 0.552155
vt 0.182138 0.551910
vt 0.175951 0.551486
vt 0.194070 0.552924
vt 0.187859 0.609527
vt 0.170402 0.609437
vt 0.199800 0.609380
vt 0.182089 0.608884
vt 0.176253 0.608732
vt 0.193802 0.609764
vt 0.187206 0.665437
vt 0.174929 0.665372
vt 0.195258 0.665352
vt 0.183160 0.664648
vt 0.178965 0.664574
vt 0.191251 0.665823
vt 0.187844 0.731283
vt 0.174328 0.731073
vt 0.196452 0.730964
vt 0.183078 0.730520
vt 0.178958 0.730363
vt 0.191935 0.731582
vt 0.187815 0.770046
vt 0.175443 0.771116
vt 0.196067 0.771164
vt 0.183473 0.769726
vt 0.179731 0.769792
vt 0.191586 0.770318
vt 0.185698 0.785460
vt 0.418027 0.577603
vt 0.405346 0.576615
vt 0.424213 0.577194
vt 0.399210 0.576974
vt 0.430310 0.576138
vt 0.411648 0.577096
vt 0.418634 0.608445
vt 0.405695 0.609465
vt 0.424947 0.608143
vt 0.399408 0.610078
vt 0.431000 0.609182
vt 0.412122 0.609093
vt 0.419700 0.671565
vt 0.410890 0.672263
vt 0.424162 0.671438
vt 0.406457 0.672421
vt 0.428610 0.671616
vt 0.415315 0.671939
vt 0.421700 0.735000
vt 0.414270 0.735208
vt 0.425453 0.734969
vt 0.410592 0.735564
vt 0.428976 0.734897
vt 0.417953 0.735030
vt 0.422520 0.780358
vt 0.417921 0.781151
vt 0.424876 0.781230
vt 0.415409 0.783775
vt 0.427759 0.783247
vt 0.420316 0.780265
vt 0.421680 0.785460
vt 0.403114 0.637651
vt 0.429250 0.636716
vt 0.424075 0.636357
vt 0.413680 0.637622
vt 0.408331 0.637790
vt 0.418906 0.636896
vt 0.405015 0.594271
vt 0.411527 0.594111
vt 0.425342 0.593779
vt 0.398780 0.593924
vt 0.431496 0.593042
vt 0.418439 0.593952
vt 0.399812 0.604292
vt 0.449980 0.485639
vt 0.397489 0.607117
vt 0.432394 0.605972
vt 0.449760 0.489810
vt 0.430413 0.602934
vt 0.450171 0.493759
vt 0.399807 0.600495
vt 0.450351 0.481459
vt 0.430701 0.599178
vt 0.450351 0.497841
vt 0.397414 0.597681
vt 0.433118 0.596550
vt 0.449175 0.501670
vt 0.449843 0.477582
vt 0.442391 0.486563
vt 0.442189 0.489187
vt 0.441642 0.491992
vt 0.441879 0.484033
vt 0.440867 0.494771
vt 0.439582 0.497438
vt 0.440426 0.481597
vt 0.433348 0.489096
vt 0.240110 0.767539
vt 0.248478 0.767210
vt 0.231595 0.767829
vt 0.240662 0.698462
vt 0.240655 0.785039
vt 0.250321 0.784082
vt 0.230696 0.785460
vt 0.220717 0.784496
vt 0.210871 0.782047
vt 0.260392 0.782673
vt 0.223221 0.767530
vt 0.215185 0.766109
vt 0.256479 0.766776
vt 0.225138 0.698229
vt 0.217345 0.697320
vt 0.256392 0.697874
vt 0.232903 0.698807
vt 0.226045 0.627224
vt 0.218246 0.627698
vt 0.257017 0.628260
vt 0.233915 0.626736
vt 0.227565 0.534669
vt 0.219804 0.535019
vt 0.258590 0.535678
vt 0.235363 0.534315
vt 0.229403 0.430236
vt 0.221543 0.430329
vt 0.260392 0.430970
vt 0.237201 0.429852
vt 0.233917 0.297784
vt 0.227282 0.297436
vt 0.258868 0.298026
vt 0.240396 0.297902
vt 0.235102 0.284160
vt 0.241518 0.287927
vt 0.229427 0.281413
vt 0.257690 0.282266
vt 0.235523 0.278631
vt 0.236201 0.272091
vt 0.240568 0.282899
vt 0.230615 0.275753
vt 0.256679 0.276786
vt 0.231954 0.270090
vt 0.255771 0.271145
vt 0.251565 0.277649
vt 0.251019 0.271698
vt 0.252114 0.283172
vt 0.246505 0.280517
vt 0.246329 0.286235
vt 0.246366 0.273280
vt 0.246616 0.258882
vt 0.240901 0.275495
vt 0.242347 0.259059
vt 0.238077 0.257739
vt 0.244920 0.246591
vt 0.233998 0.255327
vt 0.254782 0.256333
vt 0.250525 0.257853
vt 0.246424 0.298077
vt 0.252505 0.298275
vt 0.244642 0.429937
vt 0.252544 0.430558
vt 0.243096 0.534628
vt 0.250822 0.535357
vt 0.241671 0.627075
vt 0.249313 0.627917
vt 0.248529 0.697821
vt 0.284391 0.579156
vt 0.323679 0.579500
vt 0.287299 0.475220
vt 0.322536 0.475971
vt 0.315844 0.579163
vt 0.315071 0.478730
vt 0.308006 0.578924
vt 0.308469 0.479735
vt 0.300171 0.579018
vt 0.301999 0.479514
vt 0.292276 0.579212
vt 0.295066 0.478109
vt 0.283684 0.686865
vt 0.322627 0.687164
vt 0.314894 0.686550
vt 0.307104 0.685849
vt 0.299274 0.686019
vt 0.291497 0.686731
vt 0.281337 0.751692
vt 0.323955 0.752141
vt 0.315774 0.753397
vt 0.306990 0.753059
vt 0.298080 0.753223
vt 0.289400 0.753161
vt 0.263804 0.776654
vt 0.340167 0.778512
vt 0.324479 0.784159
vt 0.308424 0.784077
vt 0.295208 0.783109
vt 0.279256 0.782328
vt 0.299694 0.632470
vt 0.307513 0.632273
vt 0.291893 0.632921
vt 0.315352 0.632692
vt 0.284083 0.632925
vt 0.323158 0.633236
vt 0.295586 0.464648
vt 0.314371 0.466096
vt 0.310752 0.471746
vt 0.307186 0.473064
vt 0.303859 0.472453
vt 0.299996 0.470319
vt 0.305086 0.465936
vt 0.300584 0.527594
vt 0.308450 0.527615
vt 0.316395 0.527784
vt 0.284840 0.527529
vt 0.324245 0.527907
vt 0.292683 0.527665
vt 0.269924 0.768261
vt 0.334487 0.769656
vt 0.282709 0.772975
vt 0.296176 0.773773
vt 0.307999 0.774377
vt 0.321482 0.774369
vt 0.356026 0.282617
vt 0.365464 0.282566
vt 0.346866 0.282739
vt 0.358947 0.355687
vt 0.356191 0.276725
vt 0.346534 0.276770
vt 0.365702 0.276959
vt 0.374569 0.276713
vt 0.374375 0.282610
vt 0.337129 0.278477
vt 0.383973 0.277152
vt 0.338800 0.284377
vt 0.382332 0.283097
vt 0.343408 0.356074
vt 0.382079 0.354812
vt 0.374275 0.355401
vt 0.351265 0.355481
vt 0.347892 0.402530
vt 0.380655 0.401547
vt 0.352163 0.450805
vt 0.378995 0.450011
vt 0.374100 0.402631
vt 0.354377 0.401764
vt 0.357568 0.450071
vt 0.360869 0.402448
vt 0.362995 0.450539
vt 0.367470 0.403156
vt 0.366654 0.355847
vt 0.368302 0.451249
vt 0.373685 0.451010
vt 0.370872 0.534220
vt 0.376385 0.533518
vt 0.365280 0.534018
vt 0.373001 0.608792
vt 0.378507 0.607899
vt 0.367480 0.608334
vt 0.374078 0.681499
vt 0.378115 0.680959
vt 0.370313 0.681086
vt 0.376974 0.778731
vt 0.380150 0.778866
vt 0.373804 0.778664
vt 0.375529 0.785460
vt 0.366589 0.780802
vt 0.383845 0.779960
vt 0.370274 0.778874
vt 0.366526 0.680472
vt 0.362709 0.680726
vt 0.381781 0.680175
vt 0.362029 0.607403
vt 0.356470 0.607592
vt 0.383973 0.606751
vt 0.359678 0.533410
vt 0.354147 0.533466
vt 0.381833 0.532653
vt 0.413166 0.360117
vt 0.393851 0.356259
vt 0.423160 0.358609
vt 0.384203 0.358245
vt 0.433118 0.356772
vt 0.403503 0.358296
vt 0.413355 0.384255
vt 0.398119 0.383963
vt 0.420740 0.384969
vt 0.390946 0.385885
vt 0.428111 0.384939
vt 0.405683 0.383415
vt 0.414644 0.455197
vt 0.401273 0.455498
vt 0.421330 0.455271
vt 0.394494 0.455981
vt 0.428158 0.454975
vt 0.407882 0.455165
vt 0.418027 0.577603
vt 0.405346 0.576615
vt 0.424213 0.577194
vt 0.399210 0.576974
vt 0.430310 0.576138
vt 0.411648 0.577096
vt 0.419773 0.419688
vt 0.394540 0.420429
vt 0.426164 0.419497
vt 0.407234 0.419410
vt 0.413496 0.419545
vt 0.400938 0.419752
vt 0.418634 0.608445
vt 0.405695 0.609465
vt 0.424947 0.608143
vt 0.399408 0.610078
vt 0.431000 0.609182
vt 0.412122 0.609093
vt 0.419700 0.671565
vt 0.410890 0.672263
vt 0.424162 0.671438
vt 0.406457 0.672421
vt 0.428610 0.671616
vt 0.415315 0.671939
vt 0.421700 0.735000
vt 0.414270 0.735208
vt 0.425453 0.734969
vt 0.410592 0.735564
vt 0.428976 0.734897
vt 0.417953 0.735030
vt 0.422520 0.780358
vt 0.417921 0.781151
vt 0.424876 0.781230
vt 0.415409 0.783775
vt 0.427759 0.783247
vt 0.420316 0.780265
vt 0.421680 0.785460
vt 0.403114 0.637651
vt 0.429250 0.636716
vt 0.424075 0.636357
vt 0.413680 0.637622
vt 0.408331 0.637790
vt 0.418906 0.636896
vt 0.405015 0.594271
vt 0.411527 0.594111
vt 0.425342 0.593779
vt 0.398780 0.593924
vt 0.431496 0.593042
vt 0.418439 0.593952
vt 0.399812 0.604292
vt 0.449980 0.485639
vt 0.397489 0.607117
vt 0.432394 0.605972
vt 0.449760 0.489810
vt 0.430413 0.602934
vt 0.450171 0.493759
vt 0.399807 0.600495
vt 0.450351 0.481459
vt 0.430701 0.599178
vt 0.450351 0.497841
vt 0.397414 0.597681
vt 0.433118 0.596550
vt 0.449175 0.501670
vt 0.449843 0.477582
vt 0.442391 0.486563
vt 0.442189 0.489187
vt 0.441642 0.491992
vt 0.441879 0.484033
vt 0.440867 0.494771
vt 0.439582 0.497438
vt 0.440426 0.481597
vt 0.433348 0.489096
vt 0.356026 0.282617
vt 0.365464 0.282566
vt 0.346866 0.282739
vt 0.374375 0.282610
vt 0.338800 0.284377
vt 0.382332 0.283097
vt 0.358947 0.355687
vt 0.366654 0.355847
vt 0.351265 0.355481
vt 0.374275 0.355401
vt 0.343408 0.356074
vt 0.382079 0.354812
vt 0.362995 0.450539
vt 0.368302 0.451249
vt 0.357568 0.450071
vt 0.373685 0.451010
vt 0.352163 0.450805
vt 0.378995 0.450011
vt 0.360869 0.402448
vt 0.367470 0.403156
vt 0.347892 0.402530
vt 0.380655 0.401547
vt 0.354377 0.401764
vt 0.374100 0.402631
vt 0.365280 0.534018
vt 0.370872 0.534220
vt 0.359678 0.533410
vt 0.376385 0.533518
vt 0.354147 0.533466
vt 0.381833 0.532653
vt 0.367480 0.608334
vt 0.373001 0.608792
vt 0.362029 0.607403
vt 0.378507 0.607899
vt 0.356470 0.607592
vt 0.383973 0.606751
vt 0.370313 0.681086
vt 0.374078 0.681499
vt 0.366526 0.680472
vt 0.378115 0.680959
vt 0.362709 0.680726
vt 0.381781 0.680175
vt 0.373804 0.778664
vt 0.376974 0.778731
vt 0.370274 0.778874
vt 0.380150 0.778866
vt 0.366589 0.780802
vt 0.383845 0.779960
vt 0.375529 0.785460
vt 0.190103 0.216564
vt 0.180224 0.217192
vt 0.200229 0.214919
vt 0.190378 0.324133
vt 0.180051 0.324304
vt 0.200480 0.323875
vt 0.188980 0.442738
vt 0.181255 0.443238
vt 0.196787 0.442293
vt 0.188160 0.552817
vt 0.182138 0.551910
vt 0.194070 0.552924
vt 0.187859 0.609527
vt 0.182089 0.608884
vt 0.193802 0.609764
vt 0.187206 0.665437
vt 0.183160 0.664648
vt 0.191251 0.665823
vt 0.187844 0.731283
vt 0.183078 0.730520
vt 0.191935 0.731582
vt 0.187815 0.770046
vt 0.183473 0.769726
vt 0.191586 0.770318
vt 0.185698 0.785460
vt 0.175443 0.771116
vt 0.196067 0.771164
vt 0.179731 0.769792
vt 0.178958 0.730363
vt 0.174328 0.731073
vt 0.196452 0.730964
vt 0.178965 0.664574
vt 0.174929 0.665372
vt 0.195258 0.665352
vt 0.176253 0.608732
vt 0.170402 0.609437
vt 0.199800 0.609380
vt 0.175951 0.551486
vt 0.169872 0.552243
vt 0.199946 0.552155
vt 0.173533 0.443111
vt 0.165639 0.442719
vt 0.204743 0.442741
vt 0.169780 0.324173
vt 0.159635 0.324048
vt 0.210640 0.324029
vt 0.170036 0.215943
vt 0.160008 0.214540
vt 0.210482 0.214540
vt 0.284391 0.579156
vt 0.323679 0.579500
vt 0.287299 0.475220
vt 0.322536 0.475971
vt 0.315844 0.579163
vt 0.315071 0.478730
vt 0.308006 0.578924
vt 0.308469 0.479735
vt 0.300171 0.579018
vt 0.301999 0.479514
vt 0.292276 0.579212
vt 0.295066 0.478109
vt 0.283684 0.686865
vt 0.322627 0.687164
vt 0.314894 0.686550
vt 0.307104 0.685849
vt 0.299274 0.686019
vt 0.291497 0.686731
vt 0.281337 0.751692
vt 0.323955 0.752141
vt 0.315774 0.753397
vt 0.306990 0.753059
vt 0.298080 0.753223
vt 0.289400 0.753161
vt 0.299694 0.632470
vt 0.307513 0.632273
vt 0.291893 0.632921
vt 0.315352 0.632692
vt 0.284083 0.632925
vt 0.323158 0.633236
vt 0.295586 0.464648
vt 0.314371 0.466096
vt 0.310752 0.471746
vt 0.307186 0.473064
vt 0.303859 0.472453
vt 0.299996 0.470319
vt 0.305086 0.465936
vt 0.300584 0.527594
vt 0.308450 0.527615
vt 0.316395 0.527784
vt 0.284840 0.527529
vt 0.324245 0.527907
vt 0.292683 0.527665
vt 0.240110 0.767539
vt 0.248478 0.767210
vt 0.231595 0.767829
vt 0.215185 0.766109
vt 0.256479 0.766776
vt 0.223221 0.767530
vt 0.240662 0.698462
vt 0.248529 0.697821
vt 0.232903 0.698807
vt 0.217345 0.697320
vt 0.256392 0.697874
vt 0.225138 0.698229
vt 0.241671 0.627075
vt 0.249313 0.627917
vt 0.233915 0.626736
vt 0.218246 0.627698
vt 0.257017 0.628260
vt 0.226045 0.627224
vt 0.243096 0.534628
vt 0.250822 0.535357
vt 0.235363 0.534315
vt 0.219804 0.535019
vt 0.258590 0.535678
vt 0.227565 0.534669
vt 0.244642 0.429937
vt 0.252544 0.430558
vt 0.237201 0.429852
vt 0.221543 0.430329
vt 0.260392 0.430970
vt 0.229403 0.430236
vt 0.246424 0.298077
vt 0.252505 0.298275
vt 0.240396 0.297902
vt 0.227282 0.297436
vt 0.258868 0.298026
vt 0.233917 0.297784
vt 0.246616 0.258882
vt 0.250525 0.257853
vt 0.242347 0.259059
vt 0.233998 0.255327
vt 0.254782 0.256333
vt 0.238077 0.257739
vt 0.244920 0.246591
vt 0.235102 0.284160
vt 0.241518 0.287927
vt 0.246329 0.286235
vt 0.252114 0.283172
vt 0.229427 0.281413
vt 0.257690 0.282266
vt 0.251019 0.271698
vt 0.240901 0.275495
vt 0.231954 0.270090
vt 0.255771 0.271145
vt 0.236201 0.272091
vt 0.246366 0.273280
vt 0.235523 0.278631
vt 0.246505 0.280517
vt 0.251565 0.277649
vt 0.240568 0.282899
vt 0.230615 0.275753
vt 0.256679 0.276786
vt 0.240655 0.785039
vt 0.250321 0.784082
vt 0.230696 0.785460
vt 0.210871 0.782047
vt 0.260392 0.782673
vt 0.220717 0.784496
vt 0.413166 0.360117
vt 0.393851 0.356259
vt 0.423160 0.358609
vt 0.384203 0.358245
vt 0.433118 0.356772
vt 0.403503 0.358296
vt 0.413355 0.384255
vt 0.398119 0.383963
vt 0.420740 0.384969
vt 0.390946 0.385885
vt 0.428111 0.384939
vt 0.405683 0.383415
vt 0.414644 0.455197
vt 0.401273 0.455498
vt 0.421330 0.455271
vt 0.394494 0.455981
vt 0.428158 0.454975
vt 0.407882 0.455165
vt 0.418027 0.577603
vt 0.405346 0.576615
vt 0.424213 0.577194
vt 0.399210 0.576974
vt 0.430310 0.576138
vt 0.411648 0.577096
vt 0.419773 0.419688
vt 0.394540 0.420429
vt 0.426164 0.419497
vt 0.407234 0.419410
vt 0.413496 0.419545
vt 0.400938 0.419752
vt 0.418634 0.608445
vt 0.405695 0.609465
vt 0.424947 0.608143
vt 0.399408 0.610078
vt 0.431000 0.609182
vt 0.412122 0.609093
vt 0.419700 0.671565
vt 0.410890 0.672263
vt 0.424162 0.671438
vt 0.406457 0.672421
vt 0.428610 0.671616
vt 0.415315 0.671939
vt 0.421700 0.735000
vt 0.414270 0.735208
vt 0.425453 0.734969
vt 0.410592 0.735564
vt 0.428976 0.734897
vt 0.417953 0.735030
vt 0.422520 0.780358
vt 0.417921 0.781151
vt 0.424876 0.781230
vt 0.415409 0.783775
vt 0.427759 0.783247
vt 0.420316 0.780265
vt 0.421680 0.785460
vt 0.403114 0.637651
vt 0.429250 0.636716
vt 0.424075 0.636357
vt 0.413680 0.637622
vt 0.408331 0.637790
vt 0.418906 0.636896
vt 0.405015 0.594271
vt 0.411527 0.594111
vt 0.425342 0.593779
vt 0.398780 0.593924
vt 0.431496 0.593042
vt 0.418439 0.593952
vt 0.399812 0.604292
vt 0.449980 0.485639
vt 0.397489 0.607117
vt 0.432394 0.605972
vt 0.449760 0.489810
vt 0.430413 0.602934
vt 0.450171 0.493759
vt 0.399807 0.600495
vt 0.450351 0.481459
vt 0.430701 0.599178
vt 0.450351 0.497841
vt 0.397414 0.597681
vt 0.433118 0.596550
vt 0.449175 0.501670
vt 0.449843 0.477582
vt 0.442391 0.486563
vt 0.442189 0.489187
vt 0.441642 0.491992
vt 0.441879 0.484033
vt 0.440867 0.494771
vt 0.439582 0.497438
vt 0.440426 0.481597
vt 0.433348 0.489096
vt 0.190103 0.216564
vt 0.160008 0.214540
vt 0.210482 0.214540
vt 0.180224 0.217192
vt 0.170036 0.215943
vt 0.200229 0.214919
vt 0.190378 0.324133
vt 0.159635 0.324048
vt 0.210640 0.324029
vt 0.180051 0.324304
vt 0.169780 0.324173
vt 0.200480 0.323875
vt 0.188980 0.442738
vt 0.165639 0.442719
vt 0.204743 0.442741
vt 0.181255 0.443238
vt 0.173533 0.443111
vt 0.196787 0.442293
vt 0.188160 0.552817
vt 0.169872 0.552243
vt 0.199946 0.552155
vt 0.182138 0.551910
vt 0.175951 0.551486
vt 0.194070 0.552924
vt 0.187859 0.609527
vt 0.170402 0.609437
vt 0.199800 0.609380
vt 0.182089 0.608884
vt 0.176253 0.608732
vt 0.193802 0.609764
vt 0.187206 0.665437
vt 0.174929 0.665372
vt 0.195258 0.665352
vt 0.183160 0.664648
vt 0.178965 0.664574
vt 0.191251 0.665823
vt 0.187844 0.731283
vt 0.174328 0.731073
vt 0.196452 0.730964
vt 0.183078 0.730520
vt 0.178958 0.730363
vt 0.191935 0.731582
vt 0.187815 0.770046
vt 0.175443 0.771116
vt 0.196067 0.771164
vt 0.183473 0.769726
vt 0.179731 0.769792
vt 0.191586 0.770318
vt 0.185698 0.785460
vt 0.418027 0.577603
vt 0.405346 0.576615
vt 0.424213 0.577194
vt 0.399210 0.576974
vt 0.430310 0.576138
vt 0.411648 0.577096
vt 0.418634 0.608445
vt 0.405695 0.609465
vt 0.424947 0.608143
vt 0.399408 0.610078
vt 0.431000 0.609182
vt 0.412122 0.609093
vt 0.419700 0.671565
vt 0.410890 0.672263
vt 0.424162 0.671438
vt 0.406457 0.672421
vt 0.428610 0.671616
vt 0.415315 0.671939
vt 0.421700 0.735000
vt 0.414270 0.735208
vt 0.425453 0.734969
vt 0.410592 0.735564
vt 0.428976 0.734897
vt 0.417953 0.735030
vt 0.422520 0.780358
vt 0.417921 0.781151
vt 0.424876 0.781230
vt 0.415409 0.783775
vt 0.427759 0.783247
vt 0.420316 0.780265
vt 0.421680 0.785460
vt 0.403114 0.637651
vt 0.429250 0.636716
vt 0.424075 0.636357
vt 0.413680 0.637622
vt 0.408331 0.637790
vt 0.418906 0.636896
vt 0.405015 0.594271
vt 0.411527 0.594111
vt 0.425342 0.593779
vt 0.398780 0.593924
vt 0.431496 0.593042
vt 0.418439 0.593952
vt 0.399812 0.604292
vt 0.449980 0.485639
vt 0.397489 0.607117
vt 0.432394 0.605972
vt 0.449760 0.489810
vt 0.430413 0.602934
vt 0.450171 0.493759
vt 0.399807 0.600495
vt 0.450351 0.481459
vt 0.430701 0.599178
vt 0.450351 0.497841
vt 0.397414 0.597681
vt 0.433118 0.596550
vt 0.449175 0.501670
vt 0.449843 0.477582
vt 0.442391 0.486563
vt 0.442189 0.489187
vt 0.441642 0.491992
vt 0.441879 0.484033
vt 0.440867 0.494771
vt 0.439582 0.497438
vt 0.440426 0.481597
vt 0.433348 0.489096
vt 0.557635 0.652654
vt 0.553334 0.537783
vt 0.566496 0.652113
vt 0.548748 0.653204
vt 0.561418 0.756747
vt 0.568787 0.756235
vt 0.553889 0.757318
vt 0.562741 0.772925
vt 0.568052 0.773095
vt 0.557888 0.774943
vt 0.566211 0.785460
vt 0.552143 0.779721
vt 0.579919 0.779620
vt 0.573612 0.775479
vt 0.576329 0.756102
vt 0.546465 0.757981
vt 0.584046 0.756962
vt 0.575406 0.651959
vt 0.573920 0.537473
vt 0.539817 0.653530
vt 0.584307 0.652192
vt 0.533032 0.539125
vt 0.584307 0.537551
vt 0.543188 0.538446
vt 0.563624 0.537449
vt 0.470163 0.783805
vt 0.461231 0.784916
vt 0.433348 0.779905
vt 0.480034 0.781420
vt 0.468476 0.773300
vt 0.460686 0.773597
vt 0.438655 0.771245
vt 0.475676 0.772212
vt 0.468077 0.733023
vt 0.469042 0.696086
vt 0.461335 0.732672
vt 0.441151 0.733080
vt 0.474665 0.733867
vt 0.442116 0.696214
vt 0.475658 0.697127
vt 0.447939 0.733631
vt 0.448840 0.696571
vt 0.454675 0.733184
vt 0.445532 0.772770
vt 0.452980 0.773200
vt 0.442553 0.784121
vt 0.452092 0.785460
vt 0.455592 0.696002
vt 0.462265 0.695543
vt 0.457651 0.622720
vt 0.464513 0.622646
vt 0.450858 0.623195
vt 0.460162 0.545042
vt 0.466781 0.545473
vt 0.453449 0.545110
vt 0.462758 0.508359
vt 0.466770 0.508898
vt 0.458470 0.507359
vt 0.464738 0.501900
vt 0.471043 0.508320
vt 0.453487 0.503691
vt 0.476121 0.504418
vt 0.446996 0.545059
vt 0.480034 0.546144
vt 0.473508 0.546118
vt 0.444077 0.623130
vt 0.477967 0.624132
vt 0.471250 0.623357
vt 0.190103 0.216564
vt 0.180224 0.217192
vt 0.200229 0.214919
vt 0.190378 0.324133
vt 0.180051 0.324304
vt 0.200480 0.323875
vt 0.188980 0.442738
vt 0.181255 0.443238
vt 0.196787 0.442293
vt 0.188160 0.552817
vt 0.182138 0.551910
vt 0.194070 0.552924
vt 0.187859 0.609527
vt 0.182089 0.608884
vt 0.193802 0.609764
vt 0.187206 0.665437
vt 0.183160 0.664648
vt 0.191251 0.665823
vt 0.187844 0.731283
vt 0.183078 0.730520
vt 0.191935 0.731582
vt 0.187815 0.770046
vt 0.183473 0.769726
vt 0.191586 0.770318
vt 0.185698 0.785460
vt 0.175443 0.771116
vt 0.196067 0.771164
vt 0.179731 0.769792
vt 0.178958 0.730363
vt 0.174328 0.731073
vt 0.196452 0.730964
vt 0.178965 0.664574
vt 0.174929 0.665372
vt 0.195258 0.665352
vt 0.176253 0.608732
vt 0.170402 0.609437
vt 0.199800 0.609380
vt 0.175951 0.551486
vt 0.169872 0.552243
vt 0.199946 0.552155
vt 0.173533 0.443111
vt 0.165639 0.442719
vt 0.204743 0.442741
vt 0.169780 0.324173
vt 0.159635 0.324048
vt 0.210640 0.324029
vt 0.170036 0.215943
vt 0.160008 0.214540
vt 0.210482 0.214540
vt 0.284391 0.579156
vt 0.323679 0.579500
vt 0.287299 0.475220
vt 0.322536 0.475971
vt 0.315844 0.579163
vt 0.315071 0.478730
vt 0.308006 0.578924
vt 0.308469 0.479735
vt 0.300171 0.579018
vt 0.301999 0.479514
vt 0.292276 0.579212
vt 0.295066 0.478109
vt 0.283684 0.686865
vt 0.322627 0.687164
vt 0.314894 0.686550
vt 0.307104 0.685849
vt 0.299274 0.686019
vt 0.291497 0.686731
vt 0.281337 0.751692
vt 0.323955 0.752141
vt 0.315774 0.753397
vt 0.306990 0.753059
vt 0.298080 0.753223
vt 0.289400 0.753161
vt 0.299694 0.632470
vt 0.307513 0.632273
vt 0.291893 0.632921
vt 0.315352 0.632692
vt 0.284083 0.632925
vt 0.323158 0.633236
vt 0.295586 0.464648
vt 0.314371 0.466096
vt 0.310752 0.471746
vt 0.307186 0.473064
vt 0.303859 0.472453
vt 0.299996 0.470319
vt 0.305086 0.465936
vt 0.300584 0.527594
vt 0.308450 0.527615
vt 0.316395 0.527784
vt 0.284840 0.527529
vt 0.324245 0.527907
vt 0.292683 0.527665
vt 0.240110 0.767539
vt 0.248478 0.767210
vt 0.231595 0.767829
vt 0.215185 0.766109
vt 0.256479 0.766776
vt 0.223221 0.767530
vt 0.240662 0.698462
vt 0.248529 0.697821
vt 0.232903 0.698807
vt 0.217345 0.697320
vt 0.256392 0.697874
vt 0.225138 0.698229
vt 0.241671 0.627075
vt 0.249313 0.627917
vt 0.233915 0.626736
vt 0.218246 0.627698
vt 0.257017 0.628260
vt 0.226045 0.627224
vt 0.243096 0.534628
vt 0.250822 0.535357
vt 0.235363 0.534315
vt 0.219804 0.535019
vt 0.258590 0.535678
vt 0.227565 0.534669
vt 0.244642 0.429937
vt 0.252544 0.430558
vt 0.237201 0.429852
vt 0.221543 0.430329
vt 0.260392 0.430970
vt 0.229403 0.430236
vt 0.246424 0.298077
vt 0.252505 0.298275
vt 0.240396 0.297902
vt 0.227282 0.297436
vt 0.258868 0.298026
vt 0.233917 0.297784
vt 0.246616 0.258882
vt 0.250525 0.257853
vt 0.242347 0.259059
vt 0.233998 0.255327
vt 0.254782 0.256333
vt 0.238077 0.257739
vt 0.244920 0.246591
vt 0.235102 0.284160
vt 0.241518 0.287927
vt 0.246329 0.286235
vt 0.252114 0.283172
vt 0.229427 0.281413
vt 0.257690 0.282266
vt 0.251019 0.271698
vt 0.240901 0.275495
vt 0.231954 0.270090
vt 0.255771 0.271145
vt 0.236201 0.272091
vt 0.246366 0.273280
vt 0.235523 0.278631
vt 0.246505 0.280517
vt 0.251565 0.277649
vt 0.240568 0.282899
vt 0.230615 0.275753
vt 0.256679 0.276786
vt 0.240655 0.785039
vt 0.250321 0.784082
vt 0.230696 0.785460
vt 0.210871 0.782047
vt 0.260392 0.782673
vt 0.220717 0.784496
vt 0.413166 0.360117
vt 0.393851 0.356259
vt 0.423160 0.358609
vt 0.384203 0.358245
vt 0.433118 0.356772
vt 0.403503 0.358296
vt 0.413355 0.384255
vt 0.398119 0.383963
vt 0.420740 0.384969
vt 0.390946 0.385885
vt 0.428111 0.384939
vt 0.405683 0.383415
vt 0.414644 0.455197
vt 0.401273 0.455498
vt 0.421330 0.455271
vt 0.394494 0.455981
vt 0.428158 0.454975
vt 0.407882 0.455165
vt 0.418027 0.577603
vt 0.405346 0.576615
vt 0.424213 0.577194
vt 0.399210 0.576974
vt 0.430310 0.576138
vt 0.411648 0.577096
vt 0.419773 0.419688
vt 0.394540 0.420429
vt 0.426164 0.419497
vt 0.407234 0.419410
vt 0.413496 0.419545
vt 0.400938 0.419752
vt 0.418634 0.608445
vt 0.405695 0.609465
vt 0.424947 0.608143
vt 0.399408 0.610078
vt 0.431000 0.609182
vt 0.412122 0.609093
vt 0.419700 0.671565
vt 0.410890 0.672263
vt 0.424162 0.671438
vt 0.406457 0.672421
vt 0.428610 0.671616
vt 0.415315 0.671939
vt 0.421700 0.735000
vt 0.414270 0.735208
vt 0.425453 0.734969
vt 0.410592 0.735564
vt 0.428976 0.734897
vt 0.417953 0.735030
vt 0.422520 0.780358
vt 0.417921 0.781151
vt 0.424876 0.781230
vt 0.415409 0.783775
vt 0.427759 0.783247
vt 0.420316 0.780265
vt 0.421680 0.785460
vt 0.403114 0.637651
vt 0.429250 0.636716
vt 0.424075 0.636357
vt 0.413680 0.637622
vt 0.408331 0.637790
vt 0.418906 0.636896
vt 0.405015 0.594271
vt 0.411527 0.594111
vt 0.425342 0.593779
vt 0.398780 0.593924
vt 0.431496 0.593042
vt 0.418439 0.593952
vt 0.399812 0.604292
vt 0.449980 0.485639
vt 0.397489 0.607117
vt 0.432394 0.605972
vt 0.449760 0.489810
vt 0.430413 0.602934
vt 0.450171 0.493759
vt 0.399807 0.600495
vt 0.450351 0.481459
vt 0.430701 0.599178
vt 0.450351 0.497841
vt 0.397414 0.597681
vt 0.433118 0.596550
vt 0.449175 0.501670
vt 0.449843 0.477582
vt 0.442391 0.486563
vt 0.442189 0.489187
vt 0.441642 0.491992
vt 0.441879 0.484033
vt 0.440867 0.494771
vt 0.439582 0.497438
vt 0.440426 0.481597
vt 0.433348 0.489096
vt 0.190103 0.216564
vt 0.160008 0.214540
vt 0.210482 0.214540
vt 0.180224 0.217192
vt 0.170036 0.215943
vt 0.200229 0.214919
vt 0.190378 0.324133
vt 0.159635 0.324048
vt 0.210640 0.324029
vt 0.180051 0.324304
vt 0.169780 0.324173
vt 0.200480 0.323875
vt 0.188980 0.442738
vt 0.165639 0.442719
vt 0.204743 0.442741
vt 0.181255 0.443238
vt 0.173533 0.443111
vt 0.196787 0.442293
vt 0.188160 0.552817
vt 0.169872 0.552243
vt 0.199946 0.552155
vt 0.182138 0.551910
vt 0.175951 0.551486
vt 0.194070 0.552924
vt 0.187859 0.609527
vt 0.170402 0.609437
vt 0.199800 0.609380
vt 0.182089 0.608884
vt 0.176253 0.608732
vt 0.193802 0.609764
vt 0.187206 0.665437
vt 0.174929 0.665372
vt 0.195258 0.665352
vt 0.183160 0.664648
vt 0.178965 0.664574
vt 0.191251 0.665823
vt 0.187844 0.731283
vt 0.174328 0.731073
vt 0.196452 0.730964
vt 0.183078 0.730520
vt 0.178958 0.730363
vt 0.191935 0.731582
vt 0.187815 0.770046
vt 0.175443 0.771116
vt 0.196067 0.771164
vt 0.183473 0.769726
vt 0.179731 0.769792
vt 0.191586 0.770318
vt 0.185698 0.785460
vt 0.418027 0.577603
vt 0.405346 0.576615
vt 0.424213 0.577194
vt 0.399210 0.576974
vt 0.430310 0.576138
vt 0.411648 0.577096
vt 0.418634 0.608445
vt 0.405695 0.609465
vt 0.424947 0.608143
vt 0.399408 0.610078
vt 0.431000 0.609182
vt 0.412122 0.609093
vt 0.419700 0.671565
vt 0.410890 0.672263
vt 0.424162 0.671438
vt 0.406457 0.672421
vt 0.428610 0.671616
vt 0.415315 0.671939
vt 0.421700 0.735000
vt 0.414270 0.735208
vt 0.425453 0.734969
vt 0.410592 0.735564
vt 0.428976 0.734897
vt 0.417953 0.735030
vt 0.422520 0.780358
vt 0.417921 0.781151
vt 0.424876 0.781230
vt 0.415409 0.783775
vt 0.427759 0.783247
vt 0.420316 0.780265
vt 0.421680 0.785460
vt 0.403114 0.637651
vt 0.429250 0.636716
vt 0.424075 0.636357
vt 0.413680 0.637622
vt 0.408331 0.637790
vt 0.418906 0.636896
vt 0.405015 0.594271
vt 0.411527 0.594111
vt 0.425342 0.593779
vt 0.398780 0.593924
vt 0.431496 0.593042
vt 0.418439 0.593952
vt 0.399812 0.604292
vt 0.449980 0.485639
vt 0.397489 0.607117
vt 0.432394 0.605972
vt 0.449760 0.489810
vt 0.430413 0.602934
vt 0.450171 0.493759
vt 0.399807 0.600495
vt 0.450351 0.481459
vt 0.430701 0.599178
vt 0.450351 0.497841
vt 0.397414 0.597681
vt 0.433118 0.596550
vt 0.449175 0.501670
vt 0.449843 0.477582
vt 0.442391 0.486563
vt 0.442189 0.489187
vt 0.441642 0.491992
vt 0.441879 0.484033
vt 0.440867 0.494771
vt 0.439582 0.497438
vt 0.440426 0.481597
vt 0.433348 0.489096
f 2/2 1/1 5/5
f 2/2 5/5 6/6
f 1/1 2/2 67/67
f 1/1 67/67 4/4
f 1/1 3/3 7/7
f 1/1 7/7 5/5
f 3/3 1/1 4/4
f 3/3 4/4 17/17
f 3/3 11/11 8/8
f 3/3 8/8 7/7
f 11/11 12/12 9/9
f 11/11 9/9 8/8
f 12/12 11/11 14/14
f 12/12 14/14 15/15
f 11/11 3/3 17/17
f 11/11 17/17 14/14
f 15/15 14/14 18/18
f 15/15 18/18 19/19
f 14/14 17/17 21/21
f 14/14 21/21 18/18
f 19/19 18/18 22/22
f 19/19 22/22 23/23
f 18/18 21/21 25/25
f 18/18 25/25 22/22
f 23/23 22/22 26/26
f 23/23 26/26 27/27
f 22/22 25/25 29/29
f 22/22 29/29 26/26
f 27/27 26/26 30/30
f 27/27 30/30 31/31
f 26/26 29/29 33/33
f 26/26 33/33 30/30
f 31/31 30/30 34/34
f 31/31 34/34 36/36
f 30/30 33/33 35/35
f 30/30 35/35 34/34
f 34/34 35/35 40/40
f 34/34 40/40 38/38
f 36/36 34/34 38/38
f 36/36 38/38 41/41
f 38/38 40/40 52/52
f 38/38 52/52 39/39
f 41/41 38/38 39/39
f 41/41 39/39 43/43
f 45/45 42/42 44/44
f 45/45 44/44 46/46
f 47/47 37/37 42/42
f 47/47 42/42 45/45
f 48/48 45/45 46/46
f 48/48 46/46 50/50
f 49/49 47/47 45/45
f 49/49 45/45 48/48
f 35/35 49/49 48/48
f 35/35 48/48 40/40
f 40/40 48/48 50/50
f 40/40 50/50 52/52
f 52/52 50/50 51/51
f 52/52 51/51 53/53
f 50/50 46/46 58/58
f 50/50 58/58 51/51
f 39/39 52/52 53/53
f 39/39 53/53 54/54
f 54/54 53/53 55/55
f 53/53 51/51 55/55
f 51/51 58/58 55/55
f 56/56 54/54 55/55
f 58/58 57/57 55/55
f 46/46 44/44 57/57
f 46/46 57/57 58/58
f 43/43 39/39 54/54
f 43/43 54/54 56/56
f 59/59 60/60 47/47
f 59/59 47/47 49/49
f 33/33 59/59 49/49
f 33/33 49/49 35/35
f 61/61 62/62 60/60
f 61/61 60/60 59/59
f 29/29 61/61 59/59
f 29/29 59/59 33/33
f 63/63 64/64 62/62
f 63/63 62/62 61/61
f 25/25 63/63 61/61
f 25/25 61/61 29/29
f 65/65 66/66 64/64
f 65/65 64/64 63/63
f 21/21 65/65 63/63
f 21/21 63/63 25/25
f 4/4 67/67 66/66
f 4/4 66/66 65/65
f 17/17 4/4 65/65
f 17/17 65/65 21/21
f 66/66 20/20 24/24
f 66/66 24/24 64/64
f 67/67 16/16 20/20
f 67/67 20/20 66/66
f 2/2 13/13 16/16
f 2/2 16/16 67/67
f 64/64 24/24 28/28
f 64/64 28/28 62/62
f 62/62 28/28 32/32
f 62/62 32/32 60/60
f 60/60 32/32 37/37
f 60/60 37/37 47/47
f 13/13 2/2 6/6
f 13/13 6/6 10/10
f 92/92 70/70 68/68
f 92/92 68/68 69/69
f 69/69 68/68 71/71
f 69/69 71/71 91/91
f 70/70 73/73 72/72
f 70/70 72/72 68/68
f 68/68 72/72 74/74
f 68/68 74/74 71/71
f 73/73 76/76 75/75
f 73/73 75/75 72/72
f 72/72 75/75 77/77
f 72/72 77/77 74/74
f 76/76 78/78 75/75
f 75/75 78/78 77/77
f 81/81 78/78 76/76
f 80/80 78/78 81/81
f 77/77 78/78 79/79
f 82/82 81/81 76/76
f 82/82 76/76 73/73
f 84/84 80/80 81/81
f 84/84 81/81 82/82
f 85/85 82/82 73/73
f 85/85 73/73 70/70
f 88/88 84/84 82/82
f 88/88 82/82 85/85
f 86/86 85/85 70/70
f 86/86 70/70 92/92
f 90/90 88/88 85/85
f 90/90 85/85 86/86
f 91/91 71/71 87/87
f 91/91 87/87 89/89
f 71/71 74/74 83/83
f 71/71 83/83 87/87
f 74/74 77/77 79/79
f 74/74 79/79 83/83
f 94/94 97/97 96/96
f 94/94 96/96 93/93
f 93/93 96/96 98/98
f 93/93 98/98 95/95
f 97/97 100/100 99/99
f 97/97 99/99 96/96
f 96/96 99/99 101/101
f 96/96 101/101 98/98
f 100/100 103/103 102/102
f 100/100 102/102 99/99
f 99/99 102/102 104/104
f 99/99 104/104 101/101
f 103/103 106/106 105/105
f 103/103 105/105 102/102
f 102/102 105/105 107/107
f 102/102 107/107 104/104
f 106/106 109/109 108/108
f 106/106 108/108 105/105
f 105/105 108/108 110/110
f 105/105 110/110 107/107
f 109/109 111/111 108/108
f 108/108 111/111 110/110
f 114/114 111/111 109/109
f 112/112 111/111 113/113
f 110/110 111/111 112/112
f 117/117 112/112 113/113
f 117/117 113/113 115/115
f 116/116 114/114 109/109
f 116/116 109/109 106/106
f 120/120 117/117 115/115
f 120/120 115/115 118/118
f 119/119 116/116 106/106
f 119/119 106/106 103/103
f 123/123 120/120 118/118
f 123/123 118/118 121/121
f 122/122 119/119 103/103
f 122/122 103/103 100/100
f 126/126 123/123 121/121
f 126/126 121/121 124/124
f 125/125 122/122 100/100
f 125/125 100/100 97/97
f 129/129 126/126 124/124
f 129/129 124/124 127/127
f 128/128 125/125 97/97
f 128/128 97/97 94/94
f 95/95 98/98 126/126
f 95/95 126/126 129/129
f 98/98 101/101 123/123
f 98/98 123/123 126/126
f 101/101 104/104 120/120
f 101/101 120/120 123/123
f 104/104 107/107 117/117
f 104/104 117/117 120/120
f 107/107 110/110 112/112
f 107/107 112/112 117/117
f 131/131 134/134 133/133
f 131/131 133/133 130/130
f 130/130 133/133 135/135
f 130/130 135/135 132/132
f 134/134 138/138 136/136
f 134/134 136/136 133/133
f 133/133 136/136 139/139
f 133/133 139/139 135/135
f 138/138 150/150 137/137
f 138/138 137/137 136/136
f 136/136 137/137 140/140
f 136/136 140/140 139/139
f 139/139 140/140 143/143
f 139/139 143/143 141/141
f 135/135 139/139 141/141
f 135/135 141/141 142/142
f 142/142 141/141 144/144
f 142/142 144/144 146/146
f 141/141 143/143 148/148
f 141/141 148/148 144/144
f 147/147 145/145 138/138
f 147/147 138/138 134/134
f 145/145 149/149 150/150
f 145/145 150/150 138/138
f 143/143 153/153 151/151
f 143/143 151/151 148/148
f 149/149 152/152 154/154
f 149/149 154/154 150/150
f 153/153 161/161 155/155
f 153/153 155/155 151/151
f 152/152 156/156 162/162
f 152/152 162/162 154/154
f 156/156 158/158 165/165
f 156/156 165/165 162/162
f 161/161 215/215 157/157
f 161/161 157/157 155/155
f 162/162 165/165 167/167
f 162/162 167/167 163/163
f 162/162 163/163 211/211
f 162/162 211/211 164/164
f 154/154 162/162 164/164
f 154/154 164/164 214/214
f 166/166 169/169 170/170
f 166/166 170/170 168/168
f 159/159 171/171 169/169
f 159/159 169/169 166/166
f 169/169 173/173 170/170
f 171/171 173/173 169/169
f 176/176 173/173 174/174
f 174/174 173/173 175/175
f 175/175 173/173 172/172
f 170/170 173/173 176/176
f 179/179 176/176 174/174
f 179/179 174/174 181/181
f 168/168 170/170 176/176
f 168/168 176/176 179/179
f 182/182 177/177 180/180
f 182/182 180/180 184/184
f 163/163 167/167 178/178
f 163/163 178/178 183/183
f 184/184 188/188 185/185
f 184/184 185/185 182/182
f 183/183 186/186 187/187
f 183/183 187/187 163/163
f 186/186 190/190 192/192
f 186/186 192/192 187/187
f 188/188 191/191 189/189
f 188/188 189/189 185/185
f 191/191 195/195 193/193
f 191/191 193/193 189/189
f 190/190 194/194 196/196
f 190/190 196/196 192/192
f 195/195 199/199 197/197
f 195/195 197/197 193/193
f 194/194 198/198 200/200
f 194/194 200/200 196/196
f 199/199 201/201 197/197
f 198/198 201/201 200/200
f 200/200 201/201 202/202
f 202/202 201/201 203/203
f 203/203 201/201 199/199
f 204/204 203/203 199/199
f 204/204 199/199 195/195
f 205/205 202/202 203/203
f 205/205 203/203 204/204
f 206/206 204/204 195/195
f 206/206 195/195 191/191
f 207/207 205/205 204/204
f 207/207 204/204 206/206
f 208/208 206/206 191/191
f 208/208 191/191 188/188
f 210/210 207/207 206/206
f 210/210 206/206 208/208
f 209/209 208/208 188/188
f 209/209 188/188 184/184
f 211/211 210/210 208/208
f 211/211 208/208 209/209
f 163/163 187/187 210/210
f 163/163 210/210 211/211
f 187/187 192/192 207/207
f 187/187 207/207 210/210
f 164/164 211/211 209/209
f 164/164 209/209 212/212
f 212/212 209/209 184/184
f 212/212 184/184 161/161
f 213/213 212/212 161/161
f 213/213 161/161 153/153
f 214/214 164/164 212/212
f 214/214 212/212 213/213
f 140/140 213/213 153/153
f 140/140 153/153 143/143
f 137/137 214/214 213/213
f 137/137 213/213 140/140
f 150/150 154/154 214/214
f 150/150 214/214 137/137
f 192/192 196/196 205/205
f 192/192 205/205 207/207
f 196/196 200/200 202/202
f 196/196 202/202 205/205
f 184/184 180/180 215/215
f 184/184 215/215 161/161
f 181/181 174/174 175/175
f 181/181 175/175 216/216
f 216/216 175/175 172/172
f 216/216 172/172 160/160
f 219/219 142/142 146/146
f 219/219 146/146 217/217
f 218/218 147/147 134/134
f 218/218 134/134 131/131
f 132/132 135/135 142/142
f 132/132 142/142 219/219
f 221/221 225/225 224/224
f 221/221 224/224 220/220
f 220/220 224/224 227/227
f 220/220 227/227 223/223
f 225/225 230/230 228/228
f 225/225 228/228 224/224
f 224/224 228/228 232/232
f 224/224 232/232 227/227
f 228/228 229/229 234/234
f 228/228 234/234 232/232
f 230/230 243/243 229/229
f 230/230 229/229 228/228
f 226/226 231/231 235/235
f 226/226 235/235 238/238
f 231/231 233/233 236/236
f 231/231 236/236 235/235
f 235/235 236/236 242/242
f 235/235 242/242 237/237
f 238/238 235/235 237/237
f 238/238 237/237 239/239
f 222/222 226/226 238/238
f 222/222 238/238 240/240
f 240/240 238/238 239/239
f 240/240 239/239 241/241
f 241/241 239/239 225/225
f 241/241 225/225 221/221
f 239/239 237/237 230/230
f 239/239 230/230 225/225
f 237/237 242/242 243/243
f 237/237 243/243 230/230
f 242/242 244/244 245/245
f 242/242 245/245 243/243
f 236/236 246/246 244/244
f 236/236 244/244 242/242
f 244/244 247/247 248/248
f 244/244 248/248 245/245
f 246/246 249/249 247/247
f 246/246 247/247 244/244
f 247/247 250/250 251/251
f 247/247 251/251 248/248
f 249/249 252/252 250/250
f 249/249 250/250 247/247
f 250/250 253/253 251/251
f 252/252 253/253 250/250
f 251/251 253/253 254/254
f 254/254 253/253 256/256
f 255/255 253/253 252/252
f 257/257 255/255 252/252
f 257/257 252/252 249/249
f 259/259 254/254 256/256
f 259/259 256/256 258/258
f 260/260 257/257 249/249
f 260/260 249/249 246/246
f 262/262 259/259 258/258
f 262/262 258/258 261/261
f 233/233 260/260 246/246
f 233/233 246/246 236/236
f 229/229 262/262 261/261
f 229/229 261/261 234/234
f 245/245 248/248 259/259
f 245/245 259/259 262/262
f 243/243 245/245 262/262
f 243/243 262/262 229/229
f 248/248 251/251 254/254
f 248/248 254/254 259/259
f 263/263 264/264 267/267
f 263/263 267/267 266/266
f 265/265 263/263 266/266
f 265/265 266/266 268/268
f 266/266 267/267 270/270
f 266/266 270/270 269/269
f 268/268 266/266 269/269
f 268/268 269/269 271/271
f 269/269 270/270 273/273
f 269/269 273/273 272/272
f 271/271 269/269 272/272
f 271/271 272/272 274/274
f 272/272 273/273 276/276
f 272/272 276/276 275/275
f 274/274 272/272 275/275
f 274/274 275/275 277/277
f 275/275 276/276 279/279
f 275/275 279/279 278/278
f 277/277 275/275 278/278
f 277/277 278/278 280/280
f 278/278 279/279 282/282
f 278/278 282/282 281/281
f 280/280 278/278 281/281
f 280/280 281/281 283/283
f 281/281 282/282 285/285
f 281/281 285/285 284/284
f 283/283 281/281 284/284
f 283/283 284/284 286/286
f 284/284 285/285 287/287
f 286/286 284/284 287/287
f 289/289 286/286 287/287
f 285/285 290/290 287/287
f 290/290 288/288 287/287
f 291/291 292/292 288/288
f 291/291 288/288 290/290
f 282/282 291/291 290/290
f 282/282 290/290 285/285
f 294/294 295/295 292/292
f 294/294 292/292 291/291
f 279/279 294/294 291/291
f 279/279 291/291 282/282
f 297/297 298/298 295/295
f 297/297 295/295 294/294
f 276/276 297/297 294/294
f 276/276 294/294 279/279
f 300/300 301/301 298/298
f 300/300 298/298 297/297
f 273/273 300/300 297/297
f 273/273 297/297 276/276
f 303/303 304/304 301/301
f 303/303 301/301 300/300
f 270/270 303/303 300/300
f 270/270 300/300 273/273
f 306/306 307/307 304/304
f 306/306 304/304 303/303
f 267/267 306/306 303/303
f 267/267 303/303 270/270
f 309/309 310/310 307/307
f 309/309 307/307 306/306
f 264/264 309/309 306/306
f 264/264 306/306 267/267
f 311/311 265/265 268/268
f 311/311 268/268 308/308
f 308/308 268/268 271/271
f 308/308 271/271 305/305
f 305/305 271/271 274/274
f 305/305 274/274 302/302
f 302/302 274/274 277/277
f 302/302 277/277 299/299
f 299/299 277/277 280/280
f 299/299 280/280 296/296
f 296/296 280/280 283/283
f 296/296 283/283 293/293
f 293/293 283/283 286/286
f 293/293 286/286 289/289
f 353/353 315/315 317/317
f 353/353 317/317 351/351
f 351/351 317/317 319/319
f 351/351 319/319 350/350
f 350/350 319/319 321/321
f 350/350 321/321 349/349
f 336/336 338/338 329/329
f 336/336 329/329 328/328
f 349/349 321/321 323/323
f 349/349 323/323 354/354
f 354/354 323/323 314/314
f 354/354 314/314 352/352
f 337/337 336/336 328/328
f 337/337 328/328 327/327
f 339/339 337/337 327/327
f 339/339 327/327 326/326
f 338/338 340/340 324/324
f 338/338 324/324 329/329
f 341/341 339/339 326/326
f 341/341 326/326 325/325
f 328/328 329/329 335/335
f 328/328 335/335 334/334
f 326/326 327/327 333/333
f 326/326 333/333 332/332
f 329/329 324/324 330/330
f 329/329 330/330 335/335
f 327/327 328/328 334/334
f 327/327 334/334 333/333
f 325/325 326/326 332/332
f 325/325 332/332 331/331
f 313/313 316/316 339/339
f 313/313 339/339 341/341
f 322/322 312/312 340/340
f 322/322 340/340 338/338
f 316/316 318/318 337/337
f 316/316 337/337 339/339
f 318/318 320/320 336/336
f 318/318 336/336 337/337
f 320/320 322/322 338/338
f 320/320 338/338 336/336
f 319/319 317/317 344/344
f 319/319 344/344 345/345
f 314/314 323/323 347/347
f 314/314 347/347 342/342
f 317/317 315/315 343/343
f 317/317 343/343 344/344
f 321/321 319/319 345/345
f 321/321 345/345 346/346
f 323/323 321/321 346/346
f 323/323 346/346 347/347
f 347/347 346/346 348/348
f 345/345 344/344 348/348
f 342/342 347/347 348/348
f 346/346 345/345 348/348
f 344/344 343/343 348/348
f 322/322 354/354 352/352
f 322/322 352/352 312/312
f 320/320 349/349 354/354
f 320/320 354/354 322/322
f 318/318 350/350 349/349
f 318/318 349/349 320/320
f 316/316 351/351 350/350
f 316/316 350/350 318/318
f 313/313 353/353 351/351
f 313/313 351/351 316/316
f 356/356 355/355 359/359
f 356/356 359/359 360/360
f 355/355 356/356 421/421
f 355/355 421/421 358/358
f 355/355 357/357 361/361
f 355/355 361/361 359/359
f 357/357 355/355 358/358
f 357/357 358/358 371/371
f 357/357 365/365 362/362
f 357/357 362/362 361/361
f 365/365 366/366 363/363
f 365/365 363/363 362/362
f 366/366 365/365 368/368
f 366/366 368/368 369/369
f 365/365 357/357 371/371
f 365/365 371/371 368/368
f 369/369 368/368 372/372
f 369/369 372/372 373/373
f 368/368 371/371 375/375
f 368/368 375/375 372/372
f 373/373 372/372 376/376
f 373/373 376/376 377/377
f 372/372 375/375 379/379
f 372/372 379/379 376/376
f 377/377 376/376 380/380
f 377/377 380/380 381/381
f 376/376 379/379 383/383
f 376/376 383/383 380/380
f 381/381 380/380 384/384
f 381/381 384/384 385/385
f 380/380 383/383 387/387
f 380/380 387/387 384/384
f 385/385 384/384 388/388
f 385/385 388/388 390/390
f 384/384 387/387 389/389
f 384/384 389/389 388/388
f 388/388 389/389 394/394
f 388/388 394/394 392/392
f 390/390 388/388 392/392
f 390/390 392/392 395/395
f 392/392 394/394 406/406
f 392/392 406/406 393/393
f 395/395 392/392 393/393
f 395/395 393/393 397/397
f 399/399 396/396 398/398
f 399/399 398/398 400/400
f 401/401 391/391 396/396
f 401/401 396/396 399/399
f 402/402 399/399 400/400
f 402/402 400/400 404/404
f 403/403 401/401 399/399
f 403/403 399/399 402/402
f 389/389 403/403 402/402
f 389/389 402/402 394/394
f 394/394 402/402 404/404
f 394/394 404/404 406/406
f 406/406 404/404 405/405
f 406/406 405/405 407/407
f 404/404 400/400 412/412
f 404/404 412/412 405/405
f 393/393 406/406 407/407
f 393/393 407/407 408/408
f 408/408 407/407 409/409
f 407/407 405/405 409/409
f 405/405 412/412 409/409
f 410/410 408/408 409/409
f 412/412 411/411 409/409
f 400/400 398/398 411/411
f 400/400 411/411 412/412
f 397/397 393/393 408/408
f 397/397 408/408 410/410
f 413/413 414/414 401/401
f 413/413 401/401 403/403
f 387/387 413/413 403/403
f 387/387 403/403 389/389
f 415/415 416/416 414/414
f 415/415 414/414 413/413
f 383/383 415/415 413/413
f 383/383 413/413 387/387
f 417/417 418/418 416/416
f 417/417 416/416 415/415
f 379/379 417/417 415/415
f 379/379 415/415 383/383
f 419/419 420/420 418/418
f 419/419 418/418 417/417
f 375/375 419/419 417/417
f 375/375 417/417 379/379
f 358/358 421/421 420/420
f 358/358 420/420 419/419
f 371/371 358/358 419/419
f 371/371 419/419 375/375
f 420/420 374/374 378/378
f 420/420 378/378 418/418
f 421/421 370/370 374/374
f 421/421 374/374 420/420
f 356/356 367/367 370/370
f 356/356 370/370 421/421
f 418/418 378/378 382/382
f 418/418 382/382 416/416
f 416/416 382/382 386/386
f 416/416 386/386 414/414
f 414/414 386/386 391/391
f 414/414 391/391 401/401
f 367/367 356/356 360/360
f 367/367 360/360 364/364
f 446/446 424/424 422/422
f 446/446 422/422 423/423
f 423/423 422/422 425/425
f 423/423 425/425 445/445
f 424/424 427/427 426/426
f 424/424 426/426 422/422
f 422/422 426/426 428/428
f 422/422 428/428 425/425
f 427/427 430/430 429/429
f 427/427 429/429 426/426
f 426/426 429/429 431/431
f 426/426 431/431 428/428
f 430/430 432/432 429/429
f 429/429 432/432 431/431
f 435/435 432/432 430/430
f 434/434 432/432 435/435
f 431/431 432/432 433/433
f 436/436 435/435 430/430
f 436/436 430/430 427/427
f 438/438 434/434 435/435
f 438/438 435/435 436/436
f 439/439 436/436 427/427
f 439/439 427/427 424/424
f 442/442 438/438 436/436
f 442/442 436/436 439/439
f 440/440 439/439 424/424
f 440/440 424/424 446/446
f 444/444 442/442 439/439
f 444/444 439/439 440/440
f 445/445 425/425 441/441
f 445/445 441/441 443/443
f 425/425 428/428 437/437
f 425/425 437/437 441/441
f 428/428 431/431 433/433
f 428/428 433/433 437/437
f 448/448 451/451 450/450
f 448/448 450/450 447/447
f 447/447 450/450 452/452
f 447/447 452/452 449/449
f 451/451 454/454 453/453
f 451/451 453/453 450/450
f 450/450 453/453 455/455
f 450/450 455/455 452/452
f 454/454 457/457 456/456
f 454/454 456/456 453/453
f 453/453 456/456 458/458
f 453/453 458/458 455/455
f 457/457 460/460 459/459
f 457/457 459/459 456/456
f 456/456 459/459 461/461
f 456/456 461/461 458/458
f 460/460 463/463 462/462
f 460/460 462/462 459/459
f 459/459 462/462 464/464
f 459/459 464/464 461/461
f 463/463 465/465 462/462
f 462/462 465/465 464/464
f 468/468 465/465 463/463
f 466/466 465/465 467/467
f 464/464 465/465 466/466
f 471/471 466/466 467/467
f 471/471 467/467 469/469
f 470/470 468/468 463/463
f 470/470 463/463 460/460
f 474/474 471/471 469/469
f 474/474 469/469 472/472
f 473/473 470/470 460/460
f 473/473 460/460 457/457
f 477/477 474/474 472/472
f 477/477 472/472 475/475
f 476/476 473/473 457/457
f 476/476 457/457 454/454
f 480/480 477/477 475/475
f 480/480 475/475 478/478
f 479/479 476/476 454/454
f 479/479 454/454 451/451
f 483/483 480/480 478/478
f 483/483 478/478 481/481
f 482/482 479/479 451/451
f 482/482 451/451 448/448
f 449/449 452/452 480/480
f 449/449 480/480 483/483
f 452/452 455/455 477/477
f 452/452 477/477 480/480
f 455/455 458/458 474/474
f 455/455 474/474 477/477
f 458/458 461/461 471/471
f 458/458 471/471 474/474
f 461/461 464/464 466/466
f 461/461 466/466 471/471
f 485/485 488/488 487/487
f 485/485 487/487 484/484
f 484/484 487/487 489/489
f 484/484 489/489 486/486
f 488/488 492/492 490/490
f 488/488 490/490 487/487
f 487/487 490/490 493/493
f 487/487 493/493 489/489
f 492/492 504/504 491/491
f 492/492 491/491 490/490
f 490/490 491/491 494/494
f 490/490 494/494 493/493
f 493/493 494/494 497/497
f 493/493 497/497 495/495
f 489/489 493/493 495/495
f 489/489 495/495 496/496
f 496/496 495/495 498/498
f 496/496 498/498 500/500
f 495/495 497/497 502/502
f 495/495 502/502 498/498
f 501/501 499/499 492/492
f 501/501 492/492 488/488
f 499/499 503/503 504/504
f 499/499 504/504 492/492
f 497/497 507/507 505/505
f 497/497 505/505 502/502
f 503/503 506/506 508/508
f 503/503 508/508 504/504
f 507/507 515/515 509/509
f 507/507 509/509 505/505
f 506/506 510/510 516/516
f 506/506 516/516 508/508
f 510/510 512/512 519/519
f 510/510 519/519 516/516
f 515/515 569/569 511/511
f 515/515 511/511 509/509
f 516/516 519/519 521/521
f 516/516 521/521 517/517
f 516/516 517/517 565/565
f 516/516 565/565 518/518
f 508/508 516/516 518/518
f 508/508 518/518 568/568
f 520/520 523/523 524/524
f 520/520 524/524 522/522
f 513/513 525/525 523/523
f 513/513 523/523 520/520
f 523/523 527/527 524/524
f 525/525 527/527 523/523
f 530/530 527/527 528/528
f 528/528 527/527 529/529
f 529/529 527/527 526/526
f 524/524 527/527 530/530
f 533/533 530/530 528/528
f 533/533 528/528 535/535
f 522/522 524/524 530/530
f 522/522 530/530 533/533
f 536/536 531/531 534/534
f 536/536 534/534 538/538
f 517/517 521/521 532/532
f 517/517 532/532 537/537
f 538/538 542/542 539/539
f 538/538 539/539 536/536
f 537/537 540/540 541/541
f 537/537 541/541 517/517
f 540/540 544/544 546/546
f 540/540 546/546 541/541
f 542/542 545/545 543/543
f 542/542 543/543 539/539
f 545/545 549/549 547/547
f 545/545 547/547 543/543
f 544/544 548/548 550/550
f 544/544 550/550 546/546
f 549/549 553/553 551/551
f 549/549 551/551 547/547
f 548/548 552/552 554/554
f 548/548 554/554 550/550
f 553/553 555/555 551/551
f 552/552 555/555 554/554
f 554/554 555/555 556/556
f 556/556 555/555 557/557
f 557/557 555/555 553/553
f 558/558 557/557 553/553
f 558/558 553/553 549/549
f 559/559 556/556 557/557
f 559/559 557/557 558/558
f 560/560 558/558 549/549
f 560/560 549/549 545/545
f 561/561 559/559 558/558
f 561/561 558/558 560/560
f 562/562 560/560 545/545
f 562/562 545/545 542/542
f 564/564 561/561 560/560
f 564/564 560/560 562/562
f 563/563 562/562 542/542
f 563/563 542/542 538/538
f 565/565 564/564 562/562
f 565/565 562/562 563/563
f 517/517 541/541 564/564
f 517/517 564/564 565/565
f 541/541 546/546 561/561
f 541/541 561/561 564/564
f 518/518 565/565 563/563
f 518/518 563/563 566/566
f 566/566 563/563 538/538
f 566/566 538/538 515/515
f 567/567 566/566 515/515
f 567/567 515/515 507/507
f 568/568 518/518 566/566
f 568/568 566/566 567/567
f 494/494 567/567 507/507
f 494/494 507/507 497/497
f 491/491 568/568 567/567
f 491/491 567/567 494/494
f 504/504 508/508 568/568
f 504/504 568/568 491/491
f 546/546 550/550 559/559
f 546/546 559/559 561/561
f 550/550 554/554 556/556
f 550/550 556/556 559/559
f 538/538 534/534 569/569
f 538/538 569/569 515/515
f 535/535 528/528 529/529
f 535/535 529/529 570/570
f 570/570 529/529 526/526
f 570/570 526/526 514/514
f 573/573 496/496 500/500
f 573/573 500/500 571/571
f 572/572 501/501 488/488
f 572/572 488/488 485/485
f 486/486 489/489 496/496
f 486/486 496/496 573/573
f 574/574 575/575 578/578
f 574/574 578/578 577/577
f 576/576 574/574 577/577
f 576/576 577/577 579/579
f 577/577 578/578 581/581
f 577/577 581/581 580/580
f 579/579 577/577 580/580
f 579/579 580/580 582/582
f 580/580 581/581 584/584
f 580/580 584/584 583/583
f 582/582 580/580 583/583
f 582/582 583/583 585/585
f 583/583 584/584 587/587
f 583/583 587/587 586/586
f 585/585 583/583 586/586
f 585/585 586/586 588/588
f 586/586 587/587 590/590
f 586/586 590/590 589/589
f 588/588 586/586 589/589
f 588/588 589/589 591/591
f 589/589 590/590 593/593
f 589/589 593/593 592/592
f 591/591 589/589 592/592
f 591/591 592/592 594/594
f 592/592 593/593 596/596
f 592/592 596/596 595/595
f 594/594 592/592 595/595
f 594/594 595/595 597/597
f 595/595 596/596 598/598
f 597/597 595/595 598/598
f 600/600 597/597 598/598
f 596/596 601/601 598/598
f 601/601 599/599 598/598
f 602/602 603/603 599/599
f 602/602 599/599 601/601
f 593/593 602/602 601/601
f 593/593 601/601 596/596
f 605/605 606/606 603/603
f 605/605 603/603 602/602
f 590/590 605/605 602/602
f 590/590 602/602 593/593
f 608/608 609/609 606/606
f 608/608 606/606 605/605
f 587/587 608/608 605/605
f 587/587 605/605 590/590
f 611/611 612/612 609/609
f 611/611 609/609 608/608
f 584/584 611/611 608/608
f 584/584 608/608 587/587
f 614/614 615/615 612/612
f 614/614 612/612 611/611
f 581/581 614/614 611/611
f 581/581 611/611 584/584
f 617/617 618/618 615/615
f 617/617 615/615 614/614
f 578/578 617/617 614/614
f 578/578 614/614 581/581
f 620/620 621/621 618/618
f 620/620 618/618 617/617
f 575/575 620/620 617/617
f 575/575 617/617 578/578
f 622/622 576/576 579/579
f 622/622 579/579 619/619
f 619/619 579/579 582/582
f 619/619 582/582 616/616
f 616/616 582/582 585/585
f 616/616 585/585 613/613
f 613/613 585/585 588/588
f 613/613 588/588 610/610
f 610/610 588/588 591/591
f 610/610 591/591 607/607
f 607/607 591/591 594/594
f 607/607 594/594 604/604
f 604/604 594/594 597/597
f 604/604 597/597 600/600
f 664/664 626/626 628/628
f 664/664 628/628 662/662
f 662/662 628/628 630/630
f 662/662 630/630 661/661
f 661/661 630/630 632/632
f 661/661 632/632 660/660
f 647/647 649/649 640/640
f 647/647 640/640 639/639
f 660/660 632/632 634/634
f 660/660 634/634 665/665
f 665/665 634/634 625/625
f 665/665 625/625 663/663
f 648/648 647/647 639/639
f 648/648 639/639 638/638
f 650/650 648/648 638/638
f 650/650 638/638 637/637
f 649/649 651/651 635/635
f 649/649 635/635 640/640
f 652/652 650/650 637/637
f 652/652 637/637 636/636
f 639/639 640/640 646/646
f 639/639 646/646 645/645
f 637/637 638/638 644/644
f 637/637 644/644 643/643
f 640/640 635/635 641/641
f 640/640 641/641 646/646
f 638/638 639/639 645/645
f 638/638 645/645 644/644
f 636/636 637/637 643/643
f 636/636 643/643 642/642
f 624/624 627/627 650/650
f 624/624 650/650 652/652
f 633/633 623/623 651/651
f 633/633 651/651 649/649
f 627/627 629/629 648/648
f 627/627 648/648 650/650
f 629/629 631/631 647/647
f 629/629 647/647 648/648
f 631/631 633/633 649/649
f 631/631 649/649 647/647
f 630/630 628/628 655/655
f 630/630 655/655 656/656
f 625/625 634/634 658/658
f 625/625 658/658 653/653
f 628/628 626/626 654/654
f 628/628 654/654 655/655
f 632/632 630/630 656/656
f 632/632 656/656 657/657
f 634/634 632/632 657/657
f 634/634 657/657 658/658
f 658/658 657/657 659/659
f 656/656 655/655 659/659
f 653/653 658/658 659/659
f 657/657 656/656 659/659
f 655/655 654/654 659/659
f 633/633 665/665 663/663
f 633/633 663/663 623/623
f 631/631 660/660 665/665
f 631/631 665/665 633/633
f 629/629 661/661 660/660
f 629/629 660/660 631/631
f 627/627 662/662 661/661
f 627/627 661/661 629/629
f 624/624 664/664 662/662
f 624/624 662/662 627/627
f 668/668 666/666 672/672
f 668/668 672/672 674/674
f 667/667 670/670 676/676
f 667/667 676/676 673/673
f 669/669 671/671 677/677
f 669/669 677/677 675/675
f 666/666 667/667 673/673
f 666/666 673/673 672/672
f 671/671 668/668 674/674
f 671/671 674/674 677/677
f 672/672 673/673 679/679
f 672/672 679/679 678/678
f 677/677 674/674 680/680
f 677/677 680/680 683/683
f 674/674 672/672 678/678
f 674/674 678/678 680/680
f 673/673 676/676 682/682
f 673/673 682/682 679/679
f 675/675 677/677 683/683
f 675/675 683/683 681/681
f 680/680 678/678 684/684
f 680/680 684/684 686/686
f 679/679 682/682 688/688
f 679/679 688/688 685/685
f 681/681 683/683 689/689
f 681/681 689/689 687/687
f 678/678 679/679 685/685
f 678/678 685/685 684/684
f 683/683 680/680 686/686
f 683/683 686/686 689/689
f 684/684 685/685 691/691
f 684/684 691/691 690/690
f 689/689 686/686 692/692
f 689/689 692/692 695/695
f 686/686 684/684 690/690
f 686/686 690/690 692/692
f 685/685 688/688 694/694
f 685/685 694/694 691/691
f 687/687 689/689 695/695
f 687/687 695/695 693/693
f 692/692 690/690 696/696
f 692/692 696/696 698/698
f 691/691 694/694 700/700
f 691/691 700/700 697/697
f 693/693 695/695 701/701
f 693/693 701/701 699/699
f 690/690 691/691 697/697
f 690/690 697/697 696/696
f 695/695 692/692 698/698
f 695/695 698/698 701/701
f 720/720 715/715 703/703
f 720/720 703/703 702/702
f 719/719 716/716 704/704
f 719/719 704/704 707/707
f 716/716 720/720 702/702
f 716/716 702/702 704/704
f 715/715 718/718 706/706
f 715/715 706/706 703/703
f 717/717 719/719 707/707
f 717/717 707/707 705/705
f 704/704 702/702 708/708
f 703/703 706/706 708/708
f 705/705 707/707 708/708
f 702/702 703/703 708/708
f 707/707 704/704 708/708
f 699/699 701/701 709/709
f 699/699 709/709 713/713
f 697/697 700/700 714/714
f 697/697 714/714 712/712
f 698/698 696/696 711/711
f 698/698 711/711 710/710
f 701/701 698/698 710/710
f 701/701 710/710 709/709
f 696/696 697/697 712/712
f 696/696 712/712 711/711
f 725/725 721/721 719/719
f 725/725 719/719 717/717
f 723/723 726/726 718/718
f 723/723 718/718 715/715
f 724/724 722/722 720/720
f 724/724 720/720 716/716
f 721/721 724/724 716/716
f 721/721 716/716 719/719
f 722/722 723/723 715/715
f 722/722 715/715 720/720
f 711/711 712/712 723/723
f 711/711 723/723 722/722
f 709/709 710/710 724/724
f 709/709 724/724 721/721
f 710/710 711/711 722/722
f 710/710 722/722 724/724
f 712/712 714/714 726/726
f 712/712 726/726 723/723
f 713/713 709/709 721/721
f 713/713 721/721 725/725
f 666/666 668/668 729/729
f 666/666 729/729 727/727
f 670/670 667/667 728/728
f 670/670 728/728 731/731
f 671/671 669/669 730/730
f 671/671 730/730 732/732
f 667/667 666/666 727/727
f 667/667 727/727 728/728
f 668/668 671/671 732/732
f 668/668 732/732 729/729
f 733/733 739/739 744/744
f 733/733 744/744 738/738
f 735/735 741/741 739/739
f 735/735 739/739 733/733
f 734/734 740/740 742/742
f 734/734 742/742 736/736
f 738/738 744/744 740/740
f 738/738 740/740 734/734
f 737/737 743/743 741/741
f 737/737 741/741 735/735
f 759/759 749/749 747/747
f 759/759 747/747 757/757
f 761/761 745/745 750/750
f 761/761 750/750 760/760
f 757/757 747/747 745/745
f 757/757 745/745 761/761
f 762/762 746/746 748/748
f 762/762 748/748 758/758
f 760/760 750/750 746/746
f 760/760 746/746 762/762
f 747/747 753/753 751/751
f 747/747 751/751 745/745
f 746/746 752/752 754/754
f 746/746 754/754 748/748
f 750/750 756/756 752/752
f 750/750 752/752 746/746
f 749/749 755/755 753/753
f 749/749 753/753 747/747
f 745/745 751/751 756/756
f 745/745 756/756 750/750
f 744/744 760/760 762/762
f 744/744 762/762 740/740
f 740/740 762/762 758/758
f 740/740 758/758 742/742
f 741/741 757/757 761/761
f 741/741 761/761 739/739
f 739/739 761/761 760/760
f 739/739 760/760 744/744
f 743/743 759/759 757/757
f 743/743 757/757 741/741
f 795/795 768/768 764/764
f 795/795 764/764 794/794
f 764/764 800/800 807/807
f 764/764 807/807 794/794
f 799/799 763/763 768/768
f 799/799 768/768 795/795
f 796/796 765/765 763/763
f 796/796 763/763 799/799
f 794/794 807/807 811/811
f 794/794 811/811 797/797
f 791/791 774/774 770/770
f 791/791 770/770 792/792
f 789/789 773/773 771/771
f 789/789 771/771 790/790
f 793/793 769/769 774/774
f 793/793 774/774 791/791
f 790/790 771/771 769/769
f 790/790 769/769 793/793
f 792/792 770/770 772/772
f 792/792 772/772 788/788
f 769/769 775/775 780/780
f 769/769 780/780 774/774
f 771/771 777/777 775/775
f 771/771 775/775 769/769
f 770/770 776/776 778/778
f 770/770 778/778 772/772
f 774/774 780/780 776/776
f 774/774 776/776 770/770
f 773/773 779/779 777/777
f 773/773 777/777 771/771
f 780/780 786/786 782/782
f 780/780 782/782 776/776
f 779/779 785/785 783/783
f 779/779 783/783 777/777
f 775/775 781/781 786/786
f 775/775 786/786 780/780
f 777/777 783/783 781/781
f 777/777 781/781 775/775
f 776/776 782/782 784/784
f 776/776 784/784 778/778
f 781/781 787/787 786/786
f 783/783 787/787 781/781
f 782/782 787/787 784/784
f 786/786 787/787 782/782
f 785/785 787/787 783/783
f 764/764 792/792 788/788
f 764/764 788/788 766/766
f 765/765 790/790 793/793
f 765/765 793/793 763/763
f 763/763 793/793 791/791
f 763/763 791/791 768/768
f 767/767 789/789 790/790
f 767/767 790/790 765/765
f 768/768 791/791 792/792
f 768/768 792/792 764/764
f 752/752 794/794 797/797
f 752/752 797/797 754/754
f 753/753 796/796 799/799
f 753/753 799/799 751/751
f 751/751 799/799 795/795
f 751/751 795/795 756/756
f 755/755 798/798 796/796
f 755/755 796/796 753/753
f 756/756 795/795 794/794
f 756/756 794/794 752/752
f 801/801 815/815 818/818
f 801/801 818/818 808/808
f 813/813 820/820 819/819
f 813/813 819/819 810/810
f 765/765 805/805 803/803
f 765/765 803/803 767/767
f 798/798 812/812 809/809
f 798/798 809/809 796/796
f 766/766 802/802 800/800
f 766/766 800/800 764/764
f 796/796 809/809 805/805
f 796/796 805/805 765/765
f 819/819 822/822 817/817
f 818/818 822/822 821/821
f 804/804 816/816 815/815
f 804/804 815/815 801/801
f 808/808 818/818 821/821
f 808/808 821/821 814/814
f 810/810 819/819 817/817
f 810/810 817/817 806/806
f 806/806 817/817 816/816
f 806/806 816/816 804/804
f 817/817 822/822 816/816
f 820/820 822/822 819/819
f 815/815 822/822 818/818
f 816/816 822/822 815/815
f 825/825 828/828 834/834
f 825/825 834/834 831/831
f 826/826 827/827 833/833
f 826/826 833/833 832/832
f 828/828 823/823 829/829
f 828/828 829/829 834/834
f 823/823 826/826 832/832
f 823/823 832/832 829/829
f 827/827 824/824 830/830
f 827/827 830/830 833/833
f 834/834 829/829 835/835
f 834/834 835/835 840/840
f 829/829 832/832 838/838
f 829/829 838/838 835/835
f 833/833 830/830 836/836
f 833/833 836/836 839/839
f 831/831 834/834 840/840
f 831/831 840/840 837/837
f 832/832 833/833 839/839
f 832/832 839/839 838/838
f 837/837 840/840 846/846
f 837/837 846/846 843/843
f 838/838 839/839 845/845
f 838/838 845/845 844/844
f 840/840 835/835 841/841
f 840/840 841/841 846/846
f 835/835 838/838 844/844
f 835/835 844/844 841/841
f 839/839 836/836 842/842
f 839/839 842/842 845/845
f 846/846 841/841 847/847
f 846/846 847/847 852/852
f 841/841 844/844 850/850
f 841/841 850/850 847/847
f 845/845 842/842 848/848
f 845/845 848/848 851/851
f 843/843 846/846 852/852
f 843/843 852/852 849/849
f 844/844 845/845 851/851
f 844/844 851/851 850/850
f 849/849 852/852 858/858
f 849/849 858/858 855/855
f 850/850 851/851 857/857
f 850/850 857/857 856/856
f 852/852 847/847 853/853
f 852/852 853/853 858/858
f 847/847 850/850 856/856
f 847/847 856/856 853/853
f 851/851 848/848 854/854
f 851/851 854/854 857/857
f 858/858 853/853 859/859
f 858/858 859/859 864/864
f 853/853 856/856 862/862
f 853/853 862/862 859/859
f 857/857 854/854 860/860
f 857/857 860/860 863/863
f 855/855 858/858 864/864
f 855/855 864/864 861/861
f 856/856 857/857 863/863
f 856/856 863/863 862/862
f 861/861 864/864 870/870
f 861/861 870/870 867/867
f 862/862 863/863 869/869
f 862/862 869/869 868/868
f 864/864 859/859 865/865
f 864/864 865/865 870/870
f 859/859 862/862 868/868
f 859/859 868/868 865/865
f 863/863 860/860 866/866
f 863/863 866/866 869/869
f 870/870 865/865 871/871
f 865/865 868/868 871/871
f 869/869 866/866 871/871
f 867/867 870/870 871/871
f 868/868 869/869 871/871
f 910/910 883/883 879/879
f 910/910 879/879 909/909
f 879/879 915/915 922/922
f 879/879 922/922 909/909
f 914/914 878/878 883/883
f 914/914 883/883 910/910
f 911/911 880/880 878/878
f 911/911 878/878 914/914
f 909/909 922/922 926/926
f 909/909 926/926 912/912
f 906/906 889/889 885/885
f 906/906 885/885 907/907
f 904/904 888/888 886/886
f 904/904 886/886 905/905
f 908/908 884/884 889/889
f 908/908 889/889 906/906
f 905/905 886/886 884/884
f 905/905 884/884 908/908
f 907/907 885/885 887/887
f 907/907 887/887 903/903
f 884/884 890/890 895/895
f 884/884 895/895 889/889
f 886/886 892/892 890/890
f 886/886 890/890 884/884
f 885/885 891/891 893/893
f 885/885 893/893 887/887
f 889/889 895/895 891/891
f 889/889 891/891 885/885
f 888/888 894/894 892/892
f 888/888 892/892 886/886
f 895/895 901/901 897/897
f 895/895 897/897 891/891
f 894/894 900/900 898/898
f 894/894 898/898 892/892
f 890/890 896/896 901/901
f 890/890 901/901 895/895
f 892/892 898/898 896/896
f 892/892 896/896 890/890
f 891/891 897/897 899/899
f 891/891 899/899 893/893
f 896/896 902/902 901/901
f 898/898 902/902 896/896
f 897/897 902/902 899/899
f 901/901 902/902 897/897
f 900/900 902/902 898/898
f 879/879 907/907 903/903
f 879/879 903/903 881/881
f 880/880 905/905 908/908
f 880/880 908/908 878/878
f 878/878 908/908 906/906
f 878/878 906/906 883/883
f 882/882 904/904 905/905
f 882/882 905/905 880/880
f 883/883 906/906 907/907
f 883/883 907/907 879/879
f 873/873 909/909 912/912
f 873/873 912/912 875/875
f 874/874 911/911 914/914
f 874/874 914/914 872/872
f 872/872 914/914 910/910
f 872/872 910/910 877/877
f 876/876 913/913 911/911
f 876/876 911/911 874/874
f 877/877 910/910 909/909
f 877/877 909/909 873/873
f 916/916 930/930 933/933
f 916/916 933/933 923/923
f 928/928 935/935 934/934
f 928/928 934/934 925/925
f 880/880 920/920 918/918
f 880/880 918/918 882/882
f 913/913 927/927 924/924
f 913/913 924/924 911/911
f 881/881 917/917 915/915
f 881/881 915/915 879/879
f 911/911 924/924 920/920
f 911/911 920/920 880/880
f 934/934 937/937 932/932
f 933/933 937/937 936/936
f 919/919 931/931 930/930
f 919/919 930/930 916/916
f 923/923 933/933 936/936
f 923/923 936/936 929/929
f 925/925 934/934 932/932
f 925/925 932/932 921/921
f 921/921 932/932 931/931
f 921/921 931/931 919/919
f 932/932 937/937 931/931
f 935/935 937/937 934/934
f 930/930 937/937 933/933
f 931/931 937/937 930/930
f 939/939 938/938 942/942
f 939/939 942/942 943/943
f 938/938 939/939 1004/1004
f 938/938 1004/1004 941/941
f 938/938 940/940 944/944
f 938/938 944/944 942/942
f 940/940 938/938 941/941
f 940/940 941/941 954/954
f 940/940 948/948 945/945
f 940/940 945/945 944/944
f 948/948 949/949 946/946
f 948/948 946/946 945/945
f 949/949 948/948 951/951
f 949/949 951/951 952/952
f 948/948 940/940 954/954
f 948/948 954/954 951/951
f 952/952 951/951 955/955
f 952/952 955/955 956/956
f 951/951 954/954 958/958
f 951/951 958/958 955/955
f 956/956 955/955 959/959
f 956/956 959/959 960/960
f 955/955 958/958 962/962
f 955/955 962/962 959/959
f 960/960 959/959 963/963
f 960/960 963/963 964/964
f 959/959 962/962 966/966
f 959/959 966/966 963/963
f 964/964 963/963 967/967
f 964/964 967/967 968/968
f 963/963 966/966 970/970
f 963/963 970/970 967/967
f 968/968 967/967 971/971
f 968/968 971/971 973/973
f 967/967 970/970 972/972
f 967/967 972/972 971/971
f 971/971 972/972 977/977
f 971/971 977/977 975/975
f 973/973 971/971 975/975
f 973/973 975/975 978/978
f 975/975 977/977 989/989
f 975/975 989/989 976/976
f 978/978 975/975 976/976
f 978/978 976/976 980/980
f 982/982 979/979 981/981
f 982/982 981/981 983/983
f 984/984 974/974 979/979
f 984/984 979/979 982/982
f 985/985 982/982 983/983
f 985/985 983/983 987/987
f 986/986 984/984 982/982
f 986/986 982/982 985/985
f 972/972 986/986 985/985
f 972/972 985/985 977/977
f 977/977 985/985 987/987
f 977/977 987/987 989/989
f 989/989 987/987 988/988
f 989/989 988/988 990/990
f 987/987 983/983 995/995
f 987/987 995/995 988/988
f 976/976 989/989 990/990
f 976/976 990/990 991/991
f 991/991 990/990 992/992
f 990/990 988/988 992/992
f 988/988 995/995 992/992
f 993/993 991/991 992/992
f 995/995 994/994 992/992
f 983/983 981/981 994/994
f 983/983 994/994 995/995
f 980/980 976/976 991/991
f 980/980 991/991 993/993
f 996/996 997/997 984/984
f 996/996 984/984 986/986
f 970/970 996/996 986/986
f 970/970 986/986 972/972
f 998/998 999/999 997/997
f 998/998 997/997 996/996
f 966/966 998/998 996/996
f 966/966 996/996 970/970
f 1000/1000 1001/1001 999/999
f 1000/1000 999/999 998/998
f 962/962 1000/1000 998/998
f 962/962 998/998 966/966
f 1002/1002 1003/1003 1001/1001
f 1002/1002 1001/1001 1000/1000
f 958/958 1002/1002 1000/1000
f 958/958 1000/1000 962/962
f 941/941 1004/1004 1003/1003
f 941/941 1003/1003 1002/1002
f 954/954 941/941 1002/1002
f 954/954 1002/1002 958/958
f 1003/1003 957/957 961/961
f 1003/1003 961/961 1001/1001
f 1004/1004 953/953 957/957
f 1004/1004 957/957 1003/1003
f 939/939 950/950 953/953
f 939/939 953/953 1004/1004
f 1001/1001 961/961 965/965
f 1001/1001 965/965 999/999
f 999/999 965/965 969/969
f 999/999 969/969 997/997
f 997/997 969/969 974/974
f 997/997 974/974 984/984
f 950/950 939/939 943/943
f 950/950 943/943 947/947
f 1052/1052 1008/1008 1010/1010
f 1052/1052 1010/1010 1050/1050
f 1050/1050 1010/1010 1012/1012
f 1050/1050 1012/1012 1049/1049
f 1049/1049 1012/1012 1014/1014
f 1049/1049 1014/1014 1048/1048
f 1035/1035 1037/1037 1022/1022
f 1035/1035 1022/1022 1021/1021
f 1048/1048 1014/1014 1016/1016
f 1048/1048 1016/1016 1053/1053
f 1053/1053 1016/1016 1007/1007
f 1053/1053 1007/1007 1051/1051
f 1036/1036 1035/1035 1021/1021
f 1036/1036 1021/1021 1020/1020
f 1038/1038 1036/1036 1020/1020
f 1038/1038 1020/1020 1019/1019
f 1037/1037 1039/1039 1017/1017
f 1037/1037 1017/1017 1022/1022
f 1040/1040 1038/1038 1019/1019
f 1040/1040 1019/1019 1018/1018
f 1021/1021 1022/1022 1028/1028
f 1021/1021 1028/1028 1027/1027
f 1019/1019 1020/1020 1026/1026
f 1019/1019 1026/1026 1025/1025
f 1022/1022 1017/1017 1023/1023
f 1022/1022 1023/1023 1028/1028
f 1020/1020 1021/1021 1027/1027
f 1020/1020 1027/1027 1026/1026
f 1018/1018 1019/1019 1025/1025
f 1018/1018 1025/1025 1024/1024
f 1056/1056 1054/1054 1029/1029
f 1056/1056 1029/1029 1034/1034
f 1058/1058 1057/1057 1033/1033
f 1058/1058 1033/1033 1032/1032
f 1055/1055 1059/1059 1031/1031
f 1055/1055 1031/1031 1030/1030
f 1057/1057 1056/1056 1034/1034
f 1057/1057 1034/1034 1033/1033
f 1059/1059 1058/1058 1032/1032
f 1059/1059 1032/1032 1031/1031
f 1006/1006 1009/1009 1038/1038
f 1006/1006 1038/1038 1040/1040
f 1015/1015 1005/1005 1039/1039
f 1015/1015 1039/1039 1037/1037
f 1009/1009 1011/1011 1036/1036
f 1009/1009 1036/1036 1038/1038
f 1011/1011 1013/1013 1035/1035
f 1011/1011 1035/1035 1036/1036
f 1013/1013 1015/1015 1037/1037
f 1013/1013 1037/1037 1035/1035
f 1012/1012 1010/1010 1043/1043
f 1012/1012 1043/1043 1044/1044
f 1007/1007 1016/1016 1046/1046
f 1007/1007 1046/1046 1041/1041
f 1010/1010 1008/1008 1042/1042
f 1010/1010 1042/1042 1043/1043
f 1014/1014 1012/1012 1044/1044
f 1014/1014 1044/1044 1045/1045
f 1016/1016 1014/1014 1045/1045
f 1016/1016 1045/1045 1046/1046
f 1046/1046 1045/1045 1047/1047
f 1044/1044 1043/1043 1047/1047
f 1041/1041 1046/1046 1047/1047
f 1045/1045 1044/1044 1047/1047
f 1043/1043 1042/1042 1047/1047
f 1015/1015 1053/1053 1051/1051
f 1015/1015 1051/1051 1005/1005
f 1013/1013 1048/1048 1053/1053
f 1013/1013 1053/1053 1015/1015
f 1011/1011 1049/1049 1048/1048
f 1011/1011 1048/1048 1013/1013
f 1009/1009 1050/1050 1049/1049
f 1009/1009 1049/1049 1011/1011
f 1006/1006 1052/1052 1050/1050
f 1006/1006 1050/1050 1009/1009
f 1025/1025 1026/1026 1058/1058
f 1025/1025 1058/1058 1059/1059
f 1027/1027 1028/1028 1056/1056
f 1027/1027 1056/1056 1057/1057
f 1024/1024 1025/1025 1059/1059
f 1024/1024 1059/1059 1055/1055
f 1026/1026 1027/1027 1057/1057
f 1026/1026 1057/1057 1058/1058
f 1028/1028 1023/1023 1054/1054
f 1028/1028 1054/1054 1056/1056
f 1084/1084 1062/1062 1060/1060
f 1084/1084 1060/1060 1061/1061
f 1061/1061 1060/1060 1063/1063
f 1061/1061 1063/1063 1083/1083
f 1062/1062 1065/1065 1064/1064
f 1062/1062 1064/1064 1060/1060
f 1060/1060 1064/1064 1066/1066
f 1060/1060 1066/1066 1063/1063
f 1065/1065 1068/1068 1067/1067
f 1065/1065 1067/1067 1064/1064
f 1064/1064 1067/1067 1069/1069
f 1064/1064 1069/1069 1066/1066
f 1068/1068 1070/1070 1067/1067
f 1067/1067 1070/1070 1069/1069
f 1073/1073 1070/1070 1068/1068
f 1072/1072 1070/1070 1073/1073
f 1069/1069 1070/1070 1071/1071
f 1074/1074 1073/1073 1068/1068
f 1074/1074 1068/1068 1065/1065
f 1076/1076 1072/1072 1073/1073
f 1076/1076 1073/1073 1074/1074
f 1077/1077 1074/1074 1065/1065
f 1077/1077 1065/1065 1062/1062
f 1080/1080 1076/1076 1074/1074
f 1080/1080 1074/1074 1077/1077
f 1078/1078 1077/1077 1062/1062
f 1078/1078 1062/1062 1084/1084
f 1082/1082 1080/1080 1077/1077
f 1082/1082 1077/1077 1078/1078
f 1083/1083 1063/1063 1079/1079
f 1083/1083 1079/1079 1081/1081
f 1063/1063 1066/1066 1075/1075
f 1063/1063 1075/1075 1079/1079
f 1066/1066 1069/1069 1071/1071
f 1066/1066 1071/1071 1075/1075
f 1086/1086 1089/1089 1088/1088
f 1086/1086 1088/1088 1085/1085
f 1085/1085 1088/1088 1090/1090
f 1085/1085 1090/1090 1087/1087
f 1089/1089 1092/1092 1091/1091
f 1089/1089 1091/1091 1088/1088
f 1088/1088 1091/1091 1093/1093
f 1088/1088 1093/1093 1090/1090
f 1092/1092 1095/1095 1094/1094
f 1092/1092 1094/1094 1091/1091
f 1091/1091 1094/1094 1096/1096
f 1091/1091 1096/1096 1093/1093
f 1095/1095 1098/1098 1097/1097
f 1095/1095 1097/1097 1094/1094
f 1094/1094 1097/1097 1099/1099
f 1094/1094 1099/1099 1096/1096
f 1098/1098 1101/1101 1100/1100
f 1098/1098 1100/1100 1097/1097
f 1097/1097 1100/1100 1102/1102
f 1097/1097 1102/1102 1099/1099
f 1101/1101 1103/1103 1100/1100
f 1100/1100 1103/1103 1102/1102
f 1106/1106 1103/1103 1101/1101
f 1104/1104 1103/1103 1105/1105
f 1102/1102 1103/1103 1104/1104
f 1109/1109 1104/1104 1105/1105
f 1109/1109 1105/1105 1107/1107
f 1108/1108 1106/1106 1101/1101
f 1108/1108 1101/1101 1098/1098
f 1112/1112 1109/1109 1107/1107
f 1112/1112 1107/1107 1110/1110
f 1111/1111 1108/1108 1098/1098
f 1111/1111 1098/1098 1095/1095
f 1115/1115 1112/1112 1110/1110
f 1115/1115 1110/1110 1113/1113
f 1114/1114 1111/1111 1095/1095
f 1114/1114 1095/1095 1092/1092
f 1118/1118 1115/1115 1113/1113
f 1118/1118 1113/1113 1116/1116
f 1117/1117 1114/1114 1092/1092
f 1117/1117 1092/1092 1089/1089
f 1121/1121 1118/1118 1116/1116
f 1121/1121 1116/1116 1119/1119
f 1120/1120 1117/1117 1089/1089
f 1120/1120 1089/1089 1086/1086
f 1087/1087 1090/1090 1118/1118
f 1087/1087 1118/1118 1121/1121
f 1090/1090 1093/1093 1115/1115
f 1090/1090 1115/1115 1118/1118
f 1093/1093 1096/1096 1112/1112
f 1093/1093 1112/1112 1115/1115
f 1096/1096 1099/1099 1109/1109
f 1096/1096 1109/1109 1112/1112
f 1099/1099 1102/1102 1104/1104
f 1099/1099 1104/1104 1109/1109
f 1123/1123 1126/1126 1125/1125
f 1123/1123 1125/1125 1122/1122
f 1122/1122 1125/1125 1127/1127
f 1122/1122 1127/1127 1124/1124
f 1126/1126 1130/1130 1128/1128
f 1126/1126 1128/1128 1125/1125
f 1125/1125 1128/1128 1131/1131
f 1125/1125 1131/1131 1127/1127
f 1130/1130 1142/1142 1129/1129
f 1130/1130 1129/1129 1128/1128
f 1128/1128 1129/1129 1132/1132
f 1128/1128 1132/1132 1131/1131
f 1131/1131 1132/1132 1135/1135
f 1131/1131 1135/1135 1133/1133
f 1127/1127 1131/1131 1133/1133
f 1127/1127 1133/1133 1134/1134
f 1134/1134 1133/1133 1136/1136
f 1134/1134 1136/1136 1138/1138
f 1133/1133 1135/1135 1140/1140
f 1133/1133 1140/1140 1136/1136
f 1139/1139 1137/1137 1130/1130
f 1139/1139 1130/1130 1126/1126
f 1137/1137 1141/1141 1142/1142
f 1137/1137 1142/1142 1130/1130
f 1135/1135 1145/1145 1143/1143
f 1135/1135 1143/1143 1140/1140
f 1141/1141 1144/1144 1146/1146
f 1141/1141 1146/1146 1142/1142
f 1145/1145 1153/1153 1147/1147
f 1145/1145 1147/1147 1143/1143
f 1144/1144 1148/1148 1154/1154
f 1144/1144 1154/1154 1146/1146
f 1148/1148 1150/1150 1157/1157
f 1148/1148 1157/1157 1154/1154
f 1153/1153 1207/1207 1149/1149
f 1153/1153 1149/1149 1147/1147
f 1154/1154 1157/1157 1159/1159
f 1154/1154 1159/1159 1155/1155
f 1154/1154 1155/1155 1203/1203
f 1154/1154 1203/1203 1156/1156
f 1146/1146 1154/1154 1156/1156
f 1146/1146 1156/1156 1206/1206
f 1158/1158 1161/1161 1162/1162
f 1158/1158 1162/1162 1160/1160
f 1151/1151 1163/1163 1161/1161
f 1151/1151 1161/1161 1158/1158
f 1161/1161 1165/1165 1162/1162
f 1163/1163 1165/1165 1161/1161
f 1168/1168 1165/1165 1166/1166
f 1166/1166 1165/1165 1167/1167
f 1167/1167 1165/1165 1164/1164
f 1162/1162 1165/1165 1168/1168
f 1171/1171 1168/1168 1166/1166
f 1171/1171 1166/1166 1173/1173
f 1160/1160 1162/1162 1168/1168
f 1160/1160 1168/1168 1171/1171
f 1174/1174 1169/1169 1172/1172
f 1174/1174 1172/1172 1176/1176
f 1155/1155 1159/1159 1170/1170
f 1155/1155 1170/1170 1175/1175
f 1176/1176 1180/1180 1177/1177
f 1176/1176 1177/1177 1174/1174
f 1175/1175 1178/1178 1179/1179
f 1175/1175 1179/1179 1155/1155
f 1178/1178 1182/1182 1184/1184
f 1178/1178 1184/1184 1179/1179
f 1180/1180 1183/1183 1181/1181
f 1180/1180 1181/1181 1177/1177
f 1183/1183 1187/1187 1185/1185
f 1183/1183 1185/1185 1181/1181
f 1182/1182 1186/1186 1188/1188
f 1182/1182 1188/1188 1184/1184
f 1187/1187 1191/1191 1189/1189
f 1187/1187 1189/1189 1185/1185
f 1186/1186 1190/1190 1192/1192
f 1186/1186 1192/1192 1188/1188
f 1191/1191 1193/1193 1189/1189
f 1190/1190 1193/1193 1192/1192
f 1192/1192 1193/1193 1194/1194
f 1194/1194 1193/1193 1195/1195
f 1195/1195 1193/1193 1191/1191
f 1196/1196 1195/1195 1191/1191
f 1196/1196 1191/1191 1187/1187
f 1197/1197 1194/1194 1195/1195
f 1197/1197 1195/1195 1196/1196
f 1198/1198 1196/1196 1187/1187
f 1198/1198 1187/1187 1183/1183
f 1199/1199 1197/1197 1196/1196
f 1199/1199 1196/1196 1198/1198
f 1200/1200 1198/1198 1183/1183
f 1200/1200 1183/1183 1180/1180
f 1202/1202 1199/1199 1198/1198
f 1202/1202 1198/1198 1200/1200
f 1201/1201 1200/1200 1180/1180
f 1201/1201 1180/1180 1176/1176
f 1203/1203 1202/1202 1200/1200
f 1203/1203 1200/1200 1201/1201
f 1155/1155 1179/1179 1202/1202
f 1155/1155 1202/1202 1203/1203
f 1179/1179 1184/1184 1199/1199
f 1179/1179 1199/1199 1202/1202
f 1156/1156 1203/1203 1201/1201
f 1156/1156 1201/1201 1204/1204
f 1204/1204 1201/1201 1176/1176
f 1204/1204 1176/1176 1153/1153
f 1205/1205 1204/1204 1153/1153
f 1205/1205 1153/1153 1145/1145
f 1206/1206 1156/1156 1204/1204
f 1206/1206 1204/1204 1205/1205
f 1132/1132 1205/1205 1145/1145
f 1132/1132 1145/1145 1135/1135
f 1129/1129 1206/1206 1205/1205
f 1129/1129 1205/1205 1132/1132
f 1142/1142 1146/1146 1206/1206
f 1142/1142 1206/1206 1129/1129
f 1184/1184 1188/1188 1197/1197
f 1184/1184 1197/1197 1199/1199
f 1188/1188 1192/1192 1194/1194
f 1188/1188 1194/1194 1197/1197
f 1176/1176 1172/1172 1207/1207
f 1176/1176 1207/1207 1153/1153
f 1173/1173 1166/1166 1167/1167
f 1173/1173 1167/1167 1208/1208
f 1208/1208 1167/1167 1164/1164
f 1208/1208 1164/1164 1152/1152
f 1211/1211 1134/1134 1138/1138
f 1211/1211 1138/1138 1209/1209
f 1210/1210 1139/1139 1126/1126
f 1210/1210 1126/1126 1123/1123
f 1124/1124 1127/1127 1134/1134
f 1124/1124 1134/1134 1211/1211
f 1212/1212 1213/1213 1216/1216
f 1212/1212 1216/1216 1215/1215
f 1214/1214 1212/1212 1215/1215
f 1214/1214 1215/1215 1217/1217
f 1215/1215 1216/1216 1219/1219
f 1215/1215 1219/1219 1218/1218
f 1217/1217 1215/1215 1218/1218
f 1217/1217 1218/1218 1220/1220
f 1218/1218 1219/1219 1222/1222
f 1218/1218 1222/1222 1221/1221
f 1220/1220 1218/1218 1221/1221
f 1220/1220 1221/1221 1223/1223
f 1221/1221 1222/1222 1225/1225
f 1221/1221 1225/1225 1224/1224
f 1223/1223 1221/1221 1224/1224
f 1223/1223 1224/1224 1226/1226
f 1224/1224 1225/1225 1228/1228
f 1224/1224 1228/1228 1227/1227
f 1226/1226 1224/1224 1227/1227
f 1226/1226 1227/1227 1229/1229
f 1227/1227 1228/1228 1231/1231
f 1227/1227 1231/1231 1230/1230
f 1229/1229 1227/1227 1230/1230
f 1229/1229 1230/1230 1232/1232
f 1230/1230 1231/1231 1234/1234
f 1230/1230 1234/1234 1233/1233
f 1232/1232 1230/1230 1233/1233
f 1232/1232 1233/1233 1235/1235
f 1233/1233 1234/1234 1236/1236
f 1235/1235 1233/1233 1236/1236
f 1238/1238 1235/1235 1236/1236
f 1234/1234 1239/1239 1236/1236
f 1239/1239 1237/1237 1236/1236
f 1240/1240 1241/1241 1237/1237
f 1240/1240 1237/1237 1239/1239
f 1231/1231 1240/1240 1239/1239
f 1231/1231 1239/1239 1234/1234
f 1243/1243 1244/1244 1241/1241
f 1243/1243 1241/1241 1240/1240
f 1228/1228 1243/1243 1240/1240
f 1228/1228 1240/1240 1231/1231
f 1246/1246 1247/1247 1244/1244
f 1246/1246 1244/1244 1243/1243
f 1225/1225 1246/1246 1243/1243
f 1225/1225 1243/1243 1228/1228
f 1249/1249 1250/1250 1247/1247
f 1249/1249 1247/1247 1246/1246
f 1222/1222 1249/1249 1246/1246
f 1222/1222 1246/1246 1225/1225
f 1252/1252 1253/1253 1250/1250
f 1252/1252 1250/1250 1249/1249
f 1219/1219 1252/1252 1249/1249
f 1219/1219 1249/1249 1222/1222
f 1255/1255 1256/1256 1253/1253
f 1255/1255 1253/1253 1252/1252
f 1216/1216 1255/1255 1252/1252
f 1216/1216 1252/1252 1219/1219
f 1258/1258 1259/1259 1256/1256
f 1258/1258 1256/1256 1255/1255
f 1213/1213 1258/1258 1255/1255
f 1213/1213 1255/1255 1216/1216
f 1260/1260 1214/1214 1217/1217
f 1260/1260 1217/1217 1257/1257
f 1257/1257 1217/1217 1220/1220
f 1257/1257 1220/1220 1254/1254
f 1254/1254 1220/1220 1223/1223
f 1254/1254 1223/1223 1251/1251
f 1251/1251 1223/1223 1226/1226
f 1251/1251 1226/1226 1248/1248
f 1248/1248 1226/1226 1229/1229
f 1248/1248 1229/1229 1245/1245
f 1245/1245 1229/1229 1232/1232
f 1245/1245 1232/1232 1242/1242
f 1242/1242 1232/1232 1235/1235
f 1242/1242 1235/1235 1238/1238
f 1302/1302 1264/1264 1266/1266
f 1302/1302 1266/1266 1300/1300
f 1300/1300 1266/1266 1268/1268
f 1300/1300 1268/1268 1299/1299
f 1299/1299 1268/1268 1270/1270
f 1299/1299 1270/1270 1298/1298
f 1285/1285 1287/1287 1278/1278
f 1285/1285 1278/1278 1277/1277
f 1298/1298 1270/1270 1272/1272
f 1298/1298 1272/1272 1303/1303
f 1303/1303 1272/1272 1263/1263
f 1303/1303 1263/1263 1301/1301
f 1286/1286 1285/1285 1277/1277
f 1286/1286 1277/1277 1276/1276
f 1288/1288 1286/1286 1276/1276
f 1288/1288 1276/1276 1275/1275
f 1287/1287 1289/1289 1273/1273
f 1287/1287 1273/1273 1278/1278
f 1290/1290 1288/1288 1275/1275
f 1290/1290 1275/1275 1274/1274
f 1277/1277 1278/1278 1284/1284
f 1277/1277 1284/1284 1283/1283
f 1275/1275 1276/1276 1282/1282
f 1275/1275 1282/1282 1281/1281
f 1278/1278 1273/1273 1279/1279
f 1278/1278 1279/1279 1284/1284
f 1276/1276 1277/1277 1283/1283
f 1276/1276 1283/1283 1282/1282
f 1274/1274 1275/1275 1281/1281
f 1274/1274 1281/1281 1280/1280
f 1262/1262 1265/1265 1288/1288
f 1262/1262 1288/1288 1290/1290
f 1271/1271 1261/1261 1289/1289
f 1271/1271 1289/1289 1287/1287
f 1265/1265 1267/1267 1286/1286
f 1265/1265 1286/1286 1288/1288
f 1267/1267 1269/1269 1285/1285
f 1267/1267 1285/1285 1286/1286
f 1269/1269 1271/1271 1287/1287
f 1269/1269 1287/1287 1285/1285
f 1268/1268 1266/1266 1293/1293
f 1268/1268 1293/1293 1294/1294
f 1263/1263 1272/1272 1296/1296
f 1263/1263 1296/1296 1291/1291
f 1266/1266 1264/1264 1292/1292
f 1266/1266 1292/1292 1293/1293
f 1270/1270 1268/1268 1294/1294
f 1270/1270 1294/1294 1295/1295
f 1272/1272 1270/1270 1295/1295
f 1272/1272 1295/1295 1296/1296
f 1296/1296 1295/1295 1297/1297
f 1294/1294 1293/1293 1297/1297
f 1291/1291 1296/1296 1297/1297
f 1295/1295 1294/1294 1297/1297
f 1293/1293 1292/1292 1297/1297
f 1271/1271 1303/1303 1301/1301
f 1271/1271 1301/1301 1261/1261
f 1269/1269 1298/1298 1303/1303
f 1269/1269 1303/1303 1271/1271
f 1267/1267 1299/1299 1298/1298
f 1267/1267 1298/1298 1269/1269
f 1265/1265 1300/1300 1299/1299
f 1265/1265 1299/1299 1267/1267
f 1262/1262 1302/1302 1300/1300
f 1262/1262 1300/1300 1265/1265
f 1306/1306 1304/1304 1310/1310
f 1306/1306 1310/1310 1312/1312
f 1305/1305 1308/1308 1314/1314
f 1305/1305 1314/1314 1311/1311
f 1307/1307 1309/1309 1315/1315
f 1307/1307 1315/1315 1313/1313
f 1304/1304 1305/1305 1311/1311
f 1304/1304 1311/1311 1310/1310
f 1309/1309 1306/1306 1312/1312
f 1309/1309 1312/1312 1315/1315
f 1310/1310 1311/1311 1317/1317
f 1310/1310 1317/1317 1316/1316
f 1315/1315 1312/1312 1318/1318
f 1315/1315 1318/1318 1321/1321
f 1312/1312 1310/1310 1316/1316
f 1312/1312 1316/1316 1318/1318
f 1311/1311 1314/1314 1320/1320
f 1311/1311 1320/1320 1317/1317
f 1313/1313 1315/1315 1321/1321
f 1313/1313 1321/1321 1319/1319
f 1318/1318 1316/1316 1322/1322
f 1318/1318 1322/1322 1324/1324
f 1317/1317 1320/1320 1326/1326
f 1317/1317 1326/1326 1323/1323
f 1319/1319 1321/1321 1327/1327
f 1319/1319 1327/1327 1325/1325
f 1316/1316 1317/1317 1323/1323
f 1316/1316 1323/1323 1322/1322
f 1321/1321 1318/1318 1324/1324
f 1321/1321 1324/1324 1327/1327
f 1322/1322 1323/1323 1329/1329
f 1322/1322 1329/1329 1328/1328
f 1327/1327 1324/1324 1330/1330
f 1327/1327 1330/1330 1333/1333
f 1324/1324 1322/1322 1328/1328
f 1324/1324 1328/1328 1330/1330
f 1323/1323 1326/1326 1332/1332
f 1323/1323 1332/1332 1329/1329
f 1325/1325 1327/1327 1333/1333
f 1325/1325 1333/1333 1331/1331
f 1330/1330 1328/1328 1334/1334
f 1330/1330 1334/1334 1336/1336
f 1329/1329 1332/1332 1338/1338
f 1329/1329 1338/1338 1335/1335
f 1331/1331 1333/1333 1339/1339
f 1331/1331 1339/1339 1337/1337
f 1328/1328 1329/1329 1335/1335
f 1328/1328 1335/1335 1334/1334
f 1333/1333 1330/1330 1336/1336
f 1333/1333 1336/1336 1339/1339
f 1358/1358 1353/1353 1341/1341
f 1358/1358 1341/1341 1340/1340
f 1357/1357 1354/1354 1342/1342
f 1357/1357 1342/1342 1345/1345
f 1354/1354 1358/1358 1340/1340
f 1354/1354 1340/1340 1342/1342
f 1353/1353 1356/1356 1344/1344
f 1353/1353 1344/1344 1341/1341
f 1355/1355 1357/1357 1345/1345
f 1355/1355 1345/1345 1343/1343
f 1342/1342 1340/1340 1346/1346
f 1341/1341 1344/1344 1346/1346
f 1343/1343 1345/1345 1346/1346
f 1340/1340 1341/1341 1346/1346
f 1345/1345 1342/1342 1346/1346
f 1337/1337 1339/1339 1347/1347
f 1337/1337 1347/1347 1351/1351
f 1335/1335 1338/1338 1352/1352
f 1335/1335 1352/1352 1350/1350
f 1336/1336 1334/1334 1349/1349
f 1336/1336 1349/1349 1348/1348
f 1339/1339 1336/1336 1348/1348
f 1339/1339 1348/1348 1347/1347
f 1334/1334 1335/1335 1350/1350
f 1334/1334 1350/1350 1349/1349
f 1363/1363 1359/1359 1357/1357
f 1363/1363 1357/1357 1355/1355
f 1361/1361 1364/1364 1356/1356
f 1361/1361 1356/1356 1353/1353
f 1362/1362 1360/1360 1358/1358
f 1362/1362 1358/1358 1354/1354
f 1359/1359 1362/1362 1354/1354
f 1359/1359 1354/1354 1357/1357
f 1360/1360 1361/1361 1353/1353
f 1360/1360 1353/1353 1358/1358
f 1349/1349 1350/1350 1361/1361
f 1349/1349 1361/1361 1360/1360
f 1347/1347 1348/1348 1362/1362
f 1347/1347 1362/1362 1359/1359
f 1348/1348 1349/1349 1360/1360
f 1348/1348 1360/1360 1362/1362
f 1350/1350 1352/1352 1364/1364
f 1350/1350 1364/1364 1361/1361
f 1351/1351 1347/1347 1359/1359
f 1351/1351 1359/1359 1363/1363
f 1304/1304 1306/1306 1367/1367
f 1304/1304 1367/1367 1365/1365
f 1308/1308 1305/1305 1366/1366
f 1308/1308 1366/1366 1369/1369
f 1309/1309 1307/1307 1368/1368
f 1309/1309 1368/1368 1370/1370
f 1305/1305 1304/1304 1365/1365
f 1305/1305 1365/1365 1366/1366
f 1306/1306 1309/1309 1370/1370
f 1306/1306 1370/1370 1367/1367
f 1371/1371 1377/1377 1382/1382
f 1371/1371 1382/1382 1376/1376
f 1373/1373 1379/1379 1377/1377
f 1373/1373 1377/1377 1371/1371
f 1372/1372 1378/1378 1380/1380
f 1372/1372 1380/1380 1374/1374
f 1376/1376 1382/1382 1378/1378
f 1376/1376 1378/1378 1372/1372
f 1375/1375 1381/1381 1379/1379
f 1375/1375 1379/1379 1373/1373
f 1397/1397 1387/1387 1385/1385
f 1397/1397 1385/1385 1395/1395
f 1399/1399 1383/1383 1388/1388
f 1399/1399 1388/1388 1398/1398
f 1395/1395 1385/1385 1383/1383
f 1395/1395 1383/1383 1399/1399
f 1400/1400 1384/1384 1386/1386
f 1400/1400 1386/1386 1396/1396
f 1398/1398 1388/1388 1384/1384
f 1398/1398 1384/1384 1400/1400
f 1385/1385 1391/1391 1389/1389
f 1385/1385 1389/1389 1383/1383
f 1384/1384 1390/1390 1392/1392
f 1384/1384 1392/1392 1386/1386
f 1388/1388 1394/1394 1390/1390
f 1388/1388 1390/1390 1384/1384
f 1387/1387 1393/1393 1391/1391
f 1387/1387 1391/1391 1385/1385
f 1383/1383 1389/1389 1394/1394
f 1383/1383 1394/1394 1388/1388
f 1382/1382 1398/1398 1400/1400
f 1382/1382 1400/1400 1378/1378
f 1378/1378 1400/1400 1396/1396
f 1378/1378 1396/1396 1380/1380
f 1379/1379 1395/1395 1399/1399
f 1379/1379 1399/1399 1377/1377
f 1377/1377 1399/1399 1398/1398
f 1377/1377 1398/1398 1382/1382
f 1381/1381 1397/1397 1395/1395
f 1381/1381 1395/1395 1379/1379
f 1433/1433 1406/1406 1402/1402
f 1433/1433 1402/1402 1432/1432
f 1402/1402 1438/1438 1445/1445
f 1402/1402 1445/1445 1432/1432
f 1437/1437 1401/1401 1406/1406
f 1437/1437 1406/1406 1433/1433
f 1434/1434 1403/1403 1401/1401
f 1434/1434 1401/1401 1437/1437
f 1432/1432 1445/1445 1449/1449
f 1432/1432 1449/1449 1435/1435
f 1429/1429 1412/1412 1408/1408
f 1429/1429 1408/1408 1430/1430
f 1427/1427 1411/1411 1409/1409
f 1427/1427 1409/1409 1428/1428
f 1431/1431 1407/1407 1412/1412
f 1431/1431 1412/1412 1429/1429
f 1428/1428 1409/1409 1407/1407
f 1428/1428 1407/1407 1431/1431
f 1430/1430 1408/1408 1410/1410
f 1430/1430 1410/1410 1426/1426
f 1407/1407 1413/1413 1418/1418
f 1407/1407 1418/1418 1412/1412
f 1409/1409 1415/1415 1413/1413
f 1409/1409 1413/1413 1407/1407
f 1408/1408 1414/1414 1416/1416
f 1408/1408 1416/1416 1410/1410
f 1412/1412 1418/1418 1414/1414
f 1412/1412 1414/1414 1408/1408
f 1411/1411 1417/1417 1415/1415
f 1411/1411 1415/1415 1409/1409
f 1418/1418 1424/1424 1420/1420
f 1418/1418 1420/1420 1414/1414
f 1417/1417 1423/1423 1421/1421
f 1417/1417 1421/1421 1415/1415
f 1413/1413 1419/1419 1424/1424
f 1413/1413 1424/1424 1418/1418
f 1415/1415 1421/1421 1419/1419
f 1415/1415 1419/1419 1413/1413
f 1414/1414 1420/1420 1422/1422
f 1414/1414 1422/1422 1416/1416
f 1419/1419 1425/1425 1424/1424
f 1421/1421 1425/1425 1419/1419
f 1420/1420 1425/1425 1422/1422
f 1424/1424 1425/1425 1420/1420
f 1423/1423 1425/1425 1421/1421
f 1402/1402 1430/1430 1426/1426
f 1402/1402 1426/1426 1404/1404
f 1403/1403 1428/1428 1431/1431
f 1403/1403 1431/1431 1401/1401
f 1401/1401 1431/1431 1429/1429
f 1401/1401 1429/1429 1406/1406
f 1405/1405 1427/1427 1428/1428
f 1405/1405 1428/1428 1403/1403
f 1406/1406 1429/1429 1430/1430
f 1406/1406 1430/1430 1402/1402
f 1390/1390 1432/1432 1435/1435
f 1390/1390 1435/1435 1392/1392
f 1391/1391 1434/1434 1437/1437
f 1391/1391 1437/1437 1389/1389
f 1389/1389 1437/1437 1433/1433
f 1389/1389 1433/1433 1394/1394
f 1393/1393 1436/1436 1434/1434
f 1393/1393 1434/1434 1391/1391
f 1394/1394 1433/1433 1432/1432
f 1394/1394 1432/1432 1390/1390
f 1439/1439 1453/1453 1456/1456
f 1439/1439 1456/1456 1446/1446
f 1451/1451 1458/1458 1457/1457
f 1451/1451 1457/1457 1448/1448
f 1403/1403 1443/1443 1441/1441
f 1403/1403 1441/1441 1405/1405
f 1436/1436 1450/1450 1447/1447
f 1436/1436 1447/1447 1434/1434
f 1404/1404 1440/1440 1438/1438
f 1404/1404 1438/1438 1402/1402
f 1434/1434 1447/1447 1443/1443
f 1434/1434 1443/1443 1403/1403
f 1457/1457 1460/1460 1455/1455
f 1456/1456 1460/1460 1459/1459
f 1442/1442 1454/1454 1453/1453
f 1442/1442 1453/1453 1439/1439
f 1446/1446 1456/1456 1459/1459
f 1446/1446 1459/1459 1452/1452
f 1448/1448 1457/1457 1455/1455
f 1448/1448 1455/1455 1444/1444
f 1444/1444 1455/1455 1454/1454
f 1444/1444 1454/1454 1442/1442
f 1455/1455 1460/1460 1454/1454
f 1458/1458 1460/1460 1457/1457
f 1453/1453 1460/1460 1456/1456
f 1454/1454 1460/1460 1453/1453
f 1463/1463 1466/1466 1472/1472
f 1463/1463 1472/1472 1469/1469
f 1464/1464 1465/1465 1471/1471
f 1464/1464 1471/1471 1470/1470
f 1466/1466 1461/1461 1467/1467
f 1466/1466 1467/1467 1472/1472
f 1461/1461 1464/1464 1470/1470
f 1461/1461 1470/1470 1467/1467
f 1465/1465 1462/1462 1468/1468
f 1465/1465 1468/1468 1471/1471
f 1472/1472 1467/1467 1473/1473
f 1472/1472 1473/1473 1478/1478
f 1467/1467 1470/1470 1476/1476
f 1467/1467 1476/1476 1473/1473
f 1471/1471 1468/1468 1474/1474
f 1471/1471 1474/1474 1477/1477
f 1469/1469 1472/1472 1478/1478
f 1469/1469 1478/1478 1475/1475
f 1470/1470 1471/1471 1477/1477
f 1470/1470 1477/1477 1476/1476
f 1475/1475 1478/1478 1484/1484
f 1475/1475 1484/1484 1481/1481
f 1476/1476 1477/1477 1483/1483
f 1476/1476 1483/1483 1482/1482
f 1478/1478 1473/1473 1479/1479
f 1478/1478 1479/1479 1484/1484
f 1473/1473 1476/1476 1482/1482
f 1473/1473 1482/1482 1479/1479
f 1477/1477 1474/1474 1480/1480
f 1477/1477 1480/1480 1483/1483
f 1484/1484 1479/1479 1485/1485
f 1484/1484 1485/1485 1490/1490
f 1479/1479 1482/1482 1488/1488
f 1479/1479 1488/1488 1485/1485
f 1483/1483 1480/1480 1486/1486
f 1483/1483 1486/1486 1489/1489
f 1481/1481 1484/1484 1490/1490
f 1481/1481 1490/1490 1487/1487
f 1482/1482 1483/1483 1489/1489
f 1482/1482 1489/1489 1488/1488
f 1487/1487 1490/1490 1496/1496
f 1487/1487 1496/1496 1493/1493
f 1488/1488 1489/1489 1495/1495
f 1488/1488 1495/1495 1494/1494
f 1490/1490 1485/1485 1491/1491
f 1490/1490 1491/1491 1496/1496
f 1485/1485 1488/1488 1494/1494
f 1485/1485 1494/1494 1491/1491
f 1489/1489 1486/1486 1492/1492
f 1489/1489 1492/1492 1495/1495
f 1496/1496 1491/1491 1497/1497
f 1496/1496 1497/1497 1502/1502
f 1491/1491 1494/1494 1500/1500
f 1491/1491 1500/1500 1497/1497
f 1495/1495 1492/1492 1498/1498
f 1495/1495 1498/1498 1501/1501
f 1493/1493 1496/1496 1502/1502
f 1493/1493 1502/1502 1499/1499
f 1494/1494 1495/1495 1501/1501
f 1494/1494 1501/1501 1500/1500
f 1499/1499 1502/1502 1508/1508
f 1499/1499 1508/1508 1505/1505
f 1500/1500 1501/1501 1507/1507
f 1500/1500 1507/1507 1506/1506
f 1502/1502 1497/1497 1503/1503
f 1502/1502 1503/1503 1508/1508
f 1497/1497 1500/1500 1506/1506
f 1497/1497 1506/1506 1503/1503
f 1501/1501 1498/1498 1504/1504
f 1501/1501 1504/1504 1507/1507
f 1508/1508 1503/1503 1509/1509
f 1503/1503 1506/1506 1509/1509
f 1507/1507 1504/1504 1509/1509
f 1505/1505 1508/1508 1509/1509
f 1506/1506 1507/1507 1509/1509
f 1548/1548 1521/1521 1517/1517
f 1548/1548 1517/1517 1547/1547
f 1517/1517 1553/1553 1560/1560
f 1517/1517 1560/1560 1547/1547
f 1552/1552 1516/1516 1521/1521
f 1552/1552 1521/1521 1548/1548
f 1549/1549 1518/1518 1516/1516
f 1549/1549 1516/1516 1552/1552
f 1547/1547 1560/1560 1564/1564
f 1547/1547 1564/1564 1550/1550
f 1544/1544 1527/1527 1523/1523
f 1544/1544 1523/1523 1545/1545
f 1542/1542 1526/1526 1524/1524
f 1542/1542 1524/1524 1543/1543
f 1546/1546 1522/1522 1527/1527
f 1546/1546 1527/1527 1544/1544
f 1543/1543 1524/1524 1522/1522
f 1543/1543 1522/1522 1546/1546
f 1545/1545 1523/1523 1525/1525
f 1545/1545 1525/1525 1541/1541
f 1522/1522 1528/1528 1533/1533
f 1522/1522 1533/1533 1527/1527
f 1524/1524 1530/1530 1528/1528
f 1524/1524 1528/1528 1522/1522
f 1523/1523 1529/1529 1531/1531
f 1523/1523 1531/1531 1525/1525
f 1527/1527 1533/1533 1529/1529
f 1527/1527 1529/1529 1523/1523
f 1526/1526 1532/1532 1530/1530
f 1526/1526 1530/1530 1524/1524
f 1533/1533 1539/1539 1535/1535
f 1533/1533 1535/1535 1529/1529
f 1532/1532 1538/1538 1536/1536
f 1532/1532 1536/1536 1530/1530
f 1528/1528 1534/1534 1539/1539
f 1528/1528 1539/1539 1533/1533
f 1530/1530 1536/1536 1534/1534
f 1530/1530 1534/1534 1528/1528
f 1529/1529 1535/1535 1537/1537
f 1529/1529 1537/1537 1531/1531
f 1534/1534 1540/1540 1539/1539
f 1536/1536 1540/1540 1534/1534
f 1535/1535 1540/1540 1537/1537
f 1539/1539 1540/1540 1535/1535
f 1538/1538 1540/1540 1536/1536
f 1517/1517 1545/1545 1541/1541
f 1517/1517 1541/1541 1519/1519
f 1518/1518 1543/1543 1546/1546
f 1518/1518 1546/1546 1516/1516
f 1516/1516 1546/1546 1544/1544
f 1516/1516 1544/1544 1521/1521
f 1520/1520 1542/1542 1543/1543
f 1520/1520 1543/1543 1518/1518
f 1521/1521 1544/1544 1545/1545
f 1521/1521 1545/1545 1517/1517
f 1511/1511 1547/1547 1550/1550
f 1511/1511 1550/1550 1513/1513
f 1512/1512 1549/1549 1552/1552
f 1512/1512 1552/1552 1510/1510
f 1510/1510 1552/1552 1548/1548
f 1510/1510 1548/1548 1515/1515
f 1514/1514 1551/1551 1549/1549
f 1514/1514 1549/1549 1512/1512
f 1515/1515 1548/1548 1547/1547
f 1515/1515 1547/1547 1511/1511
f 1554/1554 1568/1568 1571/1571
f 1554/1554 1571/1571 1561/1561
f 1566/1566 1573/1573 1572/1572
f 1566/1566 1572/1572 1563/1563
f 1518/1518 1558/1558 1556/1556
f 1518/1518 1556/1556 1520/1520
f 1551/1551 1565/1565 1562/1562
f 1551/1551 1562/1562 1549/1549
f 1519/1519 1555/1555 1553/1553
f 1519/1519 1553/1553 1517/1517
f 1549/1549 1562/1562 1558/1558
f 1549/1549 1558/1558 1518/1518
f 1572/1572 1575/1575 1570/1570
f 1571/1571 1575/1575 1574/1574
f 1557/1557 1569/1569 1568/1568
f 1557/1557 1568/1568 1554/1554
f 1561/1561 1571/1571 1574/1574
f 1561/1561 1574/1574 1567/1567
f 1563/1563 1572/1572 1570/1570
f 1563/1563 1570/1570 1559/1559
f 1559/1559 1570/1570 1569/1569
f 1559/1559 1569/1569 1557/1557
f 1570/1570 1575/1575 1569/1569
f 1573/1573 1575/1575 1572/1572
f 1568/1568 1575/1575 1571/1571
f 1569/1569 1575/1575 1568/1568
f 1600/1600 1578/1578 1576/1576
f 1600/1600 1576/1576 1577/1577
f 1577/1577 1576/1576 1579/1579
f 1577/1577 1579/1579 1599/1599
f 1578/1578 1581/1581 1580/1580
f 1578/1578 1580/1580 1576/1576
f 1576/1576 1580/1580 1582/1582
f 1576/1576 1582/1582 1579/1579
f 1581/1581 1584/1584 1583/1583
f 1581/1581 1583/1583 1580/1580
f 1580/1580 1583/1583 1585/1585
f 1580/1580 1585/1585 1582/1582
f 1584/1584 1586/1586 1583/1583
f 1583/1583 1586/1586 1585/1585
f 1589/1589 1586/1586 1584/1584
f 1588/1588 1586/1586 1589/1589
f 1585/1585 1586/1586 1587/1587
f 1590/1590 1589/1589 1584/1584
f 1590/1590 1584/1584 1581/1581
f 1592/1592 1588/1588 1589/1589
f 1592/1592 1589/1589 1590/1590
f 1593/1593 1590/1590 1581/1581
f 1593/1593 1581/1581 1578/1578
f 1596/1596 1592/1592 1590/1590
f 1596/1596 1590/1590 1593/1593
f 1594/1594 1593/1593 1578/1578
f 1594/1594 1578/1578 1600/1600
f 1598/1598 1596/1596 1593/1593
f 1598/1598 1593/1593 1594/1594
f 1599/1599 1579/1579 1595/1595
f 1599/1599 1595/1595 1597/1597
f 1579/1579 1582/1582 1591/1591
f 1579/1579 1591/1591 1595/1595
f 1582/1582 1585/1585 1587/1587
f 1582/1582 1587/1587 1591/1591
f 1601/1601 1607/1607 1612/1612
f 1601/1601 1612/1612 1606/1606
f 1603/1603 1609/1609 1607/1607
f 1603/1603 1607/1607 1601/1601
f 1602/1602 1608/1608 1610/1610
f 1602/1602 1610/1610 1604/1604
f 1606/1606 1612/1612 1608/1608
f 1606/1606 1608/1608 1602/1602
f 1605/1605 1611/1611 1609/1609
f 1605/1605 1609/1609 1603/1603
f 1627/1627 1617/1617 1615/1615
f 1627/1627 1615/1615 1625/1625
f 1629/1629 1613/1613 1618/1618
f 1629/1629 1618/1618 1628/1628
f 1625/1625 1615/1615 1613/1613
f 1625/1625 1613/1613 1629/1629
f 1630/1630 1614/1614 1616/1616
f 1630/1630 1616/1616 1626/1626
f 1628/1628 1618/1618 1614/1614
f 1628/1628 1614/1614 1630/1630
f 1615/1615 1621/1621 1619/1619
f 1615/1615 1619/1619 1613/1613
f 1614/1614 1620/1620 1622/1622
f 1614/1614 1622/1622 1616/1616
f 1618/1618 1624/1624 1620/1620
f 1618/1618 1620/1620 1614/1614
f 1617/1617 1623/1623 1621/1621
f 1617/1617 1621/1621 1615/1615
f 1613/1613 1619/1619 1624/1624
f 1613/1613 1624/1624 1618/1618
f 1612/1612 1628/1628 1630/1630
f 1612/1612 1630/1630 1608/1608
f 1608/1608 1630/1630 1626/1626
f 1608/1608 1626/1626 1610/1610
f 1609/1609 1625/1625 1629/1629
f 1609/1609 1629/1629 1607/1607
f 1607/1607 1629/1629 1628/1628
f 1607/1607 1628/1628 1612/1612
f 1611/1611 1627/1627 1625/1625
f 1611/1611 1625/1625 1609/1609
f 1663/1663 1636/1636 1632/1632
f 1663/1663 1632/1632 1662/1662
f 1632/1632 1668/1668 1675/1675
f 1632/1632 1675/1675 1662/1662
f 1667/1667 1631/1631 1636/1636
f 1667/1667 1636/1636 1663/1663
f 1664/1664 1633/1633 1631/1631
f 1664/1664 1631/1631 1667/1667
f 1662/1662 1675/1675 1679/1679
f 1662/1662 1679/1679 1665/1665
f 1659/1659 1642/1642 1638/1638
f 1659/1659 1638/1638 1660/1660
f 1657/1657 1641/1641 1639/1639
f 1657/1657 1639/1639 1658/1658
f 1661/1661 1637/1637 1642/1642
f 1661/1661 1642/1642 1659/1659
f 1658/1658 1639/1639 1637/1637
f 1658/1658 1637/1637 1661/1661
f 1660/1660 1638/1638 1640/1640
f 1660/1660 1640/1640 1656/1656
f 1637/1637 1643/1643 1648/1648
f 1637/1637 1648/1648 1642/1642
f 1639/1639 1645/1645 1643/1643
f 1639/1639 1643/1643 1637/1637
f 1638/1638 1644/1644 1646/1646
f 1638/1638 1646/1646 1640/1640
f 1642/1642 1648/1648 1644/1644
f 1642/1642 1644/1644 1638/1638
f 1641/1641 1647/1647 1645/1645
f 1641/1641 1645/1645 1639/1639
f 1648/1648 1654/1654 1650/1650
f 1648/1648 1650/1650 1644/1644
f 1647/1647 1653/1653 1651/1651
f 1647/1647 1651/1651 1645/1645
f 1643/1643 1649/1649 1654/1654
f 1643/1643 1654/1654 1648/1648
f 1645/1645 1651/1651 1649/1649
f 1645/1645 1649/1649 1643/1643
f 1644/1644 1650/1650 1652/1652
f 1644/1644 1652/1652 1646/1646
f 1649/1649 1655/1655 1654/1654
f 1651/1651 1655/1655 1649/1649
f 1650/1650 1655/1655 1652/1652
f 1654/1654 1655/1655 1650/1650
f 1653/1653 1655/1655 1651/1651
f 1632/1632 1660/1660 1656/1656
f 1632/1632 1656/1656 1634/1634
f 1633/1633 1658/1658 1661/1661
f 1633/1633 1661/1661 1631/1631
f 1631/1631 1661/1661 1659/1659
f 1631/1631 1659/1659 1636/1636
f 1635/1635 1657/1657 1658/1658
f 1635/1635 1658/1658 1633/1633
f 1636/1636 1659/1659 1660/1660
f 1636/1636 1660/1660 1632/1632
f 1620/1620 1662/1662 1665/1665
f 1620/1620 1665/1665 1622/1622
f 1621/1621 1664/1664 1667/1667
f 1621/1621 1667/1667 1619/1619
f 1619/1619 1667/1667 1663/1663
f 1619/1619 1663/1663 1624/1624
f 1623/1623 1666/1666 1664/1664
f 1623/1623 1664/1664 1621/1621
f 1624/1624 1663/1663 1662/1662
f 1624/1624 1662/1662 1620/1620
f 1669/1669 1683/1683 1686/1686
f 1669/1669 1686/1686 1676/1676
f 1681/1681 1688/1688 1687/1687
f 1681/1681 1687/1687 1678/1678
f 1633/1633 1673/1673 1671/1671
f 1633/1633 1671/1671 1635/1635
f 1666/1666 1680/1680 1677/1677
f 1666/1666 1677/1677 1664/1664
f 1634/1634 1670/1670 1668/1668
f 1634/1634 1668/1668 1632/1632
f 1664/1664 1677/1677 1673/1673
f 1664/1664 1673/1673 1633/1633
f 1687/1687 1690/1690 1685/1685
f 1686/1686 1690/1690 1689/1689
f 1672/1672 1684/1684 1683/1683
f 1672/1672 1683/1683 1669/1669
f 1676/1676 1686/1686 1689/1689
f 1676/1676 1689/1689 1682/1682
f 1678/1678 1687/1687 1685/1685
f 1678/1678 1685/1685 1674/1674
f 1674/1674 1685/1685 1684/1684
f 1674/1674 1684/1684 1672/1672
f 1685/1685 1690/1690 1684/1684
f 1688/1688 1690/1690 1687/1687
f 1683/1683 1690/1690 1686/1686
f 1684/1684 1690/1690 1683/1683
f 1691/1691 1693/1693 1699/1699
f 1691/1691 1699/1699 1697/1697
f 1694/1694 1692/1692 1698/1698
f 1694/1694 1698/1698 1700/1700
f 1696/1696 1694/1694 1700/1700
f 1696/1696 1700/1700 1702/1702
f 1692/1692 1691/1691 1697/1697
f 1692/1692 1697/1697 1698/1698
f 1693/1693 1695/1695 1701/1701
f 1693/1693 1701/1701 1699/1699
f 1710/1710 1709/1709 1703/1703
f 1710/1710 1703/1703 1704/1704
f 1713/1713 1711/1711 1707/1707
f 1713/1713 1707/1707 1705/1705
f 1709/1709 1713/1713 1705/1705
f 1709/1709 1705/1705 1703/1703
f 1714/1714 1710/1710 1704/1704
f 1714/1714 1704/1704 1706/1706
f 1712/1712 1714/1714 1706/1706
f 1712/1712 1706/1706 1708/1708
f 1702/1702 1700/1700 1714/1714
f 1702/1702 1714/1714 1712/1712
f 1700/1700 1698/1698 1710/1710
f 1700/1700 1710/1710 1714/1714
f 1697/1697 1699/1699 1713/1713
f 1697/1697 1713/1713 1709/1709
f 1699/1699 1701/1701 1711/1711
f 1699/1699 1711/1711 1713/1713
f 1698/1698 1697/1697 1709/1709
f 1698/1698 1709/1709 1710/1710
f 1703/1703 1705/1705 1717/1717
f 1703/1703 1717/1717 1715/1715
f 1706/1706 1704/1704 1716/1716
f 1706/1706 1716/1716 1718/1718
f 1708/1708 1706/1706 1718/1718
f 1708/1708 1718/1718 1720/1720
f 1704/1704 1703/1703 1715/1715
f 1704/1704 1715/1715 1716/1716
f 1705/1705 1707/1707 1719/1719
f 1705/1705 1719/1719 1717/1717
f 1715/1715 1717/1717 1723/1723
f 1715/1715 1723/1723 1721/1721
f 1718/1718 1716/1716 1722/1722
f 1718/1718 1722/1722 1724/1724
f 1720/1720 1718/1718 1724/1724
f 1720/1720 1724/1724 1726/1726
f 1716/1716 1715/1715 1721/1721
f 1716/1716 1721/1721 1722/1722
f 1717/1717 1719/1719 1725/1725
f 1717/1717 1725/1725 1723/1723
f 1722/1722 1721/1721 1727/1727
f 1722/1722 1727/1727 1728/1728
f 1723/1723 1725/1725 1731/1731
f 1723/1723 1731/1731 1729/1729
f 1721/1721 1723/1723 1729/1729
f 1721/1721 1729/1729 1727/1727
f 1724/1724 1722/1722 1728/1728
f 1724/1724 1728/1728 1730/1730
f 1726/1726 1724/1724 1730/1730
f 1726/1726 1730/1730 1732/1732
f 1727/1727 1729/1729 1735/1735
f 1727/1727 1735/1735 1733/1733
f 1730/1730 1728/1728 1734/1734
f 1730/1730 1734/1734 1736/1736
f 1732/1732 1730/1730 1736/1736
f 1732/1732 1736/1736 1738/1738
f 1728/1728 1727/1727 1733/1733
f 1728/1728 1733/1733 1734/1734
f 1729/1729 1731/1731 1737/1737
f 1729/1729 1737/1737 1735/1735
f 1734/1734 1733/1733 1739/1739
f 1735/1735 1737/1737 1739/1739
f 1733/1733 1735/1735 1739/1739
f 1736/1736 1734/1734 1739/1739
f 1738/1738 1736/1736 1739/1739
f 1742/1742 1740/1740 1746/1746
f 1742/1742 1746/1746 1748/1748
f 1741/1741 1744/1744 1750/1750
f 1741/1741 1750/1750 1747/1747
f 1743/1743 1745/1745 1751/1751
f 1743/1743 1751/1751 1749/1749
f 1740/1740 1741/1741 1747/1747
f 1740/1740 1747/1747 1746/1746
f 1745/1745 1742/1742 1748/1748
f 1745/1745 1748/1748 1751/1751
f 1746/1746 1747/1747 1753/1753
f 1746/1746 1753/1753 1752/1752
f 1751/1751 1748/1748 1754/1754
f 1751/1751 1754/1754 1757/1757
f 1748/1748 1746/1746 1752/1752
f 1748/1748 1752/1752 1754/1754
f 1747/1747 1750/1750 1756/1756
f 1747/1747 1756/1756 1753/1753
f 1749/1749 1751/1751 1757/1757
f 1749/1749 1757/1757 1755/1755
f 1754/1754 1752/1752 1758/1758
f 1754/1754 1758/1758 1760/1760
f 1753/1753 1756/1756 1762/1762
f 1753/1753 1762/1762 1759/1759
f 1755/1755 1757/1757 1763/1763
f 1755/1755 1763/1763 1761/1761
f 1752/1752 1753/1753 1759/1759
f 1752/1752 1759/1759 1758/1758
f 1757/1757 1754/1754 1760/1760
f 1757/1757 1760/1760 1763/1763
f 1758/1758 1759/1759 1765/1765
f 1758/1758 1765/1765 1764/1764
f 1763/1763 1760/1760 1766/1766
f 1763/1763 1766/1766 1769/1769
f 1760/1760 1758/1758 1764/1764
f 1760/1760 1764/1764 1766/1766
f 1759/1759 1762/1762 1768/1768
f 1759/1759 1768/1768 1765/1765
f 1761/1761 1763/1763 1769/1769
f 1761/1761 1769/1769 1767/1767
f 1766/1766 1764/1764 1770/1770
f 1766/1766 1770/1770 1772/1772
f 1765/1765 1768/1768 1774/1774
f 1765/1765 1774/1774 1771/1771
f 1767/1767 1769/1769 1775/1775
f 1767/1767 1775/1775 1773/1773
f 1764/1764 1765/1765 1771/1771
f 1764/1764 1771/1771 1770/1770
f 1769/1769 1766/1766 1772/1772
f 1769/1769 1772/1772 1775/1775
f 1794/1794 1789/1789 1777/1777
f 1794/1794 1777/1777 1776/1776
f 1793/1793 1790/1790 1778/1778
f 1793/1793 1778/1778 1781/1781
f 1790/1790 1794/1794 1776/1776
f 1790/1790 1776/1776 1778/1778
f 1789/1789 1792/1792 1780/1780
f 1789/1789 1780/1780 1777/1777
f 1791/1791 1793/1793 1781/1781
f 1791/1791 1781/1781 1779/1779
f 1778/1778 1776/1776 1782/1782
f 1777/1777 1780/1780 1782/1782
f 1779/1779 1781/1781 1782/1782
f 1776/1776 1777/1777 1782/1782
f 1781/1781 1778/1778 1782/1782
f 1773/1773 1775/1775 1783/1783
f 1773/1773 1783/1783 1787/1787
f 1771/1771 1774/1774 1788/1788
f 1771/1771 1788/1788 1786/1786
f 1772/1772 1770/1770 1785/1785
f 1772/1772 1785/1785 1784/1784
f 1775/1775 1772/1772 1784/1784
f 1775/1775 1784/1784 1783/1783
f 1770/1770 1771/1771 1786/1786
f 1770/1770 1786/1786 1785/1785
f 1799/1799 1795/1795 1793/1793
f 1799/1799 1793/1793 1791/1791
f 1797/1797 1800/1800 1792/1792
f 1797/1797 1792/1792 1789/1789
f 1798/1798 1796/1796 1794/1794
f 1798/1798 1794/1794 1790/1790
f 1795/1795 1798/1798 1790/1790
f 1795/1795 1790/1790 1793/1793
f 1796/1796 1797/1797 1789/1789
f 1796/1796 1789/1789 1794/1794
f 1785/1785 1786/1786 1797/1797
f 1785/1785 1797/1797 1796/1796
f 1783/1783 1784/1784 1798/1798
f 1783/1783 1798/1798 1795/1795
f 1784/1784 1785/1785 1796/1796
f 1784/1784 1796/1796 1798/1798
f 1786/1786 1788/1788 1800/1800
f 1786/1786 1800/1800 1797/1797
f 1787/1787 1783/1783 1795/1795
f 1787/1787 1795/1795 1799/1799
f 1740/1740 1742/1742 1803/1803
f 1740/1740 1803/1803 1801/1801
f 1744/1744 1741/1741 1802/1802
f 1744/1744 1802/1802 1805/1805
f 1745/1745 1743/1743 1804/1804
f 1745/1745 1804/1804 1806/1806
f 1741/1741 1740/1740 1801/1801
f 1741/1741 1801/1801 1802/1802
f 1742/1742 1745/1745 1806/1806
f 1742/1742 1806/1806 1803/1803
f 1807/1807 1813/1813 1818/1818
f 1807/1807 1818/1818 1812/1812
f 1809/1809 1815/1815 1813/1813
f 1809/1809 1813/1813 1807/1807
f 1808/1808 1814/1814 1816/1816
f 1808/1808 1816/1816 1810/1810
f 1812/1812 1818/1818 1814/1814
f 1812/1812 1814/1814 1808/1808
f 1811/1811 1817/1817 1815/1815
f 1811/1811 1815/1815 1809/1809
f 1833/1833 1823/1823 1821/1821
f 1833/1833 1821/1821 1831/1831
f 1835/1835 1819/1819 1824/1824
f 1835/1835 1824/1824 1834/1834
f 1831/1831 1821/1821 1819/1819
f 1831/1831 1819/1819 1835/1835
f 1836/1836 1820/1820 1822/1822
f 1836/1836 1822/1822 1832/1832
f 1834/1834 1824/1824 1820/1820
f 1834/1834 1820/1820 1836/1836
f 1821/1821 1827/1827 1825/1825
f 1821/1821 1825/1825 1819/1819
f 1820/1820 1826/1826 1828/1828
f 1820/1820 1828/1828 1822/1822
f 1824/1824 1830/1830 1826/1826
f 1824/1824 1826/1826 1820/1820
f 1823/1823 1829/1829 1827/1827
f 1823/1823 1827/1827 1821/1821
f 1819/1819 1825/1825 1830/1830
f 1819/1819 1830/1830 1824/1824
f 1818/1818 1834/1834 1836/1836
f 1818/1818 1836/1836 1814/1814
f 1814/1814 1836/1836 1832/1832
f 1814/1814 1832/1832 1816/1816
f 1815/1815 1831/1831 1835/1835
f 1815/1815 1835/1835 1813/1813
f 1813/1813 1835/1835 1834/1834
f 1813/1813 1834/1834 1818/1818
f 1817/1817 1833/1833 1831/1831
f 1817/1817 1831/1831 1815/1815
f 1869/1869 1842/1842 1838/1838
f 1869/1869 1838/1838 1868/1868
f 1838/1838 1874/1874 1881/1881
f 1838/1838 1881/1881 1868/1868
f 1873/1873 1837/1837 1842/1842
f 1873/1873 1842/1842 1869/1869
f 1870/1870 1839/1839 1837/1837
f 1870/1870 1837/1837 1873/1873
f 1868/1868 1881/1881 1885/1885
f 1868/1868 1885/1885 1871/1871
f 1865/1865 1848/1848 1844/1844
f 1865/1865 1844/1844 1866/1866
f 1863/1863 1847/1847 1845/1845
f 1863/1863 1845/1845 1864/1864
f 1867/1867 1843/1843 1848/1848
f 1867/1867 1848/1848 1865/1865
f 1864/1864 1845/1845 1843/1843
f 1864/1864 1843/1843 1867/1867
f 1866/1866 1844/1844 1846/1846
f 1866/1866 1846/1846 1862/1862
f 1843/1843 1849/1849 1854/1854
f 1843/1843 1854/1854 1848/1848
f 1845/1845 1851/1851 1849/1849
f 1845/1845 1849/1849 1843/1843
f 1844/1844 1850/1850 1852/1852
f 1844/1844 1852/1852 1846/1846
f 1848/1848 1854/1854 1850/1850
f 1848/1848 1850/1850 1844/1844
f 1847/1847 1853/1853 1851/1851
f 1847/1847 1851/1851 1845/1845
f 1854/1854 1860/1860 1856/1856
f 1854/1854 1856/1856 1850/1850
f 1853/1853 1859/1859 1857/1857
f 1853/1853 1857/1857 1851/1851
f 1849/1849 1855/1855 1860/1860
f 1849/1849 1860/1860 1854/1854
f 1851/1851 1857/1857 1855/1855
f 1851/1851 1855/1855 1849/1849
f 1850/1850 1856/1856 1858/1858
f 1850/1850 1858/1858 1852/1852
f 1855/1855 1861/1861 1860/1860
f 1857/1857 1861/1861 1855/1855
f 1856/1856 1861/1861 1858/1858
f 1860/1860 1861/1861 1856/1856
f 1859/1859 1861/1861 1857/1857
f 1838/1838 1866/1866 1862/1862
f 1838/1838 1862/1862 1840/1840
f 1839/1839 1864/1864 1867/1867
f 1839/1839 1867/1867 1837/1837
f 1837/1837 1867/1867 1865/1865
f 1837/1837 1865/1865 1842/1842
f 1841/1841 1863/1863 1864/1864
f 1841/1841 1864/1864 1839/1839
f 1842/1842 1865/1865 1866/1866
f 1842/1842 1866/1866 1838/1838
f 1826/1826 1868/1868 1871/1871
f 1826/1826 1871/1871 1828/1828
f 1827/1827 1870/1870 1873/1873
f 1827/1827 1873/1873 1825/1825
f 1825/1825 1873/1873 1869/1869
f 1825/1825 1869/1869 1830/1830
f 1829/1829 1872/1872 1870/1870
f 1829/1829 1870/1870 1827/1827
f 1830/1830 1869/1869 1868/1868
f 1830/1830 1868/1868 1826/1826
f 1875/1875 1889/1889 1892/1892
f 1875/1875 1892/1892 1882/1882
f 1887/1887 1894/1894 1893/1893
f 1887/1887 1893/1893 1884/1884
f 1839/1839 1879/1879 1877/1877
f 1839/1839 1877/1877 1841/1841
f 1872/1872 1886/1886 1883/1883
f 1872/1872 1883/1883 1870/1870
f 1840/1840 1876/1876 1874/1874
f 1840/1840 1874/1874 1838/1838
f 1870/1870 1883/1883 1879/1879
f 1870/1870 1879/1879 1839/1839
f 1893/1893 1896/1896 1891/1891
f 1892/1892 1896/1896 1895/1895
f 1878/1878 1890/1890 1889/1889
f 1878/1878 1889/1889 1875/1875
f 1882/1882 1892/1892 1895/1895
f 1882/1882 1895/1895 1888/1888
f 1884/1884 1893/1893 1891/1891
f 1884/1884 1891/1891 1880/1880
f 1880/1880 1891/1891 1890/1890
f 1880/1880 1890/1890 1878/1878
f 1891/1891 1896/1896 1890/1890
f 1894/1894 1896/1896 1893/1893
f 1889/1889 1896/1896 1892/1892
f 1890/1890 1896/1896 1889/1889
f 1899/1899 1902/1902 1908/1908
f 1899/1899 1908/1908 1905/1905
f 1900/1900 1901/1901 1907/1907
f 1900/1900 1907/1907 1906/1906
f 1902/1902 1897/1897 1903/1903
f 1902/1902 1903/1903 1908/1908
f 1897/1897 1900/1900 1906/1906
f 1897/1897 1906/1906 1903/1903
f 1901/1901 1898/1898 1904/1904
f 1901/1901 1904/1904 1907/1907
f 1908/1908 1903/1903 1909/1909
f 1908/1908 1909/1909 1914/1914
f 1903/1903 1906/1906 1912/1912
f 1903/1903 1912/1912 1909/1909
f 1907/1907 1904/1904 1910/1910
f 1907/1907 1910/1910 1913/1913
f 1905/1905 1908/1908 1914/1914
f 1905/1905 1914/1914 1911/1911
f 1906/1906 1907/1907 1913/1913
f 1906/1906 1913/1913 1912/1912
f 1911/1911 1914/1914 1920/1920
f 1911/1911 1920/1920 1917/1917
f 1912/1912 1913/1913 1919/1919
f 1912/1912 1919/1919 1918/1918
f 1914/1914 1909/1909 1915/1915
f 1914/1914 1915/1915 1920/1920
f 1909/1909 1912/1912 1918/1918
f 1909/1909 1918/1918 1915/1915
f 1913/1913 1910/1910 1916/1916
f 1913/1913 1916/1916 1919/1919
f 1920/1920 1915/1915 1921/1921
f 1920/1920 1921/1921 1926/1926
f 1915/1915 1918/1918 1924/1924
f 1915/1915 1924/1924 1921/1921
f 1919/1919 1916/1916 1922/1922
f 1919/1919 1922/1922 1925/1925
f 1917/1917 1920/1920 1926/1926
f 1917/1917 1926/1926 1923/1923
f 1918/1918 1919/1919 1925/1925
f 1918/1918 1925/1925 1924/1924
f 1923/1923 1926/1926 1932/1932
f 1923/1923 1932/1932 1929/1929
f 1924/1924 1925/1925 1931/1931
f 1924/1924 1931/1931 1930/1930
f 1926/1926 1921/1921 1927/1927
f 1926/1926 1927/1927 1932/1932
f 1921/1921 1924/1924 1930/1930
f 1921/1921 1930/1930 1927/1927
f 1925/1925 1922/1922 1928/1928
f 1925/1925 1928/1928 1931/1931
f 1932/1932 1927/1927 1933/1933
f 1932/1932 1933/1933 1938/1938
f 1927/1927 1930/1930 1936/1936
f 1927/1927 1936/1936 1933/1933
f 1931/1931 1928/1928 1934/1934
f 1931/1931 1934/1934 1937/1937
f 1929/1929 1932/1932 1938/1938
f 1929/1929 1938/1938 1935/1935
f 1930/1930 1931/1931 1937/1937
f 1930/1930 1937/1937 1936/1936
f 1935/1935 1938/1938 1944/1944
f 1935/1935 1944/1944 1941/1941
f 1936/1936 1937/1937 1943/1943
f 1936/1936 1943/1943 1942/1942
f 1938/1938 1933/1933 1939/1939
f 1938/1938 1939/1939 1944/1944
f 1933/1933 1936/1936 1942/1942
f 1933/1933 1942/1942 1939/1939
f 1937/1937 1934/1934 1940/1940
f 1937/1937 1940/1940 1943/1943
f 1944/1944 1939/1939 1945/1945
f 1939/1939 1942/1942 1945/1945
f 1943/1943 1940/1940 1945/1945
f 1941/1941 1944/1944 1945/1945
f 1942/1942 1943/1943 1945/1945
f 1984/1984 1957/1957 1953/1953
f 1984/1984 1953/1953 1983/1983
f 1953/1953 1989/1989 1996/1996
f 1953/1953 1996/1996 1983/1983
f 1988/1988 1952/1952 1957/1957
f 1988/1988 1957/1957 1984/1984
f 1985/1985 1954/1954 1952/1952
f 1985/1985 1952/1952 1988/1988
f 1983/1983 1996/1996 2000/2000
f 1983/1983 2000/2000 1986/1986
f 1980/1980 1963/1963 1959/1959
f 1980/1980 1959/1959 1981/1981
f 1978/1978 1962/1962 1960/1960
f 1978/1978 1960/1960 1979/1979
f 1982/1982 1958/1958 1963/1963
f 1982/1982 1963/1963 1980/1980
f 1979/1979 1960/1960 1958/1958
f 1979/1979 1958/1958 1982/1982
f 1981/1981 1959/1959 1961/1961
f 1981/1981 1961/1961 1977/1977
f 1958/1958 1964/1964 1969/1969
f 1958/1958 1969/1969 1963/1963
f 1960/1960 1966/1966 1964/1964
f 1960/1960 1964/1964 1958/1958
f 1959/1959 1965/1965 1967/1967
f 1959/1959 1967/1967 1961/1961
f 1963/1963 1969/1969 1965/1965
f 1963/1963 1965/1965 1959/1959
f 1962/1962 1968/1968 1966/1966
f 1962/1962 1966/1966 1960/1960
f 1969/1969 1975/1975 1971/1971
f 1969/1969 1971/1971 1965/1965
f 1968/1968 1974/1974 1972/1972
f 1968/1968 1972/1972 1966/1966
f 1964/1964 1970/1970 1975/1975
f 1964/1964 1975/1975 1969/1969
f 1966/1966 1972/1972 1970/1970
f 1966/1966 1970/1970 1964/1964
f 1965/1965 1971/1971 1973/1973
f 1965/1965 1973/1973 1967/1967
f 1970/1970 1976/1976 1975/1975
f 1972/1972 1976/1976 1970/1970
f 1971/1971 1976/1976 1973/1973
f 1975/1975 1976/1976 1971/1971
f 1974/1974 1976/1976 1972/1972
f 1953/1953 1981/1981 1977/1977
f 1953/1953 1977/1977 1955/1955
f 1954/1954 1979/1979 1982/1982
f 1954/1954 1982/1982 1952/1952
f 1952/1952 1982/1982 1980/1980
f 1952/1952 1980/1980 1957/1957
f 1956/1956 1978/1978 1979/1979
f 1956/1956 1979/1979 1954/1954
f 1957/1957 1980/1980 1981/1981
f 1957/1957 1981/1981 1953/1953
f 1947/1947 1983/1983 1986/1986
f 1947/1947 1986/1986 1949/1949
f 1948/1948 1985/1985 1988/1988
f 1948/1948 1988/1988 1946/1946
f 1946/1946 1988/1988 1984/1984
f 1946/1946 1984/1984 1951/1951
f 1950/1950 1987/1987 1985/1985
f 1950/1950 1985/1985 1948/1948
f 1951/1951 1984/1984 1983/1983
f 1951/1951 1983/1983 1947/1947
f 1990/1990 2004/2004 2007/2007
f 1990/1990 2007/2007 1997/1997
f 2002/2002 2009/2009 2008/2008
f 2002/2002 2008/2008 1999/1999
f 1954/1954 1994/1994 1992/1992
f 1954/1954 1992/1992 1956/1956
f 1987/1987 2001/2001 1998/1998
f 1987/1987 1998/1998 1985/1985
f 1955/1955 1991/1991 1989/1989
f 1955/1955 1989/1989 1953/1953
f 1985/1985 1998/1998 1994/1994
f 1985/1985 1994/1994 1954/1954
f 2008/2008 2011/2011 2006/2006
f 2007/2007 2011/2011 2010/2010
f 1993/1993 2005/2005 2004/2004
f 1993/1993 2004/2004 1990/1990
f 1997/1997 2007/2007 2010/2010
f 1997/1997 2010/2010 2003/2003
f 1999/1999 2008/2008 2006/2006
f 1999/1999 2006/2006 1995/1995
f 1995/1995 2006/2006 2005/2005
f 1995/1995 2005/2005 1993/1993
f 2006/2006 2011/2011 2005/2005
f 2009/2009 2011/2011 2008/2008
f 2004/2004 2011/2011 2007/2007
f 2005/2005 2011/2011 2004/2004
f 2013/2013 2012/2012 2016/2016
f 2013/2013 2016/2016 2017/2017
f 2012/2012 2013/2013 2078/2078
f 2012/2012 2078/2078 2015/2015
f 2012/2012 2014/2014 2018/2018
f 2012/2012 2018/2018 2016/2016
f 2014/2014 2012/2012 2015/2015
f 2014/2014 2015/2015 2028/2028
f 2014/2014 2022/2022 2019/2019
f 2014/2014 2019/2019 2018/2018
f 2022/2022 2023/2023 2020/2020
f 2022/2022 2020/2020 2019/2019
f 2023/2023 2022/2022 2025/2025
f 2023/2023 2025/2025 2026/2026
f 2022/2022 2014/2014 2028/2028
f 2022/2022 2028/2028 2025/2025
f 2026/2026 2025/2025 2029/2029
f 2026/2026 2029/2029 2030/2030
f 2025/2025 2028/2028 2032/2032
f 2025/2025 2032/2032 2029/2029
f 2030/2030 2029/2029 2033/2033
f 2030/2030 2033/2033 2034/2034
f 2029/2029 2032/2032 2036/2036
f 2029/2029 2036/2036 2033/2033
f 2034/2034 2033/2033 2037/2037
f 2034/2034 2037/2037 2038/2038
f 2033/2033 2036/2036 2040/2040
f 2033/2033 2040/2040 2037/2037
f 2038/2038 2037/2037 2041/2041
f 2038/2038 2041/2041 2042/2042
f 2037/2037 2040/2040 2044/2044
f 2037/2037 2044/2044 2041/2041
f 2042/2042 2041/2041 2045/2045
f 2042/2042 2045/2045 2047/2047
f 2041/2041 2044/2044 2046/2046
f 2041/2041 2046/2046 2045/2045
f 2045/2045 2046/2046 2051/2051
f 2045/2045 2051/2051 2049/2049
f 2047/2047 2045/2045 2049/2049
f 2047/2047 2049/2049 2052/2052
f 2049/2049 2051/2051 2063/2063
f 2049/2049 2063/2063 2050/2050
f 2052/2052 2049/2049 2050/2050
f 2052/2052 2050/2050 2054/2054
f 2056/2056 2053/2053 2055/2055
f 2056/2056 2055/2055 2057/2057
f 2058/2058 2048/2048 2053/2053
f 2058/2058 2053/2053 2056/2056
f 2059/2059 2056/2056 2057/2057
f 2059/2059 2057/2057 2061/2061
f 2060/2060 2058/2058 2056/2056
f 2060/2060 2056/2056 2059/2059
f 2046/2046 2060/2060 2059/2059
f 2046/2046 2059/2059 2051/2051
f 2051/2051 2059/2059 2061/2061
f 2051/2051 2061/2061 2063/2063
f 2063/2063 2061/2061 2062/2062
f 2063/2063 2062/2062 2064/2064
f 2061/2061 2057/2057 2069/2069
f 2061/2061 2069/2069 2062/2062
f 2050/2050 2063/2063 2064/2064
f 2050/2050 2064/2064 2065/2065
f 2065/2065 2064/2064 2066/2066
f 2064/2064 2062/2062 2066/2066
f 2062/2062 2069/2069 2066/2066
f 2067/2067 2065/2065 2066/2066
f 2069/2069 2068/2068 2066/2066
f 2057/2057 2055/2055 2068/2068
f 2057/2057 2068/2068 2069/2069
f 2054/2054 2050/2050 2065/2065
f 2054/2054 2065/2065 2067/2067
f 2070/2070 2071/2071 2058/2058
f 2070/2070 2058/2058 2060/2060
f 2044/2044 2070/2070 2060/2060
f 2044/2044 2060/2060 2046/2046
f 2072/2072 2073/2073 2071/2071
f 2072/2072 2071/2071 2070/2070
f 2040/2040 2072/2072 2070/2070
f 2040/2040 2070/2070 2044/2044
f 2074/2074 2075/2075 2073/2073
f 2074/2074 2073/2073 2072/2072
f 2036/2036 2074/2074 2072/2072
f 2036/2036 2072/2072 2040/2040
f 2076/2076 2077/2077 2075/2075
f 2076/2076 2075/2075 2074/2074
f 2032/2032 2076/2076 2074/2074
f 2032/2032 2074/2074 2036/2036
f 2015/2015 2078/2078 2077/2077
f 2015/2015 2077/2077 2076/2076
f 2028/2028 2015/2015 2076/2076
f 2028/2028 2076/2076 2032/2032
f 2077/2077 2031/2031 2035/2035
f 2077/2077 2035/2035 2075/2075
f 2078/2078 2027/2027 2031/2031
f 2078/2078 2031/2031 2077/2077
f 2013/2013 2024/2024 2027/2027
f 2013/2013 2027/2027 2078/2078
f 2075/2075 2035/2035 2039/2039
f 2075/2075 2039/2039 2073/2073
f 2073/2073 2039/2039 2043/2043
f 2073/2073 2043/2043 2071/2071
f 2071/2071 2043/2043 2048/2048
f 2071/2071 2048/2048 2058/2058
f 2024/2024 2013/2013 2017/2017
f 2024/2024 2017/2017 2021/2021
f 2126/2126 2082/2082 2084/2084
f 2126/2126 2084/2084 2124/2124
f 2124/2124 2084/2084 2086/2086
f 2124/2124 2086/2086 2123/2123
f 2123/2123 2086/2086 2088/2088
f 2123/2123 2088/2088 2122/2122
f 2109/2109 2111/2111 2096/2096
f 2109/2109 2096/2096 2095/2095
f 2122/2122 2088/2088 2090/2090
f 2122/2122 2090/2090 2127/2127
f 2127/2127 2090/2090 2081/2081
f 2127/2127 2081/2081 2125/2125
f 2110/2110 2109/2109 2095/2095
f 2110/2110 2095/2095 2094/2094
f 2112/2112 2110/2110 2094/2094
f 2112/2112 2094/2094 2093/2093
f 2111/2111 2113/2113 2091/2091
f 2111/2111 2091/2091 2096/2096
f 2114/2114 2112/2112 2093/2093
f 2114/2114 2093/2093 2092/2092
f 2095/2095 2096/2096 2102/2102
f 2095/2095 2102/2102 2101/2101
f 2093/2093 2094/2094 2100/2100
f 2093/2093 2100/2100 2099/2099
f 2096/2096 2091/2091 2097/2097
f 2096/2096 2097/2097 2102/2102
f 2094/2094 2095/2095 2101/2101
f 2094/2094 2101/2101 2100/2100
f 2092/2092 2093/2093 2099/2099
f 2092/2092 2099/2099 2098/2098
f 2130/2130 2128/2128 2103/2103
f 2130/2130 2103/2103 2108/2108
f 2132/2132 2131/2131 2107/2107
f 2132/2132 2107/2107 2106/2106
f 2129/2129 2133/2133 2105/2105
f 2129/2129 2105/2105 2104/2104
f 2131/2131 2130/2130 2108/2108
f 2131/2131 2108/2108 2107/2107
f 2133/2133 2132/2132 2106/2106
f 2133/2133 2106/2106 2105/2105
f 2080/2080 2083/2083 2112/2112
f 2080/2080 2112/2112 2114/2114
f 2089/2089 2079/2079 2113/2113
f 2089/2089 2113/2113 2111/2111
f 2083/2083 2085/2085 2110/2110
f 2083/2083 2110/2110 2112/2112
f 2085/2085 2087/2087 2109/2109
f 2085/2085 2109/2109 2110/2110
f 2087/2087 2089/2089 2111/2111
f 2087/2087 2111/2111 2109/2109
f 2086/2086 2084/2084 2117/2117
f 2086/2086 2117/2117 2118/2118
f 2081/2081 2090/2090 2120/2120
f 2081/2081 2120/2120 2115/2115
f 2084/2084 2082/2082 2116/2116
f 2084/2084 2116/2116 2117/2117
f 2088/2088 2086/2086 2118/2118
f 2088/2088 2118/2118 2119/2119
f 2090/2090 2088/2088 2119/2119
f 2090/2090 2119/2119 2120/2120
f 2120/2120 2119/2119 2121/2121
f 2118/2118 2117/2117 2121/2121
f 2115/2115 2120/2120 2121/2121
f 2119/2119 2118/2118 2121/2121
f 2117/2117 2116/2116 2121/2121
f 2089/2089 2127/2127 2125/2125
f 2089/2089 2125/2125 2079/2079
f 2087/2087 2122/2122 2127/2127
f 2087/2087 2127/2127 2089/2089
f 2085/2085 2123/2123 2122/2122
f 2085/2085 2122/2122 2087/2087
f 2083/2083 2124/2124 2123/2123
f 2083/2083 2123/2123 2085/2085
f 2080/2080 2126/2126 2124/2124
f 2080/2080 2124/2124 2083/2083
f 2099/2099 2100/2100 2132/2132
f 2099/2099 2132/2132 2133/2133
f 2101/2101 2102/2102 2130/2130
f 2101/2101 2130/2130 2131/2131
f 2098/2098 2099/2099 2133/2133
f 2098/2098 2133/2133 2129/2129
f 2100/2100 2101/2101 2131/2131
f 2100/2100 2131/2131 2132/2132
f 2102/2102 2097/2097 2128/2128
f 2102/2102 2128/2128 2130/2130
f 2134/2134 2135/2135 2140/2140
f 2134/2134 2140/2140 2138/2138
f 2135/2135 2134/2134 2137/2137
f 2135/2135 2137/2137 2161/2161
f 2136/2136 2134/2134 2138/2138
f 2136/2136 2138/2138 2139/2139
f 2134/2134 2136/2136 2150/2150
f 2134/2134 2150/2150 2137/2137
f 2135/2135 2142/2142 2141/2141
f 2135/2135 2141/2141 2140/2140
f 2142/2142 2146/2146 2144/2144
f 2142/2142 2144/2144 2141/2141
f 2145/2145 2136/2136 2139/2139
f 2145/2145 2139/2139 2143/2143
f 2146/2146 2142/2142 2149/2149
f 2146/2146 2149/2149 2148/2148
f 2136/2136 2145/2145 2147/2147
f 2136/2136 2147/2147 2150/2150
f 2148/2148 2149/2149 2155/2155
f 2148/2148 2155/2155 2152/2152
f 2150/2150 2147/2147 2151/2151
f 2150/2150 2151/2151 2156/2156
f 2152/2152 2155/2155 2163/2163
f 2152/2152 2163/2163 2154/2154
f 2156/2156 2151/2151 2153/2153
f 2156/2156 2153/2153 2157/2157
f 2137/2137 2150/2150 2156/2156
f 2137/2137 2156/2156 2158/2158
f 2158/2158 2156/2156 2157/2157
f 2158/2158 2157/2157 2159/2159
f 2160/2160 2158/2158 2159/2159
f 2160/2160 2159/2159 2162/2162
f 2161/2161 2137/2137 2158/2158
f 2161/2161 2158/2158 2160/2160
f 2149/2149 2161/2161 2160/2160
f 2149/2149 2160/2160 2155/2155
f 2155/2155 2160/2160 2162/2162
f 2155/2155 2162/2162 2163/2163
f 2163/2163 2162/2162 2164/2164
f 2163/2163 2164/2164 2165/2165
f 2162/2162 2159/2159 2166/2166
f 2162/2162 2166/2166 2164/2164
f 2165/2165 2164/2164 2167/2167
f 2165/2165 2167/2167 2168/2168
f 2164/2164 2166/2166 2169/2169
f 2164/2164 2169/2169 2167/2167
f 2168/2168 2167/2167 2170/2170
f 2168/2168 2170/2170 2171/2171
f 2167/2167 2169/2169 2172/2172
f 2167/2167 2172/2172 2170/2170
f 2171/2171 2170/2170 2173/2173
f 2171/2171 2173/2173 2174/2174
f 2170/2170 2172/2172 2175/2175
f 2170/2170 2175/2175 2173/2173
f 2174/2174 2173/2173 2176/2176
f 2173/2173 2175/2175 2176/2176
f 2175/2175 2179/2179 2176/2176
f 2178/2178 2174/2174 2176/2176
f 2179/2179 2177/2177 2176/2176
f 2180/2180 2181/2181 2177/2177
f 2180/2180 2177/2177 2179/2179
f 2172/2172 2180/2180 2179/2179
f 2172/2172 2179/2179 2175/2175
f 2183/2183 2184/2184 2181/2181
f 2183/2183 2181/2181 2180/2180
f 2169/2169 2183/2183 2180/2180
f 2169/2169 2180/2180 2172/2172
f 2186/2186 2187/2187 2184/2184
f 2186/2186 2184/2184 2183/2183
f 2166/2166 2186/2186 2183/2183
f 2166/2166 2183/2183 2169/2169
f 2157/2157 2153/2153 2187/2187
f 2157/2157 2187/2187 2186/2186
f 2159/2159 2157/2157 2186/2186
f 2159/2159 2186/2186 2166/2166
f 2188/2188 2165/2165 2168/2168
f 2188/2188 2168/2168 2185/2185
f 2154/2154 2163/2163 2165/2165
f 2154/2154 2165/2165 2188/2188
f 2185/2185 2168/2168 2171/2171
f 2185/2185 2171/2171 2182/2182
f 2182/2182 2171/2171 2174/2174
f 2182/2182 2174/2174 2178/2178
f 2142/2142 2135/2135 2161/2161
f 2142/2142 2161/2161 2149/2149
f 2189/2189 2195/2195 2200/2200
f 2189/2189 2200/2200 2194/2194
f 2191/2191 2197/2197 2195/2195
f 2191/2191 2195/2195 2189/2189
f 2190/2190 2196/2196 2198/2198
f 2190/2190 2198/2198 2192/2192
f 2194/2194 2200/2200 2196/2196
f 2194/2194 2196/2196 2190/2190
f 2193/2193 2199/2199 2197/2197
f 2193/2193 2197/2197 2191/2191
f 2215/2215 2205/2205 2203/2203
f 2215/2215 2203/2203 2213/2213
f 2217/2217 2201/2201 2206/2206
f 2217/2217 2206/2206 2216/2216
f 2213/2213 2203/2203 2201/2201
f 2213/2213 2201/2201 2217/2217
f 2218/2218 2202/2202 2204/2204
f 2218/2218 2204/2204 2214/2214
f 2216/2216 2206/2206 2202/2202
f 2216/2216 2202/2202 2218/2218
f 2203/2203 2209/2209 2207/2207
f 2203/2203 2207/2207 2201/2201
f 2202/2202 2208/2208 2210/2210
f 2202/2202 2210/2210 2204/2204
f 2206/2206 2212/2212 2208/2208
f 2206/2206 2208/2208 2202/2202
f 2205/2205 2211/2211 2209/2209
f 2205/2205 2209/2209 2203/2203
f 2201/2201 2207/2207 2212/2212
f 2201/2201 2212/2212 2206/2206
f 2200/2200 2216/2216 2218/2218
f 2200/2200 2218/2218 2196/2196
f 2196/2196 2218/2218 2214/2214
f 2196/2196 2214/2214 2198/2198
f 2197/2197 2213/2213 2217/2217
f 2197/2197 2217/2217 2195/2195
f 2195/2195 2217/2217 2216/2216
f 2195/2195 2216/2216 2200/2200
f 2199/2199 2215/2215 2213/2213
f 2199/2199 2213/2213 2197/2197
f 2251/2251 2224/2224 2220/2220
f 2251/2251 2220/2220 2250/2250
f 2220/2220 2256/2256 2263/2263
f 2220/2220 2263/2263 2250/2250
f 2255/2255 2219/2219 2224/2224
f 2255/2255 2224/2224 2251/2251
f 2252/2252 2221/2221 2219/2219
f 2252/2252 2219/2219 2255/2255
f 2250/2250 2263/2263 2267/2267
f 2250/2250 2267/2267 2253/2253
f 2247/2247 2230/2230 2226/2226
f 2247/2247 2226/2226 2248/2248
f 2245/2245 2229/2229 2227/2227
f 2245/2245 2227/2227 2246/2246
f 2249/2249 2225/2225 2230/2230
f 2249/2249 2230/2230 2247/2247
f 2246/2246 2227/2227 2225/2225
f 2246/2246 2225/2225 2249/2249
f 2248/2248 2226/2226 2228/2228
f 2248/2248 2228/2228 2244/2244
f 2225/2225 2231/2231 2236/2236
f 2225/2225 2236/2236 2230/2230
f 2227/2227 2233/2233 2231/2231
f 2227/2227 2231/2231 2225/2225
f 2226/2226 2232/2232 2234/2234
f 2226/2226 2234/2234 2228/2228
f 2230/2230 2236/2236 2232/2232
f 2230/2230 2232/2232 2226/2226
f 2229/2229 2235/2235 2233/2233
f 2229/2229 2233/2233 2227/2227
f 2236/2236 2242/2242 2238/2238
f 2236/2236 2238/2238 2232/2232
f 2235/2235 2241/2241 2239/2239
f 2235/2235 2239/2239 2233/2233
f 2231/2231 2237/2237 2242/2242
f 2231/2231 2242/2242 2236/2236
f 2233/2233 2239/2239 2237/2237
f 2233/2233 2237/2237 2231/2231
f 2232/2232 2238/2238 2240/2240
f 2232/2232 2240/2240 2234/2234
f 2237/2237 2243/2243 2242/2242
f 2239/2239 2243/2243 2237/2237
f 2238/2238 2243/2243 2240/2240
f 2242/2242 2243/2243 2238/2238
f 2241/2241 2243/2243 2239/2239
f 2220/2220 2248/2248 2244/2244
f 2220/2220 2244/2244 2222/2222
f 2221/2221 2246/2246 2249/2249
f 2221/2221 2249/2249 2219/2219
f 2219/2219 2249/2249 2247/2247
f 2219/2219 2247/2247 2224/2224
f 2223/2223 2245/2245 2246/2246
f 2223/2223 2246/2246 2221/2221
f 2224/2224 2247/2247 2248/2248
f 2224/2224 2248/2248 2220/2220
f 2208/2208 2250/2250 2253/2253
f 2208/2208 2253/2253 2210/2210
f 2209/2209 2252/2252 2255/2255
f 2209/2209 2255/2255 2207/2207
f 2207/2207 2255/2255 2251/2251
f 2207/2207 2251/2251 2212/2212
f 2211/2211 2254/2254 2252/2252
f 2211/2211 2252/2252 2209/2209
f 2212/2212 2251/2251 2250/2250
f 2212/2212 2250/2250 2208/2208
f 2257/2257 2271/2271 2274/2274
f 2257/2257 2274/2274 2264/2264
f 2269/2269 2276/2276 2275/2275
f 2269/2269 2275/2275 2266/2266
f 2221/2221 2261/2261 2259/2259
f 2221/2221 2259/2259 2223/2223
f 2254/2254 2268/2268 2265/2265
f 2254/2254 2265/2265 2252/2252
f 2222/2222 2258/2258 2256/2256
f 2222/2222 2256/2256 2220/2220
f 2252/2252 2265/2265 2261/2261
f 2252/2252 2261/2261 2221/2221
f 2275/2275 2278/2278 2273/2273
f 2274/2274 2278/2278 2277/2277
f 2260/2260 2272/2272 2271/2271
f 2260/2260 2271/2271 2257/2257
f 2264/2264 2274/2274 2277/2277
f 2264/2264 2277/2277 2270/2270
f 2266/2266 2275/2275 2273/2273
f 2266/2266 2273/2273 2262/2262
f 2262/2262 2273/2273 2272/2272
f 2262/2262 2272/2272 2260/2260
f 2273/2273 2278/2278 2272/2272
f 2276/2276 2278/2278 2275/2275
f 2271/2271 2278/2278 2274/2274
f 2272/2272 2278/2278 2271/2271
f 2279/2279 2281/2281 2287/2287
f 2279/2279 2287/2287 2285/2285
f 2282/2282 2280/2280 2286/2286
f 2282/2282 2286/2286 2288/2288
f 2284/2284 2282/2282 2288/2288
f 2284/2284 2288/2288 2290/2290
f 2280/2280 2279/2279 2285/2285
f 2280/2280 2285/2285 2286/2286
f 2281/2281 2283/2283 2289/2289
f 2281/2281 2289/2289 2287/2287
f 2298/2298 2297/2297 2291/2291
f 2298/2298 2291/2291 2292/2292
f 2301/2301 2299/2299 2295/2295
f 2301/2301 2295/2295 2293/2293
f 2297/2297 2301/2301 2293/2293
f 2297/2297 2293/2293 2291/2291
f 2302/2302 2298/2298 2292/2292
f 2302/2302 2292/2292 2294/2294
f 2300/2300 2302/2302 2294/2294
f 2300/2300 2294/2294 2296/2296
f 2290/2290 2288/2288 2302/2302
f 2290/2290 2302/2302 2300/2300
f 2288/2288 2286/2286 2298/2298
f 2288/2288 2298/2298 2302/2302
f 2285/2285 2287/2287 2301/2301
f 2285/2285 2301/2301 2297/2297
f 2287/2287 2289/2289 2299/2299
f 2287/2287 2299/2299 2301/2301
f 2286/2286 2285/2285 2297/2297
f 2286/2286 2297/2297 2298/2298
f 2291/2291 2293/2293 2305/2305
f 2291/2291 2305/2305 2303/2303
f 2294/2294 2292/2292 2304/2304
f 2294/2294 2304/2304 2306/2306
f 2296/2296 2294/2294 2306/2306
f 2296/2296 2306/2306 2308/2308
f 2292/2292 2291/2291 2303/2303
f 2292/2292 2303/2303 2304/2304
f 2293/2293 2295/2295 2307/2307
f 2293/2293 2307/2307 2305/2305
f 2303/2303 2305/2305 2311/2311
f 2303/2303 2311/2311 2309/2309
f 2306/2306 2304/2304 2310/2310
f 2306/2306 2310/2310 2312/2312
f 2308/2308 2306/2306 2312/2312
f 2308/2308 2312/2312 2314/2314
f 2304/2304 2303/2303 2309/2309
f 2304/2304 2309/2309 2310/2310
f 2305/2305 2307/2307 2313/2313
f 2305/2305 2313/2313 2311/2311
f 2310/2310 2309/2309 2315/2315
f 2310/2310 2315/2315 2316/2316
f 2311/2311 2313/2313 2319/2319
f 2311/2311 2319/2319 2317/2317
f 2309/2309 2311/2311 2317/2317
f 2309/2309 2317/2317 2315/2315
f 2312/2312 2310/2310 2316/2316
f 2312/2312 2316/2316 2318/2318
f 2314/2314 2312/2312 2318/2318
f 2314/2314 2318/2318 2320/2320
f 2315/2315 2317/2317 2323/2323
f 2315/2315 2323/2323 2321/2321
f 2318/2318 2316/2316 2322/2322
f 2318/2318 2322/2322 2324/2324
f 2320/2320 2318/2318 2324/2324
f 2320/2320 2324/2324 2326/2326
f 2316/2316 2315/2315 2321/2321
f 2316/2316 2321/2321 2322/2322
f 2317/2317 2319/2319 2325/2325
f 2317/2317 2325/2325 2323/2323
f 2322/2322 2321/2321 2327/2327
f 2323/2323 2325/2325 2327/2327
f 2321/2321 2323/2323 2327/2327
f 2324/2324 2322/2322 2327/2327
f 2326/2326 2324/2324 2327/2327
f 2328/2328 2329/2329 2332/2332
f 2328/2328 2332/2332 2331/2331
f 2330/2330 2328/2328 2331/2331
f 2330/2330 2331/2331 2333/2333
f 2331/2331 2332/2332 2335/2335
f 2331/2331 2335/2335 2334/2334
f 2333/2333 2331/2331 2334/2334
f 2333/2333 2334/2334 2336/2336
f 2334/2334 2335/2335 2338/2338
f 2334/2334 2338/2338 2337/2337
f 2336/2336 2334/2334 2337/2337
f 2336/2336 2337/2337 2339/2339
f 2337/2337 2338/2338 2341/2341
f 2337/2337 2341/2341 2340/2340
f 2339/2339 2337/2337 2340/2340
f 2339/2339 2340/2340 2342/2342
f 2340/2340 2341/2341 2344/2344
f 2340/2340 2344/2344 2343/2343
f 2342/2342 2340/2340 2343/2343
f 2342/2342 2343/2343 2345/2345
f 2343/2343 2344/2344 2347/2347
f 2343/2343 2347/2347 2346/2346
f 2345/2345 2343/2343 2346/2346
f 2345/2345 2346/2346 2348/2348
f 2346/2346 2347/2347 2350/2350
f 2346/2346 2350/2350 2349/2349
f 2348/2348 2346/2346 2349/2349
f 2348/2348 2349/2349 2351/2351
f 2349/2349 2350/2350 2352/2352
f 2351/2351 2349/2349 2352/2352
f 2354/2354 2351/2351 2352/2352
f 2350/2350 2355/2355 2352/2352
f 2355/2355 2353/2353 2352/2352
f 2356/2356 2357/2357 2353/2353
f 2356/2356 2353/2353 2355/2355
f 2347/2347 2356/2356 2355/2355
f 2347/2347 2355/2355 2350/2350
f 2359/2359 2360/2360 2357/2357
f 2359/2359 2357/2357 2356/2356
f 2344/2344 2359/2359 2356/2356
f 2344/2344 2356/2356 2347/2347
f 2362/2362 2363/2363 2360/2360
f 2362/2362 2360/2360 2359/2359
f 2341/2341 2362/2362 2359/2359
f 2341/2341 2359/2359 2344/2344
f 2365/2365 2366/2366 2363/2363
f 2365/2365 2363/2363 2362/2362
f 2338/2338 2365/2365 2362/2362
f 2338/2338 2362/2362 2341/2341
f 2368/2368 2369/2369 2366/2366
f 2368/2368 2366/2366 2365/2365
f 2335/2335 2368/2368 2365/2365
f 2335/2335 2365/2365 2338/2338
f 2371/2371 2372/2372 2369/2369
f 2371/2371 2369/2369 2368/2368
f 2332/2332 2371/2371 2368/2368
f 2332/2332 2368/2368 2335/2335
f 2374/2374 2375/2375 2372/2372
f 2374/2374 2372/2372 2371/2371
f 2329/2329 2374/2374 2371/2371
f 2329/2329 2371/2371 2332/2332
f 2376/2376 2330/2330 2333/2333
f 2376/2376 2333/2333 2373/2373
f 2373/2373 2333/2333 2336/2336
f 2373/2373 2336/2336 2370/2370
f 2370/2370 2336/2336 2339/2339
f 2370/2370 2339/2339 2367/2367
f 2367/2367 2339/2339 2342/2342
f 2367/2367 2342/2342 2364/2364
f 2364/2364 2342/2342 2345/2345
f 2364/2364 2345/2345 2361/2361
f 2361/2361 2345/2345 2348/2348
f 2361/2361 2348/2348 2358/2358
f 2358/2358 2348/2348 2351/2351
f 2358/2358 2351/2351 2354/2354
f 2418/2418 2380/2380 2382/2382
f 2418/2418 2382/2382 2416/2416
f 2416/2416 2382/2382 2384/2384
f 2416/2416 2384/2384 2415/2415
f 2415/2415 2384/2384 2386/2386
f 2415/2415 2386/2386 2414/2414
f 2401/2401 2403/2403 2394/2394
f 2401/2401 2394/2394 2393/2393
f 2414/2414 2386/2386 2388/2388
f 2414/2414 2388/2388 2419/2419
f 2419/2419 2388/2388 2379/2379
f 2419/2419 2379/2379 2417/2417
f 2402/2402 2401/2401 2393/2393
f 2402/2402 2393/2393 2392/2392
f 2404/2404 2402/2402 2392/2392
f 2404/2404 2392/2392 2391/2391
f 2403/2403 2405/2405 2389/2389
f 2403/2403 2389/2389 2394/2394
f 2406/2406 2404/2404 2391/2391
f 2406/2406 2391/2391 2390/2390
f 2393/2393 2394/2394 2400/2400
f 2393/2393 2400/2400 2399/2399
f 2391/2391 2392/2392 2398/2398
f 2391/2391 2398/2398 2397/2397
f 2394/2394 2389/2389 2395/2395
f 2394/2394 2395/2395 2400/2400
f 2392/2392 2393/2393 2399/2399
f 2392/2392 2399/2399 2398/2398
f 2390/2390 2391/2391 2397/2397
f 2390/2390 2397/2397 2396/2396
f 2378/2378 2381/2381 2404/2404
f 2378/2378 2404/2404 2406/2406
f 2387/2387 2377/2377 2405/2405
f 2387/2387 2405/2405 2403/2403
f 2381/2381 2383/2383 2402/2402
f 2381/2381 2402/2402 2404/2404
f 2383/2383 2385/2385 2401/2401
f 2383/2383 2401/2401 2402/2402
f 2385/2385 2387/2387 2403/2403
f 2385/2385 2403/2403 2401/2401
f 2384/2384 2382/2382 2409/2409
f 2384/2384 2409/2409 2410/2410
f 2379/2379 2388/2388 2412/2412
f 2379/2379 2412/2412 2407/2407
f 2382/2382 2380/2380 2408/2408
f 2382/2382 2408/2408 2409/2409
f 2386/2386 2384/2384 2410/2410
f 2386/2386 2410/2410 2411/2411
f 2388/2388 2386/2386 2411/2411
f 2388/2388 2411/2411 2412/2412
f 2412/2412 2411/2411 2413/2413
f 2410/2410 2409/2409 2413/2413
f 2407/2407 2412/2412 2413/2413
f 2411/2411 2410/2410 2413/2413
f 2409/2409 2408/2408 2413/2413
f 2387/2387 2419/2419 2417/2417
f 2387/2387 2417/2417 2377/2377
f 2385/2385 2414/2414 2419/2419
f 2385/2385 2419/2419 2387/2387
f 2383/2383 2415/2415 2414/2414
f 2383/2383 2414/2414 2385/2385
f 2381/2381 2416/2416 2415/2415
f 2381/2381 2415/2415 2383/2383
f 2378/2378 2418/2418 2416/2416
f 2378/2378 2416/2416 2381/2381
f 2422/2422 2420/2420 2426/2426
f 2422/2422 2426/2426 2428/2428
f 2421/2421 2424/2424 2430/2430
f 2421/2421 2430/2430 2427/2427
f 2423/2423 2425/2425 2431/2431
f 2423/2423 2431/2431 2429/2429
f 2420/2420 2421/2421 2427/2427
f 2420/2420 2427/2427 2426/2426
f 2425/2425 2422/2422 2428/2428
f 2425/2425 2428/2428 2431/2431
f 2426/2426 2427/2427 2433/2433
f 2426/2426 2433/2433 2432/2432
f 2431/2431 2428/2428 2434/2434
f 2431/2431 2434/2434 2437/2437
f 2428/2428 2426/2426 2432/2432
f 2428/2428 2432/2432 2434/2434
f 2427/2427 2430/2430 2436/2436
f 2427/2427 2436/2436 2433/2433
f 2429/2429 2431/2431 2437/2437
f 2429/2429 2437/2437 2435/2435
f 2434/2434 2432/2432 2438/2438
f 2434/2434 2438/2438 2440/2440
f 2433/2433 2436/2436 2442/2442
f 2433/2433 2442/2442 2439/2439
f 2435/2435 2437/2437 2443/2443
f 2435/2435 2443/2443 2441/2441
f 2432/2432 2433/2433 2439/2439
f 2432/2432 2439/2439 2438/2438
f 2437/2437 2434/2434 2440/2440
f 2437/2437 2440/2440 2443/2443
f 2438/2438 2439/2439 2445/2445
f 2438/2438 2445/2445 2444/2444
f 2443/2443 2440/2440 2446/2446
f 2443/2443 2446/2446 2449/2449
f 2440/2440 2438/2438 2444/2444
f 2440/2440 2444/2444 2446/2446
f 2439/2439 2442/2442 2448/2448
f 2439/2439 2448/2448 2445/2445
f 2441/2441 2443/2443 2449/2449
f 2441/2441 2449/2449 2447/2447
f 2446/2446 2444/2444 2450/2450
f 2446/2446 2450/2450 2452/2452
f 2445/2445 2448/2448 2454/2454
f 2445/2445 2454/2454 2451/2451
f 2447/2447 2449/2449 2455/2455
f 2447/2447 2455/2455 2453/2453
f 2444/2444 2445/2445 2451/2451
f 2444/2444 2451/2451 2450/2450
f 2449/2449 2446/2446 2452/2452
f 2449/2449 2452/2452 2455/2455
f 2474/2474 2469/2469 2457/2457
f 2474/2474 2457/2457 2456/2456
f 2473/2473 2470/2470 2458/2458
f 2473/2473 2458/2458 2461/2461
f 2470/2470 2474/2474 2456/2456
f 2470/2470 2456/2456 2458/2458
f 2469/2469 2472/2472 2460/2460
f 2469/2469 2460/2460 2457/2457
f 2471/2471 2473/2473 2461/2461
f 2471/2471 2461/2461 2459/2459
f 2458/2458 2456/2456 2462/2462
f 2457/2457 2460/2460 2462/2462
f 2459/2459 2461/2461 2462/2462
f 2456/2456 2457/2457 2462/2462
f 2461/2461 2458/2458 2462/2462
f 2453/2453 2455/2455 2463/2463
f 2453/2453 2463/2463 2467/2467
f 2451/2451 2454/2454 2468/2468
f 2451/2451 2468/2468 2466/2466
f 2452/2452 2450/2450 2465/2465
f 2452/2452 2465/2465 2464/2464
f 2455/2455 2452/2452 2464/2464
f 2455/2455 2464/2464 2463/2463
f 2450/2450 2451/2451 2466/2466
f 2450/2450 2466/2466 2465/2465
f 2479/2479 2475/2475 2473/2473
f 2479/2479 2473/2473 2471/2471
f 2477/2477 2480/2480 2472/2472
f 2477/2477 2472/2472 2469/2469
f 2478/2478 2476/2476 2474/2474
f 2478/2478 2474/2474 2470/2470
f 2475/2475 2478/2478 2470/2470
f 2475/2475 2470/2470 2473/2473
f 2476/2476 2477/2477 2469/2469
f 2476/2476 2469/2469 2474/2474
f 2465/2465 2466/2466 2477/2477
f 2465/2465 2477/2477 2476/2476
f 2463/2463 2464/2464 2478/2478
f 2463/2463 2478/2478 2475/2475
f 2464/2464 2465/2465 2476/2476
f 2464/2464 2476/2476 2478/2478
f 2466/2466 2468/2468 2480/2480
f 2466/2466 2480/2480 2477/2477
f 2467/2467 2463/2463 2475/2475
f 2467/2467 2475/2475 2479/2479
f 2420/2420 2422/2422 2483/2483
f 2420/2420 2483/2483 2481/2481
f 2424/2424 2421/2421 2482/2482
f 2424/2424 2482/2482 2485/2485
f 2425/2425 2423/2423 2484/2484
f 2425/2425 2484/2484 2486/2486
f 2421/2421 2420/2420 2481/2481
f 2421/2421 2481/2481 2482/2482
f 2422/2422 2425/2425 2486/2486
f 2422/2422 2486/2486 2483/2483
f 2487/2487 2493/2493 2498/2498
f 2487/2487 2498/2498 2492/2492
f 2489/2489 2495/2495 2493/2493
f 2489/2489 2493/2493 2487/2487
f 2488/2488 2494/2494 2496/2496
f 2488/2488 2496/2496 2490/2490
f 2492/2492 2498/2498 2494/2494
f 2492/2492 2494/2494 2488/2488
f 2491/2491 2497/2497 2495/2495
f 2491/2491 2495/2495 2489/2489
f 2513/2513 2503/2503 2501/2501
f 2513/2513 2501/2501 2511/2511
f 2515/2515 2499/2499 2504/2504
f 2515/2515 2504/2504 2514/2514
f 2511/2511 2501/2501 2499/2499
f 2511/2511 2499/2499 2515/2515
f 2516/2516 2500/2500 2502/2502
f 2516/2516 2502/2502 2512/2512
f 2514/2514 2504/2504 2500/2500
f 2514/2514 2500/2500 2516/2516
f 2501/2501 2507/2507 2505/2505
f 2501/2501 2505/2505 2499/2499
f 2500/2500 2506/2506 2508/2508
f 2500/2500 2508/2508 2502/2502
f 2504/2504 2510/2510 2506/2506
f 2504/2504 2506/2506 2500/2500
f 2503/2503 2509/2509 2507/2507
f 2503/2503 2507/2507 2501/2501
f 2499/2499 2505/2505 2510/2510
f 2499/2499 2510/2510 2504/2504
f 2498/2498 2514/2514 2516/2516
f 2498/2498 2516/2516 2494/2494
f 2494/2494 2516/2516 2512/2512
f 2494/2494 2512/2512 2496/2496
f 2495/2495 2511/2511 2515/2515
f 2495/2495 2515/2515 2493/2493
f 2493/2493 2515/2515 2514/2514
f 2493/2493 2514/2514 2498/2498
f 2497/2497 2513/2513 2511/2511
f 2497/2497 2511/2511 2495/2495
f 2549/2549 2522/2522 2518/2518
f 2549/2549 2518/2518 2548/2548
f 2518/2518 2554/2554 2561/2561
f 2518/2518 2561/2561 2548/2548
f 2553/2553 2517/2517 2522/2522
f 2553/2553 2522/2522 2549/2549
f 2550/2550 2519/2519 2517/2517
f 2550/2550 2517/2517 2553/2553
f 2548/2548 2561/2561 2565/2565
f 2548/2548 2565/2565 2551/2551
f 2545/2545 2528/2528 2524/2524
f 2545/2545 2524/2524 2546/2546
f 2543/2543 2527/2527 2525/2525
f 2543/2543 2525/2525 2544/2544
f 2547/2547 2523/2523 2528/2528
f 2547/2547 2528/2528 2545/2545
f 2544/2544 2525/2525 2523/2523
f 2544/2544 2523/2523 2547/2547
f 2546/2546 2524/2524 2526/2526
f 2546/2546 2526/2526 2542/2542
f 2523/2523 2529/2529 2534/2534
f 2523/2523 2534/2534 2528/2528
f 2525/2525 2531/2531 2529/2529
f 2525/2525 2529/2529 2523/2523
f 2524/2524 2530/2530 2532/2532
f 2524/2524 2532/2532 2526/2526
f 2528/2528 2534/2534 2530/2530
f 2528/2528 2530/2530 2524/2524
f 2527/2527 2533/2533 2531/2531
f 2527/2527 2531/2531 2525/2525
f 2534/2534 2540/2540 2536/2536
f 2534/2534 2536/2536 2530/2530
f 2533/2533 2539/2539 2537/2537
f 2533/2533 2537/2537 2531/2531
f 2529/2529 2535/2535 2540/2540
f 2529/2529 2540/2540 2534/2534
f 2531/2531 2537/2537 2535/2535
f 2531/2531 2535/2535 2529/2529
f 2530/2530 2536/2536 2538/2538
f 2530/2530 2538/2538 2532/2532
f 2535/2535 2541/2541 2540/2540
f 2537/2537 2541/2541 2535/2535
f 2536/2536 2541/2541 2538/2538
f 2540/2540 2541/2541 2536/2536
f 2539/2539 2541/2541 2537/2537
f 2518/2518 2546/2546 2542/2542
f 2518/2518 2542/2542 2520/2520
f 2519/2519 2544/2544 2547/2547
f 2519/2519 2547/2547 2517/2517
f 2517/2517 2547/2547 2545/2545
f 2517/2517 2545/2545 2522/2522
f 2521/2521 2543/2543 2544/2544
f 2521/2521 2544/2544 2519/2519
f 2522/2522 2545/2545 2546/2546
f 2522/2522 2546/2546 2518/2518
f 2506/2506 2548/2548 2551/2551
f 2506/2506 2551/2551 2508/2508
f 2507/2507 2550/2550 2553/2553
f 2507/2507 2553/2553 2505/2505
f 2505/2505 2553/2553 2549/2549
f 2505/2505 2549/2549 2510/2510
f 2509/2509 2552/2552 2550/2550
f 2509/2509 2550/2550 2507/2507
f 2510/2510 2549/2549 2548/2548
f 2510/2510 2548/2548 2506/2506
f 2555/2555 2569/2569 2572/2572
f 2555/2555 2572/2572 2562/2562
f 2567/2567 2574/2574 2573/2573
f 2567/2567 2573/2573 2564/2564
f 2519/2519 2559/2559 2557/2557
f 2519/2519 2557/2557 2521/2521
f 2552/2552 2566/2566 2563/2563
f 2552/2552 2563/2563 2550/2550
f 2520/2520 2556/2556 2554/2554
f 2520/2520 2554/2554 2518/2518
f 2550/2550 2563/2563 2559/2559
f 2550/2550 2559/2559 2519/2519
f 2573/2573 2576/2576 2571/2571
f 2572/2572 2576/2576 2575/2575
f 2558/2558 2570/2570 2569/2569
f 2558/2558 2569/2569 2555/2555
f 2562/2562 2572/2572 2575/2575
f 2562/2562 2575/2575 2568/2568
f 2564/2564 2573/2573 2571/2571
f 2564/2564 2571/2571 2560/2560
f 2560/2560 2571/2571 2570/2570
f 2560/2560 2570/2570 2558/2558
f 2571/2571 2576/2576 2570/2570
f 2574/2574 2576/2576 2573/2573
f 2569/2569 2576/2576 2572/2572
f 2570/2570 2576/2576 2569/2569
f 2579/2579 2582/2582 2588/2588
f 2579/2579 2588/2588 2585/2585
f 2580/2580 2581/2581 2587/2587
f 2580/2580 2587/2587 2586/2586
f 2582/2582 2577/2577 2583/2583
f 2582/2582 2583/2583 2588/2588
f 2577/2577 2580/2580 2586/2586
f 2577/2577 2586/2586 2583/2583
f 2581/2581 2578/2578 2584/2584
f 2581/2581 2584/2584 2587/2587
f 2588/2588 2583/2583 2589/2589
f 2588/2588 2589/2589 2594/2594
f 2583/2583 2586/2586 2592/2592
f 2583/2583 2592/2592 2589/2589
f 2587/2587 2584/2584 2590/2590
f 2587/2587 2590/2590 2593/2593
f 2585/2585 2588/2588 2594/2594
f 2585/2585 2594/2594 2591/2591
f 2586/2586 2587/2587 2593/2593
f 2586/2586 2593/2593 2592/2592
f 2591/2591 2594/2594 2600/2600
f 2591/2591 2600/2600 2597/2597
f 2592/2592 2593/2593 2599/2599
f 2592/2592 2599/2599 2598/2598
f 2594/2594 2589/2589 2595/2595
f 2594/2594 2595/2595 2600/2600
f 2589/2589 2592/2592 2598/2598
f 2589/2589 2598/2598 2595/2595
f 2593/2593 2590/2590 2596/2596
f 2593/2593 2596/2596 2599/2599
f 2600/2600 2595/2595 2601/2601
f 2600/2600 2601/2601 2606/2606
f 2595/2595 2598/2598 2604/2604
f 2595/2595 2604/2604 2601/2601
f 2599/2599 2596/2596 2602/2602
f 2599/2599 2602/2602 2605/2605
f 2597/2597 2600/2600 2606/2606
f 2597/2597 2606/2606 2603/2603
f 2598/2598 2599/2599 2605/2605
f 2598/2598 2605/2605 2604/2604
f 2603/2603 2606/2606 2612/2612
f 2603/2603 2612/2612 2609/2609
f 2604/2604 2605/2605 2611/2611
f 2604/2604 2611/2611 2610/2610
f 2606/2606 2601/2601 2607/2607
f 2606/2606 2607/2607 2612/2612
f 2601/2601 2604/2604 2610/2610
f 2601/2601 2610/2610 2607/2607
f 2605/2605 2602/2602 2608/2608
f 2605/2605 2608/2608 2611/2611
f 2612/2612 2607/2607 2613/2613
f 2612/2612 2613/2613 2618/2618
f 2607/2607 2610/2610 2616/2616
f 2607/2607 2616/2616 2613/2613
f 2611/2611 2608/2608 2614/2614
f 2611/2611 2614/2614 2617/2617
f 2609/2609 2612/2612 2618/2618
f 2609/2609 2618/2618 2615/2615
f 2610/2610 2611/2611 2617/2617
f 2610/2610 2617/2617 2616/2616
f 2615/2615 2618/2618 2624/2624
f 2615/2615 2624/2624 2621/2621
f 2616/2616 2617/2617 2623/2623
f 2616/2616 2623/2623 2622/2622
f 2618/2618 2613/2613 2619/2619
f 2618/2618 2619/2619 2624/2624
f 2613/2613 2616/2616 2622/2622
f 2613/2613 2622/2622 2619/2619
f 2617/2617 2614/2614 2620/2620
f 2617/2617 2620/2620 2623/2623
f 2624/2624 2619/2619 2625/2625
f 2619/2619 2622/2622 2625/2625
f 2623/2623 2620/2620 2625/2625
f 2621/2621 2624/2624 2625/2625
f 2622/2622 2623/2623 2625/2625
f 2664/2664 2637/2637 2633/2633
f 2664/2664 2633/2633 2663/2663
f 2633/2633 2669/2669 2676/2676
f 2633/2633 2676/2676 2663/2663
f 2668/2668 2632/2632 2637/2637
f 2668/2668 2637/2637 2664/2664
f 2665/2665 2634/2634 2632/2632
f 2665/2665 2632/2632 2668/2668
f 2663/2663 2676/2676 2680/2680
f 2663/2663 2680/2680 2666/2666
f 2660/2660 2643/2643 2639/2639
f 2660/2660 2639/2639 2661/2661
f 2658/2658 2642/2642 2640/2640
f 2658/2658 2640/2640 2659/2659
f 2662/2662 2638/2638 2643/2643
f 2662/2662 2643/2643 2660/2660
f 2659/2659 2640/2640 2638/2638
f 2659/2659 2638/2638 2662/2662
f 2661/2661 2639/2639 2641/2641
f 2661/2661 2641/2641 2657/2657
f 2638/2638 2644/2644 2649/2649
f 2638/2638 2649/2649 2643/2643
f 2640/2640 2646/2646 2644/2644
f 2640/2640 2644/2644 2638/2638
f 2639/2639 2645/2645 2647/2647
f 2639/2639 2647/2647 2641/2641
f 2643/2643 2649/2649 2645/2645
f 2643/2643 2645/2645 2639/2639
f 2642/2642 2648/2648 2646/2646
f 2642/2642 2646/2646 2640/2640
f 2649/2649 2655/2655 2651/2651
f 2649/2649 2651/2651 2645/2645
f 2648/2648 2654/2654 2652/2652
f 2648/2648 2652/2652 2646/2646
f 2644/2644 2650/2650 2655/2655
f 2644/2644 2655/2655 2649/2649
f 2646/2646 2652/2652 2650/2650
f 2646/2646 2650/2650 2644/2644
f 2645/2645 2651/2651 2653/2653
f 2645/2645 2653/2653 2647/2647
f 2650/2650 2656/2656 2655/2655
f 2652/2652 2656/2656 2650/2650
f 2651/2651 2656/2656 2653/2653
f 2655/2655 2656/2656 2651/2651
f 2654/2654 2656/2656 2652/2652
f 2633/2633 2661/2661 2657/2657
f 2633/2633 2657/2657 2635/2635
f 2634/2634 2659/2659 2662/2662
f 2634/2634 2662/2662 2632/2632
f 2632/2632 2662/2662 2660/2660
f 2632/2632 2660/2660 2637/2637
f 2636/2636 2658/2658 2659/2659
f 2636/2636 2659/2659 2634/2634
f 2637/2637 2660/2660 2661/2661
f 2637/2637 2661/2661 2633/2633
f 2627/2627 2663/2663 2666/2666
f 2627/2627 2666/2666 2629/2629
f 2628/2628 2665/2665 2668/2668
f 2628/2628 2668/2668 2626/2626
f 2626/2626 2668/2668 2664/2664
f 2626/2626 2664/2664 2631/2631
f 2630/2630 2667/2667 2665/2665
f 2630/2630 2665/2665 2628/2628
f 2631/2631 2664/2664 2663/2663
f 2631/2631 2663/2663 2627/2627
f 2670/2670 2684/2684 2687/2687
f 2670/2670 2687/2687 2677/2677
f 2682/2682 2689/2689 2688/2688
f 2682/2682 2688/2688 2679/2679
f 2634/2634 2674/2674 2672/2672
f 2634/2634 2672/2672 2636/2636
f 2667/2667 2681/2681 2678/2678
f 2667/2667 2678/2678 2665/2665
f 2635/2635 2671/2671 2669/2669
f 2635/2635 2669/2669 2633/2633
f 2665/2665 2678/2678 2674/2674
f 2665/2665 2674/2674 2634/2634
f 2688/2688 2691/2691 2686/2686
f 2687/2687 2691/2691 2690/2690
f 2673/2673 2685/2685 2684/2684
f 2673/2673 2684/2684 2670/2670
f 2677/2677 2687/2687 2690/2690
f 2677/2677 2690/2690 2683/2683
f 2679/2679 2688/2688 2686/2686
f 2679/2679 2686/2686 2675/2675
f 2675/2675 2686/2686 2685/2685
f 2675/2675 2685/2685 2673/2673
f 2686/2686 2691/2691 2685/2685
f 2689/2689 2691/2691 2688/2688
f 2684/2684 2691/2691 2687/2687
f 2685/2685 2691/2691 2684/2684
f 2716/2716 2694/2694 2692/2692
f 2716/2716 2692/2692 2693/2693
f 2693/2693 2692/2692 2695/2695
f 2693/2693 2695/2695 2715/2715
f 2694/2694 2697/2697 2696/2696
f 2694/2694 2696/2696 2692/2692
f 2692/2692 2696/2696 2698/2698
f 2692/2692 2698/2698 2695/2695
f 2697/2697 2700/2700 2699/2699
f 2697/2697 2699/2699 2696/2696
f 2696/2696 2699/2699 2701/2701
f 2696/2696 2701/2701 2698/2698
f 2700/2700 2702/2702 2699/2699
f 2699/2699 2702/2702 2701/2701
f 2705/2705 2702/2702 2700/2700
f 2704/2704 2702/2702 2705/2705
f 2701/2701 2702/2702 2703/2703
f 2706/2706 2705/2705 2700/2700
f 2706/2706 2700/2700 2697/2697
f 2708/2708 2704/2704 2705/2705
f 2708/2708 2705/2705 2706/2706
f 2709/2709 2706/2706 2697/2697
f 2709/2709 2697/2697 2694/2694
f 2712/2712 2708/2708 2706/2706
f 2712/2712 2706/2706 2709/2709
f 2710/2710 2709/2709 2694/2694
f 2710/2710 2694/2694 2716/2716
f 2714/2714 2712/2712 2709/2709
f 2714/2714 2709/2709 2710/2710
f 2715/2715 2695/2695 2711/2711
f 2715/2715 2711/2711 2713/2713
f 2695/2695 2698/2698 2707/2707
f 2695/2695 2707/2707 2711/2711
f 2698/2698 2701/2701 2703/2703
f 2698/2698 2703/2703 2707/2707
f 2718/2718 2722/2722 2721/2721
f 2718/2718 2721/2721 2717/2717
f 2717/2717 2721/2721 2724/2724
f 2717/2717 2724/2724 2720/2720
f 2722/2722 2727/2727 2725/2725
f 2722/2722 2725/2725 2721/2721
f 2721/2721 2725/2725 2729/2729
f 2721/2721 2729/2729 2724/2724
f 2725/2725 2726/2726 2731/2731
f 2725/2725 2731/2731 2729/2729
f 2727/2727 2740/2740 2726/2726
f 2727/2727 2726/2726 2725/2725
f 2723/2723 2728/2728 2732/2732
f 2723/2723 2732/2732 2735/2735
f 2728/2728 2730/2730 2733/2733
f 2728/2728 2733/2733 2732/2732
f 2732/2732 2733/2733 2739/2739
f 2732/2732 2739/2739 2734/2734
f 2735/2735 2732/2732 2734/2734
f 2735/2735 2734/2734 2736/2736
f 2719/2719 2723/2723 2735/2735
f 2719/2719 2735/2735 2737/2737
f 2737/2737 2735/2735 2736/2736
f 2737/2737 2736/2736 2738/2738
f 2738/2738 2736/2736 2722/2722
f 2738/2738 2722/2722 2718/2718
f 2736/2736 2734/2734 2727/2727
f 2736/2736 2727/2727 2722/2722
f 2734/2734 2739/2739 2740/2740
f 2734/2734 2740/2740 2727/2727
f 2739/2739 2741/2741 2742/2742
f 2739/2739 2742/2742 2740/2740
f 2733/2733 2743/2743 2741/2741
f 2733/2733 2741/2741 2739/2739
f 2741/2741 2744/2744 2745/2745
f 2741/2741 2745/2745 2742/2742
f 2743/2743 2746/2746 2744/2744
f 2743/2743 2744/2744 2741/2741
f 2744/2744 2747/2747 2748/2748
f 2744/2744 2748/2748 2745/2745
f 2746/2746 2749/2749 2747/2747
f 2746/2746 2747/2747 2744/2744
f 2747/2747 2750/2750 2748/2748
f 2749/2749 2750/2750 2747/2747
f 2748/2748 2750/2750 2751/2751
f 2751/2751 2750/2750 2753/2753
f 2752/2752 2750/2750 2749/2749
f 2754/2754 2752/2752 2749/2749
f 2754/2754 2749/2749 2746/2746
f 2756/2756 2751/2751 2753/2753
f 2756/2756 2753/2753 2755/2755
f 2757/2757 2754/2754 2746/2746
f 2757/2757 2746/2746 2743/2743
f 2759/2759 2756/2756 2755/2755
f 2759/2759 2755/2755 2758/2758
f 2730/2730 2757/2757 2743/2743
f 2730/2730 2743/2743 2733/2733
f 2726/2726 2759/2759 2758/2758
f 2726/2726 2758/2758 2731/2731
f 2742/2742 2745/2745 2756/2756
f 2742/2742 2756/2756 2759/2759
f 2740/2740 2742/2742 2759/2759
f 2740/2740 2759/2759 2726/2726
f 2745/2745 2748/2748 2751/2751
f 2745/2745 2751/2751 2756/2756
f 2760/2760 2761/2761 2764/2764
f 2760/2760 2764/2764 2763/2763
f 2762/2762 2760/2760 2763/2763
f 2762/2762 2763/2763 2765/2765
f 2763/2763 2764/2764 2767/2767
f 2763/2763 2767/2767 2766/2766
f 2765/2765 2763/2763 2766/2766
f 2765/2765 2766/2766 2768/2768
f 2766/2766 2767/2767 2770/2770
f 2766/2766 2770/2770 2769/2769
f 2768/2768 2766/2766 2769/2769
f 2768/2768 2769/2769 2771/2771
f 2769/2769 2770/2770 2773/2773
f 2769/2769 2773/2773 2772/2772
f 2771/2771 2769/2769 2772/2772
f 2771/2771 2772/2772 2774/2774
f 2772/2772 2773/2773 2776/2776
f 2772/2772 2776/2776 2775/2775
f 2774/2774 2772/2772 2775/2775
f 2774/2774 2775/2775 2777/2777
f 2775/2775 2776/2776 2779/2779
f 2775/2775 2779/2779 2778/2778
f 2777/2777 2775/2775 2778/2778
f 2777/2777 2778/2778 2780/2780
f 2778/2778 2779/2779 2782/2782
f 2778/2778 2782/2782 2781/2781
f 2780/2780 2778/2778 2781/2781
f 2780/2780 2781/2781 2783/2783
f 2781/2781 2782/2782 2784/2784
f 2783/2783 2781/2781 2784/2784
f 2786/2786 2783/2783 2784/2784
f 2782/2782 2787/2787 2784/2784
f 2787/2787 2785/2785 2784/2784
f 2788/2788 2789/2789 2785/2785
f 2788/2788 2785/2785 2787/2787
f 2779/2779 2788/2788 2787/2787
f 2779/2779 2787/2787 2782/2782
f 2791/2791 2792/2792 2789/2789
f 2791/2791 2789/2789 2788/2788
f 2776/2776 2791/2791 2788/2788
f 2776/2776 2788/2788 2779/2779
f 2794/2794 2795/2795 2792/2792
f 2794/2794 2792/2792 2791/2791
f 2773/2773 2794/2794 2791/2791
f 2773/2773 2791/2791 2776/2776
f 2797/2797 2798/2798 2795/2795
f 2797/2797 2795/2795 2794/2794
f 2770/2770 2797/2797 2794/2794
f 2770/2770 2794/2794 2773/2773
f 2800/2800 2801/2801 2798/2798
f 2800/2800 2798/2798 2797/2797
f 2767/2767 2800/2800 2797/2797
f 2767/2767 2797/2797 2770/2770
f 2803/2803 2804/2804 2801/2801
f 2803/2803 2801/2801 2800/2800
f 2764/2764 2803/2803 2800/2800
f 2764/2764 2800/2800 2767/2767
f 2806/2806 2807/2807 2804/2804
f 2806/2806 2804/2804 2803/2803
f 2761/2761 2806/2806 2803/2803
f 2761/2761 2803/2803 2764/2764
f 2808/2808 2762/2762 2765/2765
f 2808/2808 2765/2765 2805/2805
f 2805/2805 2765/2765 2768/2768
f 2805/2805 2768/2768 2802/2802
f 2802/2802 2768/2768 2771/2771
f 2802/2802 2771/2771 2799/2799
f 2799/2799 2771/2771 2774/2774
f 2799/2799 2774/2774 2796/2796
f 2796/2796 2774/2774 2777/2777
f 2796/2796 2777/2777 2793/2793
f 2793/2793 2777/2777 2780/2780
f 2793/2793 2780/2780 2790/2790
f 2790/2790 2780/2780 2783/2783
f 2790/2790 2783/2783 2786/2786
f 2850/2850 2812/2812 2814/2814
f 2850/2850 2814/2814 2848/2848
f 2848/2848 2814/2814 2816/2816
f 2848/2848 2816/2816 2847/2847
f 2847/2847 2816/2816 2818/2818
f 2847/2847 2818/2818 2846/2846
f 2833/2833 2835/2835 2826/2826
f 2833/2833 2826/2826 2825/2825
f 2846/2846 2818/2818 2820/2820
f 2846/2846 2820/2820 2851/2851
f 2851/2851 2820/2820 2811/2811
f 2851/2851 2811/2811 2849/2849
f 2834/2834 2833/2833 2825/2825
f 2834/2834 2825/2825 2824/2824
f 2836/2836 2834/2834 2824/2824
f 2836/2836 2824/2824 2823/2823
f 2835/2835 2837/2837 2821/2821
f 2835/2835 2821/2821 2826/2826
f 2838/2838 2836/2836 2823/2823
f 2838/2838 2823/2823 2822/2822
f 2825/2825 2826/2826 2832/2832
f 2825/2825 2832/2832 2831/2831
f 2823/2823 2824/2824 2830/2830
f 2823/2823 2830/2830 2829/2829
f 2826/2826 2821/2821 2827/2827
f 2826/2826 2827/2827 2832/2832
f 2824/2824 2825/2825 2831/2831
f 2824/2824 2831/2831 2830/2830
f 2822/2822 2823/2823 2829/2829
f 2822/2822 2829/2829 2828/2828
f 2810/2810 2813/2813 2836/2836
f 2810/2810 2836/2836 2838/2838
f 2819/2819 2809/2809 2837/2837
f 2819/2819 2837/2837 2835/2835
f 2813/2813 2815/2815 2834/2834
f 2813/2813 2834/2834 2836/2836
f 2815/2815 2817/2817 2833/2833
f 2815/2815 2833/2833 2834/2834
f 2817/2817 2819/2819 2835/2835
f 2817/2817 2835/2835 2833/2833
f 2816/2816 2814/2814 2841/2841
f 2816/2816 2841/2841 2842/2842
f 2811/2811 2820/2820 2844/2844
f 2811/2811 2844/2844 2839/2839
f 2814/2814 2812/2812 2840/2840
f 2814/2814 2840/2840 2841/2841
f 2818/2818 2816/2816 2842/2842
f 2818/2818 2842/2842 2843/2843
f 2820/2820 2818/2818 2843/2843
f 2820/2820 2843/2843 2844/2844
f 2844/2844 2843/2843 2845/2845
f 2842/2842 2841/2841 2845/2845
f 2839/2839 2844/2844 2845/2845
f 2843/2843 2842/2842 2845/2845
f 2841/2841 2840/2840 2845/2845
f 2819/2819 2851/2851 2849/2849
f 2819/2819 2849/2849 2809/2809
f 2817/2817 2846/2846 2851/2851
f 2817/2817 2851/2851 2819/2819
f 2815/2815 2847/2847 2846/2846
f 2815/2815 2846/2846 2817/2817
f 2813/2813 2848/2848 2847/2847
f 2813/2813 2847/2847 2815/2815
f 2810/2810 2850/2850 2848/2848
f 2810/2810 2848/2848 2813/2813
f 2854/2854 2852/2852 2858/2858
f 2854/2854 2858/2858 2860/2860
f 2853/2853 2856/2856 2862/2862
f 2853/2853 2862/2862 2859/2859
f 2855/2855 2857/2857 2863/2863
f 2855/2855 2863/2863 2861/2861
f 2852/2852 2853/2853 2859/2859
f 2852/2852 2859/2859 2858/2858
f 2857/2857 2854/2854 2860/2860
f 2857/2857 2860/2860 2863/2863
f 2858/2858 2859/2859 2865/2865
f 2858/2858 2865/2865 2864/2864
f 2863/2863 2860/2860 2866/2866
f 2863/2863 2866/2866 2869/2869
f 2860/2860 2858/2858 2864/2864
f 2860/2860 2864/2864 2866/2866
f 2859/2859 2862/2862 2868/2868
f 2859/2859 2868/2868 2865/2865
f 2861/2861 2863/2863 2869/2869
f 2861/2861 2869/2869 2867/2867
f 2866/2866 2864/2864 2870/2870
f 2866/2866 2870/2870 2872/2872
f 2865/2865 2868/2868 2874/2874
f 2865/2865 2874/2874 2871/2871
f 2867/2867 2869/2869 2875/2875
f 2867/2867 2875/2875 2873/2873
f 2864/2864 2865/2865 2871/2871
f 2864/2864 2871/2871 2870/2870
f 2869/2869 2866/2866 2872/2872
f 2869/2869 2872/2872 2875/2875
f 2870/2870 2871/2871 2877/2877
f 2870/2870 2877/2877 2876/2876
f 2875/2875 2872/2872 2878/2878
f 2875/2875 2878/2878 2881/2881
f 2872/2872 2870/2870 2876/2876
f 2872/2872 2876/2876 2878/2878
f 2871/2871 2874/2874 2880/2880
f 2871/2871 2880/2880 2877/2877
f 2873/2873 2875/2875 2881/2881
f 2873/2873 2881/2881 2879/2879
f 2878/2878 2876/2876 2882/2882
f 2878/2878 2882/2882 2884/2884
f 2877/2877 2880/2880 2886/2886
f 2877/2877 2886/2886 2883/2883
f 2879/2879 2881/2881 2887/2887
f 2879/2879 2887/2887 2885/2885
f 2876/2876 2877/2877 2883/2883
f 2876/2876 2883/2883 2882/2882
f 2881/2881 2878/2878 2884/2884
f 2881/2881 2884/2884 2887/2887
f 2906/2906 2901/2901 2889/2889
f 2906/2906 2889/2889 2888/2888
f 2905/2905 2902/2902 2890/2890
f 2905/2905 2890/2890 2893/2893
f 2902/2902 2906/2906 2888/2888
f 2902/2902 2888/2888 2890/2890
f 2901/2901 2904/2904 2892/2892
f 2901/2901 2892/2892 2889/2889
f 2903/2903 2905/2905 2893/2893
f 2903/2903 2893/2893 2891/2891
f 2890/2890 2888/2888 2894/2894
f 2889/2889 2892/2892 2894/2894
f 2891/2891 2893/2893 2894/2894
f 2888/2888 2889/2889 2894/2894
f 2893/2893 2890/2890 2894/2894
f 2885/2885 2887/2887 2895/2895
f 2885/2885 2895/2895 2899/2899
f 2883/2883 2886/2886 2900/2900
f 2883/2883 2900/2900 2898/2898
f 2884/2884 2882/2882 2897/2897
f 2884/2884 2897/2897 2896/2896
f 2887/2887 2884/2884 2896/2896
f 2887/2887 2896/2896 2895/2895
f 2882/2882 2883/2883 2898/2898
f 2882/2882 2898/2898 2897/2897
f 2911/2911 2907/2907 2905/2905
f 2911/2911 2905/2905 2903/2903
f 2909/2909 2912/2912 2904/2904
f 2909/2909 2904/2904 2901/2901
f 2910/2910 2908/2908 2906/2906
f 2910/2910 2906/2906 2902/2902
f 2907/2907 2910/2910 2902/2902
f 2907/2907 2902/2902 2905/2905
f 2908/2908 2909/2909 2901/2901
f 2908/2908 2901/2901 2906/2906
f 2897/2897 2898/2898 2909/2909
f 2897/2897 2909/2909 2908/2908
f 2895/2895 2896/2896 2910/2910
f 2895/2895 2910/2910 2907/2907
f 2896/2896 2897/2897 2908/2908
f 2896/2896 2908/2908 2910/2910
f 2898/2898 2900/2900 2912/2912
f 2898/2898 2912/2912 2909/2909
f 2899/2899 2895/2895 2907/2907
f 2899/2899 2907/2907 2911/2911
f 2852/2852 2854/2854 2915/2915
f 2852/2852 2915/2915 2913/2913
f 2856/2856 2853/2853 2914/2914
f 2856/2856 2914/2914 2917/2917
f 2857/2857 2855/2855 2916/2916
f 2857/2857 2916/2916 2918/2918
f 2853/2853 2852/2852 2913/2913
f 2853/2853 2913/2913 2914/2914
f 2854/2854 2857/2857 2918/2918
f 2854/2854 2918/2918 2915/2915
f 2919/2919 2925/2925 2930/2930
f 2919/2919 2930/2930 2924/2924
f 2921/2921 2927/2927 2925/2925
f 2921/2921 2925/2925 2919/2919
f 2920/2920 2926/2926 2928/2928
f 2920/2920 2928/2928 2922/2922
f 2924/2924 2930/2930 2926/2926
f 2924/2924 2926/2926 2920/2920
f 2923/2923 2929/2929 2927/2927
f 2923/2923 2927/2927 2921/2921
f 2945/2945 2935/2935 2933/2933
f 2945/2945 2933/2933 2943/2943
f 2947/2947 2931/2931 2936/2936
f 2947/2947 2936/2936 2946/2946
f 2943/2943 2933/2933 2931/2931
f 2943/2943 2931/2931 2947/2947
f 2948/2948 2932/2932 2934/2934
f 2948/2948 2934/2934 2944/2944
f 2946/2946 2936/2936 2932/2932
f 2946/2946 2932/2932 2948/2948
f 2933/2933 2939/2939 2937/2937
f 2933/2933 2937/2937 2931/2931
f 2932/2932 2938/2938 2940/2940
f 2932/2932 2940/2940 2934/2934
f 2936/2936 2942/2942 2938/2938
f 2936/2936 2938/2938 2932/2932
f 2935/2935 2941/2941 2939/2939
f 2935/2935 2939/2939 2933/2933
f 2931/2931 2937/2937 2942/2942
f 2931/2931 2942/2942 2936/2936
f 2930/2930 2946/2946 2948/2948
f 2930/2930 2948/2948 2926/2926
f 2926/2926 2948/2948 2944/2944
f 2926/2926 2944/2944 2928/2928
f 2927/2927 2943/2943 2947/2947
f 2927/2927 2947/2947 2925/2925
f 2925/2925 2947/2947 2946/2946
f 2925/2925 2946/2946 2930/2930
f 2929/2929 2945/2945 2943/2943
f 2929/2929 2943/2943 2927/2927
f 2981/2981 2954/2954 2950/2950
f 2981/2981 2950/2950 2980/2980
f 2950/2950 2986/2986 2993/2993
f 2950/2950 2993/2993 2980/2980
f 2985/2985 2949/2949 2954/2954
f 2985/2985 2954/2954 2981/2981
f 2982/2982 2951/2951 2949/2949
f 2982/2982 2949/2949 2985/2985
f 2980/2980 2993/2993 2997/2997
f 2980/2980 2997/2997 2983/2983
f 2977/2977 2960/2960 2956/2956
f 2977/2977 2956/2956 2978/2978
f 2975/2975 2959/2959 2957/2957
f 2975/2975 2957/2957 2976/2976
f 2979/2979 2955/2955 2960/2960
f 2979/2979 2960/2960 2977/2977
f 2976/2976 2957/2957 2955/2955
f 2976/2976 2955/2955 2979/2979
f 2978/2978 2956/2956 2958/2958
f 2978/2978 2958/2958 2974/2974
f 2955/2955 2961/2961 2966/2966
f 2955/2955 2966/2966 2960/2960
f 2957/2957 2963/2963 2961/2961
f 2957/2957 2961/2961 2955/2955
f 2956/2956 2962/2962 2964/2964
f 2956/2956 2964/2964 2958/2958
f 2960/2960 2966/2966 2962/2962
f 2960/2960 2962/2962 2956/2956
f 2959/2959 2965/2965 2963/2963
f 2959/2959 2963/2963 2957/2957
f 2966/2966 2972/2972 2968/2968
f 2966/2966 2968/2968 2962/2962
f 2965/2965 2971/2971 2969/2969
f 2965/2965 2969/2969 2963/2963
f 2961/2961 2967/2967 2972/2972
f 2961/2961 2972/2972 2966/2966
f 2963/2963 2969/2969 2967/2967
f 2963/2963 2967/2967 2961/2961
f 2962/2962 2968/2968 2970/2970
f 2962/2962 2970/2970 2964/2964
f 2967/2967 2973/2973 2972/2972
f 2969/2969 2973/2973 2967/2967
f 2968/2968 2973/2973 2970/2970
f 2972/2972 2973/2973 2968/2968
f 2971/2971 2973/2973 2969/2969
f 2950/2950 2978/2978 2974/2974
f 2950/2950 2974/2974 2952/2952
f 2951/2951 2976/2976 2979/2979
f 2951/2951 2979/2979 2949/2949
f 2949/2949 2979/2979 2977/2977
f 2949/2949 2977/2977 2954/2954
f 2953/2953 2975/2975 2976/2976
f 2953/2953 2976/2976 2951/2951
f 2954/2954 2977/2977 2978/2978
f 2954/2954 2978/2978 2950/2950
f 2938/2938 2980/2980 2983/2983
f 2938/2938 2983/2983 2940/2940
f 2939/2939 2982/2982 2985/2985
f 2939/2939 2985/2985 2937/2937
f 2937/2937 2985/2985 2981/2981
f 2937/2937 2981/2981 2942/2942
f 2941/2941 2984/2984 2982/2982
f 2941/2941 2982/2982 2939/2939
f 2942/2942 2981/2981 2980/2980
f 2942/2942 2980/2980 2938/2938
f 2987/2987 3001/3001 3004/3004
f 2987/2987 3004/3004 2994/2994
f 2999/2999 3006/3006 3005/3005
f 2999/2999 3005/3005 2996/2996
f 2951/2951 2991/2991 2989/2989
f 2951/2951 2989/2989 2953/2953
f 2984/2984 2998/2998 2995/2995
f 2984/2984 2995/2995 2982/2982
f 2952/2952 2988/2988 2986/2986
f 2952/2952 2986/2986 2950/2950
f 2982/2982 2995/2995 2991/2991
f 2982/2982 2991/2991 2951/2951
f 3005/3005 3008/3008 3003/3003
f 3004/3004 3008/3008 3007/3007
f 2990/2990 3002/3002 3001/3001
f 2990/2990 3001/3001 2987/2987
f 2994/2994 3004/3004 3007/3007
f 2994/2994 3007/3007 3000/3000
f 2996/2996 3005/3005 3003/3003
f 2996/2996 3003/3003 2992/2992
f 2992/2992 3003/3003 3002/3002
f 2992/2992 3002/3002 2990/2990
f 3003/3003 3008/3008 3002/3002
f 3006/3006 3008/3008 3005/3005
f 3001/3001 3008/3008 3004/3004
f 3002/3002 3008/3008 3001/3001
f 3011/3011 3014/3014 3020/3020
f 3011/3011 3020/3020 3017/3017
f 3012/3012 3013/3013 3019/3019
f 3012/3012 3019/3019 3018/3018
f 3014/3014 3009/3009 3015/3015
f 3014/3014 3015/3015 3020/3020
f 3009/3009 3012/3012 3018/3018
f 3009/3009 3018/3018 3015/3015
f 3013/3013 3010/3010 3016/3016
f 3013/3013 3016/3016 3019/3019
f 3020/3020 3015/3015 3021/3021
f 3020/3020 3021/3021 3026/3026
f 3015/3015 3018/3018 3024/3024
f 3015/3015 3024/3024 3021/3021
f 3019/3019 3016/3016 3022/3022
f 3019/3019 3022/3022 3025/3025
f 3017/3017 3020/3020 3026/3026
f 3017/3017 3026/3026 3023/3023
f 3018/3018 3019/3019 3025/3025
f 3018/3018 3025/3025 3024/3024
f 3023/3023 3026/3026 3032/3032
f 3023/3023 3032/3032 3029/3029
f 3024/3024 3025/3025 3031/3031
f 3024/3024 3031/3031 3030/3030
f 3026/3026 3021/3021 3027/3027
f 3026/3026 3027/3027 3032/3032
f 3021/3021 3024/3024 3030/3030
f 3021/3021 3030/3030 3027/3027
f 3025/3025 3022/3022 3028/3028
f 3025/3025 3028/3028 3031/3031
f 3032/3032 3027/3027 3033/3033
f 3032/3032 3033/3033 3038/3038
f 3027/3027 3030/3030 3036/3036
f 3027/3027 3036/3036 3033/3033
f 3031/3031 3028/3028 3034/3034
f 3031/3031 3034/3034 3037/3037
f 3029/3029 3032/3032 3038/3038
f 3029/3029 3038/3038 3035/3035
f 3030/3030 3031/3031 3037/3037
f 3030/3030 3037/3037 3036/3036
f 3035/3035 3038/3038 3044/3044
f 3035/3035 3044/3044 3041/3041
f 3036/3036 3037/3037 3043/3043
f 3036/3036 3043/3043 3042/3042
f 3038/3038 3033/3033 3039/3039
f 3038/3038 3039/3039 3044/3044
f 3033/3033 3036/3036 3042/3042
f 3033/3033 3042/3042 3039/3039
f 3037/3037 3034/3034 3040/3040
f 3037/3037 3040/3040 3043/3043
f 3044/3044 3039/3039 3045/3045
f 3044/3044 3045/3045 3050/3050
f 3039/3039 3042/3042 3048/3048
f 3039/3039 3048/3048 3045/3045
f 3043/3043 3040/3040 3046/3046
f 3043/3043 3046/3046 3049/3049
f 3041/3041 3044/3044 3050/3050
f 3041/3041 3050/3050 3047/3047
f 3042/3042 3043/3043 3049/3049
f 3042/3042 3049/3049 3048/3048
f 3047/3047 3050/3050 3056/3056
f 3047/3047 3056/3056 3053/3053
f 3048/3048 3049/3049 3055/3055
f 3048/3048 3055/3055 3054/3054
f 3050/3050 3045/3045 3051/3051
f 3050/3050 3051/3051 3056/3056
f 3045/3045 3048/3048 3054/3054
f 3045/3045 3054/3054 3051/3051
f 3049/3049 3046/3046 3052/3052
f 3049/3049 3052/3052 3055/3055
f 3056/3056 3051/3051 3057/3057
f 3051/3051 3054/3054 3057/3057
f 3055/3055 3052/3052 3057/3057
f 3053/3053 3056/3056 3057/3057
f 3054/3054 3055/3055 3057/3057
f 3096/3096 3069/3069 3065/3065
f 3096/3096 3065/3065 3095/3095
f 3065/3065 3101/3101 3108/3108
f 3065/3065 3108/3108 3095/3095
f 3100/3100 3064/3064 3069/3069
f 3100/3100 3069/3069 3096/3096
f 3097/3097 3066/3066 3064/3064
f 3097/3097 3064/3064 3100/3100
f 3095/3095 3108/3108 3112/3112
f 3095/3095 3112/3112 3098/3098
f 3092/3092 3075/3075 3071/3071
f 3092/3092 3071/3071 3093/3093
f 3090/3090 3074/3074 3072/3072
f 3090/3090 3072/3072 3091/3091
f 3094/3094 3070/3070 3075/3075
f 3094/3094 3075/3075 3092/3092
f 3091/3091 3072/3072 3070/3070
f 3091/3091 3070/3070 3094/3094
f 3093/3093 3071/3071 3073/3073
f 3093/3093 3073/3073 3089/3089
f 3070/3070 3076/3076 3081/3081
f 3070/3070 3081/3081 3075/3075
f 3072/3072 3078/3078 3076/3076
f 3072/3072 3076/3076 3070/3070
f 3071/3071 3077/3077 3079/3079
f 3071/3071 3079/3079 3073/3073
f 3075/3075 3081/3081 3077/3077
f 3075/3075 3077/3077 3071/3071
f 3074/3074 3080/3080 3078/3078
f 3074/3074 3078/3078 3072/3072
f 3081/3081 3087/3087 3083/3083
f 3081/3081 3083/3083 3077/3077
f 3080/3080 3086/3086 3084/3084
f 3080/3080 3084/3084 3078/3078
f 3076/3076 3082/3082 3087/3087
f 3076/3076 3087/3087 3081/3081
f 3078/3078 3084/3084 3082/3082
f 3078/3078 3082/3082 3076/3076
f 3077/3077 3083/3083 3085/3085
f 3077/3077 3085/3085 3079/3079
f 3082/3082 3088/3088 3087/3087
f 3084/3084 3088/3088 3082/3082
f 3083/3083 3088/3088 3085/3085
f 3087/3087 3088/3088 3083/3083
f 3086/3086 3088/3088 3084/3084
f 3065/3065 3093/3093 3089/3089
f 3065/3065 3089/3089 3067/3067
f 3066/3066 3091/3091 3094/3094
f 3066/3066 3094/3094 3064/3064
f 3064/3064 3094/3094 3092/3092
f 3064/3064 3092/3092 3069/3069
f 3068/3068 3090/3090 3091/3091
f 3068/3068 3091/3091 3066/3066
f 3069/3069 3092/3092 3093/3093
f 3069/3069 3093/3093 3065/3065
f 3059/3059 3095/3095 3098/3098
f 3059/3059 3098/3098 3061/3061
f 3060/3060 3097/3097 3100/3100
f 3060/3060 3100/3100 3058/3058
f 3058/3058 3100/3100 3096/3096
f 3058/3058 3096/3096 3063/3063
f 3062/3062 3099/3099 3097/3097
f 3062/3062 3097/3097 3060/3060
f 3063/3063 3096/3096 3095/3095
f 3063/3063 3095/3095 3059/3059
f 3102/3102 3116/3116 3119/3119
f 3102/3102 3119/3119 3109/3109
f 3114/3114 3121/3121 3120/3120
f 3114/3114 3120/3120 3111/3111
f 3066/3066 3106/3106 3104/3104
f 3066/3066 3104/3104 3068/3068
f 3099/3099 3113/3113 3110/3110
f 3099/3099 3110/3110 3097/3097
f 3067/3067 3103/3103 3101/3101
f 3067/3067 3101/3101 3065/3065
f 3097/3097 3110/3110 3106/3106
f 3097/3097 3106/3106 3066/3066
f 3120/3120 3123/3123 3118/3118
f 3119/3119 3123/3123 3122/3122
f 3105/3105 3117/3117 3116/3116
f 3105/3105 3116/3116 3102/3102
f 3109/3109 3119/3119 3122/3122
f 3109/3109 3122/3122 3115/3115
f 3111/3111 3120/3120 3118/3118
f 3111/3111 3118/3118 3107/3107
f 3107/3107 3118/3118 3117/3117
f 3107/3107 3117/3117 3105/3105
f 3118/3118 3123/3123 3117/3117
f 3121/3121 3123/3123 3120/3120
f 3116/3116 3123/3123 3119/3119
f 3117/3117 3123/3123 3116/3116
