v 37.69183 42.49477 1975.78275
v 40.52476 39.64651 1973.23334
v 33.23596 42.55902 1974.87450
v 42.79053 70.90893 1954.73814
v 37.63724 37.90731 1982.84948
v 42.62415 32.45826 1978.84977
v 30.13071 37.09154 1981.44615
v 31.89822 31.75572 1977.02718
v 38.81194 29.04040 1975.71409
v 38.81194 29.04040 1975.71409
v 33.80732 39.18192 1971.48311
v 38.53600 37.22068 1970.72232
v 38.53600 37.22068 1970.72232
v 39.36575 68.03818 1949.95451
v 43.69858 66.13485 1948.93050
v 43.69858 66.13485 1948.93050
v 37.93754 71.31670 1953.55976
v 53.23156 96.57911 1928.62976
v 56.87565 94.43332 1928.32696
v 56.87565 94.43332 1928.32696
v 52.04639 99.81006 1931.46336
v 70.81239 132.92225 1899.61803
v 74.47396 130.99037 1899.18518
v 74.47396 130.99037 1899.18518
v 70.17428 135.97785 1901.97098
v 91.68145 173.89172 1867.39731
v 96.00775 172.60686 1867.32149
v 96.00775 172.60686 1867.32149
v 92.21202 175.89942 1869.15612
v 124.02458 224.02385 1828.02343
v 125.89379 222.45516 1828.44555
v 125.89379 222.45516 1828.44555
v 121.07278 227.82153 1831.29859
v 124.60397 229.79288 1823.63498
v 119.98984 237.78203 1830.04808
v 128.96918 227.62227 1823.02117
v 128.96918 227.62227 1823.02117
v 127.93079 230.04659 1821.79475
v 131.10289 230.59332 1819.78631
v 125.37888 232.63541 1825.11389
v 130.93765 228.67884 1821.25878
v 130.93765 228.67884 1821.25878
v 132.62196 230.45723 1819.66877
v 132.62196 230.45723 1819.66877
v 131.68685 230.42205 1822.98589
v 133.83695 230.41905 1820.91999
v 130.15081 228.86047 1825.07277
v 129.59540 231.56716 1824.94068
v 127.43081 231.70128 1828.15123
v 131.42240 232.15008 1821.82324
v 136.94760 235.46325 1817.08729
v 130.05291 232.10497 1822.15858
v 136.35793 234.61948 1816.35761
v 136.03795 233.54447 1814.71455
v 139.31903 238.49058 1812.42371
v 137.44603 233.30292 1815.37819
v 137.44603 233.30292 1815.37819
v 138.01718 233.23308 1815.85586
v 124.57655 226.92017 1832.22532
v 126.19479 224.01482 1830.71911
v 95.57232 176.24894 1871.20795
v 97.67845 173.43611 1869.58528
v 73.33858 135.45553 1903.66757
v 76.44445 132.39706 1902.23169
v 56.09466 99.41327 1933.27153
v 57.87212 95.91538 1930.99904
v 45.87790 68.38218 1952.15666
v 132.35275 -23.53002 2086.25674
v 53.99980 3.08691 2162.77623
v 130.13658 -18.98811 2082.91411
v 137.40857 -22.07971 2090.59000
v 202.04708 -54.07532 2017.30657
v 200.24036 -49.81450 2014.71806
v 207.56724 -51.91544 2021.23594
v 215.04498 -60.62264 2005.24879
v 212.77013 -56.37963 2000.67043
v 220.24727 -60.87140 2008.08620
v 223.50249 -58.69553 1994.34018
v 223.39848 -54.34811 2006.60014
v 223.39848 -54.34811 2006.60014
v 217.62179 -51.87464 2001.74618
v 204.09684 -44.79205 2016.86454
v 208.71806 -46.92683 2021.79933
v 208.71806 -46.92683 2021.79933
v 134.05684 -13.54159 2084.46503
v 56.37826 17.05364 2159.62744
v 138.78164 -15.54714 2089.47110
v 138.78164 -15.54714 2089.47110
v 61.88173 12.82120 2166.68582
v 61.88173 12.82120 2166.68582
v 61.07937 5.12535 2168.91456
v 50.80868 9.51550 2156.95906
v 19.07672 7.34817 2253.80206
v 15.35823 3.24318 2258.95786
v 15.14822 15.87702 2253.82733
v -7.05088 -2.41808 2221.14801
v -9.29290 -5.74372 2223.50121
v -10.20363 1.55871 2220.90912
v -19.02524 -12.51273 2198.54832
v -21.18284 -13.70794 2200.04010
v -21.53646 -8.23561 2198.28176
v -30.45061 -18.45273 2179.76999
v -32.25890 -20.44449 2182.13844
v -33.08604 -14.57959 2179.64315
v -61.54001 -37.59294 2130.12385
v -63.71286 -38.46831 2132.04908
v -64.66059 -33.38685 2130.05853
v -87.69980 -55.81748 2083.27627
v -90.16339 -56.36549 2085.61444
v -91.14281 -52.19656 2083.11296
v -95.80641 -58.05654 2075.89221
v -95.14695 -51.73092 2085.48236
v -93.22246 -54.38264 2086.33161
v -93.22246 -54.38264 2086.33161
v -66.54756 -37.01026 2133.21400
v -66.54756 -37.01026 2133.21400
v -67.62460 -34.01859 2132.40337
v -36.54035 -16.67470 2182.90877
v -36.54035 -16.67470 2182.90877
v -36.47351 -14.35025 2182.43790
v -24.67356 -11.75243 2202.34799
v -24.67356 -11.75243 2202.34799
v -24.71921 -7.88482 2200.48523
v -14.99566 -2.04655 2226.01771
v -14.99566 -2.04655 2226.01771
v -15.03099 2.54722 2223.57368
v 8.10428 8.65764 2262.46953
v 8.10428 8.65764 2262.46953
v 7.84669 16.41597 2259.58562
v 17.68494 1.85266 2368.38126
v 25.74166 -0.17189 2369.23981
v 15.49689 3.97415 2373.81721
v 13.56489 -11.92816 2364.99166
v 17.52466 -15.42365 2367.66887
v 12.09321 -12.22169 2368.76893
v 7.10537 -32.50443 2360.36563
v 4.32485 -56.13251 2358.28686
v 10.16778 -34.27544 2361.64927
v 5.02348 -32.75123 2363.79886
v 3.16163 -56.15625 2360.83865
v 7.25001 -34.63124 2367.02561
v 14.18329 -14.52229 2372.62893
v 5.00508 -57.66729 2363.82437
v 10.91326 -35.83772 2365.44371
v 10.91326 -35.83772 2365.44371
v 18.21269 -16.16940 2370.50390
v 18.21269 -16.16940 2370.50390
v 8.61478 -58.86430 2362.75601
v 8.61478 -58.86430 2362.75601
v 6.80020 -57.55012 2359.42101
v 4.48091 -135.42289 2346.36164
v 4.48091 -135.42289 2346.36164
v 0.70287 -134.70381 2347.59450
v 3.63609 -134.29664 2343.02258
v 3.23524 -146.05154 2343.08076
v 3.23524 -146.05154 2343.08076
v 3.39392 -148.73758 2342.29565
v 3.39392 -148.73758 2342.29565
v 3.39392 -148.73758 2342.29565
v 3.39392 -148.73758 2342.29565
v -1.15989 -144.99678 2344.83075
v 1.44208 -143.43636 2339.73289
v -3.05827 -148.97896 2335.98256
v -1.60236 -141.17216 2338.62162
v 3.23058 -148.78322 2340.00421
v 3.23058 -148.78322 2340.00421
v 2.78886 -150.46193 2338.68957
v 2.78886 -150.46193 2338.68957
v 7.40629 -156.24677 2342.29875
v 6.97257 -156.49460 2340.45053
v 7.86745 -156.21705 2344.06352
v 7.86745 -156.21705 2344.06352
v 11.44134 -162.62235 2341.70938
v 5.65731 -156.95895 2343.17780
v 6.76535 -156.37244 2343.76168
v 6.38914 -156.81635 2341.61234
v 1.36932 -151.57603 2339.36453
v 1.36932 -151.57603 2339.36453
v 1.36932 -151.57603 2339.36453
v 0.25439 -151.81597 2342.17525
v 0.25439 -151.81597 2342.17525
v -2.86552 -150.03251 2337.51035
v -2.86552 -150.03251 2337.51035
v -5.97833 -150.63296 2339.68854
v -15.94019 -159.48237 2327.27671
v -15.94019 -159.48237 2327.27671
v -15.03035 -157.74290 2324.16940
v -18.19370 -159.28465 2329.15902
v -32.86643 -170.94553 2316.07985
v -32.86643 -170.94553 2316.07985
v -35.60915 -170.29710 2318.51101
v -33.81675 -169.74558 2315.20724
v -63.17227 -191.88607 2294.94739
v -63.17227 -191.88607 2294.94739
v -64.93851 -191.42438 2296.40985
v -62.94553 -191.57971 2293.74886
v -86.97748 -207.17482 2272.86577
v -86.97748 -207.17482 2272.86577
v -88.89332 -206.72652 2274.50109
v -87.49057 -206.42395 2272.02415
v -89.32035 -207.65217 2271.60954
v -88.90662 -204.88496 2271.93713
v -89.26262 -205.57214 2273.24033
v -65.52878 -189.60574 2294.94143
v -65.26390 -188.81832 2292.95373
v -35.98727 -169.22653 2316.23220
v -35.12073 -168.30641 2315.28831
v -19.72349 -156.74318 2326.76005
v -7.96167 -147.62945 2336.61962
v -18.37339 -155.84511 2324.70703
v -6.36457 -146.31101 2334.54776
v -3.00985 -142.84027 2341.33649
v -0.48191 -134.10676 2344.96140
v 1.02478 -132.92152 2342.29183
v 1.26524 -150.06626 2343.35423
v 1.26524 -150.06626 2343.35423
v 26.99636 -3.25658 2377.13122
v 26.99636 -3.25658 2377.13122
v 19.43311 0.89570 2381.83260
v 4.18525 48.00234 2463.88602
v 7.35353 53.85945 2471.39382
v 9.62652 48.14738 2456.75373
v 9.62652 48.14738 2456.75373
v 3.49831 59.37202 2460.00600
v 5.14983 62.10214 2463.98115
v 7.13510 57.87440 2456.78067
v 7.13510 57.87440 2456.78067
v -16.11647 89.55764 2443.64381
v -37.66755 119.04787 2427.44327
v -15.49364 92.21571 2447.26348
v -13.02679 89.18567 2440.79518
v -13.02679 89.18567 2440.79518
v -33.39718 119.01274 2424.10803
v -33.39718 119.01274 2424.10803
v -8.88482 92.50611 2442.85202
v -30.14248 122.52270 2426.86725
v -10.54085 94.62753 2446.28119
v 10.35035 61.09668 2459.45287
v 9.81181 62.07579 2462.44431
v 18.73736 52.64120 2462.29386
v 16.99176 57.01691 2470.53838
v -32.21454 124.46913 2429.77023
v -36.17302 122.50963 2431.34952
v -70.55744 184.87154 2399.74856
v -74.23256 183.57952 2401.37982
v -69.25268 183.21265 2395.93935
v -105.70221 256.07562 2374.46690
v -109.03925 255.23221 2376.38450
v -105.32174 255.08195 2372.30682
v -124.80572 298.43882 2361.36079
v -128.34382 297.10010 2363.30128
v -123.87027 297.48493 2358.00433
v -128.29597 301.52828 2359.40051
v -130.32642 294.35483 2359.54475
v -126.91955 294.93922 2357.66268
v -126.91955 294.93922 2357.66268
v -107.09479 252.78705 2369.91358
v -107.09479 252.78705 2369.91358
v -111.14037 252.14368 2372.70856
v -71.70288 179.84493 2392.15136
v -71.70288 179.84493 2392.15136
v -76.73848 179.53593 2396.76881
v 18.28617 44.53776 2762.86912
v 25.46289 47.17289 2769.50836
v 22.07866 40.95517 2753.02052
v 10.46107 117.99796 2724.33901
v 15.42869 122.35078 2731.07505
v 12.05932 117.30751 2720.24441
v -17.44615 201.49377 2702.90709
v -12.32322 204.97718 2706.66575
v -14.09873 200.43087 2697.37244
v -42.85544 274.02946 2667.44471
v -39.45387 275.31004 2670.36319
v -42.44063 273.11927 2665.66920
v -62.51658 309.97548 2652.14825
v -57.25614 312.95833 2654.41203
v -61.77425 308.90593 2648.30279
v -90.22038 339.89152 2634.51362
v -88.09336 342.18368 2637.83789
v -90.82766 339.68139 2633.65412
v -132.46673 374.29860 2623.34585
v -128.81482 376.82351 2625.29206
v -132.12472 373.83637 2621.66023
v -160.09334 396.28220 2617.35511
v -157.25765 399.38042 2620.85366
v -159.73261 395.41137 2614.65836
v -170.22254 405.79453 2617.82956
v -156.07038 398.06083 2615.73744
v -156.07038 398.06083 2615.73744
v -156.18840 399.45984 2619.64869
v -125.95437 378.24976 2624.09925
v -128.08558 376.20485 2621.93632
v -128.08558 376.20485 2621.93632
v -85.32932 342.43932 2635.07175
v -87.19039 341.35067 2634.49740
v -87.19039 341.35067 2634.49740
v -54.25907 314.70466 2654.97708
v -56.33061 311.34468 2648.87333
v -56.33061 311.34468 2648.87333
v -35.41053 274.98028 2667.45687
v -36.43768 273.88343 2664.93535
v -36.43768 273.88343 2664.93535
v -8.12503 204.64870 2703.03130
v -8.20407 201.03252 2695.43743
v -8.20407 201.03252 2695.43743
v 21.80173 121.43900 2725.78859
v 20.29447 118.69986 2720.43443
v 20.29447 118.69986 2720.43443
v 34.09646 46.90807 2768.04376
v 28.30018 43.24333 2756.95014
v 28.30018 43.24333 2756.95014
v -7.62496 307.56065 2662.11009
v -7.62496 307.56065 2662.11009
v 19.20110 360.16029 2654.01602
v 19.20110 360.16029 2654.01602
v -4.58957 307.98379 2664.23178
v 21.37442 360.63176 2655.76720
v -6.91568 310.04420 2667.86313
v 19.54411 361.68033 2658.78654
v -10.63629 309.27944 2667.48786
v 16.83808 362.11851 2658.66804
v -11.58882 308.10872 2664.30545
v 17.07223 361.19986 2655.82991
v -13.77917 254.99639 2677.84810
v -13.77917 254.99639 2677.84810
v -11.16565 256.43584 2680.73297
v -12.81706 257.79560 2683.64024
v -16.72851 257.28327 2684.14402
v -18.24911 255.61357 2680.49431
v -19.41159 222.90733 2686.00512
v -19.41159 222.90733 2686.00512
v -15.71283 224.62717 2689.31866
v -17.60093 226.09156 2693.08662
v -22.19777 225.38742 2692.58833
v -22.51387 223.58051 2688.38310
v -13.83262 284.17173 2677.44446
v -10.63345 283.85371 2676.53561
v -15.23667 282.12470 2672.95027
v -8.58466 284.03097 2673.77996
v -10.82540 281.54805 2670.42899
v -10.82540 281.54805 2670.42899
v 20.68883 364.15759 2653.50008
v 20.68883 364.15759 2653.50008
v 21.01406 364.09086 2655.46441
v 19.85356 365.05535 2657.45425
v 19.04641 365.56095 2657.78804
v 18.89947 364.88974 2655.17974
v 19.39417 365.47643 2655.25961
v 7.79396 342.65581 2661.38458
v 10.35164 342.35087 2661.84855
v 12.05932 341.38367 2658.82301
v 9.75472 341.01340 2656.99601
v 9.75472 341.01340 2656.99601
v 7.01857 342.01434 2658.44131
v 46.89192 50.60420 2929.45623
v 49.51756 47.03158 2926.46146
v 41.58192 50.50268 2929.02064
v 58.50026 92.75183 2881.99162
v 46.07201 43.49808 2942.48629
v 50.61536 36.55267 2938.17425
v 36.92434 42.01988 2942.41905
v 37.65531 35.07219 2938.11560
v 45.20262 31.82284 2936.03086
v 45.20262 31.82284 2936.03086
v 41.37188 46.12787 2925.51899
v 46.51587 43.74649 2924.35384
v 46.51587 43.74649 2924.35384
v 53.60633 88.96990 2876.99747
v 58.28324 86.67006 2875.49138
v 58.28324 86.67006 2875.49138
v 52.78543 93.13273 2881.05822
v 75.63911 131.86897 2827.14176
v 79.47201 129.11764 2826.99800
v 79.47201 129.11764 2826.99800
v 75.06620 136.05374 2830.01065
v 103.53357 186.66746 2760.87213
v 107.43014 184.22942 2760.41818
v 107.43014 184.22942 2760.41818
v 103.55213 190.68636 2762.98761
v 136.24428 248.46104 2686.66863
v 141.08878 246.93735 2686.27596
v 141.08878 246.93735 2686.27596
v 137.39221 251.14068 2688.17329
v 184.35259 324.49418 2594.47193
v 186.23604 322.37196 2595.50977
v 186.23604 322.37196 2595.50977
v 181.82674 329.32103 2598.09875
v 186.16392 333.03416 2584.75947
v 182.72588 343.33324 2591.32385
v 190.83521 330.32262 2584.00273
v 190.83521 330.32262 2584.00273
v 190.09866 333.77254 2581.13122
v 193.90894 334.92810 2577.13199
v 187.77822 336.92580 2585.35957
v 193.34055 332.09419 2580.37353
v 193.34055 332.09419 2580.37353
v 195.67707 334.84334 2576.69497
v 195.67707 334.84334 2576.69497
v 194.68749 334.41985 2581.91919
v 197.15916 334.74648 2578.33791
v 192.59477 331.93654 2586.20334
v 192.53719 335.70814 2584.73229
v 190.12198 335.45536 2589.97560
v 194.71599 336.93606 2579.33402
v 201.83417 342.37552 2569.28706
v 193.09323 336.75545 2580.16038
v 200.91684 341.22556 2568.74871
v 200.23245 339.85531 2566.89310
v 205.14743 347.21076 2560.18114
v 201.87540 339.54144 2567.71255
v 201.87540 339.54144 2567.71255
v 202.55622 339.43373 2568.34507
v 185.81961 328.18806 2599.19930
v 187.03094 324.36025 2598.07110
v 141.53872 251.64491 2690.35840
v 143.34542 247.98833 2688.90095
v 107.25679 189.99021 2765.12790
v 110.20237 186.03395 2763.86142
v 79.85263 135.57804 2832.06296
v 81.09047 131.00266 2830.04904
v 61.49877 89.64875 2878.72791
v -63.14743 154.12357 3098.03224
v 5.15332 46.12378 3150.09546
v -58.60746 157.40183 3100.24810
v -62.25878 151.91314 3091.45665
v -131.07011 250.04750 3053.38168
v -126.77200 252.66421 3055.03559
v -129.69501 248.55985 3046.30518
v -144.42082 266.96929 3045.00794
v -140.44347 271.46584 3047.68610
v -145.63705 266.11575 3039.04843
v -147.51747 282.13540 3039.13283
v -140.32149 269.97784 3034.95145
v -140.32149 269.97784 3034.95145
v -137.12390 273.04339 3041.58759
v -122.38069 252.79480 3049.53432
v -124.86088 249.22104 3043.96653
v -124.86088 249.22104 3043.96653
v -53.93923 158.24595 3094.76018
v 17.88601 52.55711 3145.70236
v -56.30415 154.66052 3089.04219
v -56.30415 154.66052 3089.04219
v 13.48269 46.80631 3139.09292
v 13.48269 46.80631 3139.09292
v 6.42134 42.95571 3140.86652
v 11.35208 51.87424 3153.58686
v 81.10908 -5.69662 3239.29501
v 75.45894 -0.74223 3230.23939
v 85.93894 2.72985 3247.71237
v 138.66378 -7.74932 3210.40773
v 136.03060 -5.73479 3203.90654
v 142.09257 -2.70191 3213.34887
v 173.68096 -16.92273 3190.64164
v 172.73372 -14.43718 3187.17861
v 176.82081 -12.35951 3194.48328
v 204.39497 -21.79156 3176.36633
v 201.83372 -19.47466 3171.98706
v 207.31574 -17.22823 3179.55160
v 285.20864 -35.64412 3133.33464
v 283.78084 -32.67583 3130.23162
v 288.44863 -30.38649 3136.58500
v 359.39687 -51.90547 3094.95544
v 357.69337 -48.19534 3092.01312
v 362.81127 -46.71380 3097.18537
v 373.80451 -50.23965 3086.68947
v 362.32847 -40.93461 3094.41328
v 359.23421 -43.65500 3092.22364
v 359.23421 -43.65500 3092.22364
v 284.43533 -28.32968 3129.85134
v 284.43533 -28.32968 3129.85134
v 287.03189 -26.22805 3133.14438
v 204.57719 -12.74629 3173.64740
v 204.57719 -12.74629 3173.64740
v 205.80636 -11.88698 3176.88060
v 172.41783 -8.40237 3186.80906
v 172.41783 -8.40237 3186.80906
v 176.00435 -7.55742 3192.21139
v 137.32786 3.53641 3204.14352
v 137.32786 3.53641 3204.14352
v 141.88498 4.36321 3210.60514
v 76.89134 11.64472 3231.45485
v 76.89134 11.64472 3231.45485
v 83.05279 14.08485 3242.05041
v 82.17991 32.79187 3341.61687
v 81.43383 21.80887 3339.67519
v 71.90167 36.94177 3340.62457
v 104.92160 44.09139 3325.01149
v 104.16058 40.56227 3319.34667
v 99.90328 47.69569 3322.00766
v 138.29166 61.57172 3299.89529
v 170.62737 75.70496 3269.73486
v 137.76821 58.16340 3297.23620
v 133.88065 65.96364 3297.07456
v 167.06571 78.31694 3267.90833
v 130.74359 64.50965 3292.91320
v 96.34750 46.84620 3316.87212
v 163.93806 77.19643 3264.32419
v 133.73570 58.99261 3292.90175
v 133.73570 58.99261 3292.90175
v 100.60793 40.79432 3316.68234
v 100.60793 40.79432 3316.68234
v 166.15380 71.92577 3263.99207
v 166.15380 71.92577 3263.99207
v 170.04134 72.97566 3267.54284
v 284.40449 107.15941 3173.13743
v 284.40449 107.15941 3173.13743
v 282.55635 112.95363 3172.71137
v 288.29762 106.82676 3176.59593
v 302.50037 112.73409 3161.05437
v 302.50037 112.73409 3161.05437
v 306.89552 113.44189 3158.04696
v 306.89552 113.44189 3158.04696
v 306.89552 113.44189 3158.04696
v 306.89552 113.44189 3158.04696
v 299.60883 119.48097 3160.64572
v 304.83133 113.16266 3166.32581
v 318.25918 121.21569 3160.71153
v 304.49352 116.37926 3169.52634
v 310.45818 112.95203 3159.41024
v 310.45818 112.95203 3159.41024
v 314.57961 113.93955 3157.96709
v 314.57961 113.93955 3157.96709
v 315.01800 110.75325 3148.80824
v 318.21737 110.90931 3149.58358
v 312.20239 110.62603 3147.80378
v 312.20239 110.62603 3147.80378
v 322.66328 107.32507 3141.43705
v 314.95813 114.00703 3147.04347
v 313.10546 112.26184 3147.61806
v 316.98376 112.31966 3148.33498
v 315.23645 116.80867 3155.85470
v 315.23645 116.80867 3155.85470
v 315.23645 116.80867 3155.85470
v 311.53283 119.53034 3153.58782
v 311.53283 119.53034 3153.58782
v 317.17321 121.90270 3158.39171
v 317.17321 121.90270 3158.39171
v 315.33143 127.59688 3155.73859
v 347.14770 142.52794 3150.40183
v 347.14770 142.52794 3150.40183
v 349.53776 139.34433 3154.79374
v 344.58825 146.46694 3149.11890
v 381.91605 169.56067 3139.77337
v 381.91605 169.56067 3139.77337
v 378.09640 174.21782 3138.65900
v 382.01100 170.16935 3141.75248
v 446.31246 217.79034 3120.88251
v 446.31246 217.79034 3120.88251
v 443.95554 220.73552 3120.28790
v 447.70399 216.91388 3122.07818
v 503.79437 253.34182 3111.03368
v 503.79437 253.34182 3111.03368
v 501.22714 256.57624 3110.28910
v 504.28206 253.50177 3112.47182
v 506.82259 256.68213 3110.83412
v 502.88779 254.92153 3114.32719
v 501.82807 256.19909 3112.54454
v 444.12073 220.32517 3123.51298
v 446.11692 218.91412 3125.84567
v 380.34195 173.55523 3141.44683
v 380.45636 171.52017 3143.38779
v 345.50983 146.84418 3153.73468
v 316.81582 128.23054 3161.31425
v 347.21637 143.72173 3156.42381
v 317.98521 124.53967 3164.60609
v 302.72844 120.15320 3165.39836
v 286.10000 113.60578 3174.97516
v 288.35627 109.91389 3178.45583
v 307.39745 117.60592 3155.29919
v 307.39745 117.60592 3155.29919
v 72.91781 23.90648 3330.83010
v 72.91781 23.90648 3330.83010
v 62.56083 35.02487 3332.12876
v 49.56817 -47.72492 3719.81239
v 51.86167 -39.56853 3715.39617
v 55.24211 -50.02944 3730.21698
v 118.23872 -181.11598 3653.30982
v 120.30604 -176.55519 3646.22068
v 121.16221 -183.04868 3656.72302
v 171.41762 -324.76810 3560.40335
v 174.74011 -321.86890 3555.92394
v 176.00757 -326.38147 3565.51385
v 226.85769 -466.50031 3488.20138
v 228.10152 -462.89197 3486.19199
v 227.53328 -466.77816 3490.30232
v 248.65210 -539.55251 3449.15390
v 252.59703 -537.36609 3446.07568
v 250.64200 -541.38178 3452.62146
v 262.73724 -613.05255 3415.91167
v 263.65799 -611.20951 3412.15277
v 262.72801 -614.04347 3416.42714
v 267.18432 -696.20228 3369.84897
v 270.01503 -694.88877 3366.99319
v 268.07141 -697.00074 3371.36650
v 268.96036 -748.68202 3339.63108
v 270.76879 -747.17027 3335.06155
v 270.17456 -749.92818 3342.15498
v 269.03480 -767.16715 3325.47903
v 273.61009 -749.59129 3339.61463
v 273.61009 -749.59129 3339.61463
v 272.19123 -747.66600 3335.91628
v 273.45771 -695.77610 3366.81795
v 272.01870 -696.81758 3369.68136
v 272.01870 -696.81758 3369.68136
v 267.16369 -612.21987 3414.12163
v 265.61117 -612.73539 3415.13014
v 265.61117 -612.73539 3415.13014
v 255.30538 -536.87185 3444.64874
v 255.32466 -540.01176 3451.11227
v 255.32466 -540.01176 3451.11227
v 232.07042 -462.40762 3489.28261
v 232.17428 -464.18658 3491.56761
v 232.17428 -464.18658 3491.56761
v 179.23516 -321.97323 3559.44085
v 181.18003 -324.81417 3567.56544
v 181.18003 -324.81417 3567.56544
v 126.70842 -175.98130 3651.91340
v 127.05894 -178.77464 3657.43446
v 127.05894 -178.77464 3657.43446
v 57.83707 -34.54296 3718.99891
v 58.31225 -44.71010 3727.34380
v 58.31225 -44.71010 3727.34380
v 274.74633 -488.25642 3462.77261
v 274.74633 -488.25642 3462.77261
v 332.27271 -542.21147 3414.40940
v 332.27271 -542.21147 3414.40940
v 275.64502 -484.60689 3462.06045
v 332.89522 -539.58505 3413.58352
v 273.49433 -485.32832 3457.10206
v 330.71217 -539.28858 3410.25567
v 270.90776 -487.36826 3457.08895
v 329.42575 -541.85623 3409.02138
v 271.39708 -489.63535 3459.82790
v 330.61296 -543.26791 3411.63754
v 225.39818 -412.43047 3513.13305
v 225.39818 -412.43047 3513.13305
v 226.28832 -409.60762 3510.72788
v 224.49595 -409.67751 3507.15327
v 221.44684 -411.32376 3506.33192
v 221.51974 -413.82083 3509.72390
v 194.98017 -368.85318 3544.08979
v 194.98017 -368.85318 3544.08979
v 196.47568 -365.20097 3541.45479
v 194.10175 -364.74440 3537.23836
v 191.09243 -367.59585 3536.96346
v 192.13745 -369.60369 3541.15772
v 245.73702 -448.99717 3479.78687
v 248.01588 -447.21279 3481.56714
v 246.12013 -451.75236 3484.09057
v 251.02291 -448.62133 3483.41131
v 249.91673 -450.33407 3487.37049
v 249.91673 -450.33407 3487.37049
v 336.24807 -546.60600 3410.52055
v 336.24807 -546.60600 3410.52055
v 335.24030 -544.41446 3409.66034
v 334.01841 -544.52562 3407.16600
v 333.67518 -545.40271 3406.17299
v 334.66366 -547.17028 3408.27203
v 335.32453 -547.47117 3407.70054
v 308.84531 -521.53546 3427.32143
v 309.92845 -518.90701 3428.17712
v 312.09624 -519.39696 3431.37908
v 311.50788 -522.31395 3432.08981
v 311.50788 -522.31395 3432.08981
v 309.66705 -524.10412 3429.37827
v 492.11678 83.27870 3627.33841
v 493.93904 84.28949 3623.55733
v 489.53441 86.08292 3629.12154
v 492.42118 87.45266 3622.23840
v 492.42118 87.45266 3622.23840
v 489.87836 88.86959 3625.79417
v 538.04809 97.26432 3635.08391
v 540.36808 98.16897 3631.36578
v 535.68441 100.46139 3637.16531
v 539.45446 102.01503 3630.01275
v 539.45446 102.01503 3630.01275
v 536.94451 103.03132 3633.43692
v 590.65878 107.84709 3639.00375
v 590.88528 109.14116 3635.40983
v 589.42294 111.20959 3640.51247
v 591.07196 111.93670 3634.14359
v 591.07196 111.93670 3634.14359
v 589.89644 113.23553 3637.16769
v 659.55198 123.11879 3642.98797
v 660.47299 123.07358 3639.31203
v 659.00481 125.97510 3644.20128
v 660.29441 126.62767 3638.41581
v 660.29441 126.62767 3638.41581
v 658.81252 127.83547 3641.36267
v 736.16314 148.52507 3650.26617
v 736.83953 149.10683 3647.12381
v 733.42228 151.17927 3650.90656
v 735.52024 151.50566 3646.70563
v 735.52024 151.50566 3646.70563
v 732.12767 152.62134 3649.34540
v 820.91022 189.18857 3663.84172
v 820.97542 189.74780 3660.86078
v 818.48800 191.02035 3665.65394
v 820.47749 191.71971 3659.39116
v 820.47749 191.71971 3659.39116
v 819.98312 192.82916 3661.11398
v 846.44163 202.67008 3661.10134
v 846.35162 203.21012 3658.86474
v 845.52538 203.34755 3660.59518
v 846.04061 203.80957 3659.03163
v 846.04061 203.80957 3659.03163
v 845.10255 204.80466 3659.61051
v 853.16467 207.21318 3661.10730
v 826.87926 198.00887 3663.77234
v 825.54221 194.31330 3672.56641
v 829.19741 193.38188 3664.98303
v 831.10321 195.22893 3661.23223
v 829.87010 197.23959 3660.38847
v 829.87010 197.23959 3660.38847
v 837.80217 198.71742 3659.82890
v 834.75161 198.66589 3662.79435
v 837.15916 200.19944 3660.05301
v 837.15916 200.19944 3660.05301
v 835.68835 200.44510 3660.78758
v 836.30598 198.69700 3662.19330
v 831.21288 199.10155 3662.16850
v 832.66819 195.98071 3663.26499
v 834.74565 197.19602 3661.18360
v 829.17786 196.93811 3665.73620
v 833.41932 198.70450 3659.89804
v 833.41932 198.70450 3659.89804
v 482.23156 77.56317 3626.90043
v 484.65705 78.95266 3620.14389
v 476.97809 82.22921 3629.40073
v 481.41420 83.53139 3618.87479
v 481.41420 83.53139 3618.87479
v 477.39810 85.44089 3624.04585
v 438.55441 74.54424 3644.12832
v 420.83925 74.92578 3648.78225
v 434.86261 67.43759 3644.03749
v 424.99557 67.80991 3643.54300
v 424.99557 67.80991 3643.54300
v 431.89272 77.03902 3648.48614
v 447.83661 79.89676 3623.68917
v 438.41976 80.75629 3623.55661
v 443.73244 77.07706 3621.29545
v 440.00909 76.93745 3621.65499
v 440.00909 76.93745 3621.65499
v 443.61854 81.83829 3624.42732
v 470.73454 93.93522 3560.88805
v 463.73403 94.29261 3561.30648
v 468.67561 91.98728 3560.17423
v 464.01742 90.94773 3560.30250
v 464.01742 90.94773 3560.30250
v 467.90752 95.38008 3561.56898
v 511.22022 105.81866 3453.52340
v 504.96471 107.11393 3453.25112
v 509.61673 103.68131 3452.73924
v 505.27835 103.52032 3452.84939
v 505.27835 103.52032 3452.84939
v 508.65531 107.76670 3452.64411
v 458.86466 85.81172 3592.30709
v 454.08547 85.86939 3592.00573
v 454.08547 85.86939 3592.00573
v 457.69992 90.69207 3593.75477
v 461.25436 88.23591 3593.26029
v 453.16035 89.33406 3593.21404
v 527.25077 113.55788 3430.94468
v 521.55030 114.53520 3427.49357
v 524.79208 111.05634 3428.95079
v 523.01168 111.24058 3428.24674
v 523.01168 111.24058 3428.24674
v 525.52116 115.52657 3429.62718
v 568.34018 140.86659 3386.68442
v 564.87143 142.05734 3385.25677
v 568.29572 139.84533 3385.13279
v 567.10279 139.25242 3384.18102
v 567.10279 139.25242 3384.18102
v 567.68298 141.93887 3385.62989
v 613.54983 168.82767 3342.73720
v 609.61962 169.38020 3340.82556
v 612.31291 167.17164 3340.09361
v 610.93426 167.59421 3340.11626
v 610.93426 167.59421 3340.11626
v 611.28879 169.46439 3342.44037
v 653.49901 190.26816 3306.88667
v 650.64776 190.87736 3305.52459
v 653.21922 189.17978 3305.30310
v 652.12464 188.92640 3304.80433
v 652.12464 188.92640 3304.80433
v 652.12750 190.88040 3306.41937
v 654.75047 191.00578 3303.03669
v 543.45691 123.37196 3408.24461
v 543.45691 123.37196 3408.24461
v 546.67795 121.84028 3409.50632
v 544.90179 126.43652 3410.57158
v 541.85295 125.70883 3408.64611
v 546.80413 124.76182 3411.28230
v 511.73121 109.94598 3438.22289
v 516.40290 110.87531 3439.11767
v 516.90507 106.58342 3438.91001
v 512.55417 105.75216 3437.34217
v 512.55417 105.75216 3437.34217
v 518.94593 108.94381 3440.58013
v 516.25997 109.23602 3428.65562
v 516.25997 109.23602 3428.65562
v 519.38593 107.76944 3428.14016
v 519.38593 107.76944 3428.14016
v 519.38593 107.76944 3428.14016
v 519.43886 106.19089 3429.70657
v 519.43886 106.19089 3429.70657
v 513.93306 108.20568 3431.68592
v 513.93306 108.20568 3431.68592
v 517.17257 105.72049 3432.54304
v 517.17257 105.72049 3432.54304
v 514.15515 105.88080 3433.57086
v 514.15515 105.88080 3433.57086
v 514.15515 105.88080 3433.57086
v 514.15515 105.88080 3433.57086
v 514.15622 105.07306 3423.83599
v 515.85233 104.15164 3423.59066
v 517.04335 103.39901 3423.70033
v 512.83956 104.03652 3425.13800
v 514.44328 103.21662 3424.88670
v 511.99239 103.02742 3425.76241
v 511.99239 103.02742 3425.76241
v 515.20753 100.28501 3417.44614
v 89.65015 12.53740 3828.58300
v 81.01785 18.97590 3821.05374
v 81.01785 18.97590 3821.05374
v 82.50600 5.01203 3821.77353
v 74.14599 6.51959 3815.22703
v 85.99387 23.49149 3827.45814
v 252.22898 51.51896 3733.76870
v 245.95262 55.64850 3724.47276
v 245.95262 55.64850 3724.47276
v 250.30553 43.83424 3726.53317
v 245.66500 49.60771 3721.43626
v 252.08986 56.03455 3732.30410
v 441.71780 71.48252 3646.34275
v 436.36927 79.59715 3637.94684
v 436.36927 79.59715 3637.94684
v 440.08189 67.11239 3639.24742
v 437.60362 71.06977 3635.51474
v 440.08291 77.57635 3643.63122
v 618.69657 107.36977 3566.68186
v 613.51311 110.05062 3561.36632
v 613.51311 110.05062 3561.36632
v 615.51714 104.05225 3563.35282
v 612.71262 107.21065 3559.93509
v 617.84899 109.36020 3567.00420
v 709.29110 137.22941 3532.95970
v 705.91450 141.05265 3526.79205
v 705.91450 141.05265 3526.79205
v 707.74794 135.24187 3525.66814
v 707.20196 134.96077 3521.40689
v 707.99422 141.27408 3533.60724
v 796.35584 167.24189 3511.35588
v 795.36724 167.70700 3507.93242
v 795.36724 167.70700 3507.93242
v 795.76826 164.39961 3507.66230
v 794.73555 167.43320 3505.64098
v 797.12725 168.02827 3511.87181
v 896.24870 180.19028 3490.85855
v 895.24829 182.22643 3486.04727
v 895.24829 182.22643 3486.04727
v 895.14792 178.88616 3485.94856
v 894.90354 180.51553 3482.56159
v 896.10243 181.84407 3491.10699
v 960.12807 187.26292 3478.19543
v 959.42044 189.46196 3473.71650
v 959.42044 189.46196 3473.71650
v 959.89645 184.41834 3473.14382
v 959.53929 185.72442 3472.37492
v 959.89525 189.87535 3478.85561
v 984.27439 187.38268 3471.98200
v 325.09479 58.86108 3691.60914
v 318.94171 60.70481 3692.34157
v 322.85154 56.77804 3691.63108
v 318.49790 57.03495 3692.60764
v 318.49790 57.03495 3692.60764
v 322.56514 60.93837 3690.95397
v 335.10664 62.32018 3666.86845
v 328.40627 63.40273 3664.71863
v 331.54079 59.80393 3666.04900
v 329.55050 60.06745 3665.73381
v 329.55050 60.06745 3665.73381
v 333.27553 64.28617 3665.65561
v 366.56475 80.32988 3614.16531
v 362.81398 81.66742 3613.34324
v 365.83003 79.12262 3612.98537
v 364.21347 78.52405 3612.48350
v 364.21347 78.52405 3612.48350
v 365.74265 81.33262 3613.14845
v 402.38264 98.64621 3560.81200
v 397.89587 99.32904 3559.76915
v 399.97783 96.78096 3559.01265
v 398.67264 97.33455 3559.22127
v 398.67264 97.33455 3559.22127
v 400.12220 99.45683 3560.86731
v 434.44771 111.93383 3516.94918
v 431.23761 112.64047 3516.17527
v 433.45398 110.67730 3515.79952
v 432.14521 110.46496 3515.61761
v 432.14521 110.46496 3515.61761
v 433.02131 112.61590 3516.68334
v 434.56358 112.08028 3513.13114
v 345.61703 67.82174 3641.58988
v 345.61703 67.82174 3641.58988
v 349.00498 66.14631 3642.37809
v 348.37160 71.03615 3642.79747
v 344.54355 70.35549 3641.81447
v 350.22667 69.27253 3643.37850
v 321.27649 61.05300 3677.07920
v 326.43104 61.65694 3676.78714
v 326.11990 57.29573 3677.32358
v 321.08313 56.67728 3676.93424
v 321.08313 56.67728 3676.93424
v 329.13435 59.67014 3677.96326
v 322.54815 58.74341 3667.80043
v 322.54815 58.74341 3667.80043
v 325.26484 56.92303 3667.00935
v 325.26484 56.92303 3667.00935
v 325.26484 56.92303 3667.00935
v 325.56027 55.53359 3668.69712
v 325.56027 55.53359 3668.69712
v 321.02966 58.30390 3671.15331
v 321.02966 58.30390 3671.15331
v 324.13664 55.62415 3671.75937
v 324.13664 55.62415 3671.75937
v 321.46990 56.19208 3673.23422
v 321.46990 56.19208 3673.23422
v 321.46990 56.19208 3673.23422
v 321.46990 56.19208 3673.23422
v 318.11655 54.18570 3664.70885
v 319.58020 53.07665 3664.33430
v 320.68294 52.22717 3664.34336
v 317.04202 53.43285 3666.32485
v 318.42887 52.43332 3665.94458
v 316.22061 52.58038 3667.23990
v 316.22061 52.58038 3667.23990
v 316.23030 48.51627 3659.72090
v -39.12278 20.59722 3907.31692
v -41.09528 25.62188 3910.84766
v -34.07319 24.82206 3902.87828
v -126.95277 39.85274 3859.29012
v -21.29895 10.07361 3918.81990
v -23.32314 18.26396 3925.97508
v -10.89194 17.53042 3912.56189
v -9.08731 28.28068 3916.63194
v -15.52251 28.54649 3924.34216
v -15.52251 28.54649 3924.34216
v -32.91965 33.06840 3904.50644
v -36.94812 33.05452 3910.02226
v -36.94812 33.05452 3910.02226
v -122.85969 52.70429 3855.90529
v -126.77342 53.38011 3860.80813
v -126.77342 53.38011 3860.80813
v -122.33221 44.60153 3853.88827
v -223.77032 67.41939 3814.54325
v -225.31641 67.26809 3819.79895
v -225.31641 67.26809 3819.79895
v -224.49562 60.67518 3812.12115
v -354.55769 89.73195 3760.22911
v -356.69869 89.68368 3765.13052
v -356.69869 89.68368 3765.13052
v -356.35293 83.70034 3758.04782
v -502.86388 113.36613 3700.25897
v -506.70606 111.85371 3705.22189
v -506.70606 111.85371 3705.22189
v -505.12093 108.45752 3699.77188
v -693.95977 138.30835 3632.40075
v -693.12769 137.42705 3636.15203
v -693.12769 137.42705 3636.15203
v -692.66504 131.37472 3628.25155
v -711.29268 142.69762 3622.18404
v -711.45600 128.10880 3614.33315
v -714.22046 142.74278 3627.78449
v -714.22046 142.74278 3627.78449
v -718.88179 144.14269 3622.98656
v -727.01842 145.81151 3623.16847
v -715.82776 137.65721 3620.65077
v -721.28409 144.30889 3626.59431
v -721.28409 144.30889 3626.59431
v -729.07692 145.25527 3624.45450
v -729.07692 145.25527 3624.45450
v -723.39618 139.50209 3626.57428
v -729.11912 142.20792 3626.54591
v -715.58011 137.39011 3628.99685
v -720.04646 136.25640 3625.18167
v -713.07123 131.29979 3626.01733
v -727.76836 140.77745 3623.29125
v -747.97571 144.55405 3619.71259
v -725.30103 140.94819 3622.52927
v -746.49292 146.80785 3619.63034
v -746.13887 150.79020 3619.26389
v -763.06278 150.16896 3614.00104
v -746.83249 148.87801 3621.25397
v -746.83249 148.87801 3621.25397
v -746.89752 147.68825 3622.20526
v -694.76235 128.18326 3632.94649
v -693.55112 131.95170 3636.45840
v -507.91180 102.42209 3703.80664
v -507.71940 106.07597 3707.50070
v -357.68527 79.00022 3762.67052
v -358.21334 81.88394 3767.62366
v -227.17801 55.18024 3817.39950
v -226.06966 60.68785 3821.09809
v -129.93306 44.59137 3862.61177
v -19.29284 254.91130 3877.41518
v -19.29284 254.91130 3877.41518
v -43.14344 360.11639 3802.78325
v -43.14344 360.11639 3802.78325
v -12.14686 256.99654 3880.73373
v -36.43440 364.36713 3805.11284
v -16.26131 261.16750 3884.02796
v -40.21747 366.87115 3809.99660
v -23.78531 258.36641 3883.66365
v -48.34879 365.24162 3809.69644
v -26.73510 255.17160 3879.72617
v -48.89052 361.61247 3805.33075
v 3.28626 142.53673 3952.62527
v 3.28626 142.53673 3952.62527
v 9.40168 146.76726 3956.07352
v 6.69954 149.55029 3959.02562
v -0.91877 147.34250 3959.75351
v -5.02021 142.84998 3955.49774
v 16.62810 75.12665 3993.40367
v 16.62810 75.12665 3993.40367
v 25.06684 80.33770 3997.39861
v 22.24553 83.38264 4001.55258
v 12.80531 80.43192 4000.81205
v 11.00469 75.93744 3995.99910
v 25.77873 37.66974 4003.82185
v 25.77873 37.66974 4003.82185
v 46.46444 52.01019 4011.04307
v 35.74438 62.19073 4024.24622
v 12.89004 51.25809 4021.73138
v 10.76092 34.32941 4014.01424
v -12.32075 204.92172 3923.34652
v -5.95243 205.08596 3922.70160
v -16.40385 199.54878 3918.16401
v -3.15308 205.73187 3918.53356
v -8.17885 199.31996 3915.43770
v -8.17885 199.31996 3915.43770
v -46.65542 370.90036 3795.45736
v -46.65542 370.90036 3795.45736
v -43.74658 372.18839 3799.42155
v -46.59434 374.54271 3802.22154
v -49.31462 375.17467 3802.31190
v -51.08476 371.90697 3798.12098
v -50.70885 373.84579 3797.29724
v -35.87189 311.11461 3846.16852
v -28.03456 313.11995 3846.99368
v -24.72894 310.69010 3842.00311
v -32.04186 306.51191 3839.39934
v -32.04186 306.51191 3839.39934
v -39.70682 307.11582 3841.39919
v 23.06224 50.48753 3999.50624
v 23.06224 50.48753 3999.50624
v 17.03146 57.64187 4009.44567
v 19.48694 62.49699 4014.63652
v 30.09907 63.22964 4016.53194
v 36.64671 57.73212 4009.29832
v 17.55941 -132.25377 4016.41273
v 31.56425 -20.45868 4101.14956
v 22.25603 -134.21655 4019.11020
v 11.76629 -136.25702 4021.89541
v 3.95344 -228.27569 3932.11126
v 7.83617 -230.11869 3935.08554
v -1.73957 -233.40675 3938.17115
v 0.71654 -245.26814 3915.98606
v 6.13576 -247.66466 3917.36746
v -4.68162 -249.27518 3918.28823
v 2.00648 -261.49014 3910.55775
v -4.34866 -257.22057 3925.22073
v -4.34866 -257.22057 3925.22073
v 3.22799 -254.93792 3923.98834
v 5.09002 -236.02042 3943.07399
v -1.65273 -237.18983 3944.68379
v -1.65273 -237.18983 3944.68379
v 19.93438 -140.75032 4027.15349
v 35.28143 -32.68198 4115.67211
v 13.10812 -142.06761 4028.98121
v 13.10812 -142.06761 4028.98121
v 26.11288 -32.47743 4116.47177
v 26.11288 -32.47743 4116.47177
v 23.41074 -26.03037 4108.89101
v 38.91356 -23.76407 4104.12598
v 47.74332 46.39895 4225.52919
v 58.33249 38.69048 4220.63351
v 36.54768 47.99692 4222.12410
v 61.49466 84.82520 4199.78380
v 68.85622 80.96416 4196.82550
v 56.83662 85.82124 4196.80262
v 73.05717 111.02821 4188.20429
v 76.68561 108.73821 4185.62603
v 67.59332 112.15907 4185.94360
v 79.62628 133.24976 4177.23274
v 84.70619 129.68025 4174.86620
v 74.91492 134.10737 4174.78609
v 102.76932 191.20952 4146.94977
v 106.10558 188.43108 4144.34242
v 97.81787 192.03389 4144.00768
v 123.23635 246.03793 4121.76847
v 126.40049 242.78396 4118.83974
v 119.31226 246.84441 4118.43443
v 127.51734 254.60243 4113.58404
v 121.70747 243.68638 4113.94548
v 125.21574 242.12658 4115.67402
v 125.21574 242.12658 4115.67402
v 105.82151 187.09704 4141.32309
v 105.82151 187.09704 4141.32309
v 101.37064 188.72628 4140.53297
v 81.40148 129.27479 4170.55368
v 81.40148 129.27479 4170.55368
v 77.55303 130.38504 4170.89462
v 76.48199 106.00841 4181.83661
v 76.48199 106.00841 4181.83661
v 69.67157 109.23367 4182.34205
v 67.17903 78.22347 4190.80734
v 67.17903 78.22347 4190.80734
v 58.97573 82.35276 4191.45060
v 55.23656 34.95917 4213.01508
v 55.23656 34.95917 4213.01508
v 42.04487 40.32463 4213.76610
v 7.29365 32.05526 4284.73377
v 6.83169 35.62944 4293.41936
v 15.64601 29.11009 4287.02021
v -6.22958 50.14056 4259.16195
v -5.30037 55.32871 4261.10077
v -1.62397 50.48387 4258.45432
v -25.86534 77.12372 4220.75510
v -44.42943 108.66450 4184.43823
v -25.50947 79.85805 4223.14787
v -21.64916 77.33297 4219.12193
v -41.19590 108.64371 4183.96282
v -18.89403 80.17920 4221.09890
v 1.64946 53.89992 4259.96685
v -38.48726 110.94692 4185.80151
v -21.78965 82.13937 4223.78063
v -21.78965 82.13937 4223.78063
v -2.23862 56.47786 4262.31623
v -2.23862 56.47786 4262.31623
v -40.72644 112.90205 4188.65299
v -40.72644 112.90205 4188.65299
v -44.01041 110.85838 4186.43427
v -113.18666 215.34707 4073.30608
v -113.18666 215.34707 4073.30608
v -111.05950 214.02381 4069.65923
v -116.62427 213.65564 4072.15881
v -124.50136 229.47524 4055.92394
v -124.50136 229.47524 4055.92394
v -127.31534 233.09505 4052.19746
v -127.31534 233.09505 4052.19746
v -127.31534 233.09505 4052.19746
v -127.31534 233.09505 4052.19746
v -121.48009 227.64954 4052.11496
v -126.92133 225.67819 4055.46713
v -135.31412 232.60097 4040.22694
v -126.72551 222.28475 4053.83635
v -130.23788 233.08101 4050.88520
v -130.23788 233.08101 4050.88520
v -133.02593 235.26700 4047.44720
v -133.02593 235.26700 4047.44720
v -132.48356 243.63475 4047.64271
v -134.97718 243.87735 4045.88890
v -130.24405 243.68705 4049.10421
v -130.24405 243.68705 4049.10421
v -137.63349 252.63214 4044.36779
v -131.81716 244.44005 4044.69538
v -130.70633 243.77666 4047.25552
v -133.71421 244.28193 4045.18366
v -132.89642 236.64282 4044.32154
v -132.89642 236.64282 4044.32154
v -132.89642 236.64282 4044.32154
v -129.48343 236.92530 4043.73932
v -129.48343 236.92530 4043.73932
v -134.10126 234.08131 4039.76727
v -134.10126 234.08131 4039.76727
v -131.68776 234.63041 4035.68983
v -153.14348 245.23528 4004.67968
v -153.14348 245.23528 4004.67968
v -155.91165 242.90121 4006.85358
v -150.58219 244.78744 4002.71034
v -174.68177 258.68833 3961.20691
v -174.68177 258.68833 3961.20691
v -171.11136 257.59670 3959.41782
v -174.95102 256.95020 3961.12108
v -214.89769 283.30910 3882.32660
v -214.89769 283.30910 3882.32660
v -212.69883 282.54396 3881.18720
v -216.20971 282.88805 3882.50804
v -252.62821 300.94257 3819.45658
v -252.62821 300.94257 3819.45658
v -250.21684 300.18470 3818.17222
v -253.17186 299.85565 3819.38148
v -254.48734 301.31561 3815.05370
v -252.20907 297.63284 3819.46516
v -251.01984 298.55722 3818.64500
v -213.30979 279.99246 3882.15280
v -215.29388 278.90593 3882.67517
v -173.25719 256.05521 3959.30958
v -173.84574 254.87781 3961.29966
v -151.85893 241.14105 4002.94113
v -133.48828 230.29722 4035.61783
v -153.87420 240.01414 4005.06449
v -135.24809 228.62785 4038.63239
v -124.39415 224.46178 4050.90189
v -113.95638 213.02986 4067.65699
v -116.55954 211.51558 4070.10174
v -126.83117 234.69801 4047.98841
v -126.83117 234.69801 4047.98841
v 14.68598 40.12199 4294.55185
v 14.68598 40.12199 4294.55185
v 23.60270 33.87057 4291.88013
v 0.75908 -18.08270 4682.70254
v 6.70261 -26.57203 4689.73732
v -9.19016 -6.93494 4690.17076
v -148.27421 -91.75682 4608.34026
v -144.26419 -102.49123 4611.12309
v -153.42766 -88.20933 4610.78691
v -284.21625 -189.03282 4500.73957
v -283.43651 -196.61859 4504.34828
v -291.07639 -184.14387 4505.65290
v -426.74074 -262.26860 4405.14326
v -424.29578 -266.18350 4408.44202
v -428.18475 -259.88111 4406.37779
v -493.70882 -299.58403 4348.95468
v -494.47238 -305.50605 4353.10841
v -497.97544 -295.62756 4350.65842
v -556.00828 -326.59465 4287.71925
v -554.19642 -332.06519 4288.56039
v -556.96034 -325.69596 4287.10127
v -613.89530 -362.99482 4204.56648
v -614.45850 -367.97193 4207.07512
v -615.77499 -361.27049 4205.32846
v -649.18560 -386.96814 4150.68340
v -648.18072 -393.69890 4151.73197
v -652.01628 -384.01836 4151.78013
v -660.08848 -399.50556 4129.78458
v -653.99891 -388.58923 4154.16145
v -653.99891 -388.58923 4154.16145
v -650.08628 -393.08059 4152.96412
v -618.14809 -369.31595 4209.40781
v -618.58624 -364.95239 4208.39405
v -618.58624 -364.95239 4208.39405
v -558.67970 -330.76680 4291.71515
v -558.03794 -328.77675 4290.28273
v -558.03794 -328.77675 4290.28273
v -496.02062 -308.46229 4355.40676
v -500.51767 -299.69808 4355.44395
v -500.51767 -299.69808 4355.44395
v -428.30211 -264.08520 4413.70440
v -430.52167 -260.84834 4413.25426
v -430.52167 -260.84834 4413.25426
v -288.51050 -194.04905 4509.77707
v -294.94739 -184.08480 4512.48550
v -294.94739 -184.08480 4512.48550
v -151.10637 -98.18234 4619.72713
v -155.33125 -90.79887 4619.97128
v -155.33125 -90.79887 4619.97128
v 4.48134 -25.83829 4700.78087
v -6.69679 -13.08636 4696.19560
v -6.69679 -13.08636 4696.19560
v -478.88461 -306.73024 4420.54272
v -478.88461 -306.73024 4420.54272
v -558.86984 -374.68487 4408.89263
v -558.86984 -374.68487 4408.89263
v -476.48948 -308.92530 4424.08419
v -557.03175 -376.63978 4411.29303
v -473.71489 -313.97617 4419.52801
v -553.88522 -379.94340 4408.20551
v -473.10326 -312.42943 4415.48347
v -554.48014 -380.27230 4404.41704
v -476.19346 -308.65836 4415.16495
v -557.44928 -377.15474 4405.38979
v -388.86005 -245.33644 4458.49180
v -388.86005 -245.33644 4458.49180
v -386.62657 -249.39030 4460.66046
v -384.04760 -253.05474 4457.52668
v -382.46930 -252.42195 4453.05920
v -385.57583 -247.62301 4452.43549
v -335.91786 -206.76336 4479.24089
v -335.91786 -206.76336 4479.24089
v -333.47166 -211.55836 4482.55205
v -329.76297 -215.92027 4479.06399
v -329.36338 -214.31352 4473.85931
v -333.16305 -209.04255 4474.84827
v -426.54365 -284.70707 4433.38156
v -427.61937 -283.89311 4437.64830
v -430.40374 -278.84245 4433.19559
v -431.95230 -282.44543 4439.97002
v -433.55495 -276.68986 4439.14795
v -433.55495 -276.68986 4439.14795
v -564.77672 -379.87676 4407.31716
v -564.77672 -379.87676 4407.31716
v -561.85257 -381.11374 4407.86028
v -560.12905 -383.66553 4405.64823
v -560.24659 -384.51836 4404.21104
v -563.17729 -381.86324 4404.50096
v -563.83181 -382.74789 4404.62351
v -525.33299 -355.00416 4409.82723
v -524.39761 -355.07569 4413.32817
v -527.65083 -351.86979 4416.19158
v -529.72126 -349.99302 4413.53607
v -529.72126 -349.99302 4413.53607
v -528.75715 -352.12341 4409.28745
v 140.47466 -203.44009 4529.68502
v 144.21844 -203.25927 4527.62270
v 141.12642 -205.17097 4533.60367
v 147.85782 -204.20952 4529.78373
v 147.85782 -204.20952 4529.78373
v 145.92090 -205.80938 4533.63132
v 122.12369 -245.84961 4517.79556
v 125.55286 -245.90850 4515.43474
v 122.59164 -248.18906 4521.98076
v 129.35746 -247.74598 4517.68684
v 129.35746 -247.74598 4517.68684
v 127.33027 -248.96917 4521.20781
v 103.32651 -287.32574 4498.52562
v 107.64630 -286.54268 4497.56384
v 104.03825 -290.14602 4501.95789
v 110.37451 -288.22154 4498.62432
v 110.37451 -288.22154 4498.62432
v 108.39477 -290.23543 4501.43623
v 80.65424 -342.15435 4473.64426
v 84.07538 -340.64963 4471.44699
v 81.13459 -344.80688 4476.26495
v 86.96685 -342.93047 4473.34099
v 86.96685 -342.93047 4473.34099
v 85.13713 -344.64929 4476.22204
v 56.98872 -411.49321 4452.52085
v 60.28724 -410.64370 4451.08700
v 58.80398 -412.38606 4455.90591
v 62.51043 -411.58366 4453.08113
v 62.51043 -411.58366 4453.08113
v 61.68956 -411.94266 4456.76804
v 31.79417 -501.36918 4439.49890
v 35.15019 -500.23222 4438.44652
v 31.83510 -502.42317 4442.74235
v 37.91492 -500.73338 4439.26096
v 37.91492 -500.73338 4439.26096
v 36.91614 -502.28214 4441.00094
v 31.92504 -525.71231 4433.21085
v 34.56115 -524.87540 4432.56903
v 33.16478 -525.44796 4433.88224
v 34.82874 -525.26939 4433.18176
v 34.82874 -525.26939 4433.18176
v 35.12419 -525.84141 4434.55935
v 31.73640 -533.32299 4432.50656
v 34.25673 -511.95687 4441.81681
v 23.70805 -512.98708 4444.25201
v 29.63866 -510.23173 4438.27534
v 33.76470 -510.79273 4436.70368
v 36.18761 -511.23685 4438.21526
v 36.18761 -511.23685 4438.21526
v 34.48094 -516.76679 4434.70955
v 32.56825 -516.55954 4437.64019
v 35.28855 -517.71158 4436.07235
v 35.28855 -517.71158 4436.07235
v 35.22982 -517.45087 4437.33454
v 32.60425 -517.16584 4436.56683
v 34.81912 -514.50014 4439.48412
v 31.45670 -513.42607 4437.28018
v 33.45261 -514.48792 4435.99033
v 30.76389 -513.50766 4440.84311
v 36.10083 -514.23013 4437.03651
v 36.10083 -514.23013 4437.03651
v 141.70998 -192.79559 4531.12411
v 148.49967 -191.64941 4527.61650
v 143.64800 -194.86128 4537.93335
v 153.51090 -192.76264 4531.58712
v 153.51090 -192.76264 4531.58712
v 150.73672 -194.78095 4537.25624
v 139.20534 -174.20910 4560.09769
v 141.45985 -166.69530 4571.77830
v 136.93987 -166.25209 4557.57570
v 141.47326 -160.51115 4562.76608
v 141.47326 -160.51115 4562.76608
v 138.60977 -174.70907 4567.14821
v 159.60404 -172.80892 4549.18003
v 163.84850 -167.92296 4554.60310
v 162.16649 -166.82060 4548.48576
v 163.16304 -164.72583 4550.52042
v 163.16304 -164.72583 4550.52042
v 161.51044 -172.31469 4552.94275
v 223.17514 -163.27055 4517.09223
v 225.64563 -159.69281 4521.18540
v 223.67230 -160.10100 4516.63542
v 224.79028 -156.60524 4518.49556
v 224.79028 -156.60524 4518.49556
v 224.33686 -163.15714 4519.78874
v 324.87503 -137.94768 4453.99380
v 328.27142 -135.18722 4457.96204
v 325.16778 -134.85278 4453.14741
v 326.64910 -132.24483 4455.37758
v 326.64910 -132.24483 4455.37758
v 327.81729 -137.54272 4456.15053
v 190.94458 -166.91051 4532.67860
v 193.13911 -163.99676 4535.08806
v 193.13911 -163.99676 4535.08806
v 192.50131 -170.96668 4536.99017
v 190.32544 -170.78957 4533.36763
v 194.09549 -166.91747 4538.28335
v 346.14450 -141.25745 4440.03344
v 352.44432 -136.82893 4442.05523
v 347.82544 -136.70735 4438.85565
v 349.34196 -135.43040 4439.58282
v 349.34196 -135.43040 4439.58282
v 349.22737 -141.11856 4441.56313
v 390.56623 -163.21644 4415.13824
v 394.02211 -161.37083 4417.04750
v 391.64373 -161.51729 4413.81502
v 392.77422 -159.82026 4413.63668
v 392.77422 -159.82026 4413.63668
v 392.48338 -163.12353 4415.66706
v 433.41526 -188.28437 4388.62705
v 437.21035 -185.38827 4390.16008
v 435.74569 -184.77812 4387.03537
v 436.48198 -184.32567 4388.03291
v 436.48198 -184.32567 4388.03291
v 434.93816 -187.31448 4390.07521
v 466.45096 -209.42158 4364.53533
v 469.28939 -207.50272 4365.78846
v 467.61674 -207.51309 4363.27982
v 468.42161 -206.39560 4363.46865
v 468.42161 -206.39560 4363.46865
v 467.79224 -208.85931 4365.42273
v 470.34147 -208.64828 4362.57172
v 368.57805 -146.28181 4427.21558
v 368.57805 -146.28181 4427.21558
v 365.20785 -147.61624 4425.14849
v 367.24555 -150.87612 4429.42953
v 370.03061 -147.45270 4429.69656
v 364.88014 -151.02252 4427.71387
v 342.70415 -133.23098 4449.27883
v 340.46385 -137.20411 4447.81208
v 338.19523 -133.91326 4444.78321
v 341.05936 -129.83981 4445.83416
v 341.05936 -129.83981 4445.83416
v 336.93570 -137.92804 4445.94431
v 350.46607 -130.08274 4442.07191
v 350.46607 -130.08274 4442.07191
v 349.00597 -130.44378 4439.28051
v 349.00597 -130.44378 4439.28051
v 349.00597 -130.44378 4439.28051
v 346.52340 -130.05328 4438.98869
v 346.52340 -130.05328 4438.98869
v 347.68417 -129.54256 4444.04268
v 347.68417 -129.54256 4444.04268
v 344.21673 -129.89570 4441.18738
v 344.21673 -129.89570 4441.18738
v 344.40848 -128.82133 4443.34412
v 344.40848 -128.82133 4443.34412
v 344.40848 -128.82133 4443.34412
v 344.40848 -128.82133 4443.34412
v 354.04629 -122.85377 4438.37881
v 353.15153 -122.96675 4436.80191
v 352.17503 -123.11473 4435.75811
v 352.65705 -121.95604 4439.02302
v 351.85817 -122.09392 4437.55484
v 351.80125 -120.98524 4439.12649
v 351.80125 -120.98524 4439.12649
v 357.69469 -116.10758 4431.91910
v 50.54889 -20.65971 4789.44349
v 65.11537 -16.70645 4794.53373
v 65.11537 -16.70645 4794.53373
v 56.34710 -6.67630 4785.39562
v 67.16185 0.56916 4787.72640
v 58.97097 -26.76620 4797.66321
v 106.40848 -95.52884 4684.78775
v 120.65796 -90.12182 4686.39374
v 120.65796 -90.12182 4686.39374
v 110.53960 -84.23790 4677.70147
v 120.68863 -83.41000 4681.39553
v 110.38560 -98.29990 4686.99837
v 134.05633 -174.79238 4557.54566
v 149.14063 -173.64258 4561.55539
v 149.14063 -173.64258 4561.55539
v 139.69862 -166.42702 4552.43444
v 146.63020 -166.14002 4554.48771
v 140.74427 -177.28420 4560.95266
v 167.01233 -263.85593 4450.34266
v 175.94862 -260.08981 4452.29816
v 175.94862 -260.08981 4452.29816
v 169.91833 -257.49531 4448.42434
v 176.22444 -256.54325 4450.29640
v 168.06865 -265.14605 4452.17419
v 182.71130 -322.59172 4405.84707
v 192.43804 -320.34132 4407.17268
v 192.43804 -320.34132 4407.17268
v 189.79141 -316.10039 4402.07958
v 194.26036 -313.22727 4400.23851
v 184.70117 -325.45784 4409.34134
v 187.32548 -386.00230 4368.85643
v 191.49759 -383.93104 4368.09635
v 191.49759 -383.93104 4368.09635
v 189.85754 -381.34333 4365.70406
v 193.96639 -382.08908 4367.20753
v 186.91209 -387.37136 4369.17686
v 176.72378 -443.72031 4315.01675
v 183.17381 -442.15506 4314.60333
v 183.17381 -442.15506 4314.60333
v 181.53331 -439.34095 4312.53338
v 186.00035 -438.66652 4312.12282
v 177.40530 -445.10800 4316.23602
v 168.84044 -479.89577 4280.03931
v 174.92005 -478.81499 4279.72651
v 174.92005 -478.81499 4279.72651
v 172.63827 -474.70152 4276.07632
v 174.26850 -475.12916 4276.72386
v 169.64112 -482.23281 4282.08971
v 165.97438 -490.72570 4264.57596
v 125.69594 -121.07495 4631.73485
v 128.30578 -119.36659 4636.45124
v 125.43160 -118.08992 4631.62804
v 126.24535 -116.28413 4634.52387
v 126.24535 -116.28413 4634.52387
v 128.46147 -120.91760 4634.05609
v 149.25119 -116.22179 4617.28430
v 154.64848 -112.00398 4620.49389
v 150.13838 -111.65342 4617.21754
v 151.37625 -110.53012 4618.28327
v 151.37625 -110.53012 4618.28327
v 152.26367 -116.07852 4618.91365
v 201.17840 -120.41618 4587.79669
v 204.19544 -118.85496 4590.22284
v 202.03969 -118.36575 4586.89070
v 202.86584 -116.66204 4587.13818
v 202.86584 -116.66204 4587.13818
v 203.08352 -120.19107 4588.38606
v 252.25234 -127.05393 4555.91011
v 255.43350 -124.41225 4558.21514
v 254.05055 -123.15619 4555.18913
v 254.63563 -122.95437 4556.31495
v 254.63563 -122.95437 4556.31495
v 253.50329 -126.41746 4557.62768
v 292.28222 -132.61078 4527.21834
v 294.70336 -130.88194 4528.99027
v 293.18631 -130.38550 4526.43204
v 293.76838 -129.34884 4526.90411
v 293.76838 -129.34884 4526.90411
v 293.47360 -132.18290 4528.27024
v 296.26462 -130.71243 4525.49839
v 174.25886 -113.01853 4603.59573
v 174.25886 -113.01853 4603.59573
v 171.23723 -114.07574 4601.13430
v 173.65661 -117.88904 4604.70104
v 175.79362 -114.56253 4605.83925
v 171.39636 -117.86503 4602.89526
v 143.37328 -112.68114 4628.44515
v 141.99993 -116.02558 4625.97799
v 139.23979 -112.60918 4623.67439
v 141.26438 -108.94997 4625.75817
v 141.26438 -108.94997 4625.75817
v 138.67642 -116.64219 4623.86036
v 151.24604 -106.49122 4622.08700
v 151.24604 -106.49122 4622.08700
v 150.04063 -106.17632 4619.16399
v 150.04063 -106.17632 4619.16399
v 150.04063 -106.17632 4619.16399
v 147.43955 -106.14680 4618.91794
v 147.43955 -106.14680 4618.91794
v 148.13197 -107.07807 4624.14837
v 148.13197 -107.07807 4624.14837
v 144.87204 -107.05917 4621.12617
v 144.87204 -107.05917 4621.12617
v 144.68279 -106.76372 4623.55709
v 144.68279 -106.76372 4623.55709
v 144.68279 -106.76372 4623.55709
v 144.68279 -106.76372 4623.55709
v 153.73027 -98.52468 4620.16392
v 152.95902 -98.27945 4618.53313
v 152.06924 -98.24248 4617.42926
v 152.07374 -98.16947 4621.00077
v 151.39657 -97.96475 4619.47584
v 150.99096 -97.49904 4621.32168
v 150.99096 -97.49904 4621.32168
v 156.59676 -90.11267 4615.34214
v 107.31070 198.68582 4953.93372
v 64.95200 57.73139 5080.67369
v 114.73396 193.11327 4951.22528
v 98.12615 198.17340 4949.73898
v 144.34327 333.42794 4845.36648
v 150.35847 328.08572 4842.86261
v 135.57702 332.60578 4839.85281
v 149.91404 359.17285 4826.24197
v 159.00096 354.67649 4822.98756
v 142.22476 361.85244 4822.05105
v 159.44290 369.79562 4807.47175
v 143.79928 356.80547 4812.75511
v 143.79928 356.80547 4812.75511
v 155.28271 352.02092 4814.75210
v 146.01475 323.35016 4836.17878
v 135.33604 326.75061 4835.39009
v 135.33604 326.75061 4835.39009
v 111.28116 188.23761 4943.77375
v 71.39341 43.50222 5066.04385
v 100.46538 191.50996 4942.81864
v 100.46538 191.50996 4942.81864
v 56.58798 49.02020 5067.06238
v 56.58798 49.02020 5067.06238
v 51.99533 56.96177 5074.84198
v 76.99455 50.44991 5076.18141
v 35.33721 45.04307 5585.63471
v 61.58155 26.18844 5567.02805
v 53.39179 48.19136 5599.11585
v 72.50857 42.01951 5586.42769
v 72.50857 42.01951 5586.42769
v 37.61442 32.37518 5574.36657
v 40.79212 76.61441 5570.24097
v 57.74304 69.84405 5557.07884
v 56.63837 79.49942 5571.05923
v 63.43966 76.59887 5567.31415
v 63.43966 76.59887 5567.31415
v 44.78781 71.22986 5560.93931
v 64.49240 168.27434 5522.64118
v 77.38614 164.15441 5513.34953
v 72.46263 170.46484 5524.21331
v 83.31832 169.28636 5520.99323
v 83.31832 169.28636 5520.99323
v 67.06913 164.48328 5516.14761
v 58.93271 334.67686 5462.01611
v 69.38635 330.94075 5450.86384
v 66.37990 337.37347 5464.56003
v 75.14637 335.44552 5459.60855
v 75.14637 335.44552 5459.60855
v 61.52010 332.81153 5453.43733
v 58.85600 124.70791 5548.64264
v 68.39785 121.90294 5542.76514
v 68.39785 121.90294 5542.76514
v 51.42676 118.07390 5535.95543
v 49.11165 123.05911 5545.92991
v 63.03256 116.86592 5533.75721
v 34.09310 367.53306 5446.03348
v 46.78179 369.14012 5433.89559
v 44.91245 372.04343 5447.45541
v 48.74845 372.11126 5444.24343
v 48.74845 372.11126 5444.24343
v 35.37901 366.67565 5438.11178
v -54.08306 423.54259 5397.53008
v -47.95606 422.88765 5389.22501
v -50.91751 426.91466 5398.74220
v -46.72284 428.42993 5397.94779
v -46.72284 428.42993 5397.94779
v -53.65039 423.70662 5393.31245
v -151.78910 480.23403 5352.84662
v -143.24853 480.76880 5345.12997
v -144.23573 485.37594 5353.25813
v -142.23406 484.28601 5350.53301
v -142.23406 484.28601 5350.53301
v -148.11862 479.00435 5348.25611
v -235.27294 529.28305 5323.53163
v -229.45032 529.41424 5317.45052
v -231.50143 532.66859 5324.58735
v -228.47095 533.19299 5323.44627
v -228.47095 533.19299 5323.44627
v -233.17331 528.73051 5319.98205
v -235.59967 534.83349 5320.35685
v 5.53593 398.47821 5425.17567
v 5.53593 398.47821 5425.17567
v 0.61617 399.62757 5433.86555
v -4.51165 392.42864 5421.38529
v 4.44207 394.71683 5417.84668
v -6.09617 393.96524 5428.34759
v 64.47252 353.50040 5440.93513
v 52.87592 353.26758 5445.22476
v 59.25933 358.29553 5456.03800
v 70.64717 359.57471 5451.39599
v 70.64717 359.57471 5451.39599
v 49.79064 354.23234 5454.18501
v 65.11770 370.58926 5440.94896
v 65.11770 370.58926 5440.94896
v 61.84252 374.29026 5447.99471
v 61.84252 374.29026 5447.99471
v 61.84252 374.29026 5447.99471
v 63.00486 373.62048 5453.07159
v 63.00486 373.62048 5453.07159
v 68.78415 366.09265 5442.85440
v 68.78415 366.09265 5442.85440
v 65.78340 368.85414 5453.55463
v 65.78340 368.85414 5453.55463
v 70.58354 365.80271 5450.18625
v 70.58354 365.80271 5450.18625
v 70.58354 365.80271 5450.18625
v 70.58354 365.80271 5450.18625
v 80.50769 381.22934 5444.64493
v 78.90908 383.31684 5448.79770
v 77.71593 384.47103 5452.18563
v 83.70607 379.77788 5446.49887
v 82.12623 381.72656 5450.28734
v 86.52566 379.52131 5448.35234
v 86.52566 379.52131 5448.35234
v 92.07788 396.27990 5452.58427
v 72.41497 232.28472 5500.64850
v 66.93563 232.31317 5497.53571
v 73.92906 228.26406 5497.26582
v 64.60831 228.38856 5493.25609
v 70.13951 225.98708 5492.45453
v 70.13951 225.98708 5492.45453
v 110.72977 265.09082 5468.20211
v 105.52287 265.92523 5464.80274
v 114.83962 261.79963 5464.43844
v 106.03637 262.22098 5459.95140
v 110.09360 259.66084 5460.20699
v 110.09360 259.66084 5460.20699
v 150.29722 319.12249 5422.33467
v 146.52938 319.44484 5421.23079
v 150.43473 316.60536 5421.36431
v 144.97691 317.74393 5418.60294
v 149.84894 315.09975 5417.32073
v 149.84894 315.09975 5417.32073
v 133.00912 291.61900 5446.10977
v 128.79008 291.31898 5444.08178
v 131.78965 286.78161 5439.37969
v 131.78965 286.78161 5439.37969
v 134.95353 288.52469 5442.79766
v 126.87761 289.83846 5440.77539
v 185.48840 362.33026 5376.74475
v 181.66408 363.45792 5374.72200
v 185.98738 359.67985 5374.50743
v 179.51819 360.63880 5370.32557
v 182.43384 358.19969 5370.29028
v 182.43384 358.19969 5370.29028
v 247.45613 398.16132 5345.69788
v 243.04038 399.70416 5344.19870
v 248.39061 394.50485 5343.23549
v 241.58037 396.34621 5339.07032
v 245.24355 393.22230 5338.55677
v 245.24355 393.22230 5338.55677
v 297.83621 437.97523 5317.09623
v 295.64387 438.16882 5315.80544
v 299.33819 435.23422 5314.46743
v 294.85518 436.55267 5312.98828
v 297.24434 434.83394 5312.88099
v 297.24434 434.83394 5312.88099
v 369.77643 499.36786 5282.92942
v 367.69184 499.89289 5281.62289
v 371.43517 496.82045 5281.44073
v 367.52117 498.28085 5278.40710
v 369.08051 496.10195 5277.59600
v 369.08051 496.10195 5277.59600
v 374.45298 502.29967 5281.29673
v -367.81815 145.58461 5338.62066
v -371.31763 149.98125 5337.29982
v -361.95782 147.60980 5338.43327
v -368.45574 155.28020 5336.84921
v -368.45574 155.28020 5336.84921
v -362.41800 153.94774 5337.07619
v -380.88170 134.84950 5276.99804
v -384.77567 138.88091 5275.22135
v -374.56802 136.88919 5276.16358
v -381.74266 144.70801 5273.61393
v -381.74266 144.70801 5273.61393
v -376.20351 143.08140 5274.17231
v -404.92979 122.09219 5212.52203
v -406.89337 127.18673 5212.56685
v -399.73393 124.49159 5210.59275
v -405.52169 131.40354 5210.61754
v -405.52169 131.40354 5210.61754
v -400.99487 129.99883 5209.71060
v -436.08353 108.09483 5127.38848
v -439.82741 111.60658 5127.80285
v -432.07985 110.01696 5125.25225
v -437.19813 116.36543 5125.49734
v -437.19813 116.36543 5125.49734
v -432.60324 115.06185 5125.00906
v -460.66079 98.36863 5025.00677
v -463.21625 102.06521 5024.98484
v -455.77601 101.50938 5025.51842
v -460.44397 105.52864 5024.60623
v -460.44397 105.52864 5024.60623
v -454.84549 105.17080 5026.28803
v -471.77726 94.95787 4899.79172
v -473.78936 98.68811 4900.36392
v -466.89412 95.86874 4900.19798
v -472.85846 102.51109 4899.85228
v -472.85846 102.51109 4899.85228
v -470.06497 102.03388 4898.86093
v -479.67789 102.48095 4863.57498
v -480.97983 105.45865 4864.05277
v -478.83520 104.07500 4864.17389
v -480.07455 106.02883 4863.84058
v -480.07455 106.02883 4863.84058
v -478.02457 106.81286 4863.81626
v -480.24583 104.73397 4852.98634
v -467.96829 102.07471 4886.62434
v -463.09736 89.34589 4887.74729
v -472.82079 95.05033 4887.44307
v -475.58939 100.26345 4885.36167
v -473.58620 103.73810 4885.35595
v -473.58620 103.73810 4885.35595
v -478.27584 102.91304 4876.14632
v -473.71399 100.85277 4878.27969
v -476.28278 104.47554 4875.55885
v -476.28278 104.47554 4875.55885
v -474.41408 104.50548 4876.62506
v -475.27763 100.94111 4876.85823
v -471.34855 103.30309 4881.83832
v -474.31275 98.30844 4882.40147
v -476.39200 101.01914 4880.03588
v -468.93051 98.00002 4884.37128
v -475.14954 104.46958 4880.68533
v -475.14954 104.46958 4880.68533
v -366.45818 143.74234 5353.58047
v -372.50859 151.47200 5352.41413
v -356.42260 147.96673 5354.43258
v -367.09896 158.85457 5352.61583
v -367.09896 158.85457 5352.61583
v -358.23286 156.87704 5353.39642
v -324.19902 138.64492 5395.09535
v -307.53070 140.74649 5411.50856
v -328.17534 132.64747 5404.59681
v -321.31055 137.26476 5414.73341
v -321.31055 137.26476 5414.73341
v -313.61434 139.13941 5398.45657
v -342.81862 162.50786 5388.63564
v -335.52420 167.08460 5397.78662
v -344.50060 163.62242 5396.00420
v -341.71242 164.49001 5399.85275
v -341.71242 164.49001 5399.85275
v -337.46564 165.34869 5391.21103
v -398.27755 235.40337 5376.53637
v -392.68255 237.96031 5383.37517
v -399.20402 234.88377 5380.47886
v -396.77343 235.40047 5386.09600
v -396.77343 235.40047 5386.09600
v -394.40387 237.26071 5378.08132
v -505.10633 346.77225 5364.06326
v -499.75184 350.77044 5369.63558
v -506.58464 345.95758 5367.70868
v -503.59106 347.29812 5372.30349
v -503.59106 347.29812 5372.30349
v -502.25377 350.71814 5365.50426
v -371.24613 197.93172 5383.89158
v -368.08479 200.10492 5388.92126
v -368.08479 200.10492 5388.92126
v -364.76350 201.96646 5380.70822
v -369.91772 198.57398 5379.14133
v -363.26346 202.81425 5386.69777
v -528.06592 372.88862 5349.47777
v -526.03436 379.72084 5355.87978
v -530.28131 373.29620 5354.73919
v -529.44684 374.90577 5356.69899
v -529.44684 374.90577 5356.69899
v -526.14570 377.00847 5350.19302
v -568.77196 433.23189 5301.22328
v -566.43212 437.30235 5304.40235
v -570.96386 433.82210 5302.64235
v -571.45834 434.65653 5304.69751
v -571.45834 434.65653 5304.69751
v -568.20631 435.72679 5301.43929
v -611.51743 492.38369 5248.05689
v -609.83896 496.46989 5252.39706
v -614.35890 493.91297 5251.61505
v -612.98490 494.85078 5252.70462
v -612.98490 494.85078 5252.70462
v -609.59291 494.21713 5250.00954
v -649.79637 538.04636 5202.58236
v -648.36740 541.20344 5205.55687
v -651.91054 538.68794 5204.31089
v -651.78740 539.36166 5205.83010
v -651.78740 539.36166 5205.83010
v -648.66114 539.70140 5203.69196
v -653.20158 542.44274 5202.09599
v -549.35336 401.25158 5333.10890
v -549.35336 401.25158 5333.10890
v -551.96857 397.09139 5330.51729
v -545.63367 401.46270 5328.33338
v -545.75622 403.88578 5332.77750
v -547.91081 398.23201 5327.42548
v -514.40990 367.17686 5365.82088
v -516.10029 365.45226 5359.90524
v -520.54894 360.96814 5362.86020
v -519.55342 363.39030 5368.60943
v -519.55342 363.39030 5368.60943
v -518.43774 360.91253 5358.26254
v -526.19338 374.89381 5365.15427
v -526.19338 374.89381 5365.15427
v -530.15959 372.72593 5363.25598
v -530.15959 372.72593 5363.25598
v -530.15959 372.72593 5363.25598
v -530.33781 369.38104 5363.88302
v -530.33781 369.38104 5363.88302
v -522.98129 371.46357 5367.28764
v -522.98129 371.46357 5367.28764
v -526.81720 366.72279 5365.57961
v -526.81720 366.72279 5365.57961
v -523.69571 366.93141 5368.21461
v -523.69571 366.93141 5368.21461
v -523.69571 366.93141 5368.21461
v -523.69571 366.93141 5368.21461
v -532.52554 376.42160 5372.39075
v -534.76405 375.07668 5371.44756
v -536.19778 373.72136 5370.76664
v -531.46553 374.44168 5374.10736
v -533.55086 373.24426 5373.18182
v -531.27337 373.03415 5375.56028
v -531.27337 373.03415 5375.56028
v -542.95182 377.77641 5377.41470
v 17.66943 8.30407 5739.73989
v 23.36409 26.31458 5746.34218
v 23.36409 26.31458 5746.34218
v 10.15297 10.29737 5755.60141
v 11.96601 21.97289 5765.47146
v 29.31695 22.39721 5735.26621
v -139.77700 89.07062 5574.37134
v -139.31708 105.64443 5580.99747
v -139.31708 105.64443 5580.99747
v -151.46291 89.39117 5585.08968
v -147.16019 102.62102 5587.18729
v -136.76922 95.43052 5571.46931
v -327.38057 131.88453 5393.43023
v -323.18228 151.34797 5395.60747
v -323.18228 151.34797 5395.60747
v -336.12239 135.43627 5401.17168
v -333.86558 144.49500 5401.96657
v -322.91508 141.79049 5391.28494
v -485.18249 187.89838 5210.04629
v -483.50671 198.30969 5215.23857
v -483.50671 198.30969 5215.23857
v -488.74679 189.13576 5217.18884
v -486.72917 197.14148 5218.84155
v -482.49933 189.96817 5209.23233
v -549.59440 221.16664 5104.50363
v -548.85280 233.00765 5107.22256
v -548.85280 233.00765 5107.22256
v -556.38695 227.39941 5110.33154
v -559.80158 231.83458 5112.66994
v -544.44790 225.22150 5102.41032
v -601.31407 243.04724 4998.10410
v -603.03950 247.54395 5000.00668
v -603.03950 247.54395 5000.00668
v -606.56881 244.19987 5002.30932
v -604.75016 249.92672 5001.71232
v -600.70860 243.03724 4996.49191
v -676.72789 240.98472 4891.49761
v -678.16234 248.61330 4892.67159
v -678.16234 248.61330 4892.67159
v -681.22685 245.24066 4895.45870
v -682.38091 250.64483 4895.65229
v -674.90673 242.51582 4890.24830
v -725.68762 237.92283 4824.12052
v -726.90284 245.25994 4824.74041
v -726.90284 245.25994 4824.74041
v -732.32353 240.38237 4828.45116
v -731.51767 242.70746 4828.06635
v -722.58747 240.05806 4822.05200
v -747.71428 235.59372 4801.19419
v -219.32246 114.25468 5508.16107
v -212.70344 117.72418 5512.82692
v -219.63146 112.88060 5512.13503
v -215.52469 113.74609 5516.09993
v -215.52469 113.74609 5516.09993
v -216.19004 118.08503 5509.38129
v -243.76065 140.42060 5504.00639
v -239.84835 146.35611 5510.89191
v -244.23510 139.98018 5510.00357
v -242.85731 141.33875 5511.97720
v -242.85731 141.33875 5511.97720
v -241.68459 144.46443 5504.79174
v -293.21367 203.55839 5476.19677
v -290.03802 207.24577 5479.33292
v -294.78142 203.81689 5478.34587
v -294.60925 204.32618 5480.68237
v -294.60925 204.32618 5480.68237
v -292.56445 206.00209 5476.62592
v -345.99131 266.07463 5443.85052
v -343.08010 269.58328 5448.34995
v -347.50143 266.92495 5448.48108
v -345.90456 267.77527 5449.32270
v -345.90456 267.77527 5449.32270
v -343.61559 267.71656 5445.53661
v -392.83970 314.62517 5415.94028
v -390.58062 317.39458 5418.99681
v -394.24527 314.89679 5418.38646
v -393.67065 315.35739 5419.98100
v -393.67065 315.35739 5419.98100
v -391.43455 316.16017 5416.97836
v -395.96063 318.79157 5417.09137
v -267.12936 169.12022 5497.91098
v -267.12936 169.12022 5497.91098
v -270.38696 165.24932 5495.43190
v -265.12372 170.18698 5492.06257
v -263.87209 171.95034 5496.93632
v -267.55676 167.01832 5491.32156
v -226.71144 133.42744 5515.67078
v -230.02510 132.44005 5509.94253
v -233.34682 127.39751 5513.52739
v -230.69547 129.04912 5519.39249
v -230.69547 129.04912 5519.39249
v -232.76374 128.08627 5508.28075
v -237.42816 140.37630 5519.55128
v -237.42816 140.37630 5519.55128
v -241.65893 138.28206 5518.45884
v -241.65893 138.28206 5518.45884
v -241.65893 138.28206 5518.45884
v -241.73394 134.91645 5518.63956
v -241.73394 134.91645 5518.63956
v -233.97574 136.92160 5520.25938
v -233.97574 136.92160 5520.25938
v -238.10530 132.29272 5518.93473
v -238.10530 132.29272 5518.93473
v -234.48601 132.32377 5520.71953
v -234.48601 132.32377 5520.71953
v -234.48601 132.32377 5520.71953
v -234.48601 132.32377 5520.71953
v -241.04857 140.52597 5528.89156
v -243.40233 139.20783 5528.38564
v -244.94630 137.89068 5527.90976
v -239.63839 138.42019 5530.01738
v -241.84281 137.25220 5529.50668
v -239.07974 136.85919 5531.21424
v -239.07974 136.85919 5531.21424
v -249.05041 140.56560 5537.15706
v 77.03978 -74.46429 5810.54258
v 85.59386 -75.05389 5810.26411
v 75.07604 -79.73056 5818.78042
v 90.14024 -176.80159 5713.88340
v 69.70723 -47.37139 5827.10838
v 84.36135 -46.33837 5828.05395
v 66.97785 -54.35290 5843.41145
v 79.78262 -56.58308 5850.30270
v 89.33470 -51.55474 5842.27180
v 89.33470 -51.55474 5842.27180
v 83.70856 -83.10702 5823.84253
v 90.11269 -79.11587 5818.70699
v 90.11269 -79.11587 5818.70699
v 97.54536 -187.24100 5724.80154
v 104.01933 -184.30792 5720.14093
v 104.01933 -184.30792 5720.14093
v 88.01541 -183.62178 5721.87090
v 117.56088 -285.33673 5609.87520
v 122.58317 -280.42167 5607.71751
v 122.58317 -280.42167 5607.71751
v 109.47182 -283.61976 5606.04334
v 145.92452 -415.41284 5462.41045
v 150.98503 -411.20261 5459.58662
v 150.98503 -411.20261 5459.58662
v 139.15291 -414.40219 5457.58486
v 177.92249 -560.08708 5294.37876
v 182.37248 -555.57537 5288.81693
v 182.37248 -555.57537 5288.81693
v 173.85007 -558.27057 5289.43062
v 222.10141 -732.91439 5075.01984
v 224.16046 -728.02168 5075.49334
v 224.16046 -728.02168 5075.49334
v 211.51146 -731.97842 5073.63462
v 224.60195 -754.28301 5056.23817
v 204.27401 -752.67655 5049.76606
v 230.67768 -749.75419 5052.47021
v 230.67768 -749.75419 5052.47021
v 229.79091 -757.79521 5047.59693
v 234.88224 -762.35181 5038.41209
v 220.45083 -754.48394 5048.49100
v 234.04726 -755.20003 5044.60096
v 234.04726 -755.20003 5044.60096
v 236.32257 -761.54345 5035.59971
v 236.32257 -761.54345 5035.59971
v 230.41187 -752.89947 5039.85786
v 235.29063 -757.30711 5034.09386
v 227.28026 -745.45962 5048.35129
v 224.78960 -750.66733 5042.53626
v 217.98176 -743.33221 5048.78283
v 230.59230 -759.14252 5035.22301
v 239.42427 -774.42664 5012.40206
v 229.07302 -758.95929 5038.34057
v 240.84564 -775.38258 5015.23066
v 244.10678 -778.30946 5017.47179
v 246.01611 -790.91442 4996.74034
v 244.31913 -775.23839 5015.68699
v 244.31913 -775.23839 5015.68699
v 244.05234 -773.46504 5015.03468
v 213.43745 -725.83318 5069.45562
v 219.48047 -724.17593 5072.49689
v 172.83678 -551.19532 5283.14877
v 179.35185 -549.72267 5284.88827
v 139.28889 -406.96955 5453.66192
v 146.46643 -403.97680 5454.12683
v 109.98890 -275.56169 5600.08955
v 117.86142 -274.93405 5603.78218
v 98.66479 -177.86391 5712.25405
v -326.41357 148.04019 5798.16389
v -326.41357 148.04019 5798.16389
v -493.65008 212.53823 5711.07435
v -493.65008 212.53823 5711.07435
v -327.57220 149.61836 5806.89859
v -498.19174 214.82015 5718.56022
v -334.39249 141.98613 5806.64873
v -502.33805 205.63152 5720.02602
v -332.01012 136.54743 5800.31729
v -501.81955 199.54292 5713.27257
v -328.30465 139.19099 5794.35492
v -496.95775 204.68411 5708.83417
v -148.83004 82.30677 5884.75418
v -148.83004 82.30677 5884.75418
v -153.38200 82.74545 5892.79127
v -157.85833 76.76792 5893.34965
v -156.28019 69.87930 5887.94470
v -150.94918 72.07078 5880.77068
v -42.72118 48.00474 5932.56235
v -42.72118 48.00474 5932.56235
v -48.14231 49.58506 5942.95311
v -52.92971 42.02604 5944.51809
v -50.79748 35.50921 5936.31554
v -44.98430 40.23927 5930.46331
v 15.58810 45.28324 5949.30124
v 15.58810 45.28324 5949.30124
v -0.23482 52.18586 5972.42022
v -16.59476 26.71006 5975.99936
v -5.89842 12.07725 5955.47104
v 17.95496 20.94825 5946.66862
v -247.05082 101.09663 5845.66069
v -245.88998 107.01609 5850.14153
v -240.49468 104.49505 5837.65030
v -246.55987 114.31813 5848.55509
v -238.50645 114.48099 5841.70294
v -238.50645 114.48099 5841.70294
v -511.00916 217.89201 5701.59435
v -511.00916 217.89201 5701.59435
v -511.90561 215.31542 5707.54385
v -515.79511 209.43516 5707.84616
v -517.34376 207.08400 5705.76429
v -513.28218 210.99454 5700.50907
v -516.13015 212.16862 5700.05846
v -415.89582 168.87486 5756.48022
v -416.99168 174.05927 5763.48162
v -413.07342 182.98730 5761.53755
v -408.80069 180.54730 5753.32022
v -408.80069 180.54730 5753.32022
v -411.27691 171.87399 5749.04919
v -4.33468 47.46536 5943.21632
v -4.33468 47.46536 5943.21632
v -15.43077 29.96986 5947.53313
v -21.59419 25.28260 5954.25367
v -20.08319 31.49119 5964.44130
v -11.08386 45.98761 5963.01794
v 0.05630 -36.53703 6441.94317
v -3.26243 -30.19862 6436.32174
v -3.22390 -28.98577 6450.44279
v -121.55875 -93.52909 6397.79472
v 13.04840 -41.80967 6441.22124
v 9.75119 -30.82628 6458.46653
v 6.42271 -30.36160 6430.12953
v -1.87975 -11.41876 6442.04140
v -6.36487 -19.24253 6441.10346
v 2.53043 -11.00265 6459.18608
v 2.53043 -11.00265 6459.18608
v -8.38518 -19.11327 6450.46186
v -8.38518 -19.11327 6450.46186
v -131.42976 -78.84400 6405.98917
v -131.42976 -78.84400 6405.98917
v -132.50953 -79.58123 6397.24350
v -127.80544 -88.81076 6406.89135
v -214.47921 -122.69031 6362.80537
v -214.47921 -122.69031 6362.80537
v -299.32764 -164.76999 6313.72976
v -299.32764 -164.76999 6313.72976
v -212.30859 -124.73907 6352.80848
v -211.20542 -130.25844 6362.93507
v -293.13684 -170.46100 6312.34455
v -206.83077 -135.98749 6355.94273
v -293.83180 -174.97951 6307.37114
v -208.29582 -130.86882 6352.38123
v -126.47426 -88.44821 6390.67221
v -294.35584 -171.83736 6303.19357
v -296.96053 -166.12194 6304.57640
v -453.32184 -233.88289 6231.99177
v -457.16268 -224.61115 6236.04393
v -452.33133 -238.70756 6236.91511
v -590.32005 -294.11244 6165.91740
v -595.69412 -284.24731 6171.25893
v -590.49523 -298.58226 6171.87595
v -717.20320 -350.08049 6091.63094
v -720.33650 -344.88097 6094.04945
v -716.73435 -353.39490 6093.46104
v -889.24921 -439.88770 5970.77084
v -893.65780 -434.87230 5973.31858
v -888.40914 -442.81426 5973.31619
v -897.73381 -448.28752 5968.12248
v -894.91057 -433.55802 5978.71542
v -894.91057 -433.55802 5978.71542
v -890.69313 -440.54738 5979.37489
v -720.77250 -349.59927 6099.51687
v -721.42029 -345.53185 6098.99044
v -721.42029 -345.53185 6098.99044
v -593.04392 -293.58232 6179.83055
v -597.62025 -284.43289 6179.83770
v -597.62025 -284.43289 6179.83770
v -454.82793 -234.43224 6242.45358
v -458.06378 -225.19657 6242.88702
v -458.06378 -225.19657 6242.88702
v 102.05847 49.10739 6538.53035
v 82.63844 23.78071 6531.15082
v 112.08820 30.49691 6539.21127
v 103.82444 14.86914 6528.72610
v 103.82444 14.86914 6528.72610
v 88.06622 45.26721 6539.62755
v 118.70584 61.67275 6502.39563
v 109.58595 47.85094 6492.77401
v 122.70646 48.63297 6495.39709
v 119.59536 42.55990 6492.72156
v 119.59536 42.55990 6492.72156
v 111.04885 58.70019 6498.75927
v 166.51019 92.07689 6392.83466
v 160.64163 81.77009 6385.23006
v 169.57538 85.47702 6389.54830
v 168.34342 76.37472 6384.55582
v 168.34342 76.37472 6384.55582
v 161.12077 90.17623 6390.39230
v 260.02693 182.51511 6228.00541
v 253.37401 175.06412 6219.67220
v 263.84059 176.29604 6225.17681
v 261.09201 169.24112 6220.27922
v 261.09201 169.24112 6220.27922
v 255.11271 182.00253 6222.68724
v 145.83497 71.66806 6445.29867
v 142.11287 63.84560 6440.16790
v 142.11287 63.84560 6440.16790
v 134.65607 79.25837 6444.17763
v 142.48489 80.38846 6448.00234
v 133.92946 69.18157 6439.64863
v 274.40321 222.48794 6200.78897
v 271.41443 215.52965 6186.99837
v 279.36500 214.36374 6194.68403
v 278.36075 211.95529 6191.14161
v 278.36075 211.95529 6191.14161
v 270.38693 223.33929 6195.60099
v 285.01683 337.30346 6155.47562
v 281.44792 334.08162 6148.22960
v 288.31419 335.52665 6152.68469
v 289.47076 332.67841 6149.57714
v 289.47076 332.67841 6149.57714
v 283.30529 338.23118 6152.33135
v 296.89661 459.67358 6115.48758
v 294.68840 454.63419 6106.92596
v 301.55152 454.98362 6109.32732
v 299.74335 453.57832 6107.61213
v 299.74335 453.57832 6107.61213
v 294.32061 457.28967 6112.03957
v 311.42667 561.86783 6086.89976
v 309.38739 558.57879 6080.68037
v 314.72316 559.60834 6083.78649
v 314.89220 557.48576 6081.58493
v 314.89220 557.48576 6081.58493
v 309.65263 560.83763 6084.18465
v 314.02031 565.34868 6080.66463
v 284.86395 266.39768 6172.95408
v 284.86395 266.39768 6172.95408
v 289.08041 268.64284 6179.67939
v 277.80625 273.91326 6178.34330
v 278.76851 267.99163 6171.16690
v 281.86119 273.88409 6182.46698
v 264.88900 191.49673 6197.57414
v 265.49774 200.36331 6204.61035
v 274.57529 193.59395 6206.02036
v 274.55032 185.44097 6198.02618
v 274.55032 185.44097 6198.02618
v 269.87833 200.83620 6211.03573
v 277.38187 197.87371 6184.48496
v 277.38187 197.87371 6184.48496
v 282.88314 200.19092 6187.60872
v 282.88314 200.19092 6187.60872
v 282.88314 200.19092 6187.60872
v 284.76354 197.39798 6191.17737
v 284.76354 197.39798 6191.17737
v 275.31502 192.25089 6187.92677
v 275.31502 192.25089 6187.92677
v 281.78272 192.86738 6194.15522
v 281.78272 192.86738 6194.15522
v 278.53489 188.38635 6192.52968
v 278.53489 188.38635 6192.52968
v 278.53489 188.38635 6192.52968
v 278.53489 188.38635 6192.52968
v 288.25408 187.54242 6173.75755
v 291.46042 188.57753 6175.55618
v 293.68812 189.10079 6177.40011
v 288.33288 183.58585 6175.02832
v 291.27833 184.65528 6176.67723
v 289.24337 180.44935 6175.52710
v 289.24337 180.44935 6175.52710
v 303.84606 181.12266 6163.89418
v 204.05079 117.60347 6326.91717
v 202.15674 123.36341 6326.63584
v 199.77275 115.62982 6327.12841
v 197.17689 125.08017 6327.46792
v 195.61252 119.46262 6326.85375
v 195.61252 119.46262 6326.85375
v 217.21634 106.72160 6267.07363
v 215.80747 112.65351 6265.89727
v 213.55158 102.86818 6265.59401
v 211.00998 112.12353 6265.20920
v 209.65636 107.42969 6265.93494
v 209.65636 107.42969 6265.93494
v 239.97504 107.32175 6181.66351
v 239.35303 111.10029 6181.94771
v 237.72743 106.46270 6182.85275
v 236.79864 112.55158 6181.96678
v 234.78028 107.55819 6181.43129
v 234.78028 107.55819 6181.43129
v 228.85713 104.37511 6224.46156
v 227.32854 108.57058 6224.73907
v 222.23321 105.46574 6223.93608
v 222.23321 105.46574 6223.93608
v 225.32570 102.37800 6223.87695
v 224.59811 110.62881 6224.25175
v 254.56265 107.29666 6106.08625
v 254.11257 111.72326 6105.15690
v 251.69063 106.43798 6106.39000
v 249.90225 113.76402 6105.01480
v 248.39649 110.21172 6105.83878
v 248.39649 110.21172 6105.83878
v 272.84694 76.37754 6036.88335
v 272.87382 81.34015 6036.19862
v 269.18611 74.79185 6037.64439
v 268.01333 82.77270 6035.73132
v 265.87003 78.42359 6036.49187
v 265.87003 78.42359 6036.49187
v 293.98695 56.57478 5970.28017
v 293.34134 58.96690 5969.99931
v 290.97286 54.91009 5970.04509
v 290.83872 59.83502 5969.56587
v 289.77379 57.06096 5969.97690
v 289.77379 57.06096 5969.97690
v 330.43879 28.17750 5876.30033
v 330.03762 30.61414 5875.72193
v 328.08676 26.11762 5876.64223
v 327.42104 31.05640 5874.80402
v 325.62837 29.03423 5875.36430
v 325.62837 29.03423 5875.36430
v 332.29962 25.72751 5871.38987
v 128.80979 60.54953 6652.18735
v 136.32442 44.06637 6649.13654
v 112.82600 65.55180 6639.63795
v 242.49130 185.23234 6539.58941
v 254.20910 173.09311 6537.45317
v 237.36918 187.95991 6533.52690
v 396.34132 322.90620 6460.51216
v 404.01137 313.81455 6455.51205
v 388.72018 324.86147 6451.07412
v 517.29631 466.71060 6372.93530
v 520.74039 459.23135 6371.18244
v 514.00995 467.75559 6371.25587
v 581.68817 544.57557 6340.46698
v 587.18061 536.87841 6334.02538
v 576.35760 547.81663 6336.08532
v 635.74231 631.45554 6320.70398
v 641.92379 626.03033 6319.87810
v 634.89884 633.26085 6320.59145
v 708.94980 733.32924 6320.96052
v 713.92536 727.86796 6316.47253
v 706.61944 734.73305 6319.01360
v 756.85668 797.74928 6323.23456
v 764.45079 791.80533 6320.96863
v 752.94763 800.13824 6320.47081
v 779.28841 819.01419 6325.78611
v 757.48140 795.93253 6314.80122
v 757.48140 795.93253 6314.80122
v 763.25864 792.02926 6318.20059
v 714.64610 726.77016 6310.25934
v 709.84578 730.85201 6312.23106
v 709.84578 730.85201 6312.23106
v 639.21028 626.18375 6313.08889
v 637.37971 628.57467 6315.67383
v 637.37971 628.57467 6315.67383
v 589.83445 533.50574 6329.43726
v 579.41717 541.68093 6327.95620
v 579.41717 541.68093 6327.95620
v 516.31159 457.32912 6363.34181
v 512.63094 461.18742 6362.62989
v 512.63094 461.18742 6362.62989
v 398.95836 312.67923 6446.61617
v 386.13364 319.91589 6441.29801
v 386.13364 319.91589 6441.29801
v 245.92650 170.71003 6524.65010
v 237.07041 177.63440 6522.77803
v 237.07041 177.63440 6522.77803
v 131.40830 34.01282 6637.63905
v 117.92313 53.71681 6634.79614
v 117.92313 53.71681 6634.79614
v 564.06701 454.16382 6291.26692
v 564.06701 454.16382 6291.26692
v 648.40722 472.96727 6196.45882
v 648.40722 472.96727 6196.45882
v 565.38475 447.52768 6289.86168
v 649.85490 468.04702 6195.55855
v 573.04645 447.57724 6294.80600
v 654.91223 467.38347 6200.23108
v 572.69543 452.51599 6299.45374
v 656.68321 471.61087 6202.77643
v 568.32945 457.09696 6297.93692
v 652.61990 474.32211 6200.03891
v 477.93782 396.88787 6371.25206
v 477.93782 396.88787 6371.25206
v 481.95839 390.66482 6370.20969
v 487.45704 390.17111 6374.22085
v 488.34795 394.40420 6379.88663
v 482.87606 399.96541 6378.97968
v 424.93612 366.43180 6420.51315
v 424.93612 366.43180 6420.51315
v 429.41797 358.38827 6418.43987
v 435.87807 357.15142 6423.65122
v 435.87890 363.50349 6429.10528
v 429.25489 368.04870 6426.27525
v 533.55539 422.23394 6340.88659
v 531.02666 418.81368 6336.41243
v 526.65746 428.44966 6339.21766
v 528.44155 419.86397 6330.54495
v 521.91651 425.31893 6331.66647
v 521.91651 425.31893 6331.66647
v 655.10243 475.01570 6190.01198
v 655.10243 475.01570 6190.01198
v 656.38405 471.87796 6192.06285
v 660.22366 471.61013 6194.80801
v 661.75842 472.69332 6195.62626
v 658.49280 475.82638 6193.35270
v 659.49237 475.54052 6192.27266
v 624.92502 463.82219 6236.49979
v 623.73519 459.44643 6234.40504
v 618.87515 460.35507 6229.78354
v 617.61200 465.64215 6230.64089
v 617.61200 465.64215 6230.64089
v 621.69290 468.28863 6234.52234
v -466.25781 355.14024 6492.41352
v -467.96042 361.93892 6492.46550
v -458.78482 356.01941 6488.24930
v -461.91677 367.93473 6489.41755
v -461.91677 367.93473 6489.41755
v -456.06729 364.41311 6486.08780
v -509.33850 350.54344 6430.93395
v -511.85042 357.02935 6430.75752
v -501.60301 351.36259 6425.73738
v -505.73629 363.75254 6426.19324
v -505.73629 363.75254 6426.19324
v -500.47827 359.97245 6423.59924
v -566.56325 346.85344 6373.31390
v -565.69004 353.97512 6373.88468
v -560.23097 348.56051 6367.50221
v -562.44683 359.15232 6370.18871
v -562.44683 359.15232 6370.18871
v -558.69430 356.08387 6366.50562
v -639.80365 345.46036 6296.46158
v -641.65294 351.04525 6298.79332
v -635.11986 346.92588 6291.22305
v -636.85918 356.57644 6293.82372
v -636.85918 356.57644 6293.82372
v -632.81995 353.58155 6290.56692
v -709.74189 349.09058 6194.98634
v -710.35439 354.59808 6196.04492
v -702.41630 351.63152 6192.08384
v -705.45721 358.25676 6193.39132
v -705.45721 358.25676 6193.39132
v -698.97890 355.99172 6191.88023
v -769.76496 358.80977 6057.84893
v -769.55050 364.14814 6059.24845
v -763.78685 358.49637 6055.13668
v -766.48819 368.82627 6057.54328
v -766.48819 368.82627 6057.54328
v -764.10276 367.47038 6054.71754
v -787.21893 373.93990 6019.92941
v -786.70996 378.10919 6020.88165
v -785.15106 375.68563 6019.87171
v -785.47221 378.59136 6019.99044
v -785.47221 378.59136 6019.99044
v -782.79865 378.99241 6018.57090
v -790.40152 377.91550 6007.74670
v -766.29758 367.95667 6039.27279
v -768.06390 350.06687 6039.29424
v -775.37590 360.30346 6044.23141
v -776.08669 367.99961 6042.83476
v -771.88009 371.86864 6041.09097
v -771.88009 371.86864 6041.09097
v -780.83003 372.99439 6033.50687
v -776.30776 368.81134 6033.40244
v -777.96888 374.46082 6031.36396
v -777.96888 374.46082 6031.36396
v -775.53332 373.85303 6031.42214
v -778.47338 369.51113 6032.72724
v -771.00009 370.94980 6035.69078
v -776.93510 365.36545 6038.89036
v -778.46944 369.66774 6037.08267
v -770.55627 363.20311 6037.84084
v -774.86134 373.67475 6036.57484
v -774.86134 373.67475 6036.57484
v -460.37063 351.08009 6509.09090
v -462.82923 362.90282 6510.45322
v -446.69977 353.45587 6503.20864
v -452.56227 370.76285 6506.27422
v -452.56227 370.76285 6506.27422
v -443.82069 365.52611 6501.90401
v -402.29297 328.41825 6531.29530
v -376.96102 324.75787 6539.52551
v -406.63174 321.07499 6545.58754
v -392.76016 324.09471 6552.35338
v -392.76016 324.09471 6552.35338
v -389.29164 325.62417 6528.48577
v -410.86876 365.14628 6532.16267
v -396.91681 368.07150 6537.52756
v -409.33406 366.44086 6541.56733
v -404.38920 366.39619 6544.14558
v -404.38920 366.39619 6544.14558
v -402.45354 366.98511 6531.39210
v -432.72343 476.26179 6542.73796
v -422.64724 477.29647 6546.77725
v -432.58524 475.52907 6547.94168
v -427.58453 474.98721 6552.83451
v -427.58453 474.98721 6552.83451
v -426.86731 477.36517 6541.83960
v -487.86935 652.05830 6579.66042
v -477.67422 655.12460 6582.18718
v -488.61179 651.13598 6584.90658
v -482.89290 651.57342 6588.15289
v -482.89290 651.57342 6588.15289
v -481.93464 656.15594 6578.98951
v -422.67376 419.48336 6539.53695
v -416.12551 420.90303 6543.06364
v -416.12551 420.90303 6543.06364
v -414.44829 423.01744 6531.24428
v -422.60098 420.32412 6533.13160
v -410.12585 423.14467 6537.10270
v -502.81370 693.66878 6573.54689
v -494.25593 701.28888 6578.71628
v -503.04544 694.39536 6580.95074
v -500.47773 696.04599 6582.46708
v -500.47773 696.04599 6582.46708
v -498.05418 698.32891 6572.59798
v -529.30170 787.40662 6534.89733
v -523.21160 791.66633 6536.53765
v -530.81143 788.69230 6537.82511
v -530.10410 789.73335 6540.39145
v -530.10410 789.73335 6540.39145
v -527.14676 790.42459 6534.44576
v -560.50277 880.64295 6492.01918
v -554.69418 885.01871 6495.41140
v -561.38122 883.14277 6497.69163
v -558.94172 883.84575 6497.95914
v -558.94172 883.84575 6497.95914
v -556.62447 882.25847 6492.81406
v -591.94267 954.56606 6457.10516
v -587.45062 957.94034 6459.20610
v -593.22441 955.86789 6460.33430
v -592.13835 956.56556 6461.91740
v -592.13835 956.56556 6461.91740
v -589.33425 956.25925 6457.44562
v -593.23668 961.26443 6458.06217
v -515.28269 737.82247 6564.01587
v -515.28269 737.82247 6564.01587
v -521.50816 733.47855 6563.23957
v -512.87878 737.40250 6556.14614
v -509.95994 740.16750 6561.01656
v -517.57467 734.00682 6556.97250
v -485.35332 680.87274 6584.66816
v -490.36893 679.66944 6579.13589
v -496.73608 674.97468 6585.95514
v -492.12638 677.29431 6591.63284
v -492.12638 677.29431 6591.63284
v -496.16751 674.67380 6579.33331
v -493.85265 694.33624 6590.19566
v -493.85265 694.33624 6590.19566
v -500.12100 692.89201 6590.78693
v -500.12100 692.89201 6590.78693
v -500.12100 692.89201 6590.78693
v -502.04462 688.59476 6592.08775
v -502.04462 688.59476 6592.08775
v -491.59697 688.79396 6591.12692
v -491.59697 688.79396 6591.12692
v -499.16205 683.99012 6592.21506
v -499.16205 683.99012 6592.21506
v -494.68765 683.10493 6593.27507
v -494.68765 683.10493 6593.27507
v -494.68765 683.10493 6593.27507
v -494.68765 683.10493 6593.27507
v -497.16690 697.55220 6602.29874
v -500.72861 696.57010 6602.79799
v -503.32767 695.31327 6603.09744
v -496.54773 694.54676 6603.89328
v -499.85054 693.70717 6604.29621
v -496.63082 692.55662 6605.64661
v -496.63082 692.55662 6605.64661
v -505.83410 701.95097 6614.43329
v 18.54947 29.88867 6733.48665
v 37.70444 50.76200 6735.03923
v 37.70444 50.76200 6735.03923
v 17.39036 33.30958 6756.22416
v 29.82305 46.91581 6764.85968
v 37.79713 44.92081 6719.07282
v -165.55232 194.58427 6629.81033
v -152.90692 215.16283 6634.86528
v -152.90692 215.16283 6634.86528
v -174.10123 197.53708 6649.45078
v -160.91126 213.07178 6647.33887
v -159.62863 202.11095 6623.69251
v -410.31647 320.82278 6532.30476
v -393.55725 344.38777 6529.48141
v -393.55725 344.38777 6529.48141
v -414.87196 327.30922 6546.21649
v -406.82361 338.20593 6544.46125
v -400.45607 332.40625 6525.65479
v -615.92543 455.38685 6411.49712
v -606.09984 467.81367 6414.99424
v -606.09984 467.81367 6414.99424
v -616.44298 457.41698 6421.80109
v -608.95628 466.95819 6421.33236
v -612.10167 457.31968 6408.59079
v -705.01989 526.32415 6325.30594
v -696.27726 541.07761 6326.33257
v -696.27726 541.07761 6326.33257
v -706.59268 535.84093 6335.41584
v -706.83736 542.34821 6339.63394
v -697.83109 530.18624 6319.10467
v -787.34022 578.94516 6231.77052
v -785.87711 585.06811 6234.42030
v -785.87711 585.06811 6234.42030
v -790.81887 581.62123 6239.75229
v -785.70944 588.48864 6237.12826
v -787.28139 578.89187 6229.53176
v -909.46263 607.85997 6156.15273
v -906.11607 617.98191 6157.34339
v -906.11607 617.98191 6157.34339
v -910.39252 614.31867 6162.94813
v -908.40542 621.58513 6163.14077
v -907.04906 609.39407 6153.35846
v -989.08305 624.26084 6109.41696
v -985.87286 633.99124 6109.87139
v -985.87286 633.99124 6109.87139
v -993.24727 629.01425 6118.22605
v -991.15205 631.79475 6116.95385
v -985.22925 626.26231 6104.79259
v -1022.74978 629.78011 6097.05162
v -261.35504 256.23345 6599.62273
v -250.43121 258.32388 6600.38614
v -261.03660 254.21745 6604.59518
v -254.62043 253.76898 6606.48346
v -254.62043 253.76898 6606.48346
v -255.26550 260.11869 6598.53840
v -274.04407 297.44607 6606.47106
v -263.79523 303.31504 6611.14597
v -272.61508 296.50375 6613.75284
v -269.60018 297.66974 6614.98022
v -269.60018 297.66974 6614.98022
v -269.13452 301.95633 6605.51548
v -300.87316 395.60345 6596.50898
v -294.11724 399.12698 6597.62955
v -301.63273 396.21499 6599.93458
v -300.28984 396.61649 6602.45371
v -300.28984 396.61649 6602.45371
v -298.57948 398.51245 6596.25769
v -333.33716 494.33994 6583.47559
v -326.47201 497.59468 6586.36093
v -332.77622 495.48042 6589.64825
v -330.23733 496.02628 6589.50233
v -330.23733 496.02628 6589.50233
v -329.17970 495.59867 6583.70733
v -365.92841 572.99834 6573.79913
v -360.73342 575.62155 6575.52958
v -366.39529 573.55297 6577.46506
v -364.91698 573.83662 6578.88174
v -364.91698 573.83662 6578.88174
v -363.12395 574.46343 6573.90499
v -366.44819 579.17577 6576.50042
v -284.80107 341.76320 6610.05592
v -284.80107 341.76320 6610.05592
v -291.51228 337.97157 6609.77077
v -284.14816 343.04303 6601.90010
v -279.96802 344.51610 6606.49920
v -288.91557 339.75887 6603.00827
v -255.37309 282.40159 6610.24570
v -261.64806 282.61039 6605.84259
v -266.88939 276.80990 6612.76150
v -260.89314 277.63882 6617.64431
v -260.89314 277.63882 6617.64431
v -267.77947 277.97419 6606.24361
v -261.49645 294.16996 6620.46289
v -261.49645 294.16996 6620.46289
v -267.71268 292.82925 6622.13945
v -267.71268 292.82925 6622.13945
v -267.71268 292.82925 6622.13945
v -269.70017 288.51324 6622.86425
v -269.70017 288.51324 6622.86425
v -259.51782 288.64792 6619.60125
v -259.51782 288.64792 6619.60125
v -267.19502 284.04182 6621.29974
v -267.19502 284.04182 6621.29974
v -262.59696 282.85432 6621.09184
v -262.59696 282.85432 6621.09184
v -262.59696 282.85432 6621.09184
v -262.59696 282.85432 6621.09184
v -261.90558 294.63011 6633.49056
v -265.41612 293.67888 6634.56249
v -268.03705 292.48616 6635.16235
v -261.19727 291.41018 6634.20153
v -264.45970 290.60790 6635.15329
v -261.06709 289.13641 6635.45084
v -261.06709 289.13641 6635.45084
v -267.52475 296.34112 6648.03362
v -134.08911 106.84240 6959.00726
v 27.69077 13.57055 7038.87939
v -132.66042 113.27761 6965.48128
v -128.28577 109.76718 6949.37563
v -287.07337 181.72428 6886.58905
v -285.08303 187.57747 6891.94155
v -281.16679 186.27019 6876.69373
v -315.49001 193.98753 6872.38789
v -316.06430 200.94119 6879.58002
v -313.71987 196.02337 6862.93507
v -331.05299 212.21909 6866.61053
v -309.35571 208.23883 6860.88753
v -309.35571 208.23883 6860.88753
v -311.11908 210.09274 6872.96867
v -277.74292 195.69714 6886.33680
v -275.08047 193.20546 6876.02282
v -275.08047 193.20546 6876.02282
v -125.66653 122.45253 6960.24179
v 38.59473 35.88923 7040.98320
v -122.79484 120.16113 6949.76759
v -122.79484 120.16113 6949.76759
v 41.43487 29.85602 7027.55451
v 41.43487 29.85602 7027.55451
v 35.92230 17.62118 7025.35391
v 28.25459 23.46738 7048.74992
v 125.71505 56.23688 7334.66625
v 139.73913 49.03090 7334.98812
v 113.07395 53.90731 7319.97633
v 113.07395 53.90731 7319.97633
v 133.16092 63.67233 7318.93301
v 140.20838 59.76334 7319.50617
v 125.03374 60.52881 7312.67929
v 125.03374 60.52881 7312.67929
v 156.33945 110.94820 7287.59861
v 180.22472 160.42872 7259.14288
v 163.50113 108.60981 7288.84172
v 150.24969 108.66110 7281.23522
v 150.24969 108.66110 7281.23522
v 173.10409 157.02805 7250.62227
v 173.10409 157.02805 7250.62227
v 153.82878 102.96144 7276.25370
v 178.36842 152.09153 7247.23816
v 161.62345 103.57094 7280.11847
v 129.90361 55.60365 7309.51691
v 135.19952 54.64014 7312.85048
v 119.28882 39.71817 7313.15184
v 135.83389 37.98545 7320.90425
v 185.55385 153.54323 7251.03855
v 188.05954 157.02543 7259.04655
v 234.91400 245.11921 7190.85026
v 238.01631 248.42307 7197.95895
v 227.33785 245.38785 7186.39421
v 299.91382 333.01607 7122.44272
v 303.65205 335.83620 7129.11415
v 295.79049 333.62401 7120.33510
v 339.96606 381.62783 7082.35168
v 343.33599 384.52694 7089.75887
v 333.96661 382.32213 7078.12786
v 342.90981 388.61361 7080.29175
v 336.76916 388.72033 7089.81371
v 332.75777 385.69483 7083.37927
v 332.75777 385.69483 7083.37927
v 291.35180 336.77974 7121.44232
v 291.35180 336.77974 7121.44232
v 296.90158 340.01321 7129.73976
v 220.36652 250.00429 7187.51621
v 220.36652 250.00429 7187.51621
v 229.28581 253.43332 7198.78340
v 176.07966 2.07220 7560.13155
v 155.17445 -5.84143 7556.58197
v 175.55423 21.99341 7560.78911
v 307.42899 10.28735 7290.45820
v 292.92363 -0.17245 7282.09543
v 307.92499 18.06554 7288.18846
v 473.10251 -26.39573 7010.86140
v 460.82848 -31.54730 7002.26402
v 471.03101 -15.10802 7007.91121
v 638.85027 -32.60165 6751.52159
v 629.23288 -36.01579 6749.51172
v 639.09656 -28.99584 6752.54631
v 733.97887 -43.34765 6627.01321
v 722.63271 -45.75809 6618.48640
v 735.71646 -36.21158 6626.40667
v 843.76961 -51.21448 6521.32416
v 837.46439 -56.65804 6516.81995
v 845.89112 -50.08760 6521.28792
v 982.52898 -80.55075 6411.39174
v 974.65736 -83.10334 6404.40178
v 983.26051 -77.41700 6411.10086
v 1071.27702 -101.45278 6342.44728
v 1063.97831 -107.27790 6335.38008
v 1072.73304 -96.46322 6342.44490
v 1102.14818 -114.23203 6315.20939
v 1065.94861 -97.73426 6334.19514
v 1065.94861 -97.73426 6334.19514
v 1063.07256 -104.82365 6333.66632
v 971.07112 -80.49744 6397.97926
v 976.29434 -77.03178 6402.85301
v 976.29434 -77.03178 6402.85301
v 834.77277 -50.89132 6512.57658
v 838.49627 -50.37099 6515.92398
v 838.49627 -50.37099 6515.92398
v 717.04143 -46.02841 6612.75959
v 725.38269 -35.51598 6617.88082
v 725.38269 -35.51598 6617.88082
v 623.32153 -28.90760 6746.67215
v 627.42311 -24.85260 6747.90525
v 627.42311 -24.85260 6747.90525
v 455.40887 -23.21135 6998.65818
v 460.81430 -9.04440 7002.61974
v 460.81430 -9.04440 7002.61974
v 284.03908 12.38854 7278.16343
v 290.87093 21.65544 7281.91757
v 290.87093 21.65544 7281.91757
v 137.55235 1.63865 7553.83253
v 159.52198 17.98600 7555.88627
v 159.52198 17.98600 7555.88627
v 599.21324 -25.45638 6631.00243
v 599.21324 -25.45638 6631.00243
v 599.45196 -31.20793 6449.25356
v 599.45196 -31.20793 6449.25356
v 590.49672 -27.28305 6631.01530
v 593.10627 -32.98788 6448.95840
v 593.44167 -35.64599 6628.65400
v 594.69265 -39.45099 6449.07951
v 601.34822 -36.72732 6631.63042
v 601.21471 -41.12201 6448.23933
v 605.97020 -31.54768 6632.42292
v 603.06591 -35.95386 6448.28033
v 544.67505 -19.66433 6815.11927
v 544.67505 -19.66433 6815.11927
v 536.98564 -23.58698 6812.76703
v 538.60223 -29.97204 6811.74421
v 546.16541 -32.70249 6814.83936
v 552.09857 -26.79991 6816.89358
v 517.17556 -14.95035 6926.54085
v 517.17556 -14.95035 6926.54085
v 506.86973 -19.09383 6923.45524
v 508.12465 -27.02986 6923.01369
v 518.16207 -28.46769 6925.89235
v 521.94256 -20.90731 6927.53220
v 573.07595 -37.92449 6722.06163
v 566.75482 -34.43803 6721.37785
v 579.35727 -30.38968 6724.44677
v 565.55420 -29.05257 6717.57078
v 571.95908 -23.50975 6722.68248
v 571.95908 -23.50975 6722.68248
v 600.57187 -32.12040 6435.67657
v 600.57187 -32.12040 6435.67657
v 597.54580 -34.95999 6437.75940
v 598.75125 -39.36937 6436.95927
v 600.63219 -40.68751 6435.88495
v 603.29729 -36.26027 6435.46200
v 602.67425 -36.47695 6433.55560
v 599.49929 -38.04567 6514.99462
v 593.03647 -37.08758 6515.79189
v 591.80552 -30.73827 6515.43617
v 598.62387 -28.98164 6515.36703
v 598.62387 -28.98164 6515.36703
v 603.96177 -33.47927 6514.30035
v -378.23817 -239.44011 7214.24055
v -384.67121 -242.47506 7214.33687
v -378.45778 -232.62496 7216.83216
v -389.52285 -238.70540 7217.66376
v -389.52285 -238.70540 7217.66376
v -385.93051 -232.09858 7218.84346
v -396.37598 -225.43257 7138.24892
v -402.74081 -228.71725 7137.53748
v -396.71844 -217.79750 7140.28072
v -408.56802 -224.17003 7139.96887
v -408.56802 -224.17003 7139.96887
v -404.69861 -218.30107 7141.19816
v -417.29939 -222.55996 7054.96359
v -423.39224 -224.47297 7057.35445
v -418.85623 -215.63879 7055.70889
v -428.21264 -221.73430 7058.03823
v -428.21264 -221.73430 7058.03823
v -425.52504 -216.29253 7057.53469
v -447.75790 -217.91372 6946.77877
v -452.62444 -222.10695 6948.16875
v -449.30029 -212.26612 6946.69628
v -457.73536 -217.74830 6949.13006
v -457.73536 -217.74830 6949.13006
v -454.96178 -212.42321 6949.15295
v -487.53327 -197.36797 6824.32365
v -492.36566 -200.00322 6825.68312
v -488.99418 -191.91465 6828.02677
v -495.26048 -196.48392 6828.02010
v -495.26048 -196.48392 6828.02010
v -492.26677 -191.00437 6831.19392
v -538.71101 -150.37885 6684.68714
v -543.15037 -152.68353 6686.85627
v -537.83643 -145.01712 6687.00981
v -547.11682 -151.15167 6688.73835
v -547.11682 -151.15167 6688.73835
v -546.04995 -147.56310 6688.18474
v -564.20493 -141.53010 6647.81761
v -567.63524 -143.03747 6649.65725
v -565.37163 -140.76698 6649.60289
v -568.01850 -141.88102 6650.00677
v -568.01850 -141.88102 6650.00677
v -568.15916 -139.51191 6651.00050
v -571.11591 -136.97833 6637.55751
v -550.35460 -139.36362 6675.64392
v -534.64073 -135.21239 6670.98808
v -544.19756 -145.65840 6671.17405
v -551.55981 -147.45647 6671.12160
v -554.57956 -144.98025 6673.65026
v -554.57956 -144.98025 6673.65026
v -559.06391 -145.92023 6661.96823
v -554.42697 -141.92994 6664.36958
v -560.28426 -143.29769 6662.78267
v -560.28426 -143.29769 6662.78267
v -559.23855 -141.70024 6664.46972
v -555.63831 -143.00729 6662.45413
v -554.77762 -140.81024 6670.24946
v -550.24016 -144.72958 6667.18721
v -554.81112 -145.77271 6665.60125
v -547.25623 -139.62792 6670.63808
v -557.80005 -144.46720 6668.60723
v -557.80005 -144.46720 6668.60723
v -369.71259 -245.15930 7229.65479
v -380.51680 -250.93129 7231.09436
v -370.41807 -234.00049 7235.78262
v -386.44877 -244.47326 7237.02002
v -386.44877 -244.47326 7237.02002
v -380.96920 -234.98604 7239.22157
v -332.82208 -217.69413 7283.22744
v -322.64274 -206.62162 7306.73456
v -323.92326 -227.07914 7288.91945
v -322.35840 -223.89440 7304.36087
v -322.35840 -223.89440 7304.36087
v -328.33746 -207.34757 7290.08770
v -367.32060 -234.08318 7284.61552
v -365.96587 -229.94718 7299.09515
v -366.08794 -239.42180 7292.69695
v -364.48649 -238.06341 7298.10810
v -364.48649 -238.06341 7298.10810
v -367.45986 -229.10595 7290.49778
v -469.10751 -286.19057 7297.45960
v -467.12476 -282.99174 7307.82986
v -467.26662 -289.14672 7301.14222
v -464.69378 -289.05654 7308.15458
v -464.69378 -289.05654 7308.15458
v -469.12658 -282.44913 7301.26047
v -629.77540 -393.55123 7317.34848
v -629.92877 -389.92882 7327.10886
v -627.93088 -397.00547 7320.38927
v -626.45924 -395.74215 7326.92862
v -626.45924 -395.74215 7326.92862
v -632.41661 -390.77887 7321.93708
v -416.83024 -261.60985 7291.66365
v -416.01241 -260.31271 7299.19004
v -416.01241 -260.31271 7299.19004
v -420.19978 -252.53889 7292.35029
v -418.99273 -257.80803 7287.29486
v -418.14885 -253.65326 7299.68977
v -671.48101 -410.81029 7310.06575
v -675.46356 -411.14786 7321.39635
v -670.53574 -415.78892 7315.33146
v -671.16767 -415.68300 7318.58587
v -671.16767 -415.68300 7318.58587
v -674.92396 -408.73113 7313.71260
v -769.52142 -429.84852 7281.05640
v -771.76398 -428.47481 7287.44078
v -770.32751 -432.95652 7282.30286
v -770.55109 -434.44124 7284.84678
v -770.55109 -434.44124 7284.84678
v -771.90042 -429.15824 7282.86409
v -868.99287 -448.91515 7245.51964
v -871.00691 -448.83895 7252.97546
v -870.15343 -453.71577 7249.41587
v -870.23741 -452.62942 7251.50442
v -870.23741 -452.62942 7251.50442
v -869.49122 -447.56445 7249.19891
v -949.40341 -467.46656 7211.84206
v -951.06840 -467.07824 7217.23270
v -950.11163 -470.63139 7213.47189
v -950.16932 -471.17516 7215.52181
v -950.16932 -471.17516 7215.52181
v -950.32644 -466.61368 7214.29253
v -955.46389 -470.79343 7212.86154
v -715.73383 -425.19537 7302.61135
v -715.73383 -425.19537 7302.61135
v -713.25088 -427.16506 7296.73052
v -716.62331 -418.71601 7298.64073
v -717.44084 -420.82176 7304.75903
v -714.33008 -421.04980 7295.19224
v -654.03122 -403.58624 7328.21655
v -655.18212 -402.77633 7320.40501
v -650.72620 -409.47619 7319.78798
v -650.62642 -410.94542 7327.62146
v -650.62642 -410.94542 7327.62146
v -651.81255 -404.90943 7315.40585
v -666.59182 -416.05300 7328.57895
v -666.59182 -416.05300 7328.57895
v -666.41724 -419.74959 7324.19586
v -666.41724 -419.74959 7324.19586
v -666.41724 -419.74959 7324.19586
v -662.65482 -420.45897 7322.91985
v -662.65482 -420.45897 7322.91985
v -660.95781 -413.66860 7329.82445
v -660.95781 -413.66860 7329.82445
v -657.91595 -417.47072 7324.22161
v -657.91595 -417.47072 7324.22161
v -655.99108 -415.19931 7328.04680
v -655.99108 -415.19931 7328.04680
v -655.99108 -415.19931 7328.04680
v -655.99108 -415.19931 7328.04680
v -667.45466 -426.53880 7335.44922
v -667.17434 -428.69392 7333.04453
v -666.49914 -430.06858 7331.14100
v -664.27845 -426.28789 7336.46679
v -664.09552 -428.26989 7334.20801
v -662.11891 -426.85282 7337.28361
v -662.11891 -426.85282 7337.28361
v -670.44306 -440.59026 7338.69600
v 64.25912 -5.28873 7675.47655
v 49.69312 -0.89611 7694.39650
v 49.69312 -0.89611 7694.39650
v 66.00427 -21.19246 7691.54978
v 58.19148 -23.12645 7709.29670
v 51.41111 10.84403 7681.93579
v -143.44597 -98.64254 7499.46356
v -158.27137 -100.24586 7516.12616
v -158.27137 -100.24586 7516.12616
v -143.44589 -116.89301 7507.88975
v -155.22498 -112.21913 7518.86320
v -150.37754 -93.47285 7500.79870
v -327.38283 -220.90645 7276.70717
v -345.81614 -215.99698 7291.27598
v -345.81614 -215.99698 7291.27598
v -331.02876 -234.21948 7284.59406
v -339.59267 -231.48941 7291.22496
v -337.28781 -214.23371 7281.27766
v -516.13879 -307.62005 7067.17443
v -524.55491 -307.55678 7079.13780
v -524.55491 -307.55678 7079.13780
v -515.77723 -314.96248 7074.55492
v -522.95083 -312.97687 7081.44283
v -517.75485 -304.08069 7068.22729
v -616.78272 -327.72598 6954.57077
v -628.05289 -327.44536 6964.42509
v -628.05289 -327.44536 6964.42509
v -623.39705 -337.76337 6962.47005
v -628.35193 -342.44549 6966.54463
v -620.18961 -320.67814 6956.06613
v -701.25747 -333.84541 6838.13715
v -705.87397 -336.41365 6842.25178
v -705.87397 -336.41365 6842.25178
v -702.58349 -341.69564 6841.83836
v -708.31031 -339.00422 6844.95878
v -701.69485 -332.39523 6836.56836
v -768.42839 -368.04742 6701.24292
v -776.58284 -369.74430 6706.43425
v -776.58284 -369.74430 6706.43425
v -772.90446 -374.73595 6706.65646
v -778.98848 -375.78878 6709.60951
v -769.94359 -365.30510 6701.28059
v -809.45212 -391.23443 6613.36136
v -817.44570 -392.43838 6617.85316
v -817.44570 -392.43838 6617.85316
v -812.59680 -400.61781 6617.55276
v -814.95661 -399.38125 6618.68525
v -811.50526 -386.62317 6613.21974
v -823.88532 -405.24867 6581.22253
v -224.65746 -155.05540 7420.30191
v -224.18047 -149.61006 7429.14248
v -221.67967 -157.38475 7423.70605
v -219.57473 -154.59728 7429.61073
v -219.57473 -154.59728 7429.61073
v -227.16884 -151.87000 7424.66640
v -262.67698 -178.95144 7423.84434
v -264.85896 -177.45772 7435.71186
v -259.92841 -182.37351 7429.90685
v -260.09983 -181.67825 7433.18605
v -260.09983 -181.67825 7433.18605
v -265.95688 -176.73467 7427.56653
v -358.38413 -217.41472 7415.94458
v -359.94798 -215.10330 7422.29939
v -358.32447 -220.18875 7417.96160
v -357.85717 -221.07729 7420.81022
v -357.85717 -221.07729 7420.81022
v -360.59308 -216.73508 7417.97543
v -456.42000 -257.49686 7401.88408
v -457.32886 -256.14479 7409.52873
v -455.96129 -261.35254 7406.92043
v -455.97601 -259.90248 7408.75578
v -455.97601 -259.90248 7408.75578
v -456.66730 -255.52291 7405.29442
v -535.70879 -293.89390 7386.32298
v -536.64106 -292.63428 7391.81376
v -535.48622 -296.62618 7388.71193
v -535.13062 -296.71064 7390.84816
v -535.13062 -296.71064 7390.84816
v -536.44001 -292.71051 7388.70430
v -540.75938 -297.69582 7389.05096
v -303.82207 -200.55850 7427.03915
v -303.82207 -200.55850 7427.03915
v -301.82308 -203.28712 7421.26369
v -306.65138 -195.44385 7421.92125
v -306.11703 -196.24858 7428.51210
v -304.41007 -198.02886 7418.64347
v -244.59760 -165.75521 7437.18958
v -247.01752 -166.81629 7429.54302
v -241.32140 -172.58255 7429.60167
v -239.78247 -172.29074 7437.58631
v -239.78247 -172.29074 7437.58631
v -243.99193 -169.38061 7424.51715
v -254.11984 -179.23765 7442.30223
v -254.11984 -179.23765 7442.30223
v -253.78680 -183.61178 7438.75265
v -253.78680 -183.61178 7438.75265
v -253.78680 -183.61178 7438.75265
v -250.14827 -183.99361 7437.01506
v -250.14827 -183.99361 7437.01506
v -248.95747 -175.90433 7442.06905
v -248.95747 -175.90433 7442.06905
v -245.97998 -180.21274 7436.85913
v -245.97998 -180.21274 7436.85913
v -244.04047 -176.98662 7439.80980
v -244.04047 -176.98662 7439.80980
v -244.04047 -176.98662 7439.80980
v -244.04047 -176.98662 7439.80980
v -251.72228 -187.75962 7451.41125
v -251.33216 -190.25147 7449.45955
v -250.65219 -191.84566 7447.76726
v -248.53174 -186.84077 7451.82133
v -248.25241 -189.15270 7449.99123
v -246.18678 -186.88031 7452.37732
v -246.18678 -186.88031 7452.37732
v -251.15311 -200.70958 7458.07457
vt 0.240110 0.767539
vt 0.248478 0.767210
vt 0.231595 0.767829
vt 0.240662 0.698462
vt 0.240655 0.785039
vt 0.250321 0.784082
vt 0.230696 0.785460
vt 0.220717 0.784496
vt 0.210871 0.782047
vt 0.260392 0.782673
vt 0.223221 0.767530
vt 0.215185 0.766109
vt 0.256479 0.766776
vt 0.225138 0.698229
vt 0.217345 0.697320
vt 0.256392 0.697874
vt 0.232903 0.698807
vt 0.226045 0.627224
vt 0.218246 0.627698
vt 0.257017 0.628260
vt 0.233915 0.626736
vt 0.227565 0.534669
vt 0.219804 0.535019
vt 0.258590 0.535678
vt 0.235363 0.534315
vt 0.229403 0.430236
vt 0.221543 0.430329
vt 0.260392 0.430970
vt 0.237201 0.429852
vt 0.233917 0.297784
vt 0.227282 0.297436
vt 0.258868 0.298026
vt 0.240396 0.297902
vt 0.235102 0.284160
vt 0.241518 0.287927
vt 0.229427 0.281413
vt 0.257690 0.282266
vt 0.235523 0.278631
vt 0.236201 0.272091
vt 0.240568 0.282899
vt 0.230615 0.275753
vt 0.256679 0.276786
vt 0.231954 0.270090
vt 0.255771 0.271145
vt 0.251565 0.277649
vt 0.251019 0.271698
vt 0.252114 0.283172
vt 0.246505 0.280517
vt 0.246329 0.286235
vt 0.246366 0.273280
vt 0.246616 0.258882
vt 0.240901 0.275495
vt 0.242347 0.259059
vt 0.238077 0.257739
vt 0.244920 0.246591
vt 0.233998 0.255327
vt 0.254782 0.256333
vt 0.250525 0.257853
vt 0.246424 0.298077
vt 0.252505 0.298275
vt 0.244642 0.429937
vt 0.252544 0.430558
vt 0.243096 0.534628
vt 0.250822 0.535357
vt 0.241671 0.627075
vt 0.249313 0.627917
vt 0.248529 0.697821
vt 0.557635 0.652654
vt 0.553334 0.537783
vt 0.566496 0.652113
vt 0.548748 0.653204
vt 0.561418 0.756747
vt 0.568787 0.756235
vt 0.553889 0.757318
vt 0.562741 0.772925
vt 0.568052 0.773095
vt 0.557888 0.774943
vt 0.566211 0.785460
vt 0.552143 0.779721
vt 0.579919 0.779620
vt 0.573612 0.775479
vt 0.576329 0.756102
vt 0.546465 0.757981
vt 0.584046 0.756962
vt 0.575406 0.651959
vt 0.573920 0.537473
vt 0.539817 0.653530
vt 0.584307 0.652192
vt 0.533032 0.539125
vt 0.584307 0.537551
vt 0.543188 0.538446
vt 0.563624 0.537449
vt 0.511839 0.541452
vt 0.522294 0.540865
vt 0.501507 0.541071
vt 0.511378 0.589103
vt 0.521378 0.588730
vt 0.501513 0.589428
vt 0.510666 0.619078
vt 0.518236 0.618731
vt 0.502972 0.619343
vt 0.510312 0.645092
vt 0.517423 0.644733
vt 0.503273 0.645509
vt 0.511013 0.715301
vt 0.518493 0.714914
vt 0.503555 0.715478
vt 0.509921 0.773023
vt 0.515069 0.773743
vt 0.505037 0.773327
vt 0.507484 0.785460
vt 0.500052 0.774210
vt 0.494514 0.776503
vt 0.520358 0.776482
vt 0.488551 0.715094
vt 0.526043 0.714972
vt 0.495928 0.715230
vt 0.489396 0.645233
vt 0.524431 0.644959
vt 0.496257 0.645481
vt 0.487033 0.619502
vt 0.525895 0.619259
vt 0.495024 0.619251
vt 0.482239 0.589345
vt 0.531267 0.589391
vt 0.491981 0.589226
vt 0.480264 0.540484
vt 0.532802 0.540302
vt 0.490740 0.540302
vt 0.413166 0.360117
vt 0.423160 0.358609
vt 0.403503 0.358296
vt 0.413355 0.384255
vt 0.420740 0.384969
vt 0.405683 0.383415
vt 0.413496 0.419545
vt 0.414644 0.455197
vt 0.419773 0.419688
vt 0.407234 0.419410
vt 0.407882 0.455165
vt 0.400938 0.419752
vt 0.398119 0.383963
vt 0.401273 0.455498
vt 0.394540 0.420429
vt 0.426164 0.419497
vt 0.390946 0.385885
vt 0.428111 0.384939
vt 0.394494 0.455981
vt 0.428158 0.454975
vt 0.421330 0.455271
vt 0.399210 0.576974
vt 0.430310 0.576138
vt 0.405346 0.576615
vt 0.424213 0.577194
vt 0.398780 0.593924
vt 0.431496 0.593042
vt 0.397414 0.597681
vt 0.433118 0.596550
vt 0.449175 0.501670
vt 0.449843 0.477582
vt 0.405015 0.594271
vt 0.425342 0.593779
vt 0.424947 0.608143
vt 0.418439 0.593952
vt 0.430701 0.599178
vt 0.450351 0.497841
vt 0.430413 0.602934
vt 0.450171 0.493759
vt 0.440867 0.494771
vt 0.441642 0.491992
vt 0.439582 0.497438
vt 0.440426 0.481597
vt 0.433348 0.489096
vt 0.442391 0.486563
vt 0.441879 0.484033
vt 0.442189 0.489187
vt 0.397489 0.607117
vt 0.432394 0.605972
vt 0.449760 0.489810
vt 0.399812 0.604292
vt 0.449980 0.485639
vt 0.399408 0.610078
vt 0.431000 0.609182
vt 0.405695 0.609465
vt 0.403114 0.637651
vt 0.429250 0.636716
vt 0.424075 0.636357
vt 0.408331 0.637790
vt 0.406457 0.672421
vt 0.428610 0.671616
vt 0.410890 0.672263
vt 0.424162 0.671438
vt 0.410592 0.735564
vt 0.428976 0.734897
vt 0.414270 0.735208
vt 0.425453 0.734969
vt 0.415409 0.783775
vt 0.427759 0.783247
vt 0.417921 0.781151
vt 0.424876 0.781230
vt 0.421680 0.785460
vt 0.422520 0.780358
vt 0.420316 0.780265
vt 0.417953 0.735030
vt 0.421700 0.735000
vt 0.415315 0.671939
vt 0.419700 0.671565
vt 0.413680 0.637622
vt 0.412122 0.609093
vt 0.418906 0.636896
vt 0.418634 0.608445
vt 0.411527 0.594111
vt 0.411648 0.577096
vt 0.418027 0.577603
vt 0.399807 0.600495
vt 0.450351 0.481459
vt 0.384203 0.358245
vt 0.433118 0.356772
vt 0.393851 0.356259
vt 0.470163 0.783805
vt 0.461231 0.784916
vt 0.433348 0.779905
vt 0.480034 0.781420
vt 0.468476 0.773300
vt 0.460686 0.773597
vt 0.438655 0.771245
vt 0.475676 0.772212
vt 0.468077 0.733023
vt 0.469042 0.696086
vt 0.461335 0.732672
vt 0.441151 0.733080
vt 0.474665 0.733867
vt 0.442116 0.696214
vt 0.475658 0.697127
vt 0.447939 0.733631
vt 0.448840 0.696571
vt 0.454675 0.733184
vt 0.445532 0.772770
vt 0.452980 0.773200
vt 0.442553 0.784121
vt 0.452092 0.785460
vt 0.455592 0.696002
vt 0.462265 0.695543
vt 0.457651 0.622720
vt 0.464513 0.622646
vt 0.450858 0.623195
vt 0.460162 0.545042
vt 0.466781 0.545473
vt 0.453449 0.545110
vt 0.462758 0.508359
vt 0.466770 0.508898
vt 0.458470 0.507359
vt 0.464738 0.501900
vt 0.471043 0.508320
vt 0.453487 0.503691
vt 0.476121 0.504418
vt 0.446996 0.545059
vt 0.480034 0.546144
vt 0.473508 0.546118
vt 0.444077 0.623130
vt 0.477967 0.624132
vt 0.471250 0.623357
vt 0.190103 0.216564
vt 0.180224 0.217192
vt 0.200229 0.214919
vt 0.190378 0.324133
vt 0.180051 0.324304
vt 0.200480 0.323875
vt 0.188980 0.442738
vt 0.181255 0.443238
vt 0.196787 0.442293
vt 0.188160 0.552817
vt 0.182138 0.551910
vt 0.194070 0.552924
vt 0.187859 0.609527
vt 0.182089 0.608884
vt 0.193802 0.609764
vt 0.187206 0.665437
vt 0.183160 0.664648
vt 0.191251 0.665823
vt 0.187844 0.731283
vt 0.183078 0.730520
vt 0.191935 0.731582
vt 0.187815 0.770046
vt 0.183473 0.769726
vt 0.191586 0.770318
vt 0.185698 0.785460
vt 0.175443 0.771116
vt 0.196067 0.771164
vt 0.179731 0.769792
vt 0.178958 0.730363
vt 0.174328 0.731073
vt 0.196452 0.730964
vt 0.178965 0.664574
vt 0.174929 0.665372
vt 0.195258 0.665352
vt 0.176253 0.608732
vt 0.170402 0.609437
vt 0.199800 0.609380
vt 0.175951 0.551486
vt 0.169872 0.552243
vt 0.199946 0.552155
vt 0.173533 0.443111
vt 0.165639 0.442719
vt 0.204743 0.442741
vt 0.169780 0.324173
vt 0.159635 0.324048
vt 0.210640 0.324029
vt 0.170036 0.215943
vt 0.160008 0.214540
vt 0.210482 0.214540
vt 0.284391 0.579156
vt 0.323679 0.579500
vt 0.287299 0.475220
vt 0.322536 0.475971
vt 0.315844 0.579163
vt 0.315071 0.478730
vt 0.308006 0.578924
vt 0.308469 0.479735
vt 0.300171 0.579018
vt 0.301999 0.479514
vt 0.292276 0.579212
vt 0.295066 0.478109
vt 0.283684 0.686865
vt 0.322627 0.687164
vt 0.314894 0.686550
vt 0.307104 0.685849
vt 0.299274 0.686019
vt 0.291497 0.686731
vt 0.281337 0.751692
vt 0.323955 0.752141
vt 0.315774 0.753397
vt 0.306990 0.753059
vt 0.298080 0.753223
vt 0.289400 0.753161
vt 0.299694 0.632470
vt 0.307513 0.632273
vt 0.291893 0.632921
vt 0.315352 0.632692
vt 0.284083 0.632925
vt 0.323158 0.633236
vt 0.295586 0.464648
vt 0.314371 0.466096
vt 0.310752 0.471746
vt 0.307186 0.473064
vt 0.303859 0.472453
vt 0.299996 0.470319
vt 0.305086 0.465936
vt 0.300584 0.527594
vt 0.308450 0.527615
vt 0.316395 0.527784
vt 0.284840 0.527529
vt 0.324245 0.527907
vt 0.292683 0.527665
vt 0.240110 0.767539
vt 0.248478 0.767210
vt 0.231595 0.767829
vt 0.240662 0.698462
vt 0.240655 0.785039
vt 0.250321 0.784082
vt 0.230696 0.785460
vt 0.220717 0.784496
vt 0.210871 0.782047
vt 0.260392 0.782673
vt 0.223221 0.767530
vt 0.215185 0.766109
vt 0.256479 0.766776
vt 0.225138 0.698229
vt 0.217345 0.697320
vt 0.256392 0.697874
vt 0.232903 0.698807
vt 0.226045 0.627224
vt 0.218246 0.627698
vt 0.257017 0.628260
vt 0.233915 0.626736
vt 0.227565 0.534669
vt 0.219804 0.535019
vt 0.258590 0.535678
vt 0.235363 0.534315
vt 0.229403 0.430236
vt 0.221543 0.430329
vt 0.260392 0.430970
vt 0.237201 0.429852
vt 0.233917 0.297784
vt 0.227282 0.297436
vt 0.258868 0.298026
vt 0.240396 0.297902
vt 0.235102 0.284160
vt 0.241518 0.287927
vt 0.229427 0.281413
vt 0.257690 0.282266
vt 0.235523 0.278631
vt 0.236201 0.272091
vt 0.240568 0.282899
vt 0.230615 0.275753
vt 0.256679 0.276786
vt 0.231954 0.270090
vt 0.255771 0.271145
vt 0.251565 0.277649
vt 0.251019 0.271698
vt 0.252114 0.283172
vt 0.246505 0.280517
vt 0.246329 0.286235
vt 0.246366 0.273280
vt 0.246616 0.258882
vt 0.240901 0.275495
vt 0.242347 0.259059
vt 0.238077 0.257739
vt 0.244920 0.246591
vt 0.233998 0.255327
vt 0.254782 0.256333
vt 0.250525 0.257853
vt 0.246424 0.298077
vt 0.252505 0.298275
vt 0.244642 0.429937
vt 0.252544 0.430558
vt 0.243096 0.534628
vt 0.250822 0.535357
vt 0.241671 0.627075
vt 0.249313 0.627917
vt 0.248529 0.697821
vt 0.557635 0.652654
vt 0.553334 0.537783
vt 0.566496 0.652113
vt 0.548748 0.653204
vt 0.561418 0.756747
vt 0.568787 0.756235
vt 0.553889 0.757318
vt 0.562741 0.772925
vt 0.568052 0.773095
vt 0.557888 0.774943
vt 0.566211 0.785460
vt 0.552143 0.779721
vt 0.579919 0.779620
vt 0.573612 0.775479
vt 0.576329 0.756102
vt 0.546465 0.757981
vt 0.584046 0.756962
vt 0.575406 0.651959
vt 0.573920 0.537473
vt 0.539817 0.653530
vt 0.584307 0.652192
vt 0.533032 0.539125
vt 0.584307 0.537551
vt 0.543188 0.538446
vt 0.563624 0.537449
vt 0.511839 0.541452
vt 0.522294 0.540865
vt 0.501507 0.541071
vt 0.511378 0.589103
vt 0.521378 0.588730
vt 0.501513 0.589428
vt 0.510666 0.619078
vt 0.518236 0.618731
vt 0.502972 0.619343
vt 0.510312 0.645092
vt 0.517423 0.644733
vt 0.503273 0.645509
vt 0.511013 0.715301
vt 0.518493 0.714914
vt 0.503555 0.715478
vt 0.509921 0.773023
vt 0.515069 0.773743
vt 0.505037 0.773327
vt 0.507484 0.785460
vt 0.500052 0.774210
vt 0.494514 0.776503
vt 0.520358 0.776482
vt 0.488551 0.715094
vt 0.526043 0.714972
vt 0.495928 0.715230
vt 0.489396 0.645233
vt 0.524431 0.644959
vt 0.496257 0.645481
vt 0.487033 0.619502
vt 0.525895 0.619259
vt 0.495024 0.619251
vt 0.482239 0.589345
vt 0.531267 0.589391
vt 0.491981 0.589226
vt 0.480264 0.540484
vt 0.532802 0.540302
vt 0.490740 0.540302
vt 0.413166 0.360117
vt 0.423160 0.358609
vt 0.403503 0.358296
vt 0.413355 0.384255
vt 0.420740 0.384969
vt 0.405683 0.383415
vt 0.413496 0.419545
vt 0.414644 0.455197
vt 0.419773 0.419688
vt 0.407234 0.419410
vt 0.407882 0.455165
vt 0.400938 0.419752
vt 0.398119 0.383963
vt 0.401273 0.455498
vt 0.394540 0.420429
vt 0.426164 0.419497
vt 0.390946 0.385885
vt 0.428111 0.384939
vt 0.394494 0.455981
vt 0.428158 0.454975
vt 0.421330 0.455271
vt 0.399210 0.576974
vt 0.430310 0.576138
vt 0.405346 0.576615
vt 0.424213 0.577194
vt 0.398780 0.593924
vt 0.431496 0.593042
vt 0.397414 0.597681
vt 0.433118 0.596550
vt 0.449175 0.501670
vt 0.449843 0.477582
vt 0.405015 0.594271
vt 0.425342 0.593779
vt 0.424947 0.608143
vt 0.418439 0.593952
vt 0.430701 0.599178
vt 0.450351 0.497841
vt 0.430413 0.602934
vt 0.450171 0.493759
vt 0.440867 0.494771
vt 0.441642 0.491992
vt 0.439582 0.497438
vt 0.440426 0.481597
vt 0.433348 0.489096
vt 0.442391 0.486563
vt 0.441879 0.484033
vt 0.442189 0.489187
vt 0.397489 0.607117
vt 0.432394 0.605972
vt 0.449760 0.489810
vt 0.399812 0.604292
vt 0.449980 0.485639
vt 0.399408 0.610078
vt 0.431000 0.609182
vt 0.405695 0.609465
vt 0.403114 0.637651
vt 0.429250 0.636716
vt 0.424075 0.636357
vt 0.408331 0.637790
vt 0.406457 0.672421
vt 0.428610 0.671616
vt 0.410890 0.672263
vt 0.424162 0.671438
vt 0.410592 0.735564
vt 0.428976 0.734897
vt 0.414270 0.735208
vt 0.425453 0.734969
vt 0.415409 0.783775
vt 0.427759 0.783247
vt 0.417921 0.781151
vt 0.424876 0.781230
vt 0.421680 0.785460
vt 0.422520 0.780358
vt 0.420316 0.780265
vt 0.417953 0.735030
vt 0.421700 0.735000
vt 0.415315 0.671939
vt 0.419700 0.671565
vt 0.413680 0.637622
vt 0.412122 0.609093
vt 0.418906 0.636896
vt 0.418634 0.608445
vt 0.411527 0.594111
vt 0.411648 0.577096
vt 0.418027 0.577603
vt 0.399807 0.600495
vt 0.450351 0.481459
vt 0.384203 0.358245
vt 0.433118 0.356772
vt 0.393851 0.356259
vt 0.190103 0.216564
vt 0.180224 0.217192
vt 0.200229 0.214919
vt 0.190378 0.324133
vt 0.180051 0.324304
vt 0.200480 0.323875
vt 0.188980 0.442738
vt 0.181255 0.443238
vt 0.196787 0.442293
vt 0.188160 0.552817
vt 0.182138 0.551910
vt 0.194070 0.552924
vt 0.187859 0.609527
vt 0.182089 0.608884
vt 0.193802 0.609764
vt 0.187206 0.665437
vt 0.183160 0.664648
vt 0.191251 0.665823
vt 0.187844 0.731283
vt 0.183078 0.730520
vt 0.191935 0.731582
vt 0.187815 0.770046
vt 0.183473 0.769726
vt 0.191586 0.770318
vt 0.185698 0.785460
vt 0.175443 0.771116
vt 0.196067 0.771164
vt 0.179731 0.769792
vt 0.178958 0.730363
vt 0.174328 0.731073
vt 0.196452 0.730964
vt 0.178965 0.664574
vt 0.174929 0.665372
vt 0.195258 0.665352
vt 0.176253 0.608732
vt 0.170402 0.609437
vt 0.199800 0.609380
vt 0.175951 0.551486
vt 0.169872 0.552243
vt 0.199946 0.552155
vt 0.173533 0.443111
vt 0.165639 0.442719
vt 0.204743 0.442741
vt 0.169780 0.324173
vt 0.159635 0.324048
vt 0.210640 0.324029
vt 0.170036 0.215943
vt 0.160008 0.214540
vt 0.210482 0.214540
vt 0.284391 0.579156
vt 0.323679 0.579500
vt 0.287299 0.475220
vt 0.322536 0.475971
vt 0.315844 0.579163
vt 0.315071 0.478730
vt 0.308006 0.578924
vt 0.308469 0.479735
vt 0.300171 0.579018
vt 0.301999 0.479514
vt 0.292276 0.579212
vt 0.295066 0.478109
vt 0.283684 0.686865
vt 0.322627 0.687164
vt 0.314894 0.686550
vt 0.307104 0.685849
vt 0.299274 0.686019
vt 0.291497 0.686731
vt 0.281337 0.751692
vt 0.323955 0.752141
vt 0.315774 0.753397
vt 0.306990 0.753059
vt 0.298080 0.753223
vt 0.289400 0.753161
vt 0.299694 0.632470
vt 0.307513 0.632273
vt 0.291893 0.632921
vt 0.315352 0.632692
vt 0.284083 0.632925
vt 0.323158 0.633236
vt 0.295586 0.464648
vt 0.314371 0.466096
vt 0.310752 0.471746
vt 0.307186 0.473064
vt 0.303859 0.472453
vt 0.299996 0.470319
vt 0.305086 0.465936
vt 0.300584 0.527594
vt 0.308450 0.527615
vt 0.316395 0.527784
vt 0.284840 0.527529
vt 0.324245 0.527907
vt 0.292683 0.527665
vt 0.240110 0.767539
vt 0.248478 0.767210
vt 0.231595 0.767829
vt 0.215185 0.766109
vt 0.256479 0.766776
vt 0.223221 0.767530
vt 0.240662 0.698462
vt 0.248529 0.697821
vt 0.232903 0.698807
vt 0.217345 0.697320
vt 0.256392 0.697874
vt 0.225138 0.698229
vt 0.241671 0.627075
vt 0.249313 0.627917
vt 0.233915 0.626736
vt 0.218246 0.627698
vt 0.257017 0.628260
vt 0.226045 0.627224
vt 0.243096 0.534628
vt 0.250822 0.535357
vt 0.235363 0.534315
vt 0.219804 0.535019
vt 0.258590 0.535678
vt 0.227565 0.534669
vt 0.244642 0.429937
vt 0.252544 0.430558
vt 0.237201 0.429852
vt 0.221543 0.430329
vt 0.260392 0.430970
vt 0.229403 0.430236
vt 0.246424 0.298077
vt 0.252505 0.298275
vt 0.240396 0.297902
vt 0.227282 0.297436
vt 0.258868 0.298026
vt 0.233917 0.297784
vt 0.246616 0.258882
vt 0.250525 0.257853
vt 0.242347 0.259059
vt 0.233998 0.255327
vt 0.254782 0.256333
vt 0.238077 0.257739
vt 0.244920 0.246591
vt 0.235102 0.284160
vt 0.241518 0.287927
vt 0.246329 0.286235
vt 0.252114 0.283172
vt 0.229427 0.281413
vt 0.257690 0.282266
vt 0.251019 0.271698
vt 0.240901 0.275495
vt 0.231954 0.270090
vt 0.255771 0.271145
vt 0.236201 0.272091
vt 0.246366 0.273280
vt 0.235523 0.278631
vt 0.246505 0.280517
vt 0.251565 0.277649
vt 0.240568 0.282899
vt 0.230615 0.275753
vt 0.256679 0.276786
vt 0.240655 0.785039
vt 0.250321 0.784082
vt 0.230696 0.785460
vt 0.210871 0.782047
vt 0.260392 0.782673
vt 0.220717 0.784496
vt 0.413166 0.360117
vt 0.393851 0.356259
vt 0.423160 0.358609
vt 0.384203 0.358245
vt 0.433118 0.356772
vt 0.403503 0.358296
vt 0.413355 0.384255
vt 0.398119 0.383963
vt 0.420740 0.384969
vt 0.390946 0.385885
vt 0.428111 0.384939
vt 0.405683 0.383415
vt 0.414644 0.455197
vt 0.401273 0.455498
vt 0.421330 0.455271
vt 0.394494 0.455981
vt 0.428158 0.454975
vt 0.407882 0.455165
vt 0.418027 0.577603
vt 0.405346 0.576615
vt 0.424213 0.577194
vt 0.399210 0.576974
vt 0.430310 0.576138
vt 0.411648 0.577096
vt 0.419773 0.419688
vt 0.394540 0.420429
vt 0.426164 0.419497
vt 0.407234 0.419410
vt 0.413496 0.419545
vt 0.400938 0.419752
vt 0.418634 0.608445
vt 0.405695 0.609465
vt 0.424947 0.608143
vt 0.399408 0.610078
vt 0.431000 0.609182
vt 0.412122 0.609093
vt 0.419700 0.671565
vt 0.410890 0.672263
vt 0.424162 0.671438
vt 0.406457 0.672421
vt 0.428610 0.671616
vt 0.415315 0.671939
vt 0.421700 0.735000
vt 0.414270 0.735208
vt 0.425453 0.734969
vt 0.410592 0.735564
vt 0.428976 0.734897
vt 0.417953 0.735030
vt 0.422520 0.780358
vt 0.417921 0.781151
vt 0.424876 0.781230
vt 0.415409 0.783775
vt 0.427759 0.783247
vt 0.420316 0.780265
vt 0.421680 0.785460
vt 0.403114 0.637651
vt 0.429250 0.636716
vt 0.424075 0.636357
vt 0.413680 0.637622
vt 0.408331 0.637790
vt 0.418906 0.636896
vt 0.405015 0.594271
vt 0.411527 0.594111
vt 0.425342 0.593779
vt 0.398780 0.593924
vt 0.431496 0.593042
vt 0.418439 0.593952
vt 0.399812 0.604292
vt 0.449980 0.485639
vt 0.397489 0.607117
vt 0.432394 0.605972
vt 0.449760 0.489810
vt 0.430413 0.602934
vt 0.450171 0.493759
vt 0.399807 0.600495
vt 0.450351 0.481459
vt 0.430701 0.599178
vt 0.450351 0.497841
vt 0.397414 0.597681
vt 0.433118 0.596550
vt 0.449175 0.501670
vt 0.449843 0.477582
vt 0.442391 0.486563
vt 0.442189 0.489187
vt 0.441642 0.491992
vt 0.441879 0.484033
vt 0.440867 0.494771
vt 0.439582 0.497438
vt 0.440426 0.481597
vt 0.433348 0.489096
vt 0.190103 0.216564
vt 0.160008 0.214540
vt 0.210482 0.214540
vt 0.180224 0.217192
vt 0.170036 0.215943
vt 0.200229 0.214919
vt 0.190378 0.324133
vt 0.159635 0.324048
vt 0.210640 0.324029
vt 0.180051 0.324304
vt 0.169780 0.324173
vt 0.200480 0.323875
vt 0.188980 0.442738
vt 0.165639 0.442719
vt 0.204743 0.442741
vt 0.181255 0.443238
vt 0.173533 0.443111
vt 0.196787 0.442293
vt 0.188160 0.552817
vt 0.169872 0.552243
vt 0.199946 0.552155
vt 0.182138 0.551910
vt 0.175951 0.551486
vt 0.194070 0.552924
vt 0.187859 0.609527
vt 0.170402 0.609437
vt 0.199800 0.609380
vt 0.182089 0.608884
vt 0.176253 0.608732
vt 0.193802 0.609764
vt 0.187206 0.665437
vt 0.174929 0.665372
vt 0.195258 0.665352
vt 0.183160 0.664648
vt 0.178965 0.664574
vt 0.191251 0.665823
vt 0.187844 0.731283
vt 0.174328 0.731073
vt 0.196452 0.730964
vt 0.183078 0.730520
vt 0.178958 0.730363
vt 0.191935 0.731582
vt 0.187815 0.770046
vt 0.175443 0.771116
vt 0.196067 0.771164
vt 0.183473 0.769726
vt 0.179731 0.769792
vt 0.191586 0.770318
vt 0.185698 0.785460
vt 0.418027 0.577603
vt 0.405346 0.576615
vt 0.424213 0.577194
vt 0.399210 0.576974
vt 0.430310 0.576138
vt 0.411648 0.577096
vt 0.418634 0.608445
vt 0.405695 0.609465
vt 0.424947 0.608143
vt 0.399408 0.610078
vt 0.431000 0.609182
vt 0.412122 0.609093
vt 0.419700 0.671565
vt 0.410890 0.672263
vt 0.424162 0.671438
vt 0.406457 0.672421
vt 0.428610 0.671616
vt 0.415315 0.671939
vt 0.421700 0.735000
vt 0.414270 0.735208
vt 0.425453 0.734969
vt 0.410592 0.735564
vt 0.428976 0.734897
vt 0.417953 0.735030
vt 0.422520 0.780358
vt 0.417921 0.781151
vt 0.424876 0.781230
vt 0.415409 0.783775
vt 0.427759 0.783247
vt 0.420316 0.780265
vt 0.421680 0.785460
vt 0.403114 0.637651
vt 0.429250 0.636716
vt 0.424075 0.636357
vt 0.413680 0.637622
vt 0.408331 0.637790
vt 0.418906 0.636896
vt 0.405015 0.594271
vt 0.411527 0.594111
vt 0.425342 0.593779
vt 0.398780 0.593924
vt 0.431496 0.593042
vt 0.418439 0.593952
vt 0.399812 0.604292
vt 0.449980 0.485639
vt 0.397489 0.607117
vt 0.432394 0.605972
vt 0.449760 0.489810
vt 0.430413 0.602934
vt 0.450171 0.493759
vt 0.399807 0.600495
vt 0.450351 0.481459
vt 0.430701 0.599178
vt 0.450351 0.497841
vt 0.397414 0.597681
vt 0.433118 0.596550
vt 0.449175 0.501670
vt 0.449843 0.477582
vt 0.442391 0.486563
vt 0.442189 0.489187
vt 0.441642 0.491992
vt 0.441879 0.484033
vt 0.440867 0.494771
vt 0.439582 0.497438
vt 0.440426 0.481597
vt 0.433348 0.489096
vt 0.240110 0.767539
vt 0.248478 0.767210
vt 0.231595 0.767829
vt 0.240662 0.698462
vt 0.240655 0.785039
vt 0.250321 0.784082
vt 0.230696 0.785460
vt 0.220717 0.784496
vt 0.210871 0.782047
vt 0.260392 0.782673
vt 0.223221 0.767530
vt 0.215185 0.766109
vt 0.256479 0.766776
vt 0.225138 0.698229
vt 0.217345 0.697320
vt 0.256392 0.697874
vt 0.232903 0.698807
vt 0.226045 0.627224
vt 0.218246 0.627698
vt 0.257017 0.628260
vt 0.233915 0.626736
vt 0.227565 0.534669
vt 0.219804 0.535019
vt 0.258590 0.535678
vt 0.235363 0.534315
vt 0.229403 0.430236
vt 0.221543 0.430329
vt 0.260392 0.430970
vt 0.237201 0.429852
vt 0.233917 0.297784
vt 0.227282 0.297436
vt 0.258868 0.298026
vt 0.240396 0.297902
vt 0.235102 0.284160
vt 0.241518 0.287927
vt 0.229427 0.281413
vt 0.257690 0.282266
vt 0.235523 0.278631
vt 0.236201 0.272091
vt 0.240568 0.282899
vt 0.230615 0.275753
vt 0.256679 0.276786
vt 0.231954 0.270090
vt 0.255771 0.271145
vt 0.251565 0.277649
vt 0.251019 0.271698
vt 0.252114 0.283172
vt 0.246505 0.280517
vt 0.246329 0.286235
vt 0.246366 0.273280
vt 0.246616 0.258882
vt 0.240901 0.275495
vt 0.242347 0.259059
vt 0.238077 0.257739
vt 0.244920 0.246591
vt 0.233998 0.255327
vt 0.254782 0.256333
vt 0.250525 0.257853
vt 0.246424 0.298077
vt 0.252505 0.298275
vt 0.244642 0.429937
vt 0.252544 0.430558
vt 0.243096 0.534628
vt 0.250822 0.535357
vt 0.241671 0.627075
vt 0.249313 0.627917
vt 0.248529 0.697821
vt 0.284391 0.579156
vt 0.323679 0.579500
vt 0.287299 0.475220
vt 0.322536 0.475971
vt 0.315844 0.579163
vt 0.315071 0.478730
vt 0.308006 0.578924
vt 0.308469 0.479735
vt 0.300171 0.579018
vt 0.301999 0.479514
vt 0.292276 0.579212
vt 0.295066 0.478109
vt 0.283684 0.686865
vt 0.322627 0.687164
vt 0.314894 0.686550
vt 0.307104 0.685849
vt 0.299274 0.686019
vt 0.291497 0.686731
vt 0.281337 0.751692
vt 0.323955 0.752141
vt 0.315774 0.753397
vt 0.306990 0.753059
vt 0.298080 0.753223
vt 0.289400 0.753161
vt 0.263804 0.776654
vt 0.340167 0.778512
vt 0.324479 0.784159
vt 0.308424 0.784077
vt 0.295208 0.783109
vt 0.279256 0.782328
vt 0.299694 0.632470
vt 0.307513 0.632273
vt 0.291893 0.632921
vt 0.315352 0.632692
vt 0.284083 0.632925
vt 0.323158 0.633236
vt 0.295586 0.464648
vt 0.314371 0.466096
vt 0.310752 0.471746
vt 0.307186 0.473064
vt 0.303859 0.472453
vt 0.299996 0.470319
vt 0.305086 0.465936
vt 0.300584 0.527594
vt 0.308450 0.527615
vt 0.316395 0.527784
vt 0.284840 0.527529
vt 0.324245 0.527907
vt 0.292683 0.527665
vt 0.269924 0.768261
vt 0.334487 0.769656
vt 0.282709 0.772975
vt 0.296176 0.773773
vt 0.307999 0.774377
vt 0.321482 0.774369
vt 0.557635 0.652654
vt 0.553334 0.537783
vt 0.566496 0.652113
vt 0.548748 0.653204
vt 0.561418 0.756747
vt 0.568787 0.756235
vt 0.553889 0.757318
vt 0.562741 0.772925
vt 0.568052 0.773095
vt 0.557888 0.774943
vt 0.566211 0.785460
vt 0.552143 0.779721
vt 0.579919 0.779620
vt 0.573612 0.775479
vt 0.576329 0.756102
vt 0.546465 0.757981
vt 0.584046 0.756962
vt 0.575406 0.651959
vt 0.573920 0.537473
vt 0.539817 0.653530
vt 0.584307 0.652192
vt 0.533032 0.539125
vt 0.584307 0.537551
vt 0.543188 0.538446
vt 0.563624 0.537449
vt 0.511839 0.541452
vt 0.522294 0.540865
vt 0.501507 0.541071
vt 0.511378 0.589103
vt 0.521378 0.588730
vt 0.501513 0.589428
vt 0.510666 0.619078
vt 0.518236 0.618731
vt 0.502972 0.619343
vt 0.510312 0.645092
vt 0.517423 0.644733
vt 0.503273 0.645509
vt 0.511013 0.715301
vt 0.518493 0.714914
vt 0.503555 0.715478
vt 0.509921 0.773023
vt 0.515069 0.773743
vt 0.505037 0.773327
vt 0.507484 0.785460
vt 0.500052 0.774210
vt 0.494514 0.776503
vt 0.520358 0.776482
vt 0.488551 0.715094
vt 0.526043 0.714972
vt 0.495928 0.715230
vt 0.489396 0.645233
vt 0.524431 0.644959
vt 0.496257 0.645481
vt 0.487033 0.619502
vt 0.525895 0.619259
vt 0.495024 0.619251
vt 0.482239 0.589345
vt 0.531267 0.589391
vt 0.491981 0.589226
vt 0.480264 0.540484
vt 0.532802 0.540302
vt 0.490740 0.540302
vt 0.413166 0.360117
vt 0.423160 0.358609
vt 0.403503 0.358296
vt 0.413355 0.384255
vt 0.420740 0.384969
vt 0.405683 0.383415
vt 0.413496 0.419545
vt 0.414644 0.455197
vt 0.419773 0.419688
vt 0.407234 0.419410
vt 0.407882 0.455165
vt 0.400938 0.419752
vt 0.398119 0.383963
vt 0.401273 0.455498
vt 0.394540 0.420429
vt 0.426164 0.419497
vt 0.390946 0.385885
vt 0.428111 0.384939
vt 0.394494 0.455981
vt 0.428158 0.454975
vt 0.421330 0.455271
vt 0.399210 0.576974
vt 0.430310 0.576138
vt 0.405346 0.576615
vt 0.424213 0.577194
vt 0.398780 0.593924
vt 0.431496 0.593042
vt 0.397414 0.597681
vt 0.433118 0.596550
vt 0.449175 0.501670
vt 0.449843 0.477582
vt 0.405015 0.594271
vt 0.425342 0.593779
vt 0.424947 0.608143
vt 0.418439 0.593952
vt 0.430701 0.599178
vt 0.450351 0.497841
vt 0.430413 0.602934
vt 0.450171 0.493759
vt 0.440867 0.494771
vt 0.441642 0.491992
vt 0.439582 0.497438
vt 0.440426 0.481597
vt 0.433348 0.489096
vt 0.442391 0.486563
vt 0.441879 0.484033
vt 0.442189 0.489187
vt 0.397489 0.607117
vt 0.432394 0.605972
vt 0.449760 0.489810
vt 0.399812 0.604292
vt 0.449980 0.485639
vt 0.399408 0.610078
vt 0.431000 0.609182
vt 0.405695 0.609465
vt 0.403114 0.637651
vt 0.429250 0.636716
vt 0.424075 0.636357
vt 0.408331 0.637790
vt 0.406457 0.672421
vt 0.428610 0.671616
vt 0.410890 0.672263
vt 0.424162 0.671438
vt 0.410592 0.735564
vt 0.428976 0.734897
vt 0.414270 0.735208
vt 0.425453 0.734969
vt 0.415409 0.783775
vt 0.427759 0.783247
vt 0.417921 0.781151
vt 0.424876 0.781230
vt 0.421680 0.785460
vt 0.422520 0.780358
vt 0.420316 0.780265
vt 0.417953 0.735030
vt 0.421700 0.735000
vt 0.415315 0.671939
vt 0.419700 0.671565
vt 0.413680 0.637622
vt 0.412122 0.609093
vt 0.418906 0.636896
vt 0.418634 0.608445
vt 0.411527 0.594111
vt 0.411648 0.577096
vt 0.418027 0.577603
vt 0.399807 0.600495
vt 0.450351 0.481459
vt 0.384203 0.358245
vt 0.433118 0.356772
vt 0.393851 0.356259
vt 0.190103 0.216564
vt 0.180224 0.217192
vt 0.200229 0.214919
vt 0.190378 0.324133
vt 0.180051 0.324304
vt 0.200480 0.323875
vt 0.188980 0.442738
vt 0.181255 0.443238
vt 0.196787 0.442293
vt 0.188160 0.552817
vt 0.182138 0.551910
vt 0.194070 0.552924
vt 0.187859 0.609527
vt 0.182089 0.608884
vt 0.193802 0.609764
vt 0.187206 0.665437
vt 0.183160 0.664648
vt 0.191251 0.665823
vt 0.187844 0.731283
vt 0.183078 0.730520
vt 0.191935 0.731582
vt 0.187815 0.770046
vt 0.183473 0.769726
vt 0.191586 0.770318
vt 0.185698 0.785460
vt 0.175443 0.771116
vt 0.196067 0.771164
vt 0.179731 0.769792
vt 0.178958 0.730363
vt 0.174328 0.731073
vt 0.196452 0.730964
vt 0.178965 0.664574
vt 0.174929 0.665372
vt 0.195258 0.665352
vt 0.176253 0.608732
vt 0.170402 0.609437
vt 0.199800 0.609380
vt 0.175951 0.551486
vt 0.169872 0.552243
vt 0.199946 0.552155
vt 0.173533 0.443111
vt 0.165639 0.442719
vt 0.204743 0.442741
vt 0.169780 0.324173
vt 0.159635 0.324048
vt 0.210640 0.324029
vt 0.170036 0.215943
vt 0.160008 0.214540
vt 0.210482 0.214540
vt 0.284391 0.579156
vt 0.323679 0.579500
vt 0.287299 0.475220
vt 0.322536 0.475971
vt 0.315844 0.579163
vt 0.315071 0.478730
vt 0.308006 0.578924
vt 0.308469 0.479735
vt 0.300171 0.579018
vt 0.301999 0.479514
vt 0.292276 0.579212
vt 0.295066 0.478109
vt 0.283684 0.686865
vt 0.322627 0.687164
vt 0.314894 0.686550
vt 0.307104 0.685849
vt 0.299274 0.686019
vt 0.291497 0.686731
vt 0.281337 0.751692
vt 0.323955 0.752141
vt 0.315774 0.753397
vt 0.306990 0.753059
vt 0.298080 0.753223
vt 0.289400 0.753161
vt 0.299694 0.632470
vt 0.307513 0.632273
vt 0.291893 0.632921
vt 0.315352 0.632692
vt 0.284083 0.632925
vt 0.323158 0.633236
vt 0.295586 0.464648
vt 0.314371 0.466096
vt 0.310752 0.471746
vt 0.307186 0.473064
vt 0.303859 0.472453
vt 0.299996 0.470319
vt 0.305086 0.465936
vt 0.300584 0.527594
vt 0.308450 0.527615
vt 0.316395 0.527784
vt 0.284840 0.527529
vt 0.324245 0.527907
vt 0.292683 0.527665
vt 0.240110 0.767539
vt 0.248478 0.767210
vt 0.231595 0.767829
vt 0.215185 0.766109
vt 0.256479 0.766776
vt 0.223221 0.767530
vt 0.240662 0.698462
vt 0.248529 0.697821
vt 0.232903 0.698807
vt 0.217345 0.697320
vt 0.256392 0.697874
vt 0.225138 0.698229
vt 0.241671 0.627075
vt 0.249313 0.627917
vt 0.233915 0.626736
vt 0.218246 0.627698
vt 0.257017 0.628260
vt 0.226045 0.627224
vt 0.243096 0.534628
vt 0.250822 0.535357
vt 0.235363 0.534315
vt 0.219804 0.535019
vt 0.258590 0.535678
vt 0.227565 0.534669
vt 0.244642 0.429937
vt 0.252544 0.430558
vt 0.237201 0.429852
vt 0.221543 0.430329
vt 0.260392 0.430970
vt 0.229403 0.430236
vt 0.246424 0.298077
vt 0.252505 0.298275
vt 0.240396 0.297902
vt 0.227282 0.297436
vt 0.258868 0.298026
vt 0.233917 0.297784
vt 0.246616 0.258882
vt 0.250525 0.257853
vt 0.242347 0.259059
vt 0.233998 0.255327
vt 0.254782 0.256333
vt 0.238077 0.257739
vt 0.244920 0.246591
vt 0.235102 0.284160
vt 0.241518 0.287927
vt 0.246329 0.286235
vt 0.252114 0.283172
vt 0.229427 0.281413
vt 0.257690 0.282266
vt 0.251019 0.271698
vt 0.240901 0.275495
vt 0.231954 0.270090
vt 0.255771 0.271145
vt 0.236201 0.272091
vt 0.246366 0.273280
vt 0.235523 0.278631
vt 0.246505 0.280517
vt 0.251565 0.277649
vt 0.240568 0.282899
vt 0.230615 0.275753
vt 0.256679 0.276786
vt 0.240655 0.785039
vt 0.250321 0.784082
vt 0.230696 0.785460
vt 0.210871 0.782047
vt 0.260392 0.782673
vt 0.220717 0.784496
vt 0.413166 0.360117
vt 0.393851 0.356259
vt 0.423160 0.358609
vt 0.384203 0.358245
vt 0.433118 0.356772
vt 0.403503 0.358296
vt 0.413355 0.384255
vt 0.398119 0.383963
vt 0.420740 0.384969
vt 0.390946 0.385885
vt 0.428111 0.384939
vt 0.405683 0.383415
vt 0.414644 0.455197
vt 0.401273 0.455498
vt 0.421330 0.455271
vt 0.394494 0.455981
vt 0.428158 0.454975
vt 0.407882 0.455165
vt 0.418027 0.577603
vt 0.405346 0.576615
vt 0.424213 0.577194
vt 0.399210 0.576974
vt 0.430310 0.576138
vt 0.411648 0.577096
vt 0.419773 0.419688
vt 0.394540 0.420429
vt 0.426164 0.419497
vt 0.407234 0.419410
vt 0.413496 0.419545
vt 0.400938 0.419752
vt 0.418634 0.608445
vt 0.405695 0.609465
vt 0.424947 0.608143
vt 0.399408 0.610078
vt 0.431000 0.609182
vt 0.412122 0.609093
vt 0.419700 0.671565
vt 0.410890 0.672263
vt 0.424162 0.671438
vt 0.406457 0.672421
vt 0.428610 0.671616
vt 0.415315 0.671939
vt 0.421700 0.735000
vt 0.414270 0.735208
vt 0.425453 0.734969
vt 0.410592 0.735564
vt 0.428976 0.734897
vt 0.417953 0.735030
vt 0.422520 0.780358
vt 0.417921 0.781151
vt 0.424876 0.781230
vt 0.415409 0.783775
vt 0.427759 0.783247
vt 0.420316 0.780265
vt 0.421680 0.785460
vt 0.403114 0.637651
vt 0.429250 0.636716
vt 0.424075 0.636357
vt 0.413680 0.637622
vt 0.408331 0.637790
vt 0.418906 0.636896
vt 0.405015 0.594271
vt 0.411527 0.594111
vt 0.425342 0.593779
vt 0.398780 0.593924
vt 0.431496 0.593042
vt 0.418439 0.593952
vt 0.399812 0.604292
vt 0.449980 0.485639
vt 0.397489 0.607117
vt 0.432394 0.605972
vt 0.449760 0.489810
vt 0.430413 0.602934
vt 0.450171 0.493759
vt 0.399807 0.600495
vt 0.450351 0.481459
vt 0.430701 0.599178
vt 0.450351 0.497841
vt 0.397414 0.597681
vt 0.433118 0.596550
vt 0.449175 0.501670
vt 0.449843 0.477582
vt 0.442391 0.486563
vt 0.442189 0.489187
vt 0.441642 0.491992
vt 0.441879 0.484033
vt 0.440867 0.494771
vt 0.439582 0.497438
vt 0.440426 0.481597
vt 0.433348 0.489096
vt 0.190103 0.216564
vt 0.160008 0.214540
vt 0.210482 0.214540
vt 0.180224 0.217192
vt 0.170036 0.215943
vt 0.200229 0.214919
vt 0.190378 0.324133
vt 0.159635 0.324048
vt 0.210640 0.324029
vt 0.180051 0.324304
vt 0.169780 0.324173
vt 0.200480 0.323875
vt 0.188980 0.442738
vt 0.165639 0.442719
vt 0.204743 0.442741
vt 0.181255 0.443238
vt 0.173533 0.443111
vt 0.196787 0.442293
vt 0.188160 0.552817
vt 0.169872 0.552243
vt 0.199946 0.552155
vt 0.182138 0.551910
vt 0.175951 0.551486
vt 0.194070 0.552924
vt 0.187859 0.609527
vt 0.170402 0.609437
vt 0.199800 0.609380
vt 0.182089 0.608884
vt 0.176253 0.608732
vt 0.193802 0.609764
vt 0.187206 0.665437
vt 0.174929 0.665372
vt 0.195258 0.665352
vt 0.183160 0.664648
vt 0.178965 0.664574
vt 0.191251 0.665823
vt 0.187844 0.731283
vt 0.174328 0.731073
vt 0.196452 0.730964
vt 0.183078 0.730520
vt 0.178958 0.730363
vt 0.191935 0.731582
vt 0.187815 0.770046
vt 0.175443 0.771116
vt 0.196067 0.771164
vt 0.183473 0.769726
vt 0.179731 0.769792
vt 0.191586 0.770318
vt 0.185698 0.785460
vt 0.418027 0.577603
vt 0.405346 0.576615
vt 0.424213 0.577194
vt 0.399210 0.576974
vt 0.430310 0.576138
vt 0.411648 0.577096
vt 0.418634 0.608445
vt 0.405695 0.609465
vt 0.424947 0.608143
vt 0.399408 0.610078
vt 0.431000 0.609182
vt 0.412122 0.609093
vt 0.419700 0.671565
vt 0.410890 0.672263
vt 0.424162 0.671438
vt 0.406457 0.672421
vt 0.428610 0.671616
vt 0.415315 0.671939
vt 0.421700 0.735000
vt 0.414270 0.735208
vt 0.425453 0.734969
vt 0.410592 0.735564
vt 0.428976 0.734897
vt 0.417953 0.735030
vt 0.422520 0.780358
vt 0.417921 0.781151
vt 0.424876 0.781230
vt 0.415409 0.783775
vt 0.427759 0.783247
vt 0.420316 0.780265
vt 0.421680 0.785460
vt 0.403114 0.637651
vt 0.429250 0.636716
vt 0.424075 0.636357
vt 0.413680 0.637622
vt 0.408331 0.637790
vt 0.418906 0.636896
vt 0.405015 0.594271
vt 0.411527 0.594111
vt 0.425342 0.593779
vt 0.398780 0.593924
vt 0.431496 0.593042
vt 0.418439 0.593952
vt 0.399812 0.604292
vt 0.449980 0.485639
vt 0.397489 0.607117
vt 0.432394 0.605972
vt 0.449760 0.489810
vt 0.430413 0.602934
vt 0.450171 0.493759
vt 0.399807 0.600495
vt 0.450351 0.481459
vt 0.430701 0.599178
vt 0.450351 0.497841
vt 0.397414 0.597681
vt 0.433118 0.596550
vt 0.449175 0.501670
vt 0.449843 0.477582
vt 0.442391 0.486563
vt 0.442189 0.489187
vt 0.441642 0.491992
vt 0.441879 0.484033
vt 0.440867 0.494771
vt 0.439582 0.497438
vt 0.440426 0.481597
vt 0.433348 0.489096
vt 0.557635 0.652654
vt 0.553334 0.537783
vt 0.566496 0.652113
vt 0.548748 0.653204
vt 0.561418 0.756747
vt 0.568787 0.756235
vt 0.553889 0.757318
vt 0.562741 0.772925
vt 0.568052 0.773095
vt 0.557888 0.774943
vt 0.566211 0.785460
vt 0.552143 0.779721
vt 0.579919 0.779620
vt 0.573612 0.775479
vt 0.576329 0.756102
vt 0.546465 0.757981
vt 0.584046 0.756962
vt 0.575406 0.651959
vt 0.573920 0.537473
vt 0.539817 0.653530
vt 0.584307 0.652192
vt 0.533032 0.539125
vt 0.584307 0.537551
vt 0.543188 0.538446
vt 0.563624 0.537449
vt 0.413166 0.360117
vt 0.393851 0.356259
vt 0.423160 0.358609
vt 0.384203 0.358245
vt 0.433118 0.356772
vt 0.403503 0.358296
vt 0.413355 0.384255
vt 0.398119 0.383963
vt 0.420740 0.384969
vt 0.390946 0.385885
vt 0.428111 0.384939
vt 0.405683 0.383415
vt 0.414644 0.455197
vt 0.401273 0.455498
vt 0.421330 0.455271
vt 0.394494 0.455981
vt 0.428158 0.454975
vt 0.407882 0.455165
vt 0.418027 0.577603
vt 0.405346 0.576615
vt 0.424213 0.577194
vt 0.399210 0.576974
vt 0.430310 0.576138
vt 0.411648 0.577096
vt 0.419773 0.419688
vt 0.394540 0.420429
vt 0.426164 0.419497
vt 0.407234 0.419410
vt 0.413496 0.419545
vt 0.400938 0.419752
vt 0.418634 0.608445
vt 0.405695 0.609465
vt 0.424947 0.608143
vt 0.399408 0.610078
vt 0.431000 0.609182
vt 0.412122 0.609093
vt 0.419700 0.671565
vt 0.410890 0.672263
vt 0.424162 0.671438
vt 0.406457 0.672421
vt 0.428610 0.671616
vt 0.415315 0.671939
vt 0.421700 0.735000
vt 0.414270 0.735208
vt 0.425453 0.734969
vt 0.410592 0.735564
vt 0.428976 0.734897
vt 0.417953 0.735030
vt 0.422520 0.780358
vt 0.417921 0.781151
vt 0.424876 0.781230
vt 0.415409 0.783775
vt 0.427759 0.783247
vt 0.420316 0.780265
vt 0.421680 0.785460
vt 0.403114 0.637651
vt 0.429250 0.636716
vt 0.424075 0.636357
vt 0.413680 0.637622
vt 0.408331 0.637790
vt 0.418906 0.636896
vt 0.405015 0.594271
vt 0.411527 0.594111
vt 0.425342 0.593779
vt 0.398780 0.593924
vt 0.431496 0.593042
vt 0.418439 0.593952
vt 0.399812 0.604292
vt 0.449980 0.485639
vt 0.397489 0.607117
vt 0.432394 0.605972
vt 0.449760 0.489810
vt 0.430413 0.602934
vt 0.450171 0.493759
vt 0.399807 0.600495
vt 0.450351 0.481459
vt 0.430701 0.599178
vt 0.450351 0.497841
vt 0.397414 0.597681
vt 0.433118 0.596550
vt 0.449175 0.501670
vt 0.449843 0.477582
vt 0.442391 0.486563
vt 0.442189 0.489187
vt 0.441642 0.491992
vt 0.441879 0.484033
vt 0.440867 0.494771
vt 0.439582 0.497438
vt 0.440426 0.481597
vt 0.433348 0.489096
vt 0.356026 0.282617
vt 0.365464 0.282566
vt 0.346866 0.282739
vt 0.374375 0.282610
vt 0.338800 0.284377
vt 0.382332 0.283097
vt 0.358947 0.355687
vt 0.366654 0.355847
vt 0.351265 0.355481
vt 0.374275 0.355401
vt 0.343408 0.356074
vt 0.382079 0.354812
vt 0.362995 0.450539
vt 0.368302 0.451249
vt 0.357568 0.450071
vt 0.373685 0.451010
vt 0.352163 0.450805
vt 0.378995 0.450011
vt 0.360869 0.402448
vt 0.367470 0.403156
vt 0.347892 0.402530
vt 0.380655 0.401547
vt 0.354377 0.401764
vt 0.374100 0.402631
vt 0.365280 0.534018
vt 0.370872 0.534220
vt 0.359678 0.533410
vt 0.376385 0.533518
vt 0.354147 0.533466
vt 0.381833 0.532653
vt 0.367480 0.608334
vt 0.373001 0.608792
vt 0.362029 0.607403
vt 0.378507 0.607899
vt 0.356470 0.607592
vt 0.383973 0.606751
vt 0.370313 0.681086
vt 0.374078 0.681499
vt 0.366526 0.680472
vt 0.378115 0.680959
vt 0.362709 0.680726
vt 0.381781 0.680175
vt 0.373804 0.778664
vt 0.376974 0.778731
vt 0.370274 0.778874
vt 0.380150 0.778866
vt 0.366589 0.780802
vt 0.383845 0.779960
vt 0.375529 0.785460
vt 0.240110 0.767539
vt 0.248478 0.767210
vt 0.231595 0.767829
vt 0.215185 0.766109
vt 0.256479 0.766776
vt 0.223221 0.767530
vt 0.240662 0.698462
vt 0.248529 0.697821
vt 0.232903 0.698807
vt 0.217345 0.697320
vt 0.256392 0.697874
vt 0.225138 0.698229
vt 0.241671 0.627075
vt 0.249313 0.627917
vt 0.233915 0.626736
vt 0.218246 0.627698
vt 0.257017 0.628260
vt 0.226045 0.627224
vt 0.243096 0.534628
vt 0.250822 0.535357
vt 0.235363 0.534315
vt 0.219804 0.535019
vt 0.258590 0.535678
vt 0.227565 0.534669
vt 0.244642 0.429937
vt 0.252544 0.430558
vt 0.237201 0.429852
vt 0.221543 0.430329
vt 0.260392 0.430970
vt 0.229403 0.430236
vt 0.246424 0.298077
vt 0.252505 0.298275
vt 0.240396 0.297902
vt 0.227282 0.297436
vt 0.258868 0.298026
vt 0.233917 0.297784
vt 0.246616 0.258882
vt 0.250525 0.257853
vt 0.242347 0.259059
vt 0.233998 0.255327
vt 0.254782 0.256333
vt 0.238077 0.257739
vt 0.244920 0.246591
vt 0.235102 0.284160
vt 0.241518 0.287927
vt 0.246329 0.286235
vt 0.252114 0.283172
vt 0.229427 0.281413
vt 0.257690 0.282266
vt 0.251019 0.271698
vt 0.240901 0.275495
vt 0.231954 0.270090
vt 0.255771 0.271145
vt 0.236201 0.272091
vt 0.246366 0.273280
vt 0.235523 0.278631
vt 0.246505 0.280517
vt 0.251565 0.277649
vt 0.240568 0.282899
vt 0.230615 0.275753
vt 0.256679 0.276786
vt 0.240655 0.785039
vt 0.250321 0.784082
vt 0.230696 0.785460
vt 0.210871 0.782047
vt 0.260392 0.782673
vt 0.220717 0.784496
vt 0.413166 0.360117
vt 0.393851 0.356259
vt 0.423160 0.358609
vt 0.384203 0.358245
vt 0.433118 0.356772
vt 0.403503 0.358296
vt 0.413355 0.384255
vt 0.398119 0.383963
vt 0.420740 0.384969
vt 0.390946 0.385885
vt 0.428111 0.384939
vt 0.405683 0.383415
vt 0.414644 0.455197
vt 0.401273 0.455498
vt 0.421330 0.455271
vt 0.394494 0.455981
vt 0.428158 0.454975
vt 0.407882 0.455165
vt 0.418027 0.577603
vt 0.405346 0.576615
vt 0.424213 0.577194
vt 0.399210 0.576974
vt 0.430310 0.576138
vt 0.411648 0.577096
vt 0.419773 0.419688
vt 0.394540 0.420429
vt 0.426164 0.419497
vt 0.407234 0.419410
vt 0.413496 0.419545
vt 0.400938 0.419752
vt 0.418634 0.608445
vt 0.405695 0.609465
vt 0.424947 0.608143
vt 0.399408 0.610078
vt 0.431000 0.609182
vt 0.412122 0.609093
vt 0.419700 0.671565
vt 0.410890 0.672263
vt 0.424162 0.671438
vt 0.406457 0.672421
vt 0.428610 0.671616
vt 0.415315 0.671939
vt 0.421700 0.735000
vt 0.414270 0.735208
vt 0.425453 0.734969
vt 0.410592 0.735564
vt 0.428976 0.734897
vt 0.417953 0.735030
vt 0.422520 0.780358
vt 0.417921 0.781151
vt 0.424876 0.781230
vt 0.415409 0.783775
vt 0.427759 0.783247
vt 0.420316 0.780265
vt 0.421680 0.785460
vt 0.403114 0.637651
vt 0.429250 0.636716
vt 0.424075 0.636357
vt 0.413680 0.637622
vt 0.408331 0.637790
vt 0.418906 0.636896
vt 0.405015 0.594271
vt 0.411527 0.594111
vt 0.425342 0.593779
vt 0.398780 0.593924
vt 0.431496 0.593042
vt 0.418439 0.593952
vt 0.399812 0.604292
vt 0.449980 0.485639
vt 0.397489 0.607117
vt 0.432394 0.605972
vt 0.449760 0.489810
vt 0.430413 0.602934
vt 0.450171 0.493759
vt 0.399807 0.600495
vt 0.450351 0.481459
vt 0.430701 0.599178
vt 0.450351 0.497841
vt 0.397414 0.597681
vt 0.433118 0.596550
vt 0.449175 0.501670
vt 0.449843 0.477582
vt 0.442391 0.486563
vt 0.442189 0.489187
vt 0.441642 0.491992
vt 0.441879 0.484033
vt 0.440867 0.494771
vt 0.439582 0.497438
vt 0.440426 0.481597
vt 0.433348 0.489096
vt 0.190103 0.216564
vt 0.160008 0.214540
vt 0.210482 0.214540
vt 0.180224 0.217192
vt 0.170036 0.215943
vt 0.200229 0.214919
vt 0.190378 0.324133
vt 0.159635 0.324048
vt 0.210640 0.324029
vt 0.180051 0.324304
vt 0.169780 0.324173
vt 0.200480 0.323875
vt 0.188980 0.442738
vt 0.165639 0.442719
vt 0.204743 0.442741
vt 0.181255 0.443238
vt 0.173533 0.443111
vt 0.196787 0.442293
vt 0.188160 0.552817
vt 0.169872 0.552243
vt 0.199946 0.552155
vt 0.182138 0.551910
vt 0.175951 0.551486
vt 0.194070 0.552924
vt 0.187859 0.609527
vt 0.170402 0.609437
vt 0.199800 0.609380
vt 0.182089 0.608884
vt 0.176253 0.608732
vt 0.193802 0.609764
vt 0.187206 0.665437
vt 0.174929 0.665372
vt 0.195258 0.665352
vt 0.183160 0.664648
vt 0.178965 0.664574
vt 0.191251 0.665823
vt 0.187844 0.731283
vt 0.174328 0.731073
vt 0.196452 0.730964
vt 0.183078 0.730520
vt 0.178958 0.730363
vt 0.191935 0.731582
vt 0.187815 0.770046
vt 0.175443 0.771116
vt 0.196067 0.771164
vt 0.183473 0.769726
vt 0.179731 0.769792
vt 0.191586 0.770318
vt 0.185698 0.785460
vt 0.418027 0.577603
vt 0.405346 0.576615
vt 0.424213 0.577194
vt 0.399210 0.576974
vt 0.430310 0.576138
vt 0.411648 0.577096
vt 0.418634 0.608445
vt 0.405695 0.609465
vt 0.424947 0.608143
vt 0.399408 0.610078
vt 0.431000 0.609182
vt 0.412122 0.609093
vt 0.419700 0.671565
vt 0.410890 0.672263
vt 0.424162 0.671438
vt 0.406457 0.672421
vt 0.428610 0.671616
vt 0.415315 0.671939
vt 0.421700 0.735000
vt 0.414270 0.735208
vt 0.425453 0.734969
vt 0.410592 0.735564
vt 0.428976 0.734897
vt 0.417953 0.735030
vt 0.422520 0.780358
vt 0.417921 0.781151
vt 0.424876 0.781230
vt 0.415409 0.783775
vt 0.427759 0.783247
vt 0.420316 0.780265
vt 0.421680 0.785460
vt 0.403114 0.637651
vt 0.429250 0.636716
vt 0.424075 0.636357
vt 0.413680 0.637622
vt 0.408331 0.637790
vt 0.418906 0.636896
vt 0.405015 0.594271
vt 0.411527 0.594111
vt 0.425342 0.593779
vt 0.398780 0.593924
vt 0.431496 0.593042
vt 0.418439 0.593952
vt 0.399812 0.604292
vt 0.449980 0.485639
vt 0.397489 0.607117
vt 0.432394 0.605972
vt 0.449760 0.489810
vt 0.430413 0.602934
vt 0.450171 0.493759
vt 0.399807 0.600495
vt 0.450351 0.481459
vt 0.430701 0.599178
vt 0.450351 0.497841
vt 0.397414 0.597681
vt 0.433118 0.596550
vt 0.449175 0.501670
vt 0.449843 0.477582
vt 0.442391 0.486563
vt 0.442189 0.489187
vt 0.441642 0.491992
vt 0.441879 0.484033
vt 0.440867 0.494771
vt 0.439582 0.497438
vt 0.440426 0.481597
vt 0.433348 0.489096
vt 0.240110 0.767539
vt 0.248478 0.767210
vt 0.231595 0.767829
vt 0.240662 0.698462
vt 0.240655 0.785039
vt 0.250321 0.784082
vt 0.230696 0.785460
vt 0.220717 0.784496
vt 0.210871 0.782047
vt 0.260392 0.782673
vt 0.223221 0.767530
vt 0.215185 0.766109
vt 0.256479 0.766776
vt 0.225138 0.698229
vt 0.217345 0.697320
vt 0.256392 0.697874
vt 0.232903 0.698807
vt 0.226045 0.627224
vt 0.218246 0.627698
vt 0.257017 0.628260
vt 0.233915 0.626736
vt 0.227565 0.534669
vt 0.219804 0.535019
vt 0.258590 0.535678
vt 0.235363 0.534315
vt 0.229403 0.430236
vt 0.221543 0.430329
vt 0.260392 0.430970
vt 0.237201 0.429852
vt 0.233917 0.297784
vt 0.227282 0.297436
vt 0.258868 0.298026
vt 0.240396 0.297902
vt 0.235102 0.284160
vt 0.241518 0.287927
vt 0.229427 0.281413
vt 0.257690 0.282266
vt 0.235523 0.278631
vt 0.236201 0.272091
vt 0.240568 0.282899
vt 0.230615 0.275753
vt 0.256679 0.276786
vt 0.231954 0.270090
vt 0.255771 0.271145
vt 0.251565 0.277649
vt 0.251019 0.271698
vt 0.252114 0.283172
vt 0.246505 0.280517
vt 0.246329 0.286235
vt 0.246366 0.273280
vt 0.246616 0.258882
vt 0.240901 0.275495
vt 0.242347 0.259059
vt 0.238077 0.257739
vt 0.244920 0.246591
vt 0.233998 0.255327
vt 0.254782 0.256333
vt 0.250525 0.257853
vt 0.246424 0.298077
vt 0.252505 0.298275
vt 0.244642 0.429937
vt 0.252544 0.430558
vt 0.243096 0.534628
vt 0.250822 0.535357
vt 0.241671 0.627075
vt 0.249313 0.627917
vt 0.248529 0.697821
vt 0.284391 0.579156
vt 0.323679 0.579500
vt 0.287299 0.475220
vt 0.322536 0.475971
vt 0.315844 0.579163
vt 0.315071 0.478730
vt 0.308006 0.578924
vt 0.308469 0.479735
vt 0.300171 0.579018
vt 0.301999 0.479514
vt 0.292276 0.579212
vt 0.295066 0.478109
vt 0.283684 0.686865
vt 0.322627 0.687164
vt 0.314894 0.686550
vt 0.307104 0.685849
vt 0.299274 0.686019
vt 0.291497 0.686731
vt 0.281337 0.751692
vt 0.323955 0.752141
vt 0.315774 0.753397
vt 0.306990 0.753059
vt 0.298080 0.753223
vt 0.289400 0.753161
vt 0.263804 0.776654
vt 0.340167 0.778512
vt 0.324479 0.784159
vt 0.308424 0.784077
vt 0.295208 0.783109
vt 0.279256 0.782328
vt 0.299694 0.632470
vt 0.307513 0.632273
vt 0.291893 0.632921
vt 0.315352 0.632692
vt 0.284083 0.632925
vt 0.323158 0.633236
vt 0.295586 0.464648
vt 0.314371 0.466096
vt 0.310752 0.471746
vt 0.307186 0.473064
vt 0.303859 0.472453
vt 0.299996 0.470319
vt 0.305086 0.465936
vt 0.300584 0.527594
vt 0.308450 0.527615
vt 0.316395 0.527784
vt 0.284840 0.527529
vt 0.324245 0.527907
vt 0.292683 0.527665
vt 0.269924 0.768261
vt 0.334487 0.769656
vt 0.282709 0.772975
vt 0.296176 0.773773
vt 0.307999 0.774377
vt 0.321482 0.774369
vt 0.356026 0.282617
vt 0.365464 0.282566
vt 0.346866 0.282739
vt 0.358947 0.355687
vt 0.356191 0.276725
vt 0.346534 0.276770
vt 0.365702 0.276959
vt 0.374569 0.276713
vt 0.374375 0.282610
vt 0.337129 0.278477
vt 0.383973 0.277152
vt 0.338800 0.284377
vt 0.382332 0.283097
vt 0.343408 0.356074
vt 0.382079 0.354812
vt 0.374275 0.355401
vt 0.351265 0.355481
vt 0.347892 0.402530
vt 0.380655 0.401547
vt 0.352163 0.450805
vt 0.378995 0.450011
vt 0.374100 0.402631
vt 0.354377 0.401764
vt 0.357568 0.450071
vt 0.360869 0.402448
vt 0.362995 0.450539
vt 0.367470 0.403156
vt 0.366654 0.355847
vt 0.368302 0.451249
vt 0.373685 0.451010
vt 0.370872 0.534220
vt 0.376385 0.533518
vt 0.365280 0.534018
vt 0.373001 0.608792
vt 0.378507 0.607899
vt 0.367480 0.608334
vt 0.374078 0.681499
vt 0.378115 0.680959
vt 0.370313 0.681086
vt 0.376974 0.778731
vt 0.380150 0.778866
vt 0.373804 0.778664
vt 0.375529 0.785460
vt 0.366589 0.780802
vt 0.383845 0.779960
vt 0.370274 0.778874
vt 0.366526 0.680472
vt 0.362709 0.680726
vt 0.381781 0.680175
vt 0.362029 0.607403
vt 0.356470 0.607592
vt 0.383973 0.606751
vt 0.359678 0.533410
vt 0.354147 0.533466
vt 0.381833 0.532653
vt 0.413166 0.360117
vt 0.393851 0.356259
vt 0.423160 0.358609
vt 0.384203 0.358245
vt 0.433118 0.356772
vt 0.403503 0.358296
vt 0.413355 0.384255
vt 0.398119 0.383963
vt 0.420740 0.384969
vt 0.390946 0.385885
vt 0.428111 0.384939
vt 0.405683 0.383415
vt 0.414644 0.455197
vt 0.401273 0.455498
vt 0.421330 0.455271
vt 0.394494 0.455981
vt 0.428158 0.454975
vt 0.407882 0.455165
vt 0.418027 0.577603
vt 0.405346 0.576615
vt 0.424213 0.577194
vt 0.399210 0.576974
vt 0.430310 0.576138
vt 0.411648 0.577096
vt 0.419773 0.419688
vt 0.394540 0.420429
vt 0.426164 0.419497
vt 0.407234 0.419410
vt 0.413496 0.419545
vt 0.400938 0.419752
vt 0.418634 0.608445
vt 0.405695 0.609465
vt 0.424947 0.608143
vt 0.399408 0.610078
vt 0.431000 0.609182
vt 0.412122 0.609093
vt 0.419700 0.671565
vt 0.410890 0.672263
vt 0.424162 0.671438
vt 0.406457 0.672421
vt 0.428610 0.671616
vt 0.415315 0.671939
vt 0.421700 0.735000
vt 0.414270 0.735208
vt 0.425453 0.734969
vt 0.410592 0.735564
vt 0.428976 0.734897
vt 0.417953 0.735030
vt 0.422520 0.780358
vt 0.417921 0.781151
vt 0.424876 0.781230
vt 0.415409 0.783775
vt 0.427759 0.783247
vt 0.420316 0.780265
vt 0.421680 0.785460
vt 0.403114 0.637651
vt 0.429250 0.636716
vt 0.424075 0.636357
vt 0.413680 0.637622
vt 0.408331 0.637790
vt 0.418906 0.636896
vt 0.405015 0.594271
vt 0.411527 0.594111
vt 0.425342 0.593779
vt 0.398780 0.593924
vt 0.431496 0.593042
vt 0.418439 0.593952
vt 0.399812 0.604292
vt 0.449980 0.485639
vt 0.397489 0.607117
vt 0.432394 0.605972
vt 0.449760 0.489810
vt 0.430413 0.602934
vt 0.450171 0.493759
vt 0.399807 0.600495
vt 0.450351 0.481459
vt 0.430701 0.599178
vt 0.450351 0.497841
vt 0.397414 0.597681
vt 0.433118 0.596550
vt 0.449175 0.501670
vt 0.449843 0.477582
vt 0.442391 0.486563
vt 0.442189 0.489187
vt 0.441642 0.491992
vt 0.441879 0.484033
vt 0.440867 0.494771
vt 0.439582 0.497438
vt 0.440426 0.481597
vt 0.433348 0.489096
vt 0.356026 0.282617
vt 0.365464 0.282566
vt 0.346866 0.282739
vt 0.374375 0.282610
vt 0.338800 0.284377
vt 0.382332 0.283097
vt 0.358947 0.355687
vt 0.366654 0.355847
vt 0.351265 0.355481
vt 0.374275 0.355401
vt 0.343408 0.356074
vt 0.382079 0.354812
vt 0.362995 0.450539
vt 0.368302 0.451249
vt 0.357568 0.450071
vt 0.373685 0.451010
vt 0.352163 0.450805
vt 0.378995 0.450011
vt 0.360869 0.402448
vt 0.367470 0.403156
vt 0.347892 0.402530
vt 0.380655 0.401547
vt 0.354377 0.401764
vt 0.374100 0.402631
vt 0.365280 0.534018
vt 0.370872 0.534220
vt 0.359678 0.533410
vt 0.376385 0.533518
vt 0.354147 0.533466
vt 0.381833 0.532653
vt 0.367480 0.608334
vt 0.373001 0.608792
vt 0.362029 0.607403
vt 0.378507 0.607899
vt 0.356470 0.607592
vt 0.383973 0.606751
vt 0.370313 0.681086
vt 0.374078 0.681499
vt 0.366526 0.680472
vt 0.378115 0.680959
vt 0.362709 0.680726
vt 0.381781 0.680175
vt 0.373804 0.778664
vt 0.376974 0.778731
vt 0.370274 0.778874
vt 0.380150 0.778866
vt 0.366589 0.780802
vt 0.383845 0.779960
vt 0.375529 0.785460
vt 0.190103 0.216564
vt 0.180224 0.217192
vt 0.200229 0.214919
vt 0.190378 0.324133
vt 0.180051 0.324304
vt 0.200480 0.323875
vt 0.188980 0.442738
vt 0.181255 0.443238
vt 0.196787 0.442293
vt 0.188160 0.552817
vt 0.182138 0.551910
vt 0.194070 0.552924
vt 0.187859 0.609527
vt 0.182089 0.608884
vt 0.193802 0.609764
vt 0.187206 0.665437
vt 0.183160 0.664648
vt 0.191251 0.665823
vt 0.187844 0.731283
vt 0.183078 0.730520
vt 0.191935 0.731582
vt 0.187815 0.770046
vt 0.183473 0.769726
vt 0.191586 0.770318
vt 0.185698 0.785460
vt 0.175443 0.771116
vt 0.196067 0.771164
vt 0.179731 0.769792
vt 0.178958 0.730363
vt 0.174328 0.731073
vt 0.196452 0.730964
vt 0.178965 0.664574
vt 0.174929 0.665372
vt 0.195258 0.665352
vt 0.176253 0.608732
vt 0.170402 0.609437
vt 0.199800 0.609380
vt 0.175951 0.551486
vt 0.169872 0.552243
vt 0.199946 0.552155
vt 0.173533 0.443111
vt 0.165639 0.442719
vt 0.204743 0.442741
vt 0.169780 0.324173
vt 0.159635 0.324048
vt 0.210640 0.324029
vt 0.170036 0.215943
vt 0.160008 0.214540
vt 0.210482 0.214540
vt 0.284391 0.579156
vt 0.323679 0.579500
vt 0.287299 0.475220
vt 0.322536 0.475971
vt 0.315844 0.579163
vt 0.315071 0.478730
vt 0.308006 0.578924
vt 0.308469 0.479735
vt 0.300171 0.579018
vt 0.301999 0.479514
vt 0.292276 0.579212
vt 0.295066 0.478109
vt 0.283684 0.686865
vt 0.322627 0.687164
vt 0.314894 0.686550
vt 0.307104 0.685849
vt 0.299274 0.686019
vt 0.291497 0.686731
vt 0.281337 0.751692
vt 0.323955 0.752141
vt 0.315774 0.753397
vt 0.306990 0.753059
vt 0.298080 0.753223
vt 0.289400 0.753161
vt 0.299694 0.632470
vt 0.307513 0.632273
vt 0.291893 0.632921
vt 0.315352 0.632692
vt 0.284083 0.632925
vt 0.323158 0.633236
vt 0.295586 0.464648
vt 0.314371 0.466096
vt 0.310752 0.471746
vt 0.307186 0.473064
vt 0.303859 0.472453
vt 0.299996 0.470319
vt 0.305086 0.465936
vt 0.300584 0.527594
vt 0.308450 0.527615
vt 0.316395 0.527784
vt 0.284840 0.527529
vt 0.324245 0.527907
vt 0.292683 0.527665
vt 0.240110 0.767539
vt 0.248478 0.767210
vt 0.231595 0.767829
vt 0.215185 0.766109
vt 0.256479 0.766776
vt 0.223221 0.767530
vt 0.240662 0.698462
vt 0.248529 0.697821
vt 0.232903 0.698807
vt 0.217345 0.697320
vt 0.256392 0.697874
vt 0.225138 0.698229
vt 0.241671 0.627075
vt 0.249313 0.627917
vt 0.233915 0.626736
vt 0.218246 0.627698
vt 0.257017 0.628260
vt 0.226045 0.627224
vt 0.243096 0.534628
vt 0.250822 0.535357
vt 0.235363 0.534315
vt 0.219804 0.535019
vt 0.258590 0.535678
vt 0.227565 0.534669
vt 0.244642 0.429937
vt 0.252544 0.430558
vt 0.237201 0.429852
vt 0.221543 0.430329
vt 0.260392 0.430970
vt 0.229403 0.430236
vt 0.246424 0.298077
vt 0.252505 0.298275
vt 0.240396 0.297902
vt 0.227282 0.297436
vt 0.258868 0.298026
vt 0.233917 0.297784
vt 0.246616 0.258882
vt 0.250525 0.257853
vt 0.242347 0.259059
vt 0.233998 0.255327
vt 0.254782 0.256333
vt 0.238077 0.257739
vt 0.244920 0.246591
vt 0.235102 0.284160
vt 0.241518 0.287927
vt 0.246329 0.286235
vt 0.252114 0.283172
vt 0.229427 0.281413
vt 0.257690 0.282266
vt 0.251019 0.271698
vt 0.240901 0.275495
vt 0.231954 0.270090
vt 0.255771 0.271145
vt 0.236201 0.272091
vt 0.246366 0.273280
vt 0.235523 0.278631
vt 0.246505 0.280517
vt 0.251565 0.277649
vt 0.240568 0.282899
vt 0.230615 0.275753
vt 0.256679 0.276786
vt 0.240655 0.785039
vt 0.250321 0.784082
vt 0.230696 0.785460
vt 0.210871 0.782047
vt 0.260392 0.782673
vt 0.220717 0.784496
vt 0.413166 0.360117
vt 0.393851 0.356259
vt 0.423160 0.358609
vt 0.384203 0.358245
vt 0.433118 0.356772
vt 0.403503 0.358296
vt 0.413355 0.384255
vt 0.398119 0.383963
vt 0.420740 0.384969
vt 0.390946 0.385885
vt 0.428111 0.384939
vt 0.405683 0.383415
vt 0.414644 0.455197
vt 0.401273 0.455498
vt 0.421330 0.455271
vt 0.394494 0.455981
vt 0.428158 0.454975
vt 0.407882 0.455165
vt 0.418027 0.577603
vt 0.405346 0.576615
vt 0.424213 0.577194
vt 0.399210 0.576974
vt 0.430310 0.576138
vt 0.411648 0.577096
vt 0.419773 0.419688
vt 0.394540 0.420429
vt 0.426164 0.419497
vt 0.407234 0.419410
vt 0.413496 0.419545
vt 0.400938 0.419752
vt 0.418634 0.608445
vt 0.405695 0.609465
vt 0.424947 0.608143
vt 0.399408 0.610078
vt 0.431000 0.609182
vt 0.412122 0.609093
vt 0.419700 0.671565
vt 0.410890 0.672263
vt 0.424162 0.671438
vt 0.406457 0.672421
vt 0.428610 0.671616
vt 0.415315 0.671939
vt 0.421700 0.735000
vt 0.414270 0.735208
vt 0.425453 0.734969
vt 0.410592 0.735564
vt 0.428976 0.734897
vt 0.417953 0.735030
vt 0.422520 0.780358
vt 0.417921 0.781151
vt 0.424876 0.781230
vt 0.415409 0.783775
vt 0.427759 0.783247
vt 0.420316 0.780265
vt 0.421680 0.785460
vt 0.403114 0.637651
vt 0.429250 0.636716
vt 0.424075 0.636357
vt 0.413680 0.637622
vt 0.408331 0.637790
vt 0.418906 0.636896
vt 0.405015 0.594271
vt 0.411527 0.594111
vt 0.425342 0.593779
vt 0.398780 0.593924
vt 0.431496 0.593042
vt 0.418439 0.593952
vt 0.399812 0.604292
vt 0.449980 0.485639
vt 0.397489 0.607117
vt 0.432394 0.605972
vt 0.449760 0.489810
vt 0.430413 0.602934
vt 0.450171 0.493759
vt 0.399807 0.600495
vt 0.450351 0.481459
vt 0.430701 0.599178
vt 0.450351 0.497841
vt 0.397414 0.597681
vt 0.433118 0.596550
vt 0.449175 0.501670
vt 0.449843 0.477582
vt 0.442391 0.486563
vt 0.442189 0.489187
vt 0.441642 0.491992
vt 0.441879 0.484033
vt 0.440867 0.494771
vt 0.439582 0.497438
vt 0.440426 0.481597
vt 0.433348 0.489096
vt 0.190103 0.216564
vt 0.160008 0.214540
vt 0.210482 0.214540
vt 0.180224 0.217192
vt 0.170036 0.215943
vt 0.200229 0.214919
vt 0.190378 0.324133
vt 0.159635 0.324048
vt 0.210640 0.324029
vt 0.180051 0.324304
vt 0.169780 0.324173
vt 0.200480 0.323875
vt 0.188980 0.442738
vt 0.165639 0.442719
vt 0.204743 0.442741
vt 0.181255 0.443238
vt 0.173533 0.443111
vt 0.196787 0.442293
vt 0.188160 0.552817
vt 0.169872 0.552243
vt 0.199946 0.552155
vt 0.182138 0.551910
vt 0.175951 0.551486
vt 0.194070 0.552924
vt 0.187859 0.609527
vt 0.170402 0.609437
vt 0.199800 0.609380
vt 0.182089 0.608884
vt 0.176253 0.608732
vt 0.193802 0.609764
vt 0.187206 0.665437
vt 0.174929 0.665372
vt 0.195258 0.665352
vt 0.183160 0.664648
vt 0.178965 0.664574
vt 0.191251 0.665823
vt 0.187844 0.731283
vt 0.174328 0.731073
vt 0.196452 0.730964
vt 0.183078 0.730520
vt 0.178958 0.730363
vt 0.191935 0.731582
vt 0.187815 0.770046
vt 0.175443 0.771116
vt 0.196067 0.771164
vt 0.183473 0.769726
vt 0.179731 0.769792
vt 0.191586 0.770318
vt 0.185698 0.785460
vt 0.418027 0.577603
vt 0.405346 0.576615
vt 0.424213 0.577194
vt 0.399210 0.576974
vt 0.430310 0.576138
vt 0.411648 0.577096
vt 0.418634 0.608445
vt 0.405695 0.609465
vt 0.424947 0.608143
vt 0.399408 0.610078
vt 0.431000 0.609182
vt 0.412122 0.609093
vt 0.419700 0.671565
vt 0.410890 0.672263
vt 0.424162 0.671438
vt 0.406457 0.672421
vt 0.428610 0.671616
vt 0.415315 0.671939
vt 0.421700 0.735000
vt 0.414270 0.735208
vt 0.425453 0.734969
vt 0.410592 0.735564
vt 0.428976 0.734897
vt 0.417953 0.735030
vt 0.422520 0.780358
vt 0.417921 0.781151
vt 0.424876 0.781230
vt 0.415409 0.783775
vt 0.427759 0.783247
vt 0.420316 0.780265
vt 0.421680 0.785460
vt 0.403114 0.637651
vt 0.429250 0.636716
vt 0.424075 0.636357
vt 0.413680 0.637622
vt 0.408331 0.637790
vt 0.418906 0.636896
vt 0.405015 0.594271
vt 0.411527 0.594111
vt 0.425342 0.593779
vt 0.398780 0.593924
vt 0.431496 0.593042
vt 0.418439 0.593952
vt 0.399812 0.604292
vt 0.449980 0.485639
vt 0.397489 0.607117
vt 0.432394 0.605972
vt 0.449760 0.489810
vt 0.430413 0.602934
vt 0.450171 0.493759
vt 0.399807 0.600495
vt 0.450351 0.481459
vt 0.430701 0.599178
vt 0.450351 0.497841
vt 0.397414 0.597681
vt 0.433118 0.596550
vt 0.449175 0.501670
vt 0.449843 0.477582
vt 0.442391 0.486563
vt 0.442189 0.489187
vt 0.441642 0.491992
vt 0.441879 0.484033
vt 0.440867 0.494771
vt 0.439582 0.497438
vt 0.440426 0.481597
vt 0.433348 0.489096
vt 0.557635 0.652654
vt 0.553334 0.537783
vt 0.566496 0.652113
vt 0.548748 0.653204
vt 0.561418 0.756747
vt 0.568787 0.756235
vt 0.553889 0.757318
vt 0.562741 0.772925
vt 0.568052 0.773095
vt 0.557888 0.774943
vt 0.566211 0.785460
vt 0.552143 0.779721
vt 0.579919 0.779620
vt 0.573612 0.775479
vt 0.576329 0.756102
vt 0.546465 0.757981
vt 0.584046 0.756962
vt 0.575406 0.651959
vt 0.573920 0.537473
vt 0.539817 0.653530
vt 0.584307 0.652192
vt 0.533032 0.539125
vt 0.584307 0.537551
vt 0.543188 0.538446
vt 0.563624 0.537449
vt 0.470163 0.783805
vt 0.461231 0.784916
vt 0.433348 0.779905
vt 0.480034 0.781420
vt 0.468476 0.773300
vt 0.460686 0.773597
vt 0.438655 0.771245
vt 0.475676 0.772212
vt 0.468077 0.733023
vt 0.469042 0.696086
vt 0.461335 0.732672
vt 0.441151 0.733080
vt 0.474665 0.733867
vt 0.442116 0.696214
vt 0.475658 0.697127
vt 0.447939 0.733631
vt 0.448840 0.696571
vt 0.454675 0.733184
vt 0.445532 0.772770
vt 0.452980 0.773200
vt 0.442553 0.784121
vt 0.452092 0.785460
vt 0.455592 0.696002
vt 0.462265 0.695543
vt 0.457651 0.622720
vt 0.464513 0.622646
vt 0.450858 0.623195
vt 0.460162 0.545042
vt 0.466781 0.545473
vt 0.453449 0.545110
vt 0.462758 0.508359
vt 0.466770 0.508898
vt 0.458470 0.507359
vt 0.464738 0.501900
vt 0.471043 0.508320
vt 0.453487 0.503691
vt 0.476121 0.504418
vt 0.446996 0.545059
vt 0.480034 0.546144
vt 0.473508 0.546118
vt 0.444077 0.623130
vt 0.477967 0.624132
vt 0.471250 0.623357
vt 0.190103 0.216564
vt 0.180224 0.217192
vt 0.200229 0.214919
vt 0.190378 0.324133
vt 0.180051 0.324304
vt 0.200480 0.323875
vt 0.188980 0.442738
vt 0.181255 0.443238
vt 0.196787 0.442293
vt 0.188160 0.552817
vt 0.182138 0.551910
vt 0.194070 0.552924
vt 0.187859 0.609527
vt 0.182089 0.608884
vt 0.193802 0.609764
vt 0.187206 0.665437
vt 0.183160 0.664648
vt 0.191251 0.665823
vt 0.187844 0.731283
vt 0.183078 0.730520
vt 0.191935 0.731582
vt 0.187815 0.770046
vt 0.183473 0.769726
vt 0.191586 0.770318
vt 0.185698 0.785460
vt 0.175443 0.771116
vt 0.196067 0.771164
vt 0.179731 0.769792
vt 0.178958 0.730363
vt 0.174328 0.731073
vt 0.196452 0.730964
vt 0.178965 0.664574
vt 0.174929 0.665372
vt 0.195258 0.665352
vt 0.176253 0.608732
vt 0.170402 0.609437
vt 0.199800 0.609380
vt 0.175951 0.551486
vt 0.169872 0.552243
vt 0.199946 0.552155
vt 0.173533 0.443111
vt 0.165639 0.442719
vt 0.204743 0.442741
vt 0.169780 0.324173
vt 0.159635 0.324048
vt 0.210640 0.324029
vt 0.170036 0.215943
vt 0.160008 0.214540
vt 0.210482 0.214540
vt 0.284391 0.579156
vt 0.323679 0.579500
vt 0.287299 0.475220
vt 0.322536 0.475971
vt 0.315844 0.579163
vt 0.315071 0.478730
vt 0.308006 0.578924
vt 0.308469 0.479735
vt 0.300171 0.579018
vt 0.301999 0.479514
vt 0.292276 0.579212
vt 0.295066 0.478109
vt 0.283684 0.686865
vt 0.322627 0.687164
vt 0.314894 0.686550
vt 0.307104 0.685849
vt 0.299274 0.686019
vt 0.291497 0.686731
vt 0.281337 0.751692
vt 0.323955 0.752141
vt 0.315774 0.753397
vt 0.306990 0.753059
vt 0.298080 0.753223
vt 0.289400 0.753161
vt 0.299694 0.632470
vt 0.307513 0.632273
vt 0.291893 0.632921
vt 0.315352 0.632692
vt 0.284083 0.632925
vt 0.323158 0.633236
vt 0.295586 0.464648
vt 0.314371 0.466096
vt 0.310752 0.471746
vt 0.307186 0.473064
vt 0.303859 0.472453
vt 0.299996 0.470319
vt 0.305086 0.465936
vt 0.300584 0.527594
vt 0.308450 0.527615
vt 0.316395 0.527784
vt 0.284840 0.527529
vt 0.324245 0.527907
vt 0.292683 0.527665
vt 0.240110 0.767539
vt 0.248478 0.767210
vt 0.231595 0.767829
vt 0.215185 0.766109
vt 0.256479 0.766776
vt 0.223221 0.767530
vt 0.240662 0.698462
vt 0.248529 0.697821
vt 0.232903 0.698807
vt 0.217345 0.697320
vt 0.256392 0.697874
vt 0.225138 0.698229
vt 0.241671 0.627075
vt 0.249313 0.627917
vt 0.233915 0.626736
vt 0.218246 0.627698
vt 0.257017 0.628260
vt 0.226045 0.627224
vt 0.243096 0.534628
vt 0.250822 0.535357
vt 0.235363 0.534315
vt 0.219804 0.535019
vt 0.258590 0.535678
vt 0.227565 0.534669
vt 0.244642 0.429937
vt 0.252544 0.430558
vt 0.237201 0.429852
vt 0.221543 0.430329
vt 0.260392 0.430970
vt 0.229403 0.430236
vt 0.246424 0.298077
vt 0.252505 0.298275
vt 0.240396 0.297902
vt 0.227282 0.297436
vt 0.258868 0.298026
vt 0.233917 0.297784
vt 0.246616 0.258882
vt 0.250525 0.257853
vt 0.242347 0.259059
vt 0.233998 0.255327
vt 0.254782 0.256333
vt 0.238077 0.257739
vt 0.244920 0.246591
vt 0.235102 0.284160
vt 0.241518 0.287927
vt 0.246329 0.286235
vt 0.252114 0.283172
vt 0.229427 0.281413
vt 0.257690 0.282266
vt 0.251019 0.271698
vt 0.240901 0.275495
vt 0.231954 0.270090
vt 0.255771 0.271145
vt 0.236201 0.272091
vt 0.246366 0.273280
vt 0.235523 0.278631
vt 0.246505 0.280517
vt 0.251565 0.277649
vt 0.240568 0.282899
vt 0.230615 0.275753
vt 0.256679 0.276786
vt 0.240655 0.785039
vt 0.250321 0.784082
vt 0.230696 0.785460
vt 0.210871 0.782047
vt 0.260392 0.782673
vt 0.220717 0.784496
vt 0.413166 0.360117
vt 0.393851 0.356259
vt 0.423160 0.358609
vt 0.384203 0.358245
vt 0.433118 0.356772
vt 0.403503 0.358296
vt 0.413355 0.384255
vt 0.398119 0.383963
vt 0.420740 0.384969
vt 0.390946 0.385885
vt 0.428111 0.384939
vt 0.405683 0.383415
vt 0.414644 0.455197
vt 0.401273 0.455498
vt 0.421330 0.455271
vt 0.394494 0.455981
vt 0.428158 0.454975
vt 0.407882 0.455165
vt 0.418027 0.577603
vt 0.405346 0.576615
vt 0.424213 0.577194
vt 0.399210 0.576974
vt 0.430310 0.576138
vt 0.411648 0.577096
vt 0.419773 0.419688
vt 0.394540 0.420429
vt 0.426164 0.419497
vt 0.407234 0.419410
vt 0.413496 0.419545
vt 0.400938 0.419752
vt 0.418634 0.608445
vt 0.405695 0.609465
vt 0.424947 0.608143
vt 0.399408 0.610078
vt 0.431000 0.609182
vt 0.412122 0.609093
vt 0.419700 0.671565
vt 0.410890 0.672263
vt 0.424162 0.671438
vt 0.406457 0.672421
vt 0.428610 0.671616
vt 0.415315 0.671939
vt 0.421700 0.735000
vt 0.414270 0.735208
vt 0.425453 0.734969
vt 0.410592 0.735564
vt 0.428976 0.734897
vt 0.417953 0.735030
vt 0.422520 0.780358
vt 0.417921 0.781151
vt 0.424876 0.781230
vt 0.415409 0.783775
vt 0.427759 0.783247
vt 0.420316 0.780265
vt 0.421680 0.785460
vt 0.403114 0.637651
vt 0.429250 0.636716
vt 0.424075 0.636357
vt 0.413680 0.637622
vt 0.408331 0.637790
vt 0.418906 0.636896
vt 0.405015 0.594271
vt 0.411527 0.594111
vt 0.425342 0.593779
vt 0.398780 0.593924
vt 0.431496 0.593042
vt 0.418439 0.593952
vt 0.399812 0.604292
vt 0.449980 0.485639
vt 0.397489 0.607117
vt 0.432394 0.605972
vt 0.449760 0.489810
vt 0.430413 0.602934
vt 0.450171 0.493759
vt 0.399807 0.600495
vt 0.450351 0.481459
vt 0.430701 0.599178
vt 0.450351 0.497841
vt 0.397414 0.597681
vt 0.433118 0.596550
vt 0.449175 0.501670
vt 0.449843 0.477582
vt 0.442391 0.486563
vt 0.442189 0.489187
vt 0.441642 0.491992
vt 0.441879 0.484033
vt 0.440867 0.494771
vt 0.439582 0.497438
vt 0.440426 0.481597
vt 0.433348 0.489096
vt 0.190103 0.216564
vt 0.160008 0.214540
vt 0.210482 0.214540
vt 0.180224 0.217192
vt 0.170036 0.215943
vt 0.200229 0.214919
vt 0.190378 0.324133
vt 0.159635 0.324048
vt 0.210640 0.324029
vt 0.180051 0.324304
vt 0.169780 0.324173
vt 0.200480 0.323875
vt 0.188980 0.442738
vt 0.165639 0.442719
vt 0.204743 0.442741
vt 0.181255 0.443238
vt 0.173533 0.443111
vt 0.196787 0.442293
vt 0.188160 0.552817
vt 0.169872 0.552243
vt 0.199946 0.552155
vt 0.182138 0.551910
vt 0.175951 0.551486
vt 0.194070 0.552924
vt 0.187859 0.609527
vt 0.170402 0.609437
vt 0.199800 0.609380
vt 0.182089 0.608884
vt 0.176253 0.608732
vt 0.193802 0.609764
vt 0.187206 0.665437
vt 0.174929 0.665372
vt 0.195258 0.665352
vt 0.183160 0.664648
vt 0.178965 0.664574
vt 0.191251 0.665823
vt 0.187844 0.731283
vt 0.174328 0.731073
vt 0.196452 0.730964
vt 0.183078 0.730520
vt 0.178958 0.730363
vt 0.191935 0.731582
vt 0.187815 0.770046
vt 0.175443 0.771116
vt 0.196067 0.771164
vt 0.183473 0.769726
vt 0.179731 0.769792
vt 0.191586 0.770318
vt 0.185698 0.785460
vt 0.418027 0.577603
vt 0.405346 0.576615
vt 0.424213 0.577194
vt 0.399210 0.576974
vt 0.430310 0.576138
vt 0.411648 0.577096
vt 0.418634 0.608445
vt 0.405695 0.609465
vt 0.424947 0.608143
vt 0.399408 0.610078
vt 0.431000 0.609182
vt 0.412122 0.609093
vt 0.419700 0.671565
vt 0.410890 0.672263
vt 0.424162 0.671438
vt 0.406457 0.672421
vt 0.428610 0.671616
vt 0.415315 0.671939
vt 0.421700 0.735000
vt 0.414270 0.735208
vt 0.425453 0.734969
vt 0.410592 0.735564
vt 0.428976 0.734897
vt 0.417953 0.735030
vt 0.422520 0.780358
vt 0.417921 0.781151
vt 0.424876 0.781230
vt 0.415409 0.783775
vt 0.427759 0.783247
vt 0.420316 0.780265
vt 0.421680 0.785460
vt 0.403114 0.637651
vt 0.429250 0.636716
vt 0.424075 0.636357
vt 0.413680 0.637622
vt 0.408331 0.637790
vt 0.418906 0.636896
vt 0.405015 0.594271
vt 0.411527 0.594111
vt 0.425342 0.593779
vt 0.398780 0.593924
vt 0.431496 0.593042
vt 0.418439 0.593952
vt 0.399812 0.604292
vt 0.449980 0.485639
vt 0.397489 0.607117
vt 0.432394 0.605972
vt 0.449760 0.489810
vt 0.430413 0.602934
vt 0.450171 0.493759
vt 0.399807 0.600495
vt 0.450351 0.481459
vt 0.430701 0.599178
vt 0.450351 0.497841
vt 0.397414 0.597681
vt 0.433118 0.596550
vt 0.449175 0.501670
vt 0.449843 0.477582
vt 0.442391 0.486563
vt 0.442189 0.489187
vt 0.441642 0.491992
vt 0.441879 0.484033
vt 0.440867 0.494771
vt 0.439582 0.497438
vt 0.440426 0.481597
vt 0.433348 0.489096
f 2/2 1/1 5/5
f 2/2 5/5 6/6
f 1/1 2/2 67/67
f 1/1 67/67 4/4
f 1/1 3/3 7/7
f 1/1 7/7 5/5
f 3/3 1/1 4/4
f 3/3 4/4 17/17
f 3/3 11/11 8/8
f 3/3 8/8 7/7
f 11/11 12/12 9/9
f 11/11 9/9 8/8
f 12/12 11/11 14/14
f 12/12 14/14 15/15
f 11/11 3/3 17/17
f 11/11 17/17 14/14
f 15/15 14/14 18/18
f 15/15 18/18 19/19
f 14/14 17/17 21/21
f 14/14 21/21 18/18
f 19/19 18/18 22/22
f 19/19 22/22 23/23
f 18/18 21/21 25/25
f 18/18 25/25 22/22
f 23/23 22/22 26/26
f 23/23 26/26 27/27
f 22/22 25/25 29/29
f 22/22 29/29 26/26
f 27/27 26/26 30/30
f 27/27 30/30 31/31
f 26/26 29/29 33/33
f 26/26 33/33 30/30
f 31/31 30/30 34/34
f 31/31 34/34 36/36
f 30/30 33/33 35/35
f 30/30 35/35 34/34
f 34/34 35/35 40/40
f 34/34 40/40 38/38
f 36/36 34/34 38/38
f 36/36 38/38 41/41
f 38/38 40/40 52/52
f 38/38 52/52 39/39
f 41/41 38/38 39/39
f 41/41 39/39 43/43
f 45/45 42/42 44/44
f 45/45 44/44 46/46
f 47/47 37/37 42/42
f 47/47 42/42 45/45
f 48/48 45/45 46/46
f 48/48 46/46 50/50
f 49/49 47/47 45/45
f 49/49 45/45 48/48
f 35/35 49/49 48/48
f 35/35 48/48 40/40
f 40/40 48/48 50/50
f 40/40 50/50 52/52
f 52/52 50/50 51/51
f 52/52 51/51 53/53
f 50/50 46/46 58/58
f 50/50 58/58 51/51
f 39/39 52/52 53/53
f 39/39 53/53 54/54
f 54/54 53/53 55/55
f 53/53 51/51 55/55
f 51/51 58/58 55/55
f 56/56 54/54 55/55
f 58/58 57/57 55/55
f 46/46 44/44 57/57
f 46/46 57/57 58/58
f 43/43 39/39 54/54
f 43/43 54/54 56/56
f 59/59 60/60 47/47
f 59/59 47/47 49/49
f 33/33 59/59 49/49
f 33/33 49/49 35/35
f 61/61 62/62 60/60
f 61/61 60/60 59/59
f 29/29 61/61 59/59
f 29/29 59/59 33/33
f 63/63 64/64 62/62
f 63/63 62/62 61/61
f 25/25 63/63 61/61
f 25/25 61/61 29/29
f 65/65 66/66 64/64
f 65/65 64/64 63/63
f 21/21 65/65 63/63
f 21/21 63/63 25/25
f 4/4 67/67 66/66
f 4/4 66/66 65/65
f 17/17 4/4 65/65
f 17/17 65/65 21/21
f 66/66 20/20 24/24
f 66/66 24/24 64/64
f 67/67 16/16 20/20
f 67/67 20/20 66/66
f 2/2 13/13 16/16
f 2/2 16/16 67/67
f 64/64 24/24 28/28
f 64/64 28/28 62/62
f 62/62 28/28 32/32
f 62/62 32/32 60/60
f 60/60 32/32 37/37
f 60/60 37/37 47/47
f 13/13 2/2 6/6
f 13/13 6/6 10/10
f 92/92 70/70 68/68
f 92/92 68/68 69/69
f 69/69 68/68 71/71
f 69/69 71/71 91/91
f 70/70 73/73 72/72
f 70/70 72/72 68/68
f 68/68 72/72 74/74
f 68/68 74/74 71/71
f 73/73 76/76 75/75
f 73/73 75/75 72/72
f 72/72 75/75 77/77
f 72/72 77/77 74/74
f 76/76 78/78 75/75
f 75/75 78/78 77/77
f 81/81 78/78 76/76
f 80/80 78/78 81/81
f 77/77 78/78 79/79
f 82/82 81/81 76/76
f 82/82 76/76 73/73
f 84/84 80/80 81/81
f 84/84 81/81 82/82
f 85/85 82/82 73/73
f 85/85 73/73 70/70
f 88/88 84/84 82/82
f 88/88 82/82 85/85
f 86/86 85/85 70/70
f 86/86 70/70 92/92
f 90/90 88/88 85/85
f 90/90 85/85 86/86
f 91/91 71/71 87/87
f 91/91 87/87 89/89
f 71/71 74/74 83/83
f 71/71 83/83 87/87
f 74/74 77/77 79/79
f 74/74 79/79 83/83
f 94/94 97/97 96/96
f 94/94 96/96 93/93
f 93/93 96/96 98/98
f 93/93 98/98 95/95
f 97/97 100/100 99/99
f 97/97 99/99 96/96
f 96/96 99/99 101/101
f 96/96 101/101 98/98
f 100/100 103/103 102/102
f 100/100 102/102 99/99
f 99/99 102/102 104/104
f 99/99 104/104 101/101
f 103/103 106/106 105/105
f 103/103 105/105 102/102
f 102/102 105/105 107/107
f 102/102 107/107 104/104
f 106/106 109/109 108/108
f 106/106 108/108 105/105
f 105/105 108/108 110/110
f 105/105 110/110 107/107
f 109/109 111/111 108/108
f 108/108 111/111 110/110
f 114/114 111/111 109/109
f 112/112 111/111 113/113
f 110/110 111/111 112/112
f 117/117 112/112 113/113
f 117/117 113/113 115/115
f 116/116 114/114 109/109
f 116/116 109/109 106/106
f 120/120 117/117 115/115
f 120/120 115/115 118/118
f 119/119 116/116 106/106
f 119/119 106/106 103/103
f 123/123 120/120 118/118
f 123/123 118/118 121/121
f 122/122 119/119 103/103
f 122/122 103/103 100/100
f 126/126 123/123 121/121
f 126/126 121/121 124/124
f 125/125 122/122 100/100
f 125/125 100/100 97/97
f 129/129 126/126 124/124
f 129/129 124/124 127/127
f 128/128 125/125 97/97
f 128/128 97/97 94/94
f 95/95 98/98 126/126
f 95/95 126/126 129/129
f 98/98 101/101 123/123
f 98/98 123/123 126/126
f 101/101 104/104 120/120
f 101/101 120/120 123/123
f 104/104 107/107 117/117
f 104/104 117/117 120/120
f 107/107 110/110 112/112
f 107/107 112/112 117/117
f 131/131 134/134 133/133
f 131/131 133/133 130/130
f 130/130 133/133 135/135
f 130/130 135/135 132/132
f 134/134 138/138 136/136
f 134/134 136/136 133/133
f 133/133 136/136 139/139
f 133/133 139/139 135/135
f 138/138 150/150 137/137
f 138/138 137/137 136/136
f 136/136 137/137 140/140
f 136/136 140/140 139/139
f 139/139 140/140 143/143
f 139/139 143/143 141/141
f 135/135 139/139 141/141
f 135/135 141/141 142/142
f 142/142 141/141 144/144
f 142/142 144/144 146/146
f 141/141 143/143 148/148
f 141/141 148/148 144/144
f 147/147 145/145 138/138
f 147/147 138/138 134/134
f 145/145 149/149 150/150
f 145/145 150/150 138/138
f 143/143 153/153 151/151
f 143/143 151/151 148/148
f 149/149 152/152 154/154
f 149/149 154/154 150/150
f 153/153 161/161 155/155
f 153/153 155/155 151/151
f 152/152 156/156 162/162
f 152/152 162/162 154/154
f 156/156 158/158 165/165
f 156/156 165/165 162/162
f 161/161 215/215 157/157
f 161/161 157/157 155/155
f 162/162 165/165 167/167
f 162/162 167/167 163/163
f 162/162 163/163 211/211
f 162/162 211/211 164/164
f 154/154 162/162 164/164
f 154/154 164/164 214/214
f 166/166 169/169 170/170
f 166/166 170/170 168/168
f 159/159 171/171 169/169
f 159/159 169/169 166/166
f 169/169 173/173 170/170
f 171/171 173/173 169/169
f 176/176 173/173 174/174
f 174/174 173/173 175/175
f 175/175 173/173 172/172
f 170/170 173/173 176/176
f 179/179 176/176 174/174
f 179/179 174/174 181/181
f 168/168 170/170 176/176
f 168/168 176/176 179/179
f 182/182 177/177 180/180
f 182/182 180/180 184/184
f 163/163 167/167 178/178
f 163/163 178/178 183/183
f 184/184 188/188 185/185
f 184/184 185/185 182/182
f 183/183 186/186 187/187
f 183/183 187/187 163/163
f 186/186 190/190 192/192
f 186/186 192/192 187/187
f 188/188 191/191 189/189
f 188/188 189/189 185/185
f 191/191 195/195 193/193
f 191/191 193/193 189/189
f 190/190 194/194 196/196
f 190/190 196/196 192/192
f 195/195 199/199 197/197
f 195/195 197/197 193/193
f 194/194 198/198 200/200
f 194/194 200/200 196/196
f 199/199 201/201 197/197
f 198/198 201/201 200/200
f 200/200 201/201 202/202
f 202/202 201/201 203/203
f 203/203 201/201 199/199
f 204/204 203/203 199/199
f 204/204 199/199 195/195
f 205/205 202/202 203/203
f 205/205 203/203 204/204
f 206/206 204/204 195/195
f 206/206 195/195 191/191
f 207/207 205/205 204/204
f 207/207 204/204 206/206
f 208/208 206/206 191/191
f 208/208 191/191 188/188
f 210/210 207/207 206/206
f 210/210 206/206 208/208
f 209/209 208/208 188/188
f 209/209 188/188 184/184
f 211/211 210/210 208/208
f 211/211 208/208 209/209
f 163/163 187/187 210/210
f 163/163 210/210 211/211
f 187/187 192/192 207/207
f 187/187 207/207 210/210
f 164/164 211/211 209/209
f 164/164 209/209 212/212
f 212/212 209/209 184/184
f 212/212 184/184 161/161
f 213/213 212/212 161/161
f 213/213 161/161 153/153
f 214/214 164/164 212/212
f 214/214 212/212 213/213
f 140/140 213/213 153/153
f 140/140 153/153 143/143
f 137/137 214/214 213/213
f 137/137 213/213 140/140
f 150/150 154/154 214/214
f 150/150 214/214 137/137
f 192/192 196/196 205/205
f 192/192 205/205 207/207
f 196/196 200/200 202/202
f 196/196 202/202 205/205
f 184/184 180/180 215/215
f 184/184 215/215 161/161
f 181/181 174/174 175/175
f 181/181 175/175 216/216
f 216/216 175/175 172/172
f 216/216 172/172 160/160
f 219/219 142/142 146/146
f 219/219 146/146 217/217
f 218/218 147/147 134/134
f 218/218 134/134 131/131
f 132/132 135/135 142/142
f 132/132 142/142 219/219
f 221/221 225/225 224/224
f 221/221 224/224 220/220
f 220/220 224/224 227/227
f 220/220 227/227 223/223
f 225/225 230/230 228/228
f 225/225 228/228 224/224
f 224/224 228/228 232/232
f 224/224 232/232 227/227
f 228/228 229/229 234/234
f 228/228 234/234 232/232
f 230/230 243/243 229/229
f 230/230 229/229 228/228
f 226/226 231/231 235/235
f 226/226 235/235 238/238
f 231/231 233/233 236/236
f 231/231 236/236 235/235
f 235/235 236/236 242/242
f 235/235 242/242 237/237
f 238/238 235/235 237/237
f 238/238 237/237 239/239
f 222/222 226/226 238/238
f 222/222 238/238 240/240
f 240/240 238/238 239/239
f 240/240 239/239 241/241
f 241/241 239/239 225/225
f 241/241 225/225 221/221
f 239/239 237/237 230/230
f 239/239 230/230 225/225
f 237/237 242/242 243/243
f 237/237 243/243 230/230
f 242/242 244/244 245/245
f 242/242 245/245 243/243
f 236/236 246/246 244/244
f 236/236 244/244 242/242
f 244/244 247/247 248/248
f 244/244 248/248 245/245
f 246/246 249/249 247/247
f 246/246 247/247 244/244
f 247/247 250/250 251/251
f 247/247 251/251 248/248
f 249/249 252/252 250/250
f 249/249 250/250 247/247
f 250/250 253/253 251/251
f 252/252 253/253 250/250
f 251/251 253/253 254/254
f 254/254 253/253 256/256
f 255/255 253/253 252/252
f 257/257 255/255 252/252
f 257/257 252/252 249/249
f 259/259 254/254 256/256
f 259/259 256/256 258/258
f 260/260 257/257 249/249
f 260/260 249/249 246/246
f 262/262 259/259 258/258
f 262/262 258/258 261/261
f 233/233 260/260 246/246
f 233/233 246/246 236/236
f 229/229 262/262 261/261
f 229/229 261/261 234/234
f 245/245 248/248 259/259
f 245/245 259/259 262/262
f 243/243 245/245 262/262
f 243/243 262/262 229/229
f 248/248 251/251 254/254
f 248/248 254/254 259/259
f 263/263 264/264 267/267
f 263/263 267/267 266/266
f 265/265 263/263 266/266
f 265/265 266/266 268/268
f 266/266 267/267 270/270
f 266/266 270/270 269/269
f 268/268 266/266 269/269
f 268/268 269/269 271/271
f 269/269 270/270 273/273
f 269/269 273/273 272/272
f 271/271 269/269 272/272
f 271/271 272/272 274/274
f 272/272 273/273 276/276
f 272/272 276/276 275/275
f 274/274 272/272 275/275
f 274/274 275/275 277/277
f 275/275 276/276 279/279
f 275/275 279/279 278/278
f 277/277 275/275 278/278
f 277/277 278/278 280/280
f 278/278 279/279 282/282
f 278/278 282/282 281/281
f 280/280 278/278 281/281
f 280/280 281/281 283/283
f 281/281 282/282 285/285
f 281/281 285/285 284/284
f 283/283 281/281 284/284
f 283/283 284/284 286/286
f 284/284 285/285 287/287
f 286/286 284/284 287/287
f 289/289 286/286 287/287
f 285/285 290/290 287/287
f 290/290 288/288 287/287
f 291/291 292/292 288/288
f 291/291 288/288 290/290
f 282/282 291/291 290/290
f 282/282 290/290 285/285
f 294/294 295/295 292/292
f 294/294 292/292 291/291
f 279/279 294/294 291/291
f 279/279 291/291 282/282
f 297/297 298/298 295/295
f 297/297 295/295 294/294
f 276/276 297/297 294/294
f 276/276 294/294 279/279
f 300/300 301/301 298/298
f 300/300 298/298 297/297
f 273/273 300/300 297/297
f 273/273 297/297 276/276
f 303/303 304/304 301/301
f 303/303 301/301 300/300
f 270/270 303/303 300/300
f 270/270 300/300 273/273
f 306/306 307/307 304/304
f 306/306 304/304 303/303
f 267/267 306/306 303/303
f 267/267 303/303 270/270
f 309/309 310/310 307/307
f 309/309 307/307 306/306
f 264/264 309/309 306/306
f 264/264 306/306 267/267
f 311/311 265/265 268/268
f 311/311 268/268 308/308
f 308/308 268/268 271/271
f 308/308 271/271 305/305
f 305/305 271/271 274/274
f 305/305 274/274 302/302
f 302/302 274/274 277/277
f 302/302 277/277 299/299
f 299/299 277/277 280/280
f 299/299 280/280 296/296
f 296/296 280/280 283/283
f 296/296 283/283 293/293
f 293/293 283/283 286/286
f 293/293 286/286 289/289
f 353/353 315/315 317/317
f 353/353 317/317 351/351
f 351/351 317/317 319/319
f 351/351 319/319 350/350
f 350/350 319/319 321/321
f 350/350 321/321 349/349
f 336/336 338/338 329/329
f 336/336 329/329 328/328
f 349/349 321/321 323/323
f 349/349 323/323 354/354
f 354/354 323/323 314/314
f 354/354 314/314 352/352
f 337/337 336/336 328/328
f 337/337 328/328 327/327
f 339/339 337/337 327/327
f 339/339 327/327 326/326
f 338/338 340/340 324/324
f 338/338 324/324 329/329
f 341/341 339/339 326/326
f 341/341 326/326 325/325
f 328/328 329/329 335/335
f 328/328 335/335 334/334
f 326/326 327/327 333/333
f 326/326 333/333 332/332
f 329/329 324/324 330/330
f 329/329 330/330 335/335
f 327/327 328/328 334/334
f 327/327 334/334 333/333
f 325/325 326/326 332/332
f 325/325 332/332 331/331
f 313/313 316/316 339/339
f 313/313 339/339 341/341
f 322/322 312/312 340/340
f 322/322 340/340 338/338
f 316/316 318/318 337/337
f 316/316 337/337 339/339
f 318/318 320/320 336/336
f 318/318 336/336 337/337
f 320/320 322/322 338/338
f 320/320 338/338 336/336
f 319/319 317/317 344/344
f 319/319 344/344 345/345
f 314/314 323/323 347/347
f 314/314 347/347 342/342
f 317/317 315/315 343/343
f 317/317 343/343 344/344
f 321/321 319/319 345/345
f 321/321 345/345 346/346
f 323/323 321/321 346/346
f 323/323 346/346 347/347
f 347/347 346/346 348/348
f 345/345 344/344 348/348
f 342/342 347/347 348/348
f 346/346 345/345 348/348
f 344/344 343/343 348/348
f 322/322 354/354 352/352
f 322/322 352/352 312/312
f 320/320 349/349 354/354
f 320/320 354/354 322/322
f 318/318 350/350 349/349
f 318/318 349/349 320/320
f 316/316 351/351 350/350
f 316/316 350/350 318/318
f 313/313 353/353 351/351
f 313/313 351/351 316/316
f 356/356 355/355 359/359
f 356/356 359/359 360/360
f 355/355 356/356 421/421
f 355/355 421/421 358/358
f 355/355 357/357 361/361
f 355/355 361/361 359/359
f 357/357 355/355 358/358
f 357/357 358/358 371/371
f 357/357 365/365 362/362
f 357/357 362/362 361/361
f 365/365 366/366 363/363
f 365/365 363/363 362/362
f 366/366 365/365 368/368
f 366/366 368/368 369/369
f 365/365 357/357 371/371
f 365/365 371/371 368/368
f 369/369 368/368 372/372
f 369/369 372/372 373/373
f 368/368 371/371 375/375
f 368/368 375/375 372/372
f 373/373 372/372 376/376
f 373/373 376/376 377/377
f 372/372 375/375 379/379
f 372/372 379/379 376/376
f 377/377 376/376 380/380
f 377/377 380/380 381/381
f 376/376 379/379 383/383
f 376/376 383/383 380/380
f 381/381 380/380 384/384
f 381/381 384/384 385/385
f 380/380 383/383 387/387
f 380/380 387/387 384/384
f 385/385 384/384 388/388
f 385/385 388/388 390/390
f 384/384 387/387 389/389
f 384/384 389/389 388/388
f 388/388 389/389 394/394
f 388/388 394/394 392/392
f 390/390 388/388 392/392
f 390/390 392/392 395/395
f 392/392 394/394 406/406
f 392/392 406/406 393/393
f 395/395 392/392 393/393
f 395/395 393/393 397/397
f 399/399 396/396 398/398
f 399/399 398/398 400/400
f 401/401 391/391 396/396
f 401/401 396/396 399/399
f 402/402 399/399 400/400
f 402/402 400/400 404/404
f 403/403 401/401 399/399
f 403/403 399/399 402/402
f 389/389 403/403 402/402
f 389/389 402/402 394/394
f 394/394 402/402 404/404
f 394/394 404/404 406/406
f 406/406 404/404 405/405
f 406/406 405/405 407/407
f 404/404 400/400 412/412
f 404/404 412/412 405/405
f 393/393 406/406 407/407
f 393/393 407/407 408/408
f 408/408 407/407 409/409
f 407/407 405/405 409/409
f 405/405 412/412 409/409
f 410/410 408/408 409/409
f 412/412 411/411 409/409
f 400/400 398/398 411/411
f 400/400 411/411 412/412
f 397/397 393/393 408/408
f 397/397 408/408 410/410
f 413/413 414/414 401/401
f 413/413 401/401 403/403
f 387/387 413/413 403/403
f 387/387 403/403 389/389
f 415/415 416/416 414/414
f 415/415 414/414 413/413
f 383/383 415/415 413/413
f 383/383 413/413 387/387
f 417/417 418/418 416/416
f 417/417 416/416 415/415
f 379/379 417/417 415/415
f 379/379 415/415 383/383
f 419/419 420/420 418/418
f 419/419 418/418 417/417
f 375/375 419/419 417/417
f 375/375 417/417 379/379
f 358/358 421/421 420/420
f 358/358 420/420 419/419
f 371/371 358/358 419/419
f 371/371 419/419 375/375
f 420/420 374/374 378/378
f 420/420 378/378 418/418
f 421/421 370/370 374/374
f 421/421 374/374 420/420
f 356/356 367/367 370/370
f 356/356 370/370 421/421
f 418/418 378/378 382/382
f 418/418 382/382 416/416
f 416/416 382/382 386/386
f 416/416 386/386 414/414
f 414/414 386/386 391/391
f 414/414 391/391 401/401
f 367/367 356/356 360/360
f 367/367 360/360 364/364
f 446/446 424/424 422/422
f 446/446 422/422 423/423
f 423/423 422/422 425/425
f 423/423 425/425 445/445
f 424/424 427/427 426/426
f 424/424 426/426 422/422
f 422/422 426/426 428/428
f 422/422 428/428 425/425
f 427/427 430/430 429/429
f 427/427 429/429 426/426
f 426/426 429/429 431/431
f 426/426 431/431 428/428
f 430/430 432/432 429/429
f 429/429 432/432 431/431
f 435/435 432/432 430/430
f 434/434 432/432 435/435
f 431/431 432/432 433/433
f 436/436 435/435 430/430
f 436/436 430/430 427/427
f 438/438 434/434 435/435
f 438/438 435/435 436/436
f 439/439 436/436 427/427
f 439/439 427/427 424/424
f 442/442 438/438 436/436
f 442/442 436/436 439/439
f 440/440 439/439 424/424
f 440/440 424/424 446/446
f 444/444 442/442 439/439
f 444/444 439/439 440/440
f 445/445 425/425 441/441
f 445/445 441/441 443/443
f 425/425 428/428 437/437
f 425/425 437/437 441/441
f 428/428 431/431 433/433
f 428/428 433/433 437/437
f 448/448 451/451 450/450
f 448/448 450/450 447/447
f 447/447 450/450 452/452
f 447/447 452/452 449/449
f 451/451 454/454 453/453
f 451/451 453/453 450/450
f 450/450 453/453 455/455
f 450/450 455/455 452/452
f 454/454 457/457 456/456
f 454/454 456/456 453/453
f 453/453 456/456 458/458
f 453/453 458/458 455/455
f 457/457 460/460 459/459
f 457/457 459/459 456/456
f 456/456 459/459 461/461
f 456/456 461/461 458/458
f 460/460 463/463 462/462
f 460/460 462/462 459/459
f 459/459 462/462 464/464
f 459/459 464/464 461/461
f 463/463 465/465 462/462
f 462/462 465/465 464/464
f 468/468 465/465 463/463
f 466/466 465/465 467/467
f 464/464 465/465 466/466
f 471/471 466/466 467/467
f 471/471 467/467 469/469
f 470/470 468/468 463/463
f 470/470 463/463 460/460
f 474/474 471/471 469/469
f 474/474 469/469 472/472
f 473/473 470/470 460/460
f 473/473 460/460 457/457
f 477/477 474/474 472/472
f 477/477 472/472 475/475
f 476/476 473/473 457/457
f 476/476 457/457 454/454
f 480/480 477/477 475/475
f 480/480 475/475 478/478
f 479/479 476/476 454/454
f 479/479 454/454 451/451
f 483/483 480/480 478/478
f 483/483 478/478 481/481
f 482/482 479/479 451/451
f 482/482 451/451 448/448
f 449/449 452/452 480/480
f 449/449 480/480 483/483
f 452/452 455/455 477/477
f 452/452 477/477 480/480
f 455/455 458/458 474/474
f 455/455 474/474 477/477
f 458/458 461/461 471/471
f 458/458 471/471 474/474
f 461/461 464/464 466/466
f 461/461 466/466 471/471
f 485/485 488/488 487/487
f 485/485 487/487 484/484
f 484/484 487/487 489/489
f 484/484 489/489 486/486
f 488/488 492/492 490/490
f 488/488 490/490 487/487
f 487/487 490/490 493/493
f 487/487 493/493 489/489
f 492/492 504/504 491/491
f 492/492 491/491 490/490
f 490/490 491/491 494/494
f 490/490 494/494 493/493
f 493/493 494/494 497/497
f 493/493 497/497 495/495
f 489/489 493/493 495/495
f 489/489 495/495 496/496
f 496/496 495/495 498/498
f 496/496 498/498 500/500
f 495/495 497/497 502/502
f 495/495 502/502 498/498
f 501/501 499/499 492/492
f 501/501 492/492 488/488
f 499/499 503/503 504/504
f 499/499 504/504 492/492
f 497/497 507/507 505/505
f 497/497 505/505 502/502
f 503/503 506/506 508/508
f 503/503 508/508 504/504
f 507/507 515/515 509/509
f 507/507 509/509 505/505
f 506/506 510/510 516/516
f 506/506 516/516 508/508
f 510/510 512/512 519/519
f 510/510 519/519 516/516
f 515/515 569/569 511/511
f 515/515 511/511 509/509
f 516/516 519/519 521/521
f 516/516 521/521 517/517
f 516/516 517/517 565/565
f 516/516 565/565 518/518
f 508/508 516/516 518/518
f 508/508 518/518 568/568
f 520/520 523/523 524/524
f 520/520 524/524 522/522
f 513/513 525/525 523/523
f 513/513 523/523 520/520
f 523/523 527/527 524/524
f 525/525 527/527 523/523
f 530/530 527/527 528/528
f 528/528 527/527 529/529
f 529/529 527/527 526/526
f 524/524 527/527 530/530
f 533/533 530/530 528/528
f 533/533 528/528 535/535
f 522/522 524/524 530/530
f 522/522 530/530 533/533
f 536/536 531/531 534/534
f 536/536 534/534 538/538
f 517/517 521/521 532/532
f 517/517 532/532 537/537
f 538/538 542/542 539/539
f 538/538 539/539 536/536
f 537/537 540/540 541/541
f 537/537 541/541 517/517
f 540/540 544/544 546/546
f 540/540 546/546 541/541
f 542/542 545/545 543/543
f 542/542 543/543 539/539
f 545/545 549/549 547/547
f 545/545 547/547 543/543
f 544/544 548/548 550/550
f 544/544 550/550 546/546
f 549/549 553/553 551/551
f 549/549 551/551 547/547
f 548/548 552/552 554/554
f 548/548 554/554 550/550
f 553/553 555/555 551/551
f 552/552 555/555 554/554
f 554/554 555/555 556/556
f 556/556 555/555 557/557
f 557/557 555/555 553/553
f 558/558 557/557 553/553
f 558/558 553/553 549/549
f 559/559 556/556 557/557
f 559/559 557/557 558/558
f 560/560 558/558 549/549
f 560/560 549/549 545/545
f 561/561 559/559 558/558
f 561/561 558/558 560/560
f 562/562 560/560 545/545
f 562/562 545/545 542/542
f 564/564 561/561 560/560
f 564/564 560/560 562/562
f 563/563 562/562 542/542
f 563/563 542/542 538/538
f 565/565 564/564 562/562
f 565/565 562/562 563/563
f 517/517 541/541 564/564
f 517/517 564/564 565/565
f 541/541 546/546 561/561
f 541/541 561/561 564/564
f 518/518 565/565 563/563
f 518/518 563/563 566/566
f 566/566 563/563 538/538
f 566/566 538/538 515/515
f 567/567 566/566 515/515
f 567/567 515/515 507/507
f 568/568 518/518 566/566
f 568/568 566/566 567/567
f 494/494 567/567 507/507
f 494/494 507/507 497/497
f 491/491 568/568 567/567
f 491/491 567/567 494/494
f 504/504 508/508 568/568
f 504/504 568/568 491/491
f 546/546 550/550 559/559
f 546/546 559/559 561/561
f 550/550 554/554 556/556
f 550/550 556/556 559/559
f 538/538 534/534 569/569
f 538/538 569/569 515/515
f 535/535 528/528 529/529
f 535/535 529/529 570/570
f 570/570 529/529 526/526
f 570/570 526/526 514/514
f 573/573 496/496 500/500
f 573/573 500/500 571/571
f 572/572 501/501 488/488
f 572/572 488/488 485/485
f 486/486 489/489 496/496
f 486/486 496/496 573/573
f 574/574 575/575 578/578
f 574/574 578/578 577/577
f 576/576 574/574 577/577
f 576/576 577/577 579/579
f 577/577 578/578 581/581
f 577/577 581/581 580/580
f 579/579 577/577 580/580
f 579/579 580/580 582/582
f 580/580 581/581 584/584
f 580/580 584/584 583/583
f 582/582 580/580 583/583
f 582/582 583/583 585/585
f 583/583 584/584 587/587
f 583/583 587/587 586/586
f 585/585 583/583 586/586
f 585/585 586/586 588/588
f 586/586 587/587 590/590
f 586/586 590/590 589/589
f 588/588 586/586 589/589
f 588/588 589/589 591/591
f 589/589 590/590 593/593
f 589/589 593/593 592/592
f 591/591 589/589 592/592
f 591/591 592/592 594/594
f 592/592 593/593 596/596
f 592/592 596/596 595/595
f 594/594 592/592 595/595
f 594/594 595/595 597/597
f 595/595 596/596 598/598
f 597/597 595/595 598/598
f 600/600 597/597 598/598
f 596/596 601/601 598/598
f 601/601 599/599 598/598
f 602/602 603/603 599/599
f 602/602 599/599 601/601
f 593/593 602/602 601/601
f 593/593 601/601 596/596
f 605/605 606/606 603/603
f 605/605 603/603 602/602
f 590/590 605/605 602/602
f 590/590 602/602 593/593
f 608/608 609/609 606/606
f 608/608 606/606 605/605
f 587/587 608/608 605/605
f 587/587 605/605 590/590
f 611/611 612/612 609/609
f 611/611 609/609 608/608
f 584/584 611/611 608/608
f 584/584 608/608 587/587
f 614/614 615/615 612/612
f 614/614 612/612 611/611
f 581/581 614/614 611/611
f 581/581 611/611 584/584
f 617/617 618/618 615/615
f 617/617 615/615 614/614
f 578/578 617/617 614/614
f 578/578 614/614 581/581
f 620/620 621/621 618/618
f 620/620 618/618 617/617
f 575/575 620/620 617/617
f 575/575 617/617 578/578
f 622/622 576/576 579/579
f 622/622 579/579 619/619
f 619/619 579/579 582/582
f 619/619 582/582 616/616
f 616/616 582/582 585/585
f 616/616 585/585 613/613
f 613/613 585/585 588/588
f 613/613 588/588 610/610
f 610/610 588/588 591/591
f 610/610 591/591 607/607
f 607/607 591/591 594/594
f 607/607 594/594 604/604
f 604/604 594/594 597/597
f 604/604 597/597 600/600
f 664/664 626/626 628/628
f 664/664 628/628 662/662
f 662/662 628/628 630/630
f 662/662 630/630 661/661
f 661/661 630/630 632/632
f 661/661 632/632 660/660
f 647/647 649/649 640/640
f 647/647 640/640 639/639
f 660/660 632/632 634/634
f 660/660 634/634 665/665
f 665/665 634/634 625/625
f 665/665 625/625 663/663
f 648/648 647/647 639/639
f 648/648 639/639 638/638
f 650/650 648/648 638/638
f 650/650 638/638 637/637
f 649/649 651/651 635/635
f 649/649 635/635 640/640
f 652/652 650/650 637/637
f 652/652 637/637 636/636
f 639/639 640/640 646/646
f 639/639 646/646 645/645
f 637/637 638/638 644/644
f 637/637 644/644 643/643
f 640/640 635/635 641/641
f 640/640 641/641 646/646
f 638/638 639/639 645/645
f 638/638 645/645 644/644
f 636/636 637/637 643/643
f 636/636 643/643 642/642
f 624/624 627/627 650/650
f 624/624 650/650 652/652
f 633/633 623/623 651/651
f 633/633 651/651 649/649
f 627/627 629/629 648/648
f 627/627 648/648 650/650
f 629/629 631/631 647/647
f 629/629 647/647 648/648
f 631/631 633/633 649/649
f 631/631 649/649 647/647
f 630/630 628/628 655/655
f 630/630 655/655 656/656
f 625/625 634/634 658/658
f 625/625 658/658 653/653
f 628/628 626/626 654/654
f 628/628 654/654 655/655
f 632/632 630/630 656/656
f 632/632 656/656 657/657
f 634/634 632/632 657/657
f 634/634 657/657 658/658
f 658/658 657/657 659/659
f 656/656 655/655 659/659
f 653/653 658/658 659/659
f 657/657 656/656 659/659
f 655/655 654/654 659/659
f 633/633 665/665 663/663
f 633/633 663/663 623/623
f 631/631 660/660 665/665
f 631/631 665/665 633/633
f 629/629 661/661 660/660
f 629/629 660/660 631/631
f 627/627 662/662 661/661
f 627/627 661/661 629/629
f 624/624 664/664 662/662
f 624/624 662/662 627/627
f 668/668 666/666 672/672
f 668/668 672/672 674/674
f 667/667 670/670 676/676
f 667/667 676/676 673/673
f 669/669 671/671 677/677
f 669/669 677/677 675/675
f 666/666 667/667 673/673
f 666/666 673/673 672/672
f 671/671 668/668 674/674
f 671/671 674/674 677/677
f 672/672 673/673 679/679
f 672/672 679/679 678/678
f 677/677 674/674 680/680
f 677/677 680/680 683/683
f 674/674 672/672 678/678
f 674/674 678/678 680/680
f 673/673 676/676 682/682
f 673/673 682/682 679/679
f 675/675 677/677 683/683
f 675/675 683/683 681/681
f 680/680 678/678 684/684
f 680/680 684/684 686/686
f 679/679 682/682 688/688
f 679/679 688/688 685/685
f 681/681 683/683 689/689
f 681/681 689/689 687/687
f 678/678 679/679 685/685
f 678/678 685/685 684/684
f 683/683 680/680 686/686
f 683/683 686/686 689/689
f 684/684 685/685 691/691
f 684/684 691/691 690/690
f 689/689 686/686 692/692
f 689/689 692/692 695/695
f 686/686 684/684 690/690
f 686/686 690/690 692/692
f 685/685 688/688 694/694
f 685/685 694/694 691/691
f 687/687 689/689 695/695
f 687/687 695/695 693/693
f 692/692 690/690 696/696
f 692/692 696/696 698/698
f 691/691 694/694 700/700
f 691/691 700/700 697/697
f 693/693 695/695 701/701
f 693/693 701/701 699/699
f 690/690 691/691 697/697
f 690/690 697/697 696/696
f 695/695 692/692 698/698
f 695/695 698/698 701/701
f 720/720 715/715 703/703
f 720/720 703/703 702/702
f 719/719 716/716 704/704
f 719/719 704/704 707/707
f 716/716 720/720 702/702
f 716/716 702/702 704/704
f 715/715 718/718 706/706
f 715/715 706/706 703/703
f 717/717 719/719 707/707
f 717/717 707/707 705/705
f 704/704 702/702 708/708
f 703/703 706/706 708/708
f 705/705 707/707 708/708
f 702/702 703/703 708/708
f 707/707 704/704 708/708
f 699/699 701/701 709/709
f 699/699 709/709 713/713
f 697/697 700/700 714/714
f 697/697 714/714 712/712
f 698/698 696/696 711/711
f 698/698 711/711 710/710
f 701/701 698/698 710/710
f 701/701 710/710 709/709
f 696/696 697/697 712/712
f 696/696 712/712 711/711
f 725/725 721/721 719/719
f 725/725 719/719 717/717
f 723/723 726/726 718/718
f 723/723 718/718 715/715
f 724/724 722/722 720/720
f 724/724 720/720 716/716
f 721/721 724/724 716/716
f 721/721 716/716 719/719
f 722/722 723/723 715/715
f 722/722 715/715 720/720
f 711/711 712/712 723/723
f 711/711 723/723 722/722
f 709/709 710/710 724/724
f 709/709 724/724 721/721
f 710/710 711/711 722/722
f 710/710 722/722 724/724
f 712/712 714/714 726/726
f 712/712 726/726 723/723
f 713/713 709/709 721/721
f 713/713 721/721 725/725
f 666/666 668/668 729/729
f 666/666 729/729 727/727
f 670/670 667/667 728/728
f 670/670 728/728 731/731
f 671/671 669/669 730/730
f 671/671 730/730 732/732
f 667/667 666/666 727/727
f 667/667 727/727 728/728
f 668/668 671/671 732/732
f 668/668 732/732 729/729
f 733/733 739/739 744/744
f 733/733 744/744 738/738
f 735/735 741/741 739/739
f 735/735 739/739 733/733
f 734/734 740/740 742/742
f 734/734 742/742 736/736
f 738/738 744/744 740/740
f 738/738 740/740 734/734
f 737/737 743/743 741/741
f 737/737 741/741 735/735
f 759/759 749/749 747/747
f 759/759 747/747 757/757
f 761/761 745/745 750/750
f 761/761 750/750 760/760
f 757/757 747/747 745/745
f 757/757 745/745 761/761
f 762/762 746/746 748/748
f 762/762 748/748 758/758
f 760/760 750/750 746/746
f 760/760 746/746 762/762
f 747/747 753/753 751/751
f 747/747 751/751 745/745
f 746/746 752/752 754/754
f 746/746 754/754 748/748
f 750/750 756/756 752/752
f 750/750 752/752 746/746
f 749/749 755/755 753/753
f 749/749 753/753 747/747
f 745/745 751/751 756/756
f 745/745 756/756 750/750
f 744/744 760/760 762/762
f 744/744 762/762 740/740
f 740/740 762/762 758/758
f 740/740 758/758 742/742
f 741/741 757/757 761/761
f 741/741 761/761 739/739
f 739/739 761/761 760/760
f 739/739 760/760 744/744
f 743/743 759/759 757/757
f 743/743 757/757 741/741
f 795/795 768/768 764/764
f 795/795 764/764 794/794
f 764/764 800/800 807/807
f 764/764 807/807 794/794
f 799/799 763/763 768/768
f 799/799 768/768 795/795
f 796/796 765/765 763/763
f 796/796 763/763 799/799
f 794/794 807/807 811/811
f 794/794 811/811 797/797
f 791/791 774/774 770/770
f 791/791 770/770 792/792
f 789/789 773/773 771/771
f 789/789 771/771 790/790
f 793/793 769/769 774/774
f 793/793 774/774 791/791
f 790/790 771/771 769/769
f 790/790 769/769 793/793
f 792/792 770/770 772/772
f 792/792 772/772 788/788
f 769/769 775/775 780/780
f 769/769 780/780 774/774
f 771/771 777/777 775/775
f 771/771 775/775 769/769
f 770/770 776/776 778/778
f 770/770 778/778 772/772
f 774/774 780/780 776/776
f 774/774 776/776 770/770
f 773/773 779/779 777/777
f 773/773 777/777 771/771
f 780/780 786/786 782/782
f 780/780 782/782 776/776
f 779/779 785/785 783/783
f 779/779 783/783 777/777
f 775/775 781/781 786/786
f 775/775 786/786 780/780
f 777/777 783/783 781/781
f 777/777 781/781 775/775
f 776/776 782/782 784/784
f 776/776 784/784 778/778
f 781/781 787/787 786/786
f 783/783 787/787 781/781
f 782/782 787/787 784/784
f 786/786 787/787 782/782
f 785/785 787/787 783/783
f 764/764 792/792 788/788
f 764/764 788/788 766/766
f 765/765 790/790 793/793
f 765/765 793/793 763/763
f 763/763 793/793 791/791
f 763/763 791/791 768/768
f 767/767 789/789 790/790
f 767/767 790/790 765/765
f 768/768 791/791 792/792
f 768/768 792/792 764/764
f 752/752 794/794 797/797
f 752/752 797/797 754/754
f 753/753 796/796 799/799
f 753/753 799/799 751/751
f 751/751 799/799 795/795
f 751/751 795/795 756/756
f 755/755 798/798 796/796
f 755/755 796/796 753/753
f 756/756 795/795 794/794
f 756/756 794/794 752/752
f 801/801 815/815 818/818
f 801/801 818/818 808/808
f 813/813 820/820 819/819
f 813/813 819/819 810/810
f 765/765 805/805 803/803
f 765/765 803/803 767/767
f 798/798 812/812 809/809
f 798/798 809/809 796/796
f 766/766 802/802 800/800
f 766/766 800/800 764/764
f 796/796 809/809 805/805
f 796/796 805/805 765/765
f 819/819 822/822 817/817
f 818/818 822/822 821/821
f 804/804 816/816 815/815
f 804/804 815/815 801/801
f 808/808 818/818 821/821
f 808/808 821/821 814/814
f 810/810 819/819 817/817
f 810/810 817/817 806/806
f 806/806 817/817 816/816
f 806/806 816/816 804/804
f 817/817 822/822 816/816
f 820/820 822/822 819/819
f 815/815 822/822 818/818
f 816/816 822/822 815/815
f 825/825 828/828 834/834
f 825/825 834/834 831/831
f 826/826 827/827 833/833
f 826/826 833/833 832/832
f 828/828 823/823 829/829
f 828/828 829/829 834/834
f 823/823 826/826 832/832
f 823/823 832/832 829/829
f 827/827 824/824 830/830
f 827/827 830/830 833/833
f 834/834 829/829 835/835
f 834/834 835/835 840/840
f 829/829 832/832 838/838
f 829/829 838/838 835/835
f 833/833 830/830 836/836
f 833/833 836/836 839/839
f 831/831 834/834 840/840
f 831/831 840/840 837/837
f 832/832 833/833 839/839
f 832/832 839/839 838/838
f 837/837 840/840 846/846
f 837/837 846/846 843/843
f 838/838 839/839 845/845
f 838/838 845/845 844/844
f 840/840 835/835 841/841
f 840/840 841/841 846/846
f 835/835 838/838 844/844
f 835/835 844/844 841/841
f 839/839 836/836 842/842
f 839/839 842/842 845/845
f 846/846 841/841 847/847
f 846/846 847/847 852/852
f 841/841 844/844 850/850
f 841/841 850/850 847/847
f 845/845 842/842 848/848
f 845/845 848/848 851/851
f 843/843 846/846 852/852
f 843/843 852/852 849/849
f 844/844 845/845 851/851
f 844/844 851/851 850/850
f 849/849 852/852 858/858
f 849/849 858/858 855/855
f 850/850 851/851 857/857
f 850/850 857/857 856/856
f 852/852 847/847 853/853
f 852/852 853/853 858/858
f 847/847 850/850 856/856
f 847/847 856/856 853/853
f 851/851 848/848 854/854
f 851/851 854/854 857/857
f 858/858 853/853 859/859
f 858/858 859/859 864/864
f 853/853 856/856 862/862
f 853/853 862/862 859/859
f 857/857 854/854 860/860
f 857/857 860/860 863/863
f 855/855 858/858 864/864
f 855/855 864/864 861/861
f 856/856 857/857 863/863
f 856/856 863/863 862/862
f 861/861 864/864 870/870
f 861/861 870/870 867/867
f 862/862 863/863 869/869
f 862/862 869/869 868/868
f 864/864 859/859 865/865
f 864/864 865/865 870/870
f 859/859 862/862 868/868
f 859/859 868/868 865/865
f 863/863 860/860 866/866
f 863/863 866/866 869/869
f 870/870 865/865 871/871
f 865/865 868/868 871/871
f 869/869 866/866 871/871
f 867/867 870/870 871/871
f 868/868 869/869 871/871
f 910/910 883/883 879/879
f 910/910 879/879 909/909
f 879/879 915/915 922/922
f 879/879 922/922 909/909
f 914/914 878/878 883/883
f 914/914 883/883 910/910
f 911/911 880/880 878/878
f 911/911 878/878 914/914
f 909/909 922/922 926/926
f 909/909 926/926 912/912
f 906/906 889/889 885/885
f 906/906 885/885 907/907
f 904/904 888/888 886/886
f 904/904 886/886 905/905
f 908/908 884/884 889/889
f 908/908 889/889 906/906
f 905/905 886/886 884/884
f 905/905 884/884 908/908
f 907/907 885/885 887/887
f 907/907 887/887 903/903
f 884/884 890/890 895/895
f 884/884 895/895 889/889
f 886/886 892/892 890/890
f 886/886 890/890 884/884
f 885/885 891/891 893/893
f 885/885 893/893 887/887
f 889/889 895/895 891/891
f 889/889 891/891 885/885
f 888/888 894/894 892/892
f 888/888 892/892 886/886
f 895/895 901/901 897/897
f 895/895 897/897 891/891
f 894/894 900/900 898/898
f 894/894 898/898 892/892
f 890/890 896/896 901/901
f 890/890 901/901 895/895
f 892/892 898/898 896/896
f 892/892 896/896 890/890
f 891/891 897/897 899/899
f 891/891 899/899 893/893
f 896/896 902/902 901/901
f 898/898 902/902 896/896
f 897/897 902/902 899/899
f 901/901 902/902 897/897
f 900/900 902/902 898/898
f 879/879 907/907 903/903
f 879/879 903/903 881/881
f 880/880 905/905 908/908
f 880/880 908/908 878/878
f 878/878 908/908 906/906
f 878/878 906/906 883/883
f 882/882 904/904 905/905
f 882/882 905/905 880/880
f 883/883 906/906 907/907
f 883/883 907/907 879/879
f 873/873 909/909 912/912
f 873/873 912/912 875/875
f 874/874 911/911 914/914
f 874/874 914/914 872/872
f 872/872 914/914 910/910
f 872/872 910/910 877/877
f 876/876 913/913 911/911
f 876/876 911/911 874/874
f 877/877 910/910 909/909
f 877/877 909/909 873/873
f 916/916 930/930 933/933
f 916/916 933/933 923/923
f 928/928 935/935 934/934
f 928/928 934/934 925/925
f 880/880 920/920 918/918
f 880/880 918/918 882/882
f 913/913 927/927 924/924
f 913/913 924/924 911/911
f 881/881 917/917 915/915
f 881/881 915/915 879/879
f 911/911 924/924 920/920
f 911/911 920/920 880/880
f 934/934 937/937 932/932
f 933/933 937/937 936/936
f 919/919 931/931 930/930
f 919/919 930/930 916/916
f 923/923 933/933 936/936
f 923/923 936/936 929/929
f 925/925 934/934 932/932
f 925/925 932/932 921/921
f 921/921 932/932 931/931
f 921/921 931/931 919/919
f 932/932 937/937 931/931
f 935/935 937/937 934/934
f 930/930 937/937 933/933
f 931/931 937/937 930/930
f 939/939 938/938 942/942
f 939/939 942/942 943/943
f 938/938 939/939 1004/1004
f 938/938 1004/1004 941/941
f 938/938 940/940 944/944
f 938/938 944/944 942/942
f 940/940 938/938 941/941
f 940/940 941/941 954/954
f 940/940 948/948 945/945
f 940/940 945/945 944/944
f 948/948 949/949 946/946
f 948/948 946/946 945/945
f 949/949 948/948 951/951
f 949/949 951/951 952/952
f 948/948 940/940 954/954
f 948/948 954/954 951/951
f 952/952 951/951 955/955
f 952/952 955/955 956/956
f 951/951 954/954 958/958
f 951/951 958/958 955/955
f 956/956 955/955 959/959
f 956/956 959/959 960/960
f 955/955 958/958 962/962
f 955/955 962/962 959/959
f 960/960 959/959 963/963
f 960/960 963/963 964/964
f 959/959 962/962 966/966
f 959/959 966/966 963/963
f 964/964 963/963 967/967
f 964/964 967/967 968/968
f 963/963 966/966 970/970
f 963/963 970/970 967/967
f 968/968 967/967 971/971
f 968/968 971/971 973/973
f 967/967 970/970 972/972
f 967/967 972/972 971/971
f 971/971 972/972 977/977
f 971/971 977/977 975/975
f 973/973 971/971 975/975
f 973/973 975/975 978/978
f 975/975 977/977 989/989
f 975/975 989/989 976/976
f 978/978 975/975 976/976
f 978/978 976/976 980/980
f 982/982 979/979 981/981
f 982/982 981/981 983/983
f 984/984 974/974 979/979
f 984/984 979/979 982/982
f 985/985 982/982 983/983
f 985/985 983/983 987/987
f 986/986 984/984 982/982
f 986/986 982/982 985/985
f 972/972 986/986 985/985
f 972/972 985/985 977/977
f 977/977 985/985 987/987
f 977/977 987/987 989/989
f 989/989 987/987 988/988
f 989/989 988/988 990/990
f 987/987 983/983 995/995
f 987/987 995/995 988/988
f 976/976 989/989 990/990
f 976/976 990/990 991/991
f 991/991 990/990 992/992
f 990/990 988/988 992/992
f 988/988 995/995 992/992
f 993/993 991/991 992/992
f 995/995 994/994 992/992
f 983/983 981/981 994/994
f 983/983 994/994 995/995
f 980/980 976/976 991/991
f 980/980 991/991 993/993
f 996/996 997/997 984/984
f 996/996 984/984 986/986
f 970/970 996/996 986/986
f 970/970 986/986 972/972
f 998/998 999/999 997/997
f 998/998 997/997 996/996
f 966/966 998/998 996/996
f 966/966 996/996 970/970
f 1000/1000 1001/1001 999/999
f 1000/1000 999/999 998/998
f 962/962 1000/1000 998/998
f 962/962 998/998 966/966
f 1002/1002 1003/1003 1001/1001
f 1002/1002 1001/1001 1000/1000
f 958/958 1002/1002 1000/1000
f 958/958 1000/1000 962/962
f 941/941 1004/1004 1003/1003
f 941/941 1003/1003 1002/1002
f 954/954 941/941 1002/1002
f 954/954 1002/1002 958/958
f 1003/1003 957/957 961/961
f 1003/1003 961/961 1001/1001
f 1004/1004 953/953 957/957
f 1004/1004 957/957 1003/1003
f 939/939 950/950 953/953
f 939/939 953/953 1004/1004
f 1001/1001 961/961 965/965
f 1001/1001 965/965 999/999
f 999/999 965/965 969/969
f 999/999 969/969 997/997
f 997/997 969/969 974/974
f 997/997 974/974 984/984
f 950/950 939/939 943/943
f 950/950 943/943 947/947
f 1052/1052 1008/1008 1010/1010
f 1052/1052 1010/1010 1050/1050
f 1050/1050 1010/1010 1012/1012
f 1050/1050 1012/1012 1049/1049
f 1049/1049 1012/1012 1014/1014
f 1049/1049 1014/1014 1048/1048
f 1035/1035 1037/1037 1022/1022
f 1035/1035 1022/1022 1021/1021
f 1048/1048 1014/1014 1016/1016
f 1048/1048 1016/1016 1053/1053
f 1053/1053 1016/1016 1007/1007
f 1053/1053 1007/1007 1051/1051
f 1036/1036 1035/1035 1021/1021
f 1036/1036 1021/1021 1020/1020
f 1038/1038 1036/1036 1020/1020
f 1038/1038 1020/1020 1019/1019
f 1037/1037 1039/1039 1017/1017
f 1037/1037 1017/1017 1022/1022
f 1040/1040 1038/1038 1019/1019
f 1040/1040 1019/1019 1018/1018
f 1021/1021 1022/1022 1028/1028
f 1021/1021 1028/1028 1027/1027
f 1019/1019 1020/1020 1026/1026
f 1019/1019 1026/1026 1025/1025
f 1022/1022 1017/1017 1023/1023
f 1022/1022 1023/1023 1028/1028
f 1020/1020 1021/1021 1027/1027
f 1020/1020 1027/1027 1026/1026
f 1018/1018 1019/1019 1025/1025
f 1018/1018 1025/1025 1024/1024
f 1056/1056 1054/1054 1029/1029
f 1056/1056 1029/1029 1034/1034
f 1058/1058 1057/1057 1033/1033
f 1058/1058 1033/1033 1032/1032
f 1055/1055 1059/1059 1031/1031
f 1055/1055 1031/1031 1030/1030
f 1057/1057 1056/1056 1034/1034
f 1057/1057 1034/1034 1033/1033
f 1059/1059 1058/1058 1032/1032
f 1059/1059 1032/1032 1031/1031
f 1006/1006 1009/1009 1038/1038
f 1006/1006 1038/1038 1040/1040
f 1015/1015 1005/1005 1039/1039
f 1015/1015 1039/1039 1037/1037
f 1009/1009 1011/1011 1036/1036
f 1009/1009 1036/1036 1038/1038
f 1011/1011 1013/1013 1035/1035
f 1011/1011 1035/1035 1036/1036
f 1013/1013 1015/1015 1037/1037
f 1013/1013 1037/1037 1035/1035
f 1012/1012 1010/1010 1043/1043
f 1012/1012 1043/1043 1044/1044
f 1007/1007 1016/1016 1046/1046
f 1007/1007 1046/1046 1041/1041
f 1010/1010 1008/1008 1042/1042
f 1010/1010 1042/1042 1043/1043
f 1014/1014 1012/1012 1044/1044
f 1014/1014 1044/1044 1045/1045
f 1016/1016 1014/1014 1045/1045
f 1016/1016 1045/1045 1046/1046
f 1046/1046 1045/1045 1047/1047
f 1044/1044 1043/1043 1047/1047
f 1041/1041 1046/1046 1047/1047
f 1045/1045 1044/1044 1047/1047
f 1043/1043 1042/1042 1047/1047
f 1015/1015 1053/1053 1051/1051
f 1015/1015 1051/1051 1005/1005
f 1013/1013 1048/1048 1053/1053
f 1013/1013 1053/1053 1015/1015
f 1011/1011 1049/1049 1048/1048
f 1011/1011 1048/1048 1013/1013
f 1009/1009 1050/1050 1049/1049
f 1009/1009 1049/1049 1011/1011
f 1006/1006 1052/1052 1050/1050
f 1006/1006 1050/1050 1009/1009
f 1025/1025 1026/1026 1058/1058
f 1025/1025 1058/1058 1059/1059
f 1027/1027 1028/1028 1056/1056
f 1027/1027 1056/1056 1057/1057
f 1024/1024 1025/1025 1059/1059
f 1024/1024 1059/1059 1055/1055
f 1026/1026 1027/1027 1057/1057
f 1026/1026 1057/1057 1058/1058
f 1028/1028 1023/1023 1054/1054
f 1028/1028 1054/1054 1056/1056
f 1084/1084 1062/1062 1060/1060
f 1084/1084 1060/1060 1061/1061
f 1061/1061 1060/1060 1063/1063
f 1061/1061 1063/1063 1083/1083
f 1062/1062 1065/1065 1064/1064
f 1062/1062 1064/1064 1060/1060
f 1060/1060 1064/1064 1066/1066
f 1060/1060 1066/1066 1063/1063
f 1065/1065 1068/1068 1067/1067
f 1065/1065 1067/1067 1064/1064
f 1064/1064 1067/1067 1069/1069
f 1064/1064 1069/1069 1066/1066
f 1068/1068 1070/1070 1067/1067
f 1067/1067 1070/1070 1069/1069
f 1073/1073 1070/1070 1068/1068
f 1072/1072 1070/1070 1073/1073
f 1069/1069 1070/1070 1071/1071
f 1074/1074 1073/1073 1068/1068
f 1074/1074 1068/1068 1065/1065
f 1076/1076 1072/1072 1073/1073
f 1076/1076 1073/1073 1074/1074
f 1077/1077 1074/1074 1065/1065
f 1077/1077 1065/1065 1062/1062
f 1080/1080 1076/1076 1074/1074
f 1080/1080 1074/1074 1077/1077
f 1078/1078 1077/1077 1062/1062
f 1078/1078 1062/1062 1084/1084
f 1082/1082 1080/1080 1077/1077
f 1082/1082 1077/1077 1078/1078
f 1083/1083 1063/1063 1079/1079
f 1083/1083 1079/1079 1081/1081
f 1063/1063 1066/1066 1075/1075
f 1063/1063 1075/1075 1079/1079
f 1066/1066 1069/1069 1071/1071
f 1066/1066 1071/1071 1075/1075
f 1086/1086 1089/1089 1088/1088
f 1086/1086 1088/1088 1085/1085
f 1085/1085 1088/1088 1090/1090
f 1085/1085 1090/1090 1087/1087
f 1089/1089 1092/1092 1091/1091
f 1089/1089 1091/1091 1088/1088
f 1088/1088 1091/1091 1093/1093
f 1088/1088 1093/1093 1090/1090
f 1092/1092 1095/1095 1094/1094
f 1092/1092 1094/1094 1091/1091
f 1091/1091 1094/1094 1096/1096
f 1091/1091 1096/1096 1093/1093
f 1095/1095 1098/1098 1097/1097
f 1095/1095 1097/1097 1094/1094
f 1094/1094 1097/1097 1099/1099
f 1094/1094 1099/1099 1096/1096
f 1098/1098 1101/1101 1100/1100
f 1098/1098 1100/1100 1097/1097
f 1097/1097 1100/1100 1102/1102
f 1097/1097 1102/1102 1099/1099
f 1101/1101 1103/1103 1100/1100
f 1100/1100 1103/1103 1102/1102
f 1106/1106 1103/1103 1101/1101
f 1104/1104 1103/1103 1105/1105
f 1102/1102 1103/1103 1104/1104
f 1109/1109 1104/1104 1105/1105
f 1109/1109 1105/1105 1107/1107
f 1108/1108 1106/1106 1101/1101
f 1108/1108 1101/1101 1098/1098
f 1112/1112 1109/1109 1107/1107
f 1112/1112 1107/1107 1110/1110
f 1111/1111 1108/1108 1098/1098
f 1111/1111 1098/1098 1095/1095
f 1115/1115 1112/1112 1110/1110
f 1115/1115 1110/1110 1113/1113
f 1114/1114 1111/1111 1095/1095
f 1114/1114 1095/1095 1092/1092
f 1118/1118 1115/1115 1113/1113
f 1118/1118 1113/1113 1116/1116
f 1117/1117 1114/1114 1092/1092
f 1117/1117 1092/1092 1089/1089
f 1121/1121 1118/1118 1116/1116
f 1121/1121 1116/1116 1119/1119
f 1120/1120 1117/1117 1089/1089
f 1120/1120 1089/1089 1086/1086
f 1087/1087 1090/1090 1118/1118
f 1087/1087 1118/1118 1121/1121
f 1090/1090 1093/1093 1115/1115
f 1090/1090 1115/1115 1118/1118
f 1093/1093 1096/1096 1112/1112
f 1093/1093 1112/1112 1115/1115
f 1096/1096 1099/1099 1109/1109
f 1096/1096 1109/1109 1112/1112
f 1099/1099 1102/1102 1104/1104
f 1099/1099 1104/1104 1109/1109
f 1123/1123 1126/1126 1125/1125
f 1123/1123 1125/1125 1122/1122
f 1122/1122 1125/1125 1127/1127
f 1122/1122 1127/1127 1124/1124
f 1126/1126 1130/1130 1128/1128
f 1126/1126 1128/1128 1125/1125
f 1125/1125 1128/1128 1131/1131
f 1125/1125 1131/1131 1127/1127
f 1130/1130 1142/1142 1129/1129
f 1130/1130 1129/1129 1128/1128
f 1128/1128 1129/1129 1132/1132
f 1128/1128 1132/1132 1131/1131
f 1131/1131 1132/1132 1135/1135
f 1131/1131 1135/1135 1133/1133
f 1127/1127 1131/1131 1133/1133
f 1127/1127 1133/1133 1134/1134
f 1134/1134 1133/1133 1136/1136
f 1134/1134 1136/1136 1138/1138
f 1133/1133 1135/1135 1140/1140
f 1133/1133 1140/1140 1136/1136
f 1139/1139 1137/1137 1130/1130
f 1139/1139 1130/1130 1126/1126
f 1137/1137 1141/1141 1142/1142
f 1137/1137 1142/1142 1130/1130
f 1135/1135 1145/1145 1143/1143
f 1135/1135 1143/1143 1140/1140
f 1141/1141 1144/1144 1146/1146
f 1141/1141 1146/1146 1142/1142
f 1145/1145 1153/1153 1147/1147
f 1145/1145 1147/1147 1143/1143
f 1144/1144 1148/1148 1154/1154
f 1144/1144 1154/1154 1146/1146
f 1148/1148 1150/1150 1157/1157
f 1148/1148 1157/1157 1154/1154
f 1153/1153 1207/1207 1149/1149
f 1153/1153 1149/1149 1147/1147
f 1154/1154 1157/1157 1159/1159
f 1154/1154 1159/1159 1155/1155
f 1154/1154 1155/1155 1203/1203
f 1154/1154 1203/1203 1156/1156
f 1146/1146 1154/1154 1156/1156
f 1146/1146 1156/1156 1206/1206
f 1158/1158 1161/1161 1162/1162
f 1158/1158 1162/1162 1160/1160
f 1151/1151 1163/1163 1161/1161
f 1151/1151 1161/1161 1158/1158
f 1161/1161 1165/1165 1162/1162
f 1163/1163 1165/1165 1161/1161
f 1168/1168 1165/1165 1166/1166
f 1166/1166 1165/1165 1167/1167
f 1167/1167 1165/1165 1164/1164
f 1162/1162 1165/1165 1168/1168
f 1171/1171 1168/1168 1166/1166
f 1171/1171 1166/1166 1173/1173
f 1160/1160 1162/1162 1168/1168
f 1160/1160 1168/1168 1171/1171
f 1174/1174 1169/1169 1172/1172
f 1174/1174 1172/1172 1176/1176
f 1155/1155 1159/1159 1170/1170
f 1155/1155 1170/1170 1175/1175
f 1176/1176 1180/1180 1177/1177
f 1176/1176 1177/1177 1174/1174
f 1175/1175 1178/1178 1179/1179
f 1175/1175 1179/1179 1155/1155
f 1178/1178 1182/1182 1184/1184
f 1178/1178 1184/1184 1179/1179
f 1180/1180 1183/1183 1181/1181
f 1180/1180 1181/1181 1177/1177
f 1183/1183 1187/1187 1185/1185
f 1183/1183 1185/1185 1181/1181
f 1182/1182 1186/1186 1188/1188
f 1182/1182 1188/1188 1184/1184
f 1187/1187 1191/1191 1189/1189
f 1187/1187 1189/1189 1185/1185
f 1186/1186 1190/1190 1192/1192
f 1186/1186 1192/1192 1188/1188
f 1191/1191 1193/1193 1189/1189
f 1190/1190 1193/1193 1192/1192
f 1192/1192 1193/1193 1194/1194
f 1194/1194 1193/1193 1195/1195
f 1195/1195 1193/1193 1191/1191
f 1196/1196 1195/1195 1191/1191
f 1196/1196 1191/1191 1187/1187
f 1197/1197 1194/1194 1195/1195
f 1197/1197 1195/1195 1196/1196
f 1198/1198 1196/1196 1187/1187
f 1198/1198 1187/1187 1183/1183
f 1199/1199 1197/1197 1196/1196
f 1199/1199 1196/1196 1198/1198
f 1200/1200 1198/1198 1183/1183
f 1200/1200 1183/1183 1180/1180
f 1202/1202 1199/1199 1198/1198
f 1202/1202 1198/1198 1200/1200
f 1201/1201 1200/1200 1180/1180
f 1201/1201 1180/1180 1176/1176
f 1203/1203 1202/1202 1200/1200
f 1203/1203 1200/1200 1201/1201
f 1155/1155 1179/1179 1202/1202
f 1155/1155 1202/1202 1203/1203
f 1179/1179 1184/1184 1199/1199
f 1179/1179 1199/1199 1202/1202
f 1156/1156 1203/1203 1201/1201
f 1156/1156 1201/1201 1204/1204
f 1204/1204 1201/1201 1176/1176
f 1204/1204 1176/1176 1153/1153
f 1205/1205 1204/1204 1153/1153
f 1205/1205 1153/1153 1145/1145
f 1206/1206 1156/1156 1204/1204
f 1206/1206 1204/1204 1205/1205
f 1132/1132 1205/1205 1145/1145
f 1132/1132 1145/1145 1135/1135
f 1129/1129 1206/1206 1205/1205
f 1129/1129 1205/1205 1132/1132
f 1142/1142 1146/1146 1206/1206
f 1142/1142 1206/1206 1129/1129
f 1184/1184 1188/1188 1197/1197
f 1184/1184 1197/1197 1199/1199
f 1188/1188 1192/1192 1194/1194
f 1188/1188 1194/1194 1197/1197
f 1176/1176 1172/1172 1207/1207
f 1176/1176 1207/1207 1153/1153
f 1173/1173 1166/1166 1167/1167
f 1173/1173 1167/1167 1208/1208
f 1208/1208 1167/1167 1164/1164
f 1208/1208 1164/1164 1152/1152
f 1211/1211 1134/1134 1138/1138
f 1211/1211 1138/1138 1209/1209
f 1210/1210 1139/1139 1126/1126
f 1210/1210 1126/1126 1123/1123
f 1124/1124 1127/1127 1134/1134
f 1124/1124 1134/1134 1211/1211
f 1212/1212 1213/1213 1216/1216
f 1212/1212 1216/1216 1215/1215
f 1214/1214 1212/1212 1215/1215
f 1214/1214 1215/1215 1217/1217
f 1215/1215 1216/1216 1219/1219
f 1215/1215 1219/1219 1218/1218
f 1217/1217 1215/1215 1218/1218
f 1217/1217 1218/1218 1220/1220
f 1218/1218 1219/1219 1222/1222
f 1218/1218 1222/1222 1221/1221
f 1220/1220 1218/1218 1221/1221
f 1220/1220 1221/1221 1223/1223
f 1221/1221 1222/1222 1225/1225
f 1221/1221 1225/1225 1224/1224
f 1223/1223 1221/1221 1224/1224
f 1223/1223 1224/1224 1226/1226
f 1224/1224 1225/1225 1228/1228
f 1224/1224 1228/1228 1227/1227
f 1226/1226 1224/1224 1227/1227
f 1226/1226 1227/1227 1229/1229
f 1227/1227 1228/1228 1231/1231
f 1227/1227 1231/1231 1230/1230
f 1229/1229 1227/1227 1230/1230
f 1229/1229 1230/1230 1232/1232
f 1230/1230 1231/1231 1234/1234
f 1230/1230 1234/1234 1233/1233
f 1232/1232 1230/1230 1233/1233
f 1232/1232 1233/1233 1235/1235
f 1233/1233 1234/1234 1236/1236
f 1235/1235 1233/1233 1236/1236
f 1238/1238 1235/1235 1236/1236
f 1234/1234 1239/1239 1236/1236
f 1239/1239 1237/1237 1236/1236
f 1240/1240 1241/1241 1237/1237
f 1240/1240 1237/1237 1239/1239
f 1231/1231 1240/1240 1239/1239
f 1231/1231 1239/1239 1234/1234
f 1243/1243 1244/1244 1241/1241
f 1243/1243 1241/1241 1240/1240
f 1228/1228 1243/1243 1240/1240
f 1228/1228 1240/1240 1231/1231
f 1246/1246 1247/1247 1244/1244
f 1246/1246 1244/1244 1243/1243
f 1225/1225 1246/1246 1243/1243
f 1225/1225 1243/1243 1228/1228
f 1249/1249 1250/1250 1247/1247
f 1249/1249 1247/1247 1246/1246
f 1222/1222 1249/1249 1246/1246
f 1222/1222 1246/1246 1225/1225
f 1252/1252 1253/1253 1250/1250
f 1252/1252 1250/1250 1249/1249
f 1219/1219 1252/1252 1249/1249
f 1219/1219 1249/1249 1222/1222
f 1255/1255 1256/1256 1253/1253
f 1255/1255 1253/1253 1252/1252
f 1216/1216 1255/1255 1252/1252
f 1216/1216 1252/1252 1219/1219
f 1258/1258 1259/1259 1256/1256
f 1258/1258 1256/1256 1255/1255
f 1213/1213 1258/1258 1255/1255
f 1213/1213 1255/1255 1216/1216
f 1260/1260 1214/1214 1217/1217
f 1260/1260 1217/1217 1257/1257
f 1257/1257 1217/1217 1220/1220
f 1257/1257 1220/1220 1254/1254
f 1254/1254 1220/1220 1223/1223
f 1254/1254 1223/1223 1251/1251
f 1251/1251 1223/1223 1226/1226
f 1251/1251 1226/1226 1248/1248
f 1248/1248 1226/1226 1229/1229
f 1248/1248 1229/1229 1245/1245
f 1245/1245 1229/1229 1232/1232
f 1245/1245 1232/1232 1242/1242
f 1242/1242 1232/1232 1235/1235
f 1242/1242 1235/1235 1238/1238
f 1302/1302 1264/1264 1266/1266
f 1302/1302 1266/1266 1300/1300
f 1300/1300 1266/1266 1268/1268
f 1300/1300 1268/1268 1299/1299
f 1299/1299 1268/1268 1270/1270
f 1299/1299 1270/1270 1298/1298
f 1285/1285 1287/1287 1278/1278
f 1285/1285 1278/1278 1277/1277
f 1298/1298 1270/1270 1272/1272
f 1298/1298 1272/1272 1303/1303
f 1303/1303 1272/1272 1263/1263
f 1303/1303 1263/1263 1301/1301
f 1286/1286 1285/1285 1277/1277
f 1286/1286 1277/1277 1276/1276
f 1288/1288 1286/1286 1276/1276
f 1288/1288 1276/1276 1275/1275
f 1287/1287 1289/1289 1273/1273
f 1287/1287 1273/1273 1278/1278
f 1290/1290 1288/1288 1275/1275
f 1290/1290 1275/1275 1274/1274
f 1277/1277 1278/1278 1284/1284
f 1277/1277 1284/1284 1283/1283
f 1275/1275 1276/1276 1282/1282
f 1275/1275 1282/1282 1281/1281
f 1278/1278 1273/1273 1279/1279
f 1278/1278 1279/1279 1284/1284
f 1276/1276 1277/1277 1283/1283
f 1276/1276 1283/1283 1282/1282
f 1274/1274 1275/1275 1281/1281
f 1274/1274 1281/1281 1280/1280
f 1262/1262 1265/1265 1288/1288
f 1262/1262 1288/1288 1290/1290
f 1271/1271 1261/1261 1289/1289
f 1271/1271 1289/1289 1287/1287
f 1265/1265 1267/1267 1286/1286
f 1265/1265 1286/1286 1288/1288
f 1267/1267 1269/1269 1285/1285
f 1267/1267 1285/1285 1286/1286
f 1269/1269 1271/1271 1287/1287
f 1269/1269 1287/1287 1285/1285
f 1268/1268 1266/1266 1293/1293
f 1268/1268 1293/1293 1294/1294
f 1263/1263 1272/1272 1296/1296
f 1263/1263 1296/1296 1291/1291
f 1266/1266 1264/1264 1292/1292
f 1266/1266 1292/1292 1293/1293
f 1270/1270 1268/1268 1294/1294
f 1270/1270 1294/1294 1295/1295
f 1272/1272 1270/1270 1295/1295
f 1272/1272 1295/1295 1296/1296
f 1296/1296 1295/1295 1297/1297
f 1294/1294 1293/1293 1297/1297
f 1291/1291 1296/1296 1297/1297
f 1295/1295 1294/1294 1297/1297
f 1293/1293 1292/1292 1297/1297
f 1271/1271 1303/1303 1301/1301
f 1271/1271 1301/1301 1261/1261
f 1269/1269 1298/1298 1303/1303
f 1269/1269 1303/1303 1271/1271
f 1267/1267 1299/1299 1298/1298
f 1267/1267 1298/1298 1269/1269
f 1265/1265 1300/1300 1299/1299
f 1265/1265 1299/1299 1267/1267
f 1262/1262 1302/1302 1300/1300
f 1262/1262 1300/1300 1265/1265
f 1306/1306 1304/1304 1310/1310
f 1306/1306 1310/1310 1312/1312
f 1305/1305 1308/1308 1314/1314
f 1305/1305 1314/1314 1311/1311
f 1307/1307 1309/1309 1315/1315
f 1307/1307 1315/1315 1313/1313
f 1304/1304 1305/1305 1311/1311
f 1304/1304 1311/1311 1310/1310
f 1309/1309 1306/1306 1312/1312
f 1309/1309 1312/1312 1315/1315
f 1310/1310 1311/1311 1317/1317
f 1310/1310 1317/1317 1316/1316
f 1315/1315 1312/1312 1318/1318
f 1315/1315 1318/1318 1321/1321
f 1312/1312 1310/1310 1316/1316
f 1312/1312 1316/1316 1318/1318
f 1311/1311 1314/1314 1320/1320
f 1311/1311 1320/1320 1317/1317
f 1313/1313 1315/1315 1321/1321
f 1313/1313 1321/1321 1319/1319
f 1318/1318 1316/1316 1322/1322
f 1318/1318 1322/1322 1324/1324
f 1317/1317 1320/1320 1326/1326
f 1317/1317 1326/1326 1323/1323
f 1319/1319 1321/1321 1327/1327
f 1319/1319 1327/1327 1325/1325
f 1316/1316 1317/1317 1323/1323
f 1316/1316 1323/1323 1322/1322
f 1321/1321 1318/1318 1324/1324
f 1321/1321 1324/1324 1327/1327
f 1322/1322 1323/1323 1329/1329
f 1322/1322 1329/1329 1328/1328
f 1327/1327 1324/1324 1330/1330
f 1327/1327 1330/1330 1333/1333
f 1324/1324 1322/1322 1328/1328
f 1324/1324 1328/1328 1330/1330
f 1323/1323 1326/1326 1332/1332
f 1323/1323 1332/1332 1329/1329
f 1325/1325 1327/1327 1333/1333
f 1325/1325 1333/1333 1331/1331
f 1330/1330 1328/1328 1334/1334
f 1330/1330 1334/1334 1336/1336
f 1329/1329 1332/1332 1338/1338
f 1329/1329 1338/1338 1335/1335
f 1331/1331 1333/1333 1339/1339
f 1331/1331 1339/1339 1337/1337
f 1328/1328 1329/1329 1335/1335
f 1328/1328 1335/1335 1334/1334
f 1333/1333 1330/1330 1336/1336
f 1333/1333 1336/1336 1339/1339
f 1358/1358 1353/1353 1341/1341
f 1358/1358 1341/1341 1340/1340
f 1357/1357 1354/1354 1342/1342
f 1357/1357 1342/1342 1345/1345
f 1354/1354 1358/1358 1340/1340
f 1354/1354 1340/1340 1342/1342
f 1353/1353 1356/1356 1344/1344
f 1353/1353 1344/1344 1341/1341
f 1355/1355 1357/1357 1345/1345
f 1355/1355 1345/1345 1343/1343
f 1342/1342 1340/1340 1346/1346
f 1341/1341 1344/1344 1346/1346
f 1343/1343 1345/1345 1346/1346
f 1340/1340 1341/1341 1346/1346
f 1345/1345 1342/1342 1346/1346
f 1337/1337 1339/1339 1347/1347
f 1337/1337 1347/1347 1351/1351
f 1335/1335 1338/1338 1352/1352
f 1335/1335 1352/1352 1350/1350
f 1336/1336 1334/1334 1349/1349
f 1336/1336 1349/1349 1348/1348
f 1339/1339 1336/1336 1348/1348
f 1339/1339 1348/1348 1347/1347
f 1334/1334 1335/1335 1350/1350
f 1334/1334 1350/1350 1349/1349
f 1363/1363 1359/1359 1357/1357
f 1363/1363 1357/1357 1355/1355
f 1361/1361 1364/1364 1356/1356
f 1361/1361 1356/1356 1353/1353
f 1362/1362 1360/1360 1358/1358
f 1362/1362 1358/1358 1354/1354
f 1359/1359 1362/1362 1354/1354
f 1359/1359 1354/1354 1357/1357
f 1360/1360 1361/1361 1353/1353
f 1360/1360 1353/1353 1358/1358
f 1349/1349 1350/1350 1361/1361
f 1349/1349 1361/1361 1360/1360
f 1347/1347 1348/1348 1362/1362
f 1347/1347 1362/1362 1359/1359
f 1348/1348 1349/1349 1360/1360
f 1348/1348 1360/1360 1362/1362
f 1350/1350 1352/1352 1364/1364
f 1350/1350 1364/1364 1361/1361
f 1351/1351 1347/1347 1359/1359
f 1351/1351 1359/1359 1363/1363
f 1304/1304 1306/1306 1367/1367
f 1304/1304 1367/1367 1365/1365
f 1308/1308 1305/1305 1366/1366
f 1308/1308 1366/1366 1369/1369
f 1309/1309 1307/1307 1368/1368
f 1309/1309 1368/1368 1370/1370
f 1305/1305 1304/1304 1365/1365
f 1305/1305 1365/1365 1366/1366
f 1306/1306 1309/1309 1370/1370
f 1306/1306 1370/1370 1367/1367
f 1371/1371 1377/1377 1382/1382
f 1371/1371 1382/1382 1376/1376
f 1373/1373 1379/1379 1377/1377
f 1373/1373 1377/1377 1371/1371
f 1372/1372 1378/1378 1380/1380
f 1372/1372 1380/1380 1374/1374
f 1376/1376 1382/1382 1378/1378
f 1376/1376 1378/1378 1372/1372
f 1375/1375 1381/1381 1379/1379
f 1375/1375 1379/1379 1373/1373
f 1397/1397 1387/1387 1385/1385
f 1397/1397 1385/1385 1395/1395
f 1399/1399 1383/1383 1388/1388
f 1399/1399 1388/1388 1398/1398
f 1395/1395 1385/1385 1383/1383
f 1395/1395 1383/1383 1399/1399
f 1400/1400 1384/1384 1386/1386
f 1400/1400 1386/1386 1396/1396
f 1398/1398 1388/1388 1384/1384
f 1398/1398 1384/1384 1400/1400
f 1385/1385 1391/1391 1389/1389
f 1385/1385 1389/1389 1383/1383
f 1384/1384 1390/1390 1392/1392
f 1384/1384 1392/1392 1386/1386
f 1388/1388 1394/1394 1390/1390
f 1388/1388 1390/1390 1384/1384
f 1387/1387 1393/1393 1391/1391
f 1387/1387 1391/1391 1385/1385
f 1383/1383 1389/1389 1394/1394
f 1383/1383 1394/1394 1388/1388
f 1382/1382 1398/1398 1400/1400
f 1382/1382 1400/1400 1378/1378
f 1378/1378 1400/1400 1396/1396
f 1378/1378 1396/1396 1380/1380
f 1379/1379 1395/1395 1399/1399
f 1379/1379 1399/1399 1377/1377
f 1377/1377 1399/1399 1398/1398
f 1377/1377 1398/1398 1382/1382
f 1381/1381 1397/1397 1395/1395
f 1381/1381 1395/1395 1379/1379
f 1433/1433 1406/1406 1402/1402
f 1433/1433 1402/1402 1432/1432
f 1402/1402 1438/1438 1445/1445
f 1402/1402 1445/1445 1432/1432
f 1437/1437 1401/1401 1406/1406
f 1437/1437 1406/1406 1433/1433
f 1434/1434 1403/1403 1401/1401
f 1434/1434 1401/1401 1437/1437
f 1432/1432 1445/1445 1449/1449
f 1432/1432 1449/1449 1435/1435
f 1429/1429 1412/1412 1408/1408
f 1429/1429 1408/1408 1430/1430
f 1427/1427 1411/1411 1409/1409
f 1427/1427 1409/1409 1428/1428
f 1431/1431 1407/1407 1412/1412
f 1431/1431 1412/1412 1429/1429
f 1428/1428 1409/1409 1407/1407
f 1428/1428 1407/1407 1431/1431
f 1430/1430 1408/1408 1410/1410
f 1430/1430 1410/1410 1426/1426
f 1407/1407 1413/1413 1418/1418
f 1407/1407 1418/1418 1412/1412
f 1409/1409 1415/1415 1413/1413
f 1409/1409 1413/1413 1407/1407
f 1408/1408 1414/1414 1416/1416
f 1408/1408 1416/1416 1410/1410
f 1412/1412 1418/1418 1414/1414
f 1412/1412 1414/1414 1408/1408
f 1411/1411 1417/1417 1415/1415
f 1411/1411 1415/1415 1409/1409
f 1418/1418 1424/1424 1420/1420
f 1418/1418 1420/1420 1414/1414
f 1417/1417 1423/1423 1421/1421
f 1417/1417 1421/1421 1415/1415
f 1413/1413 1419/1419 1424/1424
f 1413/1413 1424/1424 1418/1418
f 1415/1415 1421/1421 1419/1419
f 1415/1415 1419/1419 1413/1413
f 1414/1414 1420/1420 1422/1422
f 1414/1414 1422/1422 1416/1416
f 1419/1419 1425/1425 1424/1424
f 1421/1421 1425/1425 1419/1419
f 1420/1420 1425/1425 1422/1422
f 1424/1424 1425/1425 1420/1420
f 1423/1423 1425/1425 1421/1421
f 1402/1402 1430/1430 1426/1426
f 1402/1402 1426/1426 1404/1404
f 1403/1403 1428/1428 1431/1431
f 1403/1403 1431/1431 1401/1401
f 1401/1401 1431/1431 1429/1429
f 1401/1401 1429/1429 1406/1406
f 1405/1405 1427/1427 1428/1428
f 1405/1405 1428/1428 1403/1403
f 1406/1406 1429/1429 1430/1430
f 1406/1406 1430/1430 1402/1402
f 1390/1390 1432/1432 1435/1435
f 1390/1390 1435/1435 1392/1392
f 1391/1391 1434/1434 1437/1437
f 1391/1391 1437/1437 1389/1389
f 1389/1389 1437/1437 1433/1433
f 1389/1389 1433/1433 1394/1394
f 1393/1393 1436/1436 1434/1434
f 1393/1393 1434/1434 1391/1391
f 1394/1394 1433/1433 1432/1432
f 1394/1394 1432/1432 1390/1390
f 1439/1439 1453/1453 1456/1456
f 1439/1439 1456/1456 1446/1446
f 1451/1451 1458/1458 1457/1457
f 1451/1451 1457/1457 1448/1448
f 1403/1403 1443/1443 1441/1441
f 1403/1403 1441/1441 1405/1405
f 1436/1436 1450/1450 1447/1447
f 1436/1436 1447/1447 1434/1434
f 1404/1404 1440/1440 1438/1438
f 1404/1404 1438/1438 1402/1402
f 1434/1434 1447/1447 1443/1443
f 1434/1434 1443/1443 1403/1403
f 1457/1457 1460/1460 1455/1455
f 1456/1456 1460/1460 1459/1459
f 1442/1442 1454/1454 1453/1453
f 1442/1442 1453/1453 1439/1439
f 1446/1446 1456/1456 1459/1459
f 1446/1446 1459/1459 1452/1452
f 1448/1448 1457/1457 1455/1455
f 1448/1448 1455/1455 1444/1444
f 1444/1444 1455/1455 1454/1454
f 1444/1444 1454/1454 1442/1442
f 1455/1455 1460/1460 1454/1454
f 1458/1458 1460/1460 1457/1457
f 1453/1453 1460/1460 1456/1456
f 1454/1454 1460/1460 1453/1453
f 1463/1463 1466/1466 1472/1472
f 1463/1463 1472/1472 1469/1469
f 1464/1464 1465/1465 1471/1471
f 1464/1464 1471/1471 1470/1470
f 1466/1466 1461/1461 1467/1467
f 1466/1466 1467/1467 1472/1472
f 1461/1461 1464/1464 1470/1470
f 1461/1461 1470/1470 1467/1467
f 1465/1465 1462/1462 1468/1468
f 1465/1465 1468/1468 1471/1471
f 1472/1472 1467/1467 1473/1473
f 1472/1472 1473/1473 1478/1478
f 1467/1467 1470/1470 1476/1476
f 1467/1467 1476/1476 1473/1473
f 1471/1471 1468/1468 1474/1474
f 1471/1471 1474/1474 1477/1477
f 1469/1469 1472/1472 1478/1478
f 1469/1469 1478/1478 1475/1475
f 1470/1470 1471/1471 1477/1477
f 1470/1470 1477/1477 1476/1476
f 1475/1475 1478/1478 1484/1484
f 1475/1475 1484/1484 1481/1481
f 1476/1476 1477/1477 1483/1483
f 1476/1476 1483/1483 1482/1482
f 1478/1478 1473/1473 1479/1479
f 1478/1478 1479/1479 1484/1484
f 1473/1473 1476/1476 1482/1482
f 1473/1473 1482/1482 1479/1479
f 1477/1477 1474/1474 1480/1480
f 1477/1477 1480/1480 1483/1483
f 1484/1484 1479/1479 1485/1485
f 1484/1484 1485/1485 1490/1490
f 1479/1479 1482/1482 1488/1488
f 1479/1479 1488/1488 1485/1485
f 1483/1483 1480/1480 1486/1486
f 1483/1483 1486/1486 1489/1489
f 1481/1481 1484/1484 1490/1490
f 1481/1481 1490/1490 1487/1487
f 1482/1482 1483/1483 1489/1489
f 1482/1482 1489/1489 1488/1488
f 1487/1487 1490/1490 1496/1496
f 1487/1487 1496/1496 1493/1493
f 1488/1488 1489/1489 1495/1495
f 1488/1488 1495/1495 1494/1494
f 1490/1490 1485/1485 1491/1491
f 1490/1490 1491/1491 1496/1496
f 1485/1485 1488/1488 1494/1494
f 1485/1485 1494/1494 1491/1491
f 1489/1489 1486/1486 1492/1492
f 1489/1489 1492/1492 1495/1495
f 1496/1496 1491/1491 1497/1497
f 1496/1496 1497/1497 1502/1502
f 1491/1491 1494/1494 1500/1500
f 1491/1491 1500/1500 1497/1497
f 1495/1495 1492/1492 1498/1498
f 1495/1495 1498/1498 1501/1501
f 1493/1493 1496/1496 1502/1502
f 1493/1493 1502/1502 1499/1499
f 1494/1494 1495/1495 1501/1501
f 1494/1494 1501/1501 1500/1500
f 1499/1499 1502/1502 1508/1508
f 1499/1499 1508/1508 1505/1505
f 1500/1500 1501/1501 1507/1507
f 1500/1500 1507/1507 1506/1506
f 1502/1502 1497/1497 1503/1503
f 1502/1502 1503/1503 1508/1508
f 1497/1497 1500/1500 1506/1506
f 1497/1497 1506/1506 1503/1503
f 1501/1501 1498/1498 1504/1504
f 1501/1501 1504/1504 1507/1507
f 1508/1508 1503/1503 1509/1509
f 1503/1503 1506/1506 1509/1509
f 1507/1507 1504/1504 1509/1509
f 1505/1505 1508/1508 1509/1509
f 1506/1506 1507/1507 1509/1509
f 1548/1548 1521/1521 1517/1517
f 1548/1548 1517/1517 1547/1547
f 1517/1517 1553/1553 1560/1560
f 1517/1517 1560/1560 1547/1547
f 1552/1552 1516/1516 1521/1521
f 1552/1552 1521/1521 1548/1548
f 1549/1549 1518/1518 1516/1516
f 1549/1549 1516/1516 1552/1552
f 1547/1547 1560/1560 1564/1564
f 1547/1547 1564/1564 1550/1550
f 1544/1544 1527/1527 1523/1523
f 1544/1544 1523/1523 1545/1545
f 1542/1542 1526/1526 1524/1524
f 1542/1542 1524/1524 1543/1543
f 1546/1546 1522/1522 1527/1527
f 1546/1546 1527/1527 1544/1544
f 1543/1543 1524/1524 1522/1522
f 1543/1543 1522/1522 1546/1546
f 1545/1545 1523/1523 1525/1525
f 1545/1545 1525/1525 1541/1541
f 1522/1522 1528/1528 1533/1533
f 1522/1522 1533/1533 1527/1527
f 1524/1524 1530/1530 1528/1528
f 1524/1524 1528/1528 1522/1522
f 1523/1523 1529/1529 1531/1531
f 1523/1523 1531/1531 1525/1525
f 1527/1527 1533/1533 1529/1529
f 1527/1527 1529/1529 1523/1523
f 1526/1526 1532/1532 1530/1530
f 1526/1526 1530/1530 1524/1524
f 1533/1533 1539/1539 1535/1535
f 1533/1533 1535/1535 1529/1529
f 1532/1532 1538/1538 1536/1536
f 1532/1532 1536/1536 1530/1530
f 1528/1528 1534/1534 1539/1539
f 1528/1528 1539/1539 1533/1533
f 1530/1530 1536/1536 1534/1534
f 1530/1530 1534/1534 1528/1528
f 1529/1529 1535/1535 1537/1537
f 1529/1529 1537/1537 1531/1531
f 1534/1534 1540/1540 1539/1539
f 1536/1536 1540/1540 1534/1534
f 1535/1535 1540/1540 1537/1537
f 1539/1539 1540/1540 1535/1535
f 1538/1538 1540/1540 1536/1536
f 1517/1517 1545/1545 1541/1541
f 1517/1517 1541/1541 1519/1519
f 1518/1518 1543/1543 1546/1546
f 1518/1518 1546/1546 1516/1516
f 1516/1516 1546/1546 1544/1544
f 1516/1516 1544/1544 1521/1521
f 1520/1520 1542/1542 1543/1543
f 1520/1520 1543/1543 1518/1518
f 1521/1521 1544/1544 1545/1545
f 1521/1521 1545/1545 1517/1517
f 1511/1511 1547/1547 1550/1550
f 1511/1511 1550/1550 1513/1513
f 1512/1512 1549/1549 1552/1552
f 1512/1512 1552/1552 1510/1510
f 1510/1510 1552/1552 1548/1548
f 1510/1510 1548/1548 1515/1515
f 1514/1514 1551/1551 1549/1549
f 1514/1514 1549/1549 1512/1512
f 1515/1515 1548/1548 1547/1547
f 1515/1515 1547/1547 1511/1511
f 1554/1554 1568/1568 1571/1571
f 1554/1554 1571/1571 1561/1561
f 1566/1566 1573/1573 1572/1572
f 1566/1566 1572/1572 1563/1563
f 1518/1518 1558/1558 1556/1556
f 1518/1518 1556/1556 1520/1520
f 1551/1551 1565/1565 1562/1562
f 1551/1551 1562/1562 1549/1549
f 1519/1519 1555/1555 1553/1553
f 1519/1519 1553/1553 1517/1517
f 1549/1549 1562/1562 1558/1558
f 1549/1549 1558/1558 1518/1518
f 1572/1572 1575/1575 1570/1570
f 1571/1571 1575/1575 1574/1574
f 1557/1557 1569/1569 1568/1568
f 1557/1557 1568/1568 1554/1554
f 1561/1561 1571/1571 1574/1574
f 1561/1561 1574/1574 1567/1567
f 1563/1563 1572/1572 1570/1570
f 1563/1563 1570/1570 1559/1559
f 1559/1559 1570/1570 1569/1569
f 1559/1559 1569/1569 1557/1557
f 1570/1570 1575/1575 1569/1569
f 1573/1573 1575/1575 1572/1572
f 1568/1568 1575/1575 1571/1571
f 1569/1569 1575/1575 1568/1568
f 1600/1600 1578/1578 1576/1576
f 1600/1600 1576/1576 1577/1577
f 1577/1577 1576/1576 1579/1579
f 1577/1577 1579/1579 1599/1599
f 1578/1578 1581/1581 1580/1580
f 1578/1578 1580/1580 1576/1576
f 1576/1576 1580/1580 1582/1582
f 1576/1576 1582/1582 1579/1579
f 1581/1581 1584/1584 1583/1583
f 1581/1581 1583/1583 1580/1580
f 1580/1580 1583/1583 1585/1585
f 1580/1580 1585/1585 1582/1582
f 1584/1584 1586/1586 1583/1583
f 1583/1583 1586/1586 1585/1585
f 1589/1589 1586/1586 1584/1584
f 1588/1588 1586/1586 1589/1589
f 1585/1585 1586/1586 1587/1587
f 1590/1590 1589/1589 1584/1584
f 1590/1590 1584/1584 1581/1581
f 1592/1592 1588/1588 1589/1589
f 1592/1592 1589/1589 1590/1590
f 1593/1593 1590/1590 1581/1581
f 1593/1593 1581/1581 1578/1578
f 1596/1596 1592/1592 1590/1590
f 1596/1596 1590/1590 1593/1593
f 1594/1594 1593/1593 1578/1578
f 1594/1594 1578/1578 1600/1600
f 1598/1598 1596/1596 1593/1593
f 1598/1598 1593/1593 1594/1594
f 1599/1599 1579/1579 1595/1595
f 1599/1599 1595/1595 1597/1597
f 1579/1579 1582/1582 1591/1591
f 1579/1579 1591/1591 1595/1595
f 1582/1582 1585/1585 1587/1587
f 1582/1582 1587/1587 1591/1591
f 1601/1601 1607/1607 1612/1612
f 1601/1601 1612/1612 1606/1606
f 1603/1603 1609/1609 1607/1607
f 1603/1603 1607/1607 1601/1601
f 1602/1602 1608/1608 1610/1610
f 1602/1602 1610/1610 1604/1604
f 1606/1606 1612/1612 1608/1608
f 1606/1606 1608/1608 1602/1602
f 1605/1605 1611/1611 1609/1609
f 1605/1605 1609/1609 1603/1603
f 1627/1627 1617/1617 1615/1615
f 1627/1627 1615/1615 1625/1625
f 1629/1629 1613/1613 1618/1618
f 1629/1629 1618/1618 1628/1628
f 1625/1625 1615/1615 1613/1613
f 1625/1625 1613/1613 1629/1629
f 1630/1630 1614/1614 1616/1616
f 1630/1630 1616/1616 1626/1626
f 1628/1628 1618/1618 1614/1614
f 1628/1628 1614/1614 1630/1630
f 1615/1615 1621/1621 1619/1619
f 1615/1615 1619/1619 1613/1613
f 1614/1614 1620/1620 1622/1622
f 1614/1614 1622/1622 1616/1616
f 1618/1618 1624/1624 1620/1620
f 1618/1618 1620/1620 1614/1614
f 1617/1617 1623/1623 1621/1621
f 1617/1617 1621/1621 1615/1615
f 1613/1613 1619/1619 1624/1624
f 1613/1613 1624/1624 1618/1618
f 1612/1612 1628/1628 1630/1630
f 1612/1612 1630/1630 1608/1608
f 1608/1608 1630/1630 1626/1626
f 1608/1608 1626/1626 1610/1610
f 1609/1609 1625/1625 1629/1629
f 1609/1609 1629/1629 1607/1607
f 1607/1607 1629/1629 1628/1628
f 1607/1607 1628/1628 1612/1612
f 1611/1611 1627/1627 1625/1625
f 1611/1611 1625/1625 1609/1609
f 1663/1663 1636/1636 1632/1632
f 1663/1663 1632/1632 1662/1662
f 1632/1632 1668/1668 1675/1675
f 1632/1632 1675/1675 1662/1662
f 1667/1667 1631/1631 1636/1636
f 1667/1667 1636/1636 1663/1663
f 1664/1664 1633/1633 1631/1631
f 1664/1664 1631/1631 1667/1667
f 1662/1662 1675/1675 1679/1679
f 1662/1662 1679/1679 1665/1665
f 1659/1659 1642/1642 1638/1638
f 1659/1659 1638/1638 1660/1660
f 1657/1657 1641/1641 1639/1639
f 1657/1657 1639/1639 1658/1658
f 1661/1661 1637/1637 1642/1642
f 1661/1661 1642/1642 1659/1659
f 1658/1658 1639/1639 1637/1637
f 1658/1658 1637/1637 1661/1661
f 1660/1660 1638/1638 1640/1640
f 1660/1660 1640/1640 1656/1656
f 1637/1637 1643/1643 1648/1648
f 1637/1637 1648/1648 1642/1642
f 1639/1639 1645/1645 1643/1643
f 1639/1639 1643/1643 1637/1637
f 1638/1638 1644/1644 1646/1646
f 1638/1638 1646/1646 1640/1640
f 1642/1642 1648/1648 1644/1644
f 1642/1642 1644/1644 1638/1638
f 1641/1641 1647/1647 1645/1645
f 1641/1641 1645/1645 1639/1639
f 1648/1648 1654/1654 1650/1650
f 1648/1648 1650/1650 1644/1644
f 1647/1647 1653/1653 1651/1651
f 1647/1647 1651/1651 1645/1645
f 1643/1643 1649/1649 1654/1654
f 1643/1643 1654/1654 1648/1648
f 1645/1645 1651/1651 1649/1649
f 1645/1645 1649/1649 1643/1643
f 1644/1644 1650/1650 1652/1652
f 1644/1644 1652/1652 1646/1646
f 1649/1649 1655/1655 1654/1654
f 1651/1651 1655/1655 1649/1649
f 1650/1650 1655/1655 1652/1652
f 1654/1654 1655/1655 1650/1650
f 1653/1653 1655/1655 1651/1651
f 1632/1632 1660/1660 1656/1656
f 1632/1632 1656/1656 1634/1634
f 1633/1633 1658/1658 1661/1661
f 1633/1633 1661/1661 1631/1631
f 1631/1631 1661/1661 1659/1659
f 1631/1631 1659/1659 1636/1636
f 1635/1635 1657/1657 1658/1658
f 1635/1635 1658/1658 1633/1633
f 1636/1636 1659/1659 1660/1660
f 1636/1636 1660/1660 1632/1632
f 1620/1620 1662/1662 1665/1665
f 1620/1620 1665/1665 1622/1622
f 1621/1621 1664/1664 1667/1667
f 1621/1621 1667/1667 1619/1619
f 1619/1619 1667/1667 1663/1663
f 1619/1619 1663/1663 1624/1624
f 1623/1623 1666/1666 1664/1664
f 1623/1623 1664/1664 1621/1621
f 1624/1624 1663/1663 1662/1662
f 1624/1624 1662/1662 1620/1620
f 1669/1669 1683/1683 1686/1686
f 1669/1669 1686/1686 1676/1676
f 1681/1681 1688/1688 1687/1687
f 1681/1681 1687/1687 1678/1678
f 1633/1633 1673/1673 1671/1671
f 1633/1633 1671/1671 1635/1635
f 1666/1666 1680/1680 1677/1677
f 1666/1666 1677/1677 1664/1664
f 1634/1634 1670/1670 1668/1668
f 1634/1634 1668/1668 1632/1632
f 1664/1664 1677/1677 1673/1673
f 1664/1664 1673/1673 1633/1633
f 1687/1687 1690/1690 1685/1685
f 1686/1686 1690/1690 1689/1689
f 1672/1672 1684/1684 1683/1683
f 1672/1672 1683/1683 1669/1669
f 1676/1676 1686/1686 1689/1689
f 1676/1676 1689/1689 1682/1682
f 1678/1678 1687/1687 1685/1685
f 1678/1678 1685/1685 1674/1674
f 1674/1674 1685/1685 1684/1684
f 1674/1674 1684/1684 1672/1672
f 1685/1685 1690/1690 1684/1684
f 1688/1688 1690/1690 1687/1687
f 1683/1683 1690/1690 1686/1686
f 1684/1684 1690/1690 1683/1683
f 1691/1691 1693/1693 1699/1699
f 1691/1691 1699/1699 1697/1697
f 1694/1694 1692/1692 1698/1698
f 1694/1694 1698/1698 1700/1700
f 1696/1696 1694/1694 1700/1700
f 1696/1696 1700/1700 1702/1702
f 1692/1692 1691/1691 1697/1697
f 1692/1692 1697/1697 1698/1698
f 1693/1693 1695/1695 1701/1701
f 1693/1693 1701/1701 1699/1699
f 1710/1710 1709/1709 1703/1703
f 1710/1710 1703/1703 1704/1704
f 1713/1713 1711/1711 1707/1707
f 1713/1713 1707/1707 1705/1705
f 1709/1709 1713/1713 1705/1705
f 1709/1709 1705/1705 1703/1703
f 1714/1714 1710/1710 1704/1704
f 1714/1714 1704/1704 1706/1706
f 1712/1712 1714/1714 1706/1706
f 1712/1712 1706/1706 1708/1708
f 1702/1702 1700/1700 1714/1714
f 1702/1702 1714/1714 1712/1712
f 1700/1700 1698/1698 1710/1710
f 1700/1700 1710/1710 1714/1714
f 1697/1697 1699/1699 1713/1713
f 1697/1697 1713/1713 1709/1709
f 1699/1699 1701/1701 1711/1711
f 1699/1699 1711/1711 1713/1713
f 1698/1698 1697/1697 1709/1709
f 1698/1698 1709/1709 1710/1710
f 1703/1703 1705/1705 1717/1717
f 1703/1703 1717/1717 1715/1715
f 1706/1706 1704/1704 1716/1716
f 1706/1706 1716/1716 1718/1718
f 1708/1708 1706/1706 1718/1718
f 1708/1708 1718/1718 1720/1720
f 1704/1704 1703/1703 1715/1715
f 1704/1704 1715/1715 1716/1716
f 1705/1705 1707/1707 1719/1719
f 1705/1705 1719/1719 1717/1717
f 1715/1715 1717/1717 1723/1723
f 1715/1715 1723/1723 1721/1721
f 1718/1718 1716/1716 1722/1722
f 1718/1718 1722/1722 1724/1724
f 1720/1720 1718/1718 1724/1724
f 1720/1720 1724/1724 1726/1726
f 1716/1716 1715/1715 1721/1721
f 1716/1716 1721/1721 1722/1722
f 1717/1717 1719/1719 1725/1725
f 1717/1717 1725/1725 1723/1723
f 1722/1722 1721/1721 1727/1727
f 1722/1722 1727/1727 1728/1728
f 1723/1723 1725/1725 1731/1731
f 1723/1723 1731/1731 1729/1729
f 1721/1721 1723/1723 1729/1729
f 1721/1721 1729/1729 1727/1727
f 1724/1724 1722/1722 1728/1728
f 1724/1724 1728/1728 1730/1730
f 1726/1726 1724/1724 1730/1730
f 1726/1726 1730/1730 1732/1732
f 1727/1727 1729/1729 1735/1735
f 1727/1727 1735/1735 1733/1733
f 1730/1730 1728/1728 1734/1734
f 1730/1730 1734/1734 1736/1736
f 1732/1732 1730/1730 1736/1736
f 1732/1732 1736/1736 1738/1738
f 1728/1728 1727/1727 1733/1733
f 1728/1728 1733/1733 1734/1734
f 1729/1729 1731/1731 1737/1737
f 1729/1729 1737/1737 1735/1735
f 1734/1734 1733/1733 1739/1739
f 1735/1735 1737/1737 1739/1739
f 1733/1733 1735/1735 1739/1739
f 1736/1736 1734/1734 1739/1739
f 1738/1738 1736/1736 1739/1739
f 1742/1742 1740/1740 1746/1746
f 1742/1742 1746/1746 1748/1748
f 1741/1741 1744/1744 1750/1750
f 1741/1741 1750/1750 1747/1747
f 1743/1743 1745/1745 1751/1751
f 1743/1743 1751/1751 1749/1749
f 1740/1740 1741/1741 1747/1747
f 1740/1740 1747/1747 1746/1746
f 1745/1745 1742/1742 1748/1748
f 1745/1745 1748/1748 1751/1751
f 1746/1746 1747/1747 1753/1753
f 1746/1746 1753/1753 1752/1752
f 1751/1751 1748/1748 1754/1754
f 1751/1751 1754/1754 1757/1757
f 1748/1748 1746/1746 1752/1752
f 1748/1748 1752/1752 1754/1754
f 1747/1747 1750/1750 1756/1756
f 1747/1747 1756/1756 1753/1753
f 1749/1749 1751/1751 1757/1757
f 1749/1749 1757/1757 1755/1755
f 1754/1754 1752/1752 1758/1758
f 1754/1754 1758/1758 1760/1760
f 1753/1753 1756/1756 1762/1762
f 1753/1753 1762/1762 1759/1759
f 1755/1755 1757/1757 1763/1763
f 1755/1755 1763/1763 1761/1761
f 1752/1752 1753/1753 1759/1759
f 1752/1752 1759/1759 1758/1758
f 1757/1757 1754/1754 1760/1760
f 1757/1757 1760/1760 1763/1763
f 1758/1758 1759/1759 1765/1765
f 1758/1758 1765/1765 1764/1764
f 1763/1763 1760/1760 1766/1766
f 1763/1763 1766/1766 1769/1769
f 1760/1760 1758/1758 1764/1764
f 1760/1760 1764/1764 1766/1766
f 1759/1759 1762/1762 1768/1768
f 1759/1759 1768/1768 1765/1765
f 1761/1761 1763/1763 1769/1769
f 1761/1761 1769/1769 1767/1767
f 1766/1766 1764/1764 1770/1770
f 1766/1766 1770/1770 1772/1772
f 1765/1765 1768/1768 1774/1774
f 1765/1765 1774/1774 1771/1771
f 1767/1767 1769/1769 1775/1775
f 1767/1767 1775/1775 1773/1773
f 1764/1764 1765/1765 1771/1771
f 1764/1764 1771/1771 1770/1770
f 1769/1769 1766/1766 1772/1772
f 1769/1769 1772/1772 1775/1775
f 1794/1794 1789/1789 1777/1777
f 1794/1794 1777/1777 1776/1776
f 1793/1793 1790/1790 1778/1778
f 1793/1793 1778/1778 1781/1781
f 1790/1790 1794/1794 1776/1776
f 1790/1790 1776/1776 1778/1778
f 1789/1789 1792/1792 1780/1780
f 1789/1789 1780/1780 1777/1777
f 1791/1791 1793/1793 1781/1781
f 1791/1791 1781/1781 1779/1779
f 1778/1778 1776/1776 1782/1782
f 1777/1777 1780/1780 1782/1782
f 1779/1779 1781/1781 1782/1782
f 1776/1776 1777/1777 1782/1782
f 1781/1781 1778/1778 1782/1782
f 1773/1773 1775/1775 1783/1783
f 1773/1773 1783/1783 1787/1787
f 1771/1771 1774/1774 1788/1788
f 1771/1771 1788/1788 1786/1786
f 1772/1772 1770/1770 1785/1785
f 1772/1772 1785/1785 1784/1784
f 1775/1775 1772/1772 1784/1784
f 1775/1775 1784/1784 1783/1783
f 1770/1770 1771/1771 1786/1786
f 1770/1770 1786/1786 1785/1785
f 1799/1799 1795/1795 1793/1793
f 1799/1799 1793/1793 1791/1791
f 1797/1797 1800/1800 1792/1792
f 1797/1797 1792/1792 1789/1789
f 1798/1798 1796/1796 1794/1794
f 1798/1798 1794/1794 1790/1790
f 1795/1795 1798/1798 1790/1790
f 1795/1795 1790/1790 1793/1793
f 1796/1796 1797/1797 1789/1789
f 1796/1796 1789/1789 1794/1794
f 1785/1785 1786/1786 1797/1797
f 1785/1785 1797/1797 1796/1796
f 1783/1783 1784/1784 1798/1798
f 1783/1783 1798/1798 1795/1795
f 1784/1784 1785/1785 1796/1796
f 1784/1784 1796/1796 1798/1798
f 1786/1786 1788/1788 1800/1800
f 1786/1786 1800/1800 1797/1797
f 1787/1787 1783/1783 1795/1795
f 1787/1787 1795/1795 1799/1799
f 1740/1740 1742/1742 1803/1803
f 1740/1740 1803/1803 1801/1801
f 1744/1744 1741/1741 1802/1802
f 1744/1744 1802/1802 1805/1805
f 1745/1745 1743/1743 1804/1804
f 1745/1745 1804/1804 1806/1806
f 1741/1741 1740/1740 1801/1801
f 1741/1741 1801/1801 1802/1802
f 1742/1742 1745/1745 1806/1806
f 1742/1742 1806/1806 1803/1803
f 1807/1807 1813/1813 1818/1818
f 1807/1807 1818/1818 1812/1812
f 1809/1809 1815/1815 1813/1813
f 1809/1809 1813/1813 1807/1807
f 1808/1808 1814/1814 1816/1816
f 1808/1808 1816/1816 1810/1810
f 1812/1812 1818/1818 1814/1814
f 1812/1812 1814/1814 1808/1808
f 1811/1811 1817/1817 1815/1815
f 1811/1811 1815/1815 1809/1809
f 1833/1833 1823/1823 1821/1821
f 1833/1833 1821/1821 1831/1831
f 1835/1835 1819/1819 1824/1824
f 1835/1835 1824/1824 1834/1834
f 1831/1831 1821/1821 1819/1819
f 1831/1831 1819/1819 1835/1835
f 1836/1836 1820/1820 1822/1822
f 1836/1836 1822/1822 1832/1832
f 1834/1834 1824/1824 1820/1820
f 1834/1834 1820/1820 1836/1836
f 1821/1821 1827/1827 1825/1825
f 1821/1821 1825/1825 1819/1819
f 1820/1820 1826/1826 1828/1828
f 1820/1820 1828/1828 1822/1822
f 1824/1824 1830/1830 1826/1826
f 1824/1824 1826/1826 1820/1820
f 1823/1823 1829/1829 1827/1827
f 1823/1823 1827/1827 1821/1821
f 1819/1819 1825/1825 1830/1830
f 1819/1819 1830/1830 1824/1824
f 1818/1818 1834/1834 1836/1836
f 1818/1818 1836/1836 1814/1814
f 1814/1814 1836/1836 1832/1832
f 1814/1814 1832/1832 1816/1816
f 1815/1815 1831/1831 1835/1835
f 1815/1815 1835/1835 1813/1813
f 1813/1813 1835/1835 1834/1834
f 1813/1813 1834/1834 1818/1818
f 1817/1817 1833/1833 1831/1831
f 1817/1817 1831/1831 1815/1815
f 1869/1869 1842/1842 1838/1838
f 1869/1869 1838/1838 1868/1868
f 1838/1838 1874/1874 1881/1881
f 1838/1838 1881/1881 1868/1868
f 1873/1873 1837/1837 1842/1842
f 1873/1873 1842/1842 1869/1869
f 1870/1870 1839/1839 1837/1837
f 1870/1870 1837/1837 1873/1873
f 1868/1868 1881/1881 1885/1885
f 1868/1868 1885/1885 1871/1871
f 1865/1865 1848/1848 1844/1844
f 1865/1865 1844/1844 1866/1866
f 1863/1863 1847/1847 1845/1845
f 1863/1863 1845/1845 1864/1864
f 1867/1867 1843/1843 1848/1848
f 1867/1867 1848/1848 1865/1865
f 1864/1864 1845/1845 1843/1843
f 1864/1864 1843/1843 1867/1867
f 1866/1866 1844/1844 1846/1846
f 1866/1866 1846/1846 1862/1862
f 1843/1843 1849/1849 1854/1854
f 1843/1843 1854/1854 1848/1848
f 1845/1845 1851/1851 1849/1849
f 1845/1845 1849/1849 1843/1843
f 1844/1844 1850/1850 1852/1852
f 1844/1844 1852/1852 1846/1846
f 1848/1848 1854/1854 1850/1850
f 1848/1848 1850/1850 1844/1844
f 1847/1847 1853/1853 1851/1851
f 1847/1847 1851/1851 1845/1845
f 1854/1854 1860/1860 1856/1856
f 1854/1854 1856/1856 1850/1850
f 1853/1853 1859/1859 1857/1857
f 1853/1853 1857/1857 1851/1851
f 1849/1849 1855/1855 1860/1860
f 1849/1849 1860/1860 1854/1854
f 1851/1851 1857/1857 1855/1855
f 1851/1851 1855/1855 1849/1849
f 1850/1850 1856/1856 1858/1858
f 1850/1850 1858/1858 1852/1852
f 1855/1855 1861/1861 1860/1860
f 1857/1857 1861/1861 1855/1855
f 1856/1856 1861/1861 1858/1858
f 1860/1860 1861/1861 1856/1856
f 1859/1859 1861/1861 1857/1857
f 1838/1838 1866/1866 1862/1862
f 1838/1838 1862/1862 1840/1840
f 1839/1839 1864/1864 1867/1867
f 1839/1839 1867/1867 1837/1837
f 1837/1837 1867/1867 1865/1865
f 1837/1837 1865/1865 1842/1842
f 1841/1841 1863/1863 1864/1864
f 1841/1841 1864/1864 1839/1839
f 1842/1842 1865/1865 1866/1866
f 1842/1842 1866/1866 1838/1838
f 1826/1826 1868/1868 1871/1871
f 1826/1826 1871/1871 1828/1828
f 1827/1827 1870/1870 1873/1873
f 1827/1827 1873/1873 1825/1825
f 1825/1825 1873/1873 1869/1869
f 1825/1825 1869/1869 1830/1830
f 1829/1829 1872/1872 1870/1870
f 1829/1829 1870/1870 1827/1827
f 1830/1830 1869/1869 1868/1868
f 1830/1830 1868/1868 1826/1826
f 1875/1875 1889/1889 1892/1892
f 1875/1875 1892/1892 1882/1882
f 1887/1887 1894/1894 1893/1893
f 1887/1887 1893/1893 1884/1884
f 1839/1839 1879/1879 1877/1877
f 1839/1839 1877/1877 1841/1841
f 1872/1872 1886/1886 1883/1883
f 1872/1872 1883/1883 1870/1870
f 1840/1840 1876/1876 1874/1874
f 1840/1840 1874/1874 1838/1838
f 1870/1870 1883/1883 1879/1879
f 1870/1870 1879/1879 1839/1839
f 1893/1893 1896/1896 1891/1891
f 1892/1892 1896/1896 1895/1895
f 1878/1878 1890/1890 1889/1889
f 1878/1878 1889/1889 1875/1875
f 1882/1882 1892/1892 1895/1895
f 1882/1882 1895/1895 1888/1888
f 1884/1884 1893/1893 1891/1891
f 1884/1884 1891/1891 1880/1880
f 1880/1880 1891/1891 1890/1890
f 1880/1880 1890/1890 1878/1878
f 1891/1891 1896/1896 1890/1890
f 1894/1894 1896/1896 1893/1893
f 1889/1889 1896/1896 1892/1892
f 1890/1890 1896/1896 1889/1889
f 1899/1899 1902/1902 1908/1908
f 1899/1899 1908/1908 1905/1905
f 1900/1900 1901/1901 1907/1907
f 1900/1900 1907/1907 1906/1906
f 1902/1902 1897/1897 1903/1903
f 1902/1902 1903/1903 1908/1908
f 1897/1897 1900/1900 1906/1906
f 1897/1897 1906/1906 1903/1903
f 1901/1901 1898/1898 1904/1904
f 1901/1901 1904/1904 1907/1907
f 1908/1908 1903/1903 1909/1909
f 1908/1908 1909/1909 1914/1914
f 1903/1903 1906/1906 1912/1912
f 1903/1903 1912/1912 1909/1909
f 1907/1907 1904/1904 1910/1910
f 1907/1907 1910/1910 1913/1913
f 1905/1905 1908/1908 1914/1914
f 1905/1905 1914/1914 1911/1911
f 1906/1906 1907/1907 1913/1913
f 1906/1906 1913/1913 1912/1912
f 1911/1911 1914/1914 1920/1920
f 1911/1911 1920/1920 1917/1917
f 1912/1912 1913/1913 1919/1919
f 1912/1912 1919/1919 1918/1918
f 1914/1914 1909/1909 1915/1915
f 1914/1914 1915/1915 1920/1920
f 1909/1909 1912/1912 1918/1918
f 1909/1909 1918/1918 1915/1915
f 1913/1913 1910/1910 1916/1916
f 1913/1913 1916/1916 1919/1919
f 1920/1920 1915/1915 1921/1921
f 1920/1920 1921/1921 1926/1926
f 1915/1915 1918/1918 1924/1924
f 1915/1915 1924/1924 1921/1921
f 1919/1919 1916/1916 1922/1922
f 1919/1919 1922/1922 1925/1925
f 1917/1917 1920/1920 1926/1926
f 1917/1917 1926/1926 1923/1923
f 1918/1918 1919/1919 1925/1925
f 1918/1918 1925/1925 1924/1924
f 1923/1923 1926/1926 1932/1932
f 1923/1923 1932/1932 1929/1929
f 1924/1924 1925/1925 1931/1931
f 1924/1924 1931/1931 1930/1930
f 1926/1926 1921/1921 1927/1927
f 1926/1926 1927/1927 1932/1932
f 1921/1921 1924/1924 1930/1930
f 1921/1921 1930/1930 1927/1927
f 1925/1925 1922/1922 1928/1928
f 1925/1925 1928/1928 1931/1931
f 1932/1932 1927/1927 1933/1933
f 1932/1932 1933/1933 1938/1938
f 1927/1927 1930/1930 1936/1936
f 1927/1927 1936/1936 1933/1933
f 1931/1931 1928/1928 1934/1934
f 1931/1931 1934/1934 1937/1937
f 1929/1929 1932/1932 1938/1938
f 1929/1929 1938/1938 1935/1935
f 1930/1930 1931/1931 1937/1937
f 1930/1930 1937/1937 1936/1936
f 1935/1935 1938/1938 1944/1944
f 1935/1935 1944/1944 1941/1941
f 1936/1936 1937/1937 1943/1943
f 1936/1936 1943/1943 1942/1942
f 1938/1938 1933/1933 1939/1939
f 1938/1938 1939/1939 1944/1944
f 1933/1933 1936/1936 1942/1942
f 1933/1933 1942/1942 1939/1939
f 1937/1937 1934/1934 1940/1940
f 1937/1937 1940/1940 1943/1943
f 1944/1944 1939/1939 1945/1945
f 1939/1939 1942/1942 1945/1945
f 1943/1943 1940/1940 1945/1945
f 1941/1941 1944/1944 1945/1945
f 1942/1942 1943/1943 1945/1945
f 1984/1984 1957/1957 1953/1953
f 1984/1984 1953/1953 1983/1983
f 1953/1953 1989/1989 1996/1996
f 1953/1953 1996/1996 1983/1983
f 1988/1988 1952/1952 1957/1957
f 1988/1988 1957/1957 1984/1984
f 1985/1985 1954/1954 1952/1952
f 1985/1985 1952/1952 1988/1988
f 1983/1983 1996/1996 2000/2000
f 1983/1983 2000/2000 1986/1986
f 1980/1980 1963/1963 1959/1959
f 1980/1980 1959/1959 1981/1981
f 1978/1978 1962/1962 1960/1960
f 1978/1978 1960/1960 1979/1979
f 1982/1982 1958/1958 1963/1963
f 1982/1982 1963/1963 1980/1980
f 1979/1979 1960/1960 1958/1958
f 1979/1979 1958/1958 1982/1982
f 1981/1981 1959/1959 1961/1961
f 1981/1981 1961/1961 1977/1977
f 1958/1958 1964/1964 1969/1969
f 1958/1958 1969/1969 1963/1963
f 1960/1960 1966/1966 1964/1964
f 1960/1960 1964/1964 1958/1958
f 1959/1959 1965/1965 1967/1967
f 1959/1959 1967/1967 1961/1961
f 1963/1963 1969/1969 1965/1965
f 1963/1963 1965/1965 1959/1959
f 1962/1962 1968/1968 1966/1966
f 1962/1962 1966/1966 1960/1960
f 1969/1969 1975/1975 1971/1971
f 1969/1969 1971/1971 1965/1965
f 1968/1968 1974/1974 1972/1972
f 1968/1968 1972/1972 1966/1966
f 1964/1964 1970/1970 1975/1975
f 1964/1964 1975/1975 1969/1969
f 1966/1966 1972/1972 1970/1970
f 1966/1966 1970/1970 1964/1964
f 1965/1965 1971/1971 1973/1973
f 1965/1965 1973/1973 1967/1967
f 1970/1970 1976/1976 1975/1975
f 1972/1972 1976/1976 1970/1970
f 1971/1971 1976/1976 1973/1973
f 1975/1975 1976/1976 1971/1971
f 1974/1974 1976/1976 1972/1972
f 1953/1953 1981/1981 1977/1977
f 1953/1953 1977/1977 1955/1955
f 1954/1954 1979/1979 1982/1982
f 1954/1954 1982/1982 1952/1952
f 1952/1952 1982/1982 1980/1980
f 1952/1952 1980/1980 1957/1957
f 1956/1956 1978/1978 1979/1979
f 1956/1956 1979/1979 1954/1954
f 1957/1957 1980/1980 1981/1981
f 1957/1957 1981/1981 1953/1953
f 1947/1947 1983/1983 1986/1986
f 1947/1947 1986/1986 1949/1949
f 1948/1948 1985/1985 1988/1988
f 1948/1948 1988/1988 1946/1946
f 1946/1946 1988/1988 1984/1984
f 1946/1946 1984/1984 1951/1951
f 1950/1950 1987/1987 1985/1985
f 1950/1950 1985/1985 1948/1948
f 1951/1951 1984/1984 1983/1983
f 1951/1951 1983/1983 1947/1947
f 1990/1990 2004/2004 2007/2007
f 1990/1990 2007/2007 1997/1997
f 2002/2002 2009/2009 2008/2008
f 2002/2002 2008/2008 1999/1999
f 1954/1954 1994/1994 1992/1992
f 1954/1954 1992/1992 1956/1956
f 1987/1987 2001/2001 1998/1998
f 1987/1987 1998/1998 1985/1985
f 1955/1955 1991/1991 1989/1989
f 1955/1955 1989/1989 1953/1953
f 1985/1985 1998/1998 1994/1994
f 1985/1985 1994/1994 1954/1954
f 2008/2008 2011/2011 2006/2006
f 2007/2007 2011/2011 2010/2010
f 1993/1993 2005/2005 2004/2004
f 1993/1993 2004/2004 1990/1990
f 1997/1997 2007/2007 2010/2010
f 1997/1997 2010/2010 2003/2003
f 1999/1999 2008/2008 2006/2006
f 1999/1999 2006/2006 1995/1995
f 1995/1995 2006/2006 2005/2005
f 1995/1995 2005/2005 1993/1993
f 2006/2006 2011/2011 2005/2005
f 2009/2009 2011/2011 2008/2008
f 2004/2004 2011/2011 2007/2007
f 2005/2005 2011/2011 2004/2004
f 2013/2013 2012/2012 2016/2016
f 2013/2013 2016/2016 2017/2017
f 2012/2012 2013/2013 2078/2078
f 2012/2012 2078/2078 2015/2015
f 2012/2012 2014/2014 2018/2018
f 2012/2012 2018/2018 2016/2016
f 2014/2014 2012/2012 2015/2015
f 2014/2014 2015/2015 2028/2028
f 2014/2014 2022/2022 2019/2019
f 2014/2014 2019/2019 2018/2018
f 2022/2022 2023/2023 2020/2020
f 2022/2022 2020/2020 2019/2019
f 2023/2023 2022/2022 2025/2025
f 2023/2023 2025/2025 2026/2026
f 2022/2022 2014/2014 2028/2028
f 2022/2022 2028/2028 2025/2025
f 2026/2026 2025/2025 2029/2029
f 2026/2026 2029/2029 2030/2030
f 2025/2025 2028/2028 2032/2032
f 2025/2025 2032/2032 2029/2029
f 2030/2030 2029/2029 2033/2033
f 2030/2030 2033/2033 2034/2034
f 2029/2029 2032/2032 2036/2036
f 2029/2029 2036/2036 2033/2033
f 2034/2034 2033/2033 2037/2037
f 2034/2034 2037/2037 2038/2038
f 2033/2033 2036/2036 2040/2040
f 2033/2033 2040/2040 2037/2037
f 2038/2038 2037/2037 2041/2041
f 2038/2038 2041/2041 2042/2042
f 2037/2037 2040/2040 2044/2044
f 2037/2037 2044/2044 2041/2041
f 2042/2042 2041/2041 2045/2045
f 2042/2042 2045/2045 2047/2047
f 2041/2041 2044/2044 2046/2046
f 2041/2041 2046/2046 2045/2045
f 2045/2045 2046/2046 2051/2051
f 2045/2045 2051/2051 2049/2049
f 2047/2047 2045/2045 2049/2049
f 2047/2047 2049/2049 2052/2052
f 2049/2049 2051/2051 2063/2063
f 2049/2049 2063/2063 2050/2050
f 2052/2052 2049/2049 2050/2050
f 2052/2052 2050/2050 2054/2054
f 2056/2056 2053/2053 2055/2055
f 2056/2056 2055/2055 2057/2057
f 2058/2058 2048/2048 2053/2053
f 2058/2058 2053/2053 2056/2056
f 2059/2059 2056/2056 2057/2057
f 2059/2059 2057/2057 2061/2061
f 2060/2060 2058/2058 2056/2056
f 2060/2060 2056/2056 2059/2059
f 2046/2046 2060/2060 2059/2059
f 2046/2046 2059/2059 2051/2051
f 2051/2051 2059/2059 2061/2061
f 2051/2051 2061/2061 2063/2063
f 2063/2063 2061/2061 2062/2062
f 2063/2063 2062/2062 2064/2064
f 2061/2061 2057/2057 2069/2069
f 2061/2061 2069/2069 2062/2062
f 2050/2050 2063/2063 2064/2064
f 2050/2050 2064/2064 2065/2065
f 2065/2065 2064/2064 2066/2066
f 2064/2064 2062/2062 2066/2066
f 2062/2062 2069/2069 2066/2066
f 2067/2067 2065/2065 2066/2066
f 2069/2069 2068/2068 2066/2066
f 2057/2057 2055/2055 2068/2068
f 2057/2057 2068/2068 2069/2069
f 2054/2054 2050/2050 2065/2065
f 2054/2054 2065/2065 2067/2067
f 2070/2070 2071/2071 2058/2058
f 2070/2070 2058/2058 2060/2060
f 2044/2044 2070/2070 2060/2060
f 2044/2044 2060/2060 2046/2046
f 2072/2072 2073/2073 2071/2071
f 2072/2072 2071/2071 2070/2070
f 2040/2040 2072/2072 2070/2070
f 2040/2040 2070/2070 2044/2044
f 2074/2074 2075/2075 2073/2073
f 2074/2074 2073/2073 2072/2072
f 2036/2036 2074/2074 2072/2072
f 2036/2036 2072/2072 2040/2040
f 2076/2076 2077/2077 2075/2075
f 2076/2076 2075/2075 2074/2074
f 2032/2032 2076/2076 2074/2074
f 2032/2032 2074/2074 2036/2036
f 2015/2015 2078/2078 2077/2077
f 2015/2015 2077/2077 2076/2076
f 2028/2028 2015/2015 2076/2076
f 2028/2028 2076/2076 2032/2032
f 2077/2077 2031/2031 2035/2035
f 2077/2077 2035/2035 2075/2075
f 2078/2078 2027/2027 2031/2031
f 2078/2078 2031/2031 2077/2077
f 2013/2013 2024/2024 2027/2027
f 2013/2013 2027/2027 2078/2078
f 2075/2075 2035/2035 2039/2039
f 2075/2075 2039/2039 2073/2073
f 2073/2073 2039/2039 2043/2043
f 2073/2073 2043/2043 2071/2071
f 2071/2071 2043/2043 2048/2048
f 2071/2071 2048/2048 2058/2058
f 2024/2024 2013/2013 2017/2017
f 2024/2024 2017/2017 2021/2021
f 2126/2126 2082/2082 2084/2084
f 2126/2126 2084/2084 2124/2124
f 2124/2124 2084/2084 2086/2086
f 2124/2124 2086/2086 2123/2123
f 2123/2123 2086/2086 2088/2088
f 2123/2123 2088/2088 2122/2122
f 2109/2109 2111/2111 2096/2096
f 2109/2109 2096/2096 2095/2095
f 2122/2122 2088/2088 2090/2090
f 2122/2122 2090/2090 2127/2127
f 2127/2127 2090/2090 2081/2081
f 2127/2127 2081/2081 2125/2125
f 2110/2110 2109/2109 2095/2095
f 2110/2110 2095/2095 2094/2094
f 2112/2112 2110/2110 2094/2094
f 2112/2112 2094/2094 2093/2093
f 2111/2111 2113/2113 2091/2091
f 2111/2111 2091/2091 2096/2096
f 2114/2114 2112/2112 2093/2093
f 2114/2114 2093/2093 2092/2092
f 2095/2095 2096/2096 2102/2102
f 2095/2095 2102/2102 2101/2101
f 2093/2093 2094/2094 2100/2100
f 2093/2093 2100/2100 2099/2099
f 2096/2096 2091/2091 2097/2097
f 2096/2096 2097/2097 2102/2102
f 2094/2094 2095/2095 2101/2101
f 2094/2094 2101/2101 2100/2100
f 2092/2092 2093/2093 2099/2099
f 2092/2092 2099/2099 2098/2098
f 2130/2130 2128/2128 2103/2103
f 2130/2130 2103/2103 2108/2108
f 2132/2132 2131/2131 2107/2107
f 2132/2132 2107/2107 2106/2106
f 2129/2129 2133/2133 2105/2105
f 2129/2129 2105/2105 2104/2104
f 2131/2131 2130/2130 2108/2108
f 2131/2131 2108/2108 2107/2107
f 2133/2133 2132/2132 2106/2106
f 2133/2133 2106/2106 2105/2105
f 2080/2080 2083/2083 2112/2112
f 2080/2080 2112/2112 2114/2114
f 2089/2089 2079/2079 2113/2113
f 2089/2089 2113/2113 2111/2111
f 2083/2083 2085/2085 2110/2110
f 2083/2083 2110/2110 2112/2112
f 2085/2085 2087/2087 2109/2109
f 2085/2085 2109/2109 2110/2110
f 2087/2087 2089/2089 2111/2111
f 2087/2087 2111/2111 2109/2109
f 2086/2086 2084/2084 2117/2117
f 2086/2086 2117/2117 2118/2118
f 2081/2081 2090/2090 2120/2120
f 2081/2081 2120/2120 2115/2115
f 2084/2084 2082/2082 2116/2116
f 2084/2084 2116/2116 2117/2117
f 2088/2088 2086/2086 2118/2118
f 2088/2088 2118/2118 2119/2119
f 2090/2090 2088/2088 2119/2119
f 2090/2090 2119/2119 2120/2120
f 2120/2120 2119/2119 2121/2121
f 2118/2118 2117/2117 2121/2121
f 2115/2115 2120/2120 2121/2121
f 2119/2119 2118/2118 2121/2121
f 2117/2117 2116/2116 2121/2121
f 2089/2089 2127/2127 2125/2125
f 2089/2089 2125/2125 2079/2079
f 2087/2087 2122/2122 2127/2127
f 2087/2087 2127/2127 2089/2089
f 2085/2085 2123/2123 2122/2122
f 2085/2085 2122/2122 2087/2087
f 2083/2083 2124/2124 2123/2123
f 2083/2083 2123/2123 2085/2085
f 2080/2080 2126/2126 2124/2124
f 2080/2080 2124/2124 2083/2083
f 2099/2099 2100/2100 2132/2132
f 2099/2099 2132/2132 2133/2133
f 2101/2101 2102/2102 2130/2130
f 2101/2101 2130/2130 2131/2131
f 2098/2098 2099/2099 2133/2133
f 2098/2098 2133/2133 2129/2129
f 2100/2100 2101/2101 2131/2131
f 2100/2100 2131/2131 2132/2132
f 2102/2102 2097/2097 2128/2128
f 2102/2102 2128/2128 2130/2130
f 2134/2134 2135/2135 2140/2140
f 2134/2134 2140/2140 2138/2138
f 2135/2135 2134/2134 2137/2137
f 2135/2135 2137/2137 2161/2161
f 2136/2136 2134/2134 2138/2138
f 2136/2136 2138/2138 2139/2139
f 2134/2134 2136/2136 2150/2150
f 2134/2134 2150/2150 2137/2137
f 2135/2135 2142/2142 2141/2141
f 2135/2135 2141/2141 2140/2140
f 2142/2142 2146/2146 2144/2144
f 2142/2142 2144/2144 2141/2141
f 2145/2145 2136/2136 2139/2139
f 2145/2145 2139/2139 2143/2143
f 2146/2146 2142/2142 2149/2149
f 2146/2146 2149/2149 2148/2148
f 2136/2136 2145/2145 2147/2147
f 2136/2136 2147/2147 2150/2150
f 2148/2148 2149/2149 2155/2155
f 2148/2148 2155/2155 2152/2152
f 2150/2150 2147/2147 2151/2151
f 2150/2150 2151/2151 2156/2156
f 2152/2152 2155/2155 2163/2163
f 2152/2152 2163/2163 2154/2154
f 2156/2156 2151/2151 2153/2153
f 2156/2156 2153/2153 2157/2157
f 2137/2137 2150/2150 2156/2156
f 2137/2137 2156/2156 2158/2158
f 2158/2158 2156/2156 2157/2157
f 2158/2158 2157/2157 2159/2159
f 2160/2160 2158/2158 2159/2159
f 2160/2160 2159/2159 2162/2162
f 2161/2161 2137/2137 2158/2158
f 2161/2161 2158/2158 2160/2160
f 2149/2149 2161/2161 2160/2160
f 2149/2149 2160/2160 2155/2155
f 2155/2155 2160/2160 2162/2162
f 2155/2155 2162/2162 2163/2163
f 2163/2163 2162/2162 2164/2164
f 2163/2163 2164/2164 2165/2165
f 2162/2162 2159/2159 2166/2166
f 2162/2162 2166/2166 2164/2164
f 2165/2165 2164/2164 2167/2167
f 2165/2165 2167/2167 2168/2168
f 2164/2164 2166/2166 2169/2169
f 2164/2164 2169/2169 2167/2167
f 2168/2168 2167/2167 2170/2170
f 2168/2168 2170/2170 2171/2171
f 2167/2167 2169/2169 2172/2172
f 2167/2167 2172/2172 2170/2170
f 2171/2171 2170/2170 2173/2173
f 2171/2171 2173/2173 2174/2174
f 2170/2170 2172/2172 2175/2175
f 2170/2170 2175/2175 2173/2173
f 2174/2174 2173/2173 2176/2176
f 2173/2173 2175/2175 2176/2176
f 2175/2175 2179/2179 2176/2176
f 2178/2178 2174/2174 2176/2176
f 2179/2179 2177/2177 2176/2176
f 2180/2180 2181/2181 2177/2177
f 2180/2180 2177/2177 2179/2179
f 2172/2172 2180/2180 2179/2179
f 2172/2172 2179/2179 2175/2175
f 2183/2183 2184/2184 2181/2181
f 2183/2183 2181/2181 2180/2180
f 2169/2169 2183/2183 2180/2180
f 2169/2169 2180/2180 2172/2172
f 2186/2186 2187/2187 2184/2184
f 2186/2186 2184/2184 2183/2183
f 2166/2166 2186/2186 2183/2183
f 2166/2166 2183/2183 2169/2169
f 2157/2157 2153/2153 2187/2187
f 2157/2157 2187/2187 2186/2186
f 2159/2159 2157/2157 2186/2186
f 2159/2159 2186/2186 2166/2166
f 2188/2188 2165/2165 2168/2168
f 2188/2188 2168/2168 2185/2185
f 2154/2154 2163/2163 2165/2165
f 2154/2154 2165/2165 2188/2188
f 2185/2185 2168/2168 2171/2171
f 2185/2185 2171/2171 2182/2182
f 2182/2182 2171/2171 2174/2174
f 2182/2182 2174/2174 2178/2178
f 2142/2142 2135/2135 2161/2161
f 2142/2142 2161/2161 2149/2149
f 2189/2189 2195/2195 2200/2200
f 2189/2189 2200/2200 2194/2194
f 2191/2191 2197/2197 2195/2195
f 2191/2191 2195/2195 2189/2189
f 2190/2190 2196/2196 2198/2198
f 2190/2190 2198/2198 2192/2192
f 2194/2194 2200/2200 2196/2196
f 2194/2194 2196/2196 2190/2190
f 2193/2193 2199/2199 2197/2197
f 2193/2193 2197/2197 2191/2191
f 2215/2215 2205/2205 2203/2203
f 2215/2215 2203/2203 2213/2213
f 2217/2217 2201/2201 2206/2206
f 2217/2217 2206/2206 2216/2216
f 2213/2213 2203/2203 2201/2201
f 2213/2213 2201/2201 2217/2217
f 2218/2218 2202/2202 2204/2204
f 2218/2218 2204/2204 2214/2214
f 2216/2216 2206/2206 2202/2202
f 2216/2216 2202/2202 2218/2218
f 2203/2203 2209/2209 2207/2207
f 2203/2203 2207/2207 2201/2201
f 2202/2202 2208/2208 2210/2210
f 2202/2202 2210/2210 2204/2204
f 2206/2206 2212/2212 2208/2208
f 2206/2206 2208/2208 2202/2202
f 2205/2205 2211/2211 2209/2209
f 2205/2205 2209/2209 2203/2203
f 2201/2201 2207/2207 2212/2212
f 2201/2201 2212/2212 2206/2206
f 2200/2200 2216/2216 2218/2218
f 2200/2200 2218/2218 2196/2196
f 2196/2196 2218/2218 2214/2214
f 2196/2196 2214/2214 2198/2198
f 2197/2197 2213/2213 2217/2217
f 2197/2197 2217/2217 2195/2195
f 2195/2195 2217/2217 2216/2216
f 2195/2195 2216/2216 2200/2200
f 2199/2199 2215/2215 2213/2213
f 2199/2199 2213/2213 2197/2197
f 2251/2251 2224/2224 2220/2220
f 2251/2251 2220/2220 2250/2250
f 2220/2220 2256/2256 2263/2263
f 2220/2220 2263/2263 2250/2250
f 2255/2255 2219/2219 2224/2224
f 2255/2255 2224/2224 2251/2251
f 2252/2252 2221/2221 2219/2219
f 2252/2252 2219/2219 2255/2255
f 2250/2250 2263/2263 2267/2267
f 2250/2250 2267/2267 2253/2253
f 2247/2247 2230/2230 2226/2226
f 2247/2247 2226/2226 2248/2248
f 2245/2245 2229/2229 2227/2227
f 2245/2245 2227/2227 2246/2246
f 2249/2249 2225/2225 2230/2230
f 2249/2249 2230/2230 2247/2247
f 2246/2246 2227/2227 2225/2225
f 2246/2246 2225/2225 2249/2249
f 2248/2248 2226/2226 2228/2228
f 2248/2248 2228/2228 2244/2244
f 2225/2225 2231/2231 2236/2236
f 2225/2225 2236/2236 2230/2230
f 2227/2227 2233/2233 2231/2231
f 2227/2227 2231/2231 2225/2225
f 2226/2226 2232/2232 2234/2234
f 2226/2226 2234/2234 2228/2228
f 2230/2230 2236/2236 2232/2232
f 2230/2230 2232/2232 2226/2226
f 2229/2229 2235/2235 2233/2233
f 2229/2229 2233/2233 2227/2227
f 2236/2236 2242/2242 2238/2238
f 2236/2236 2238/2238 2232/2232
f 2235/2235 2241/2241 2239/2239
f 2235/2235 2239/2239 2233/2233
f 2231/2231 2237/2237 2242/2242
f 2231/2231 2242/2242 2236/2236
f 2233/2233 2239/2239 2237/2237
f 2233/2233 2237/2237 2231/2231
f 2232/2232 2238/2238 2240/2240
f 2232/2232 2240/2240 2234/2234
f 2237/2237 2243/2243 2242/2242
f 2239/2239 2243/2243 2237/2237
f 2238/2238 2243/2243 2240/2240
f 2242/2242 2243/2243 2238/2238
f 2241/2241 2243/2243 2239/2239
f 2220/2220 2248/2248 2244/2244
f 2220/2220 2244/2244 2222/2222
f 2221/2221 2246/2246 2249/2249
f 2221/2221 2249/2249 2219/2219
f 2219/2219 2249/2249 2247/2247
f 2219/2219 2247/2247 2224/2224
f 2223/2223 2245/2245 2246/2246
f 2223/2223 2246/2246 2221/2221
f 2224/2224 2247/2247 2248/2248
f 2224/2224 2248/2248 2220/2220
f 2208/2208 2250/2250 2253/2253
f 2208/2208 2253/2253 2210/2210
f 2209/2209 2252/2252 2255/2255
f 2209/2209 2255/2255 2207/2207
f 2207/2207 2255/2255 2251/2251
f 2207/2207 2251/2251 2212/2212
f 2211/2211 2254/2254 2252/2252
f 2211/2211 2252/2252 2209/2209
f 2212/2212 2251/2251 2250/2250
f 2212/2212 2250/2250 2208/2208
f 2257/2257 2271/2271 2274/2274
f 2257/2257 2274/2274 2264/2264
f 2269/2269 2276/2276 2275/2275
f 2269/2269 2275/2275 2266/2266
f 2221/2221 2261/2261 2259/2259
f 2221/2221 2259/2259 2223/2223
f 2254/2254 2268/2268 2265/2265
f 2254/2254 2265/2265 2252/2252
f 2222/2222 2258/2258 2256/2256
f 2222/2222 2256/2256 2220/2220
f 2252/2252 2265/2265 2261/2261
f 2252/2252 2261/2261 2221/2221
f 2275/2275 2278/2278 2273/2273
f 2274/2274 2278/2278 2277/2277
f 2260/2260 2272/2272 2271/2271
f 2260/2260 2271/2271 2257/2257
f 2264/2264 2274/2274 2277/2277
f 2264/2264 2277/2277 2270/2270
f 2266/2266 2275/2275 2273/2273
f 2266/2266 2273/2273 2262/2262
f 2262/2262 2273/2273 2272/2272
f 2262/2262 2272/2272 2260/2260
f 2273/2273 2278/2278 2272/2272
f 2276/2276 2278/2278 2275/2275
f 2271/2271 2278/2278 2274/2274
f 2272/2272 2278/2278 2271/2271
f 2279/2279 2281/2281 2287/2287
f 2279/2279 2287/2287 2285/2285
f 2282/2282 2280/2280 2286/2286
f 2282/2282 2286/2286 2288/2288
f 2284/2284 2282/2282 2288/2288
f 2284/2284 2288/2288 2290/2290
f 2280/2280 2279/2279 2285/2285
f 2280/2280 2285/2285 2286/2286
f 2281/2281 2283/2283 2289/2289
f 2281/2281 2289/2289 2287/2287
f 2298/2298 2297/2297 2291/2291
f 2298/2298 2291/2291 2292/2292
f 2301/2301 2299/2299 2295/2295
f 2301/2301 2295/2295 2293/2293
f 2297/2297 2301/2301 2293/2293
f 2297/2297 2293/2293 2291/2291
f 2302/2302 2298/2298 2292/2292
f 2302/2302 2292/2292 2294/2294
f 2300/2300 2302/2302 2294/2294
f 2300/2300 2294/2294 2296/2296
f 2290/2290 2288/2288 2302/2302
f 2290/2290 2302/2302 2300/2300
f 2288/2288 2286/2286 2298/2298
f 2288/2288 2298/2298 2302/2302
f 2285/2285 2287/2287 2301/2301
f 2285/2285 2301/2301 2297/2297
f 2287/2287 2289/2289 2299/2299
f 2287/2287 2299/2299 2301/2301
f 2286/2286 2285/2285 2297/2297
f 2286/2286 2297/2297 2298/2298
f 2291/2291 2293/2293 2305/2305
f 2291/2291 2305/2305 2303/2303
f 2294/2294 2292/2292 2304/2304
f 2294/2294 2304/2304 2306/2306
f 2296/2296 2294/2294 2306/2306
f 2296/2296 2306/2306 2308/2308
f 2292/2292 2291/2291 2303/2303
f 2292/2292 2303/2303 2304/2304
f 2293/2293 2295/2295 2307/2307
f 2293/2293 2307/2307 2305/2305
f 2303/2303 2305/2305 2311/2311
f 2303/2303 2311/2311 2309/2309
f 2306/2306 2304/2304 2310/2310
f 2306/2306 2310/2310 2312/2312
f 2308/2308 2306/2306 2312/2312
f 2308/2308 2312/2312 2314/2314
f 2304/2304 2303/2303 2309/2309
f 2304/2304 2309/2309 2310/2310
f 2305/2305 2307/2307 2313/2313
f 2305/2305 2313/2313 2311/2311
f 2310/2310 2309/2309 2315/2315
f 2310/2310 2315/2315 2316/2316
f 2311/2311 2313/2313 2319/2319
f 2311/2311 2319/2319 2317/2317
f 2309/2309 2311/2311 2317/2317
f 2309/2309 2317/2317 2315/2315
f 2312/2312 2310/2310 2316/2316
f 2312/2312 2316/2316 2318/2318
f 2314/2314 2312/2312 2318/2318
f 2314/2314 2318/2318 2320/2320
f 2315/2315 2317/2317 2323/2323
f 2315/2315 2323/2323 2321/2321
f 2318/2318 2316/2316 2322/2322
f 2318/2318 2322/2322 2324/2324
f 2320/2320 2318/2318 2324/2324
f 2320/2320 2324/2324 2326/2326
f 2316/2316 2315/2315 2321/2321
f 2316/2316 2321/2321 2322/2322
f 2317/2317 2319/2319 2325/2325
f 2317/2317 2325/2325 2323/2323
f 2322/2322 2321/2321 2327/2327
f 2323/2323 2325/2325 2327/2327
f 2321/2321 2323/2323 2327/2327
f 2324/2324 2322/2322 2327/2327
f 2326/2326 2324/2324 2327/2327
f 2328/2328 2329/2329 2332/2332
f 2328/2328 2332/2332 2331/2331
f 2330/2330 2328/2328 2331/2331
f 2330/2330 2331/2331 2333/2333
f 2331/2331 2332/2332 2335/2335
f 2331/2331 2335/2335 2334/2334
f 2333/2333 2331/2331 2334/2334
f 2333/2333 2334/2334 2336/2336
f 2334/2334 2335/2335 2338/2338
f 2334/2334 2338/2338 2337/2337
f 2336/2336 2334/2334 2337/2337
f 2336/2336 2337/2337 2339/2339
f 2337/2337 2338/2338 2341/2341
f 2337/2337 2341/2341 2340/2340
f 2339/2339 2337/2337 2340/2340
f 2339/2339 2340/2340 2342/2342
f 2340/2340 2341/2341 2344/2344
f 2340/2340 2344/2344 2343/2343
f 2342/2342 2340/2340 2343/2343
f 2342/2342 2343/2343 2345/2345
f 2343/2343 2344/2344 2347/2347
f 2343/2343 2347/2347 2346/2346
f 2345/2345 2343/2343 2346/2346
f 2345/2345 2346/2346 2348/2348
f 2346/2346 2347/2347 2350/2350
f 2346/2346 2350/2350 2349/2349
f 2348/2348 2346/2346 2349/2349
f 2348/2348 2349/2349 2351/2351
f 2349/2349 2350/2350 2352/2352
f 2351/2351 2349/2349 2352/2352
f 2354/2354 2351/2351 2352/2352
f 2350/2350 2355/2355 2352/2352
f 2355/2355 2353/2353 2352/2352
f 2356/2356 2357/2357 2353/2353
f 2356/2356 2353/2353 2355/2355
f 2347/2347 2356/2356 2355/2355
f 2347/2347 2355/2355 2350/2350
f 2359/2359 2360/2360 2357/2357
f 2359/2359 2357/2357 2356/2356
f 2344/2344 2359/2359 2356/2356
f 2344/2344 2356/2356 2347/2347
f 2362/2362 2363/2363 2360/2360
f 2362/2362 2360/2360 2359/2359
f 2341/2341 2362/2362 2359/2359
f 2341/2341 2359/2359 2344/2344
f 2365/2365 2366/2366 2363/2363
f 2365/2365 2363/2363 2362/2362
f 2338/2338 2365/2365 2362/2362
f 2338/2338 2362/2362 2341/2341
f 2368/2368 2369/2369 2366/2366
f 2368/2368 2366/2366 2365/2365
f 2335/2335 2368/2368 2365/2365
f 2335/2335 2365/2365 2338/2338
f 2371/2371 2372/2372 2369/2369
f 2371/2371 2369/2369 2368/2368
f 2332/2332 2371/2371 2368/2368
f 2332/2332 2368/2368 2335/2335
f 2374/2374 2375/2375 2372/2372
f 2374/2374 2372/2372 2371/2371
f 2329/2329 2374/2374 2371/2371
f 2329/2329 2371/2371 2332/2332
f 2376/2376 2330/2330 2333/2333
f 2376/2376 2333/2333 2373/2373
f 2373/2373 2333/2333 2336/2336
f 2373/2373 2336/2336 2370/2370
f 2370/2370 2336/2336 2339/2339
f 2370/2370 2339/2339 2367/2367
f 2367/2367 2339/2339 2342/2342
f 2367/2367 2342/2342 2364/2364
f 2364/2364 2342/2342 2345/2345
f 2364/2364 2345/2345 2361/2361
f 2361/2361 2345/2345 2348/2348
f 2361/2361 2348/2348 2358/2358
f 2358/2358 2348/2348 2351/2351
f 2358/2358 2351/2351 2354/2354
f 2418/2418 2380/2380 2382/2382
f 2418/2418 2382/2382 2416/2416
f 2416/2416 2382/2382 2384/2384
f 2416/2416 2384/2384 2415/2415
f 2415/2415 2384/2384 2386/2386
f 2415/2415 2386/2386 2414/2414
f 2401/2401 2403/2403 2394/2394
f 2401/2401 2394/2394 2393/2393
f 2414/2414 2386/2386 2388/2388
f 2414/2414 2388/2388 2419/2419
f 2419/2419 2388/2388 2379/2379
f 2419/2419 2379/2379 2417/2417
f 2402/2402 2401/2401 2393/2393
f 2402/2402 2393/2393 2392/2392
f 2404/2404 2402/2402 2392/2392
f 2404/2404 2392/2392 2391/2391
f 2403/2403 2405/2405 2389/2389
f 2403/2403 2389/2389 2394/2394
f 2406/2406 2404/2404 2391/2391
f 2406/2406 2391/2391 2390/2390
f 2393/2393 2394/2394 2400/2400
f 2393/2393 2400/2400 2399/2399
f 2391/2391 2392/2392 2398/2398
f 2391/2391 2398/2398 2397/2397
f 2394/2394 2389/2389 2395/2395
f 2394/2394 2395/2395 2400/2400
f 2392/2392 2393/2393 2399/2399
f 2392/2392 2399/2399 2398/2398
f 2390/2390 2391/2391 2397/2397
f 2390/2390 2397/2397 2396/2396
f 2378/2378 2381/2381 2404/2404
f 2378/2378 2404/2404 2406/2406
f 2387/2387 2377/2377 2405/2405
f 2387/2387 2405/2405 2403/2403
f 2381/2381 2383/2383 2402/2402
f 2381/2381 2402/2402 2404/2404
f 2383/2383 2385/2385 2401/2401
f 2383/2383 2401/2401 2402/2402
f 2385/2385 2387/2387 2403/2403
f 2385/2385 2403/2403 2401/2401
f 2384/2384 2382/2382 2409/2409
f 2384/2384 2409/2409 2410/2410
f 2379/2379 2388/2388 2412/2412
f 2379/2379 2412/2412 2407/2407
f 2382/2382 2380/2380 2408/2408
f 2382/2382 2408/2408 2409/2409
f 2386/2386 2384/2384 2410/2410
f 2386/2386 2410/2410 2411/2411
f 2388/2388 2386/2386 2411/2411
f 2388/2388 2411/2411 2412/2412
f 2412/2412 2411/2411 2413/2413
f 2410/2410 2409/2409 2413/2413
f 2407/2407 2412/2412 2413/2413
f 2411/2411 2410/2410 2413/2413
f 2409/2409 2408/2408 2413/2413
f 2387/2387 2419/2419 2417/2417
f 2387/2387 2417/2417 2377/2377
f 2385/2385 2414/2414 2419/2419
f 2385/2385 2419/2419 2387/2387
f 2383/2383 2415/2415 2414/2414
f 2383/2383 2414/2414 2385/2385
f 2381/2381 2416/2416 2415/2415
f 2381/2381 2415/2415 2383/2383
f 2378/2378 2418/2418 2416/2416
f 2378/2378 2416/2416 2381/2381
f 2422/2422 2420/2420 2426/2426
f 2422/2422 2426/2426 2428/2428
f 2421/2421 2424/2424 2430/2430
f 2421/2421 2430/2430 2427/2427
f 2423/2423 2425/2425 2431/2431
f 2423/2423 2431/2431 2429/2429
f 2420/2420 2421/2421 2427/2427
f 2420/2420 2427/2427 2426/2426
f 2425/2425 2422/2422 2428/2428
f 2425/2425 2428/2428 2431/2431
f 2426/2426 2427/2427 2433/2433
f 2426/2426 2433/2433 2432/2432
f 2431/2431 2428/2428 2434/2434
f 2431/2431 2434/2434 2437/2437
f 2428/2428 2426/2426 2432/2432
f 2428/2428 2432/2432 2434/2434
f 2427/2427 2430/2430 2436/2436
f 2427/2427 2436/2436 2433/2433
f 2429/2429 2431/2431 2437/2437
f 2429/2429 2437/2437 2435/2435
f 2434/2434 2432/2432 2438/2438
f 2434/2434 2438/2438 2440/2440
f 2433/2433 2436/2436 2442/2442
f 2433/2433 2442/2442 2439/2439
f 2435/2435 2437/2437 2443/2443
f 2435/2435 2443/2443 2441/2441
f 2432/2432 2433/2433 2439/2439
f 2432/2432 2439/2439 2438/2438
f 2437/2437 2434/2434 2440/2440
f 2437/2437 2440/2440 2443/2443
f 2438/2438 2439/2439 2445/2445
f 2438/2438 2445/2445 2444/2444
f 2443/2443 2440/2440 2446/2446
f 2443/2443 2446/2446 2449/2449
f 2440/2440 2438/2438 2444/2444
f 2440/2440 2444/2444 2446/2446
f 2439/2439 2442/2442 2448/2448
f 2439/2439 2448/2448 2445/2445
f 2441/2441 2443/2443 2449/2449
f 2441/2441 2449/2449 2447/2447
f 2446/2446 2444/2444 2450/2450
f 2446/2446 2450/2450 2452/2452
f 2445/2445 2448/2448 2454/2454
f 2445/2445 2454/2454 2451/2451
f 2447/2447 2449/2449 2455/2455
f 2447/2447 2455/2455 2453/2453
f 2444/2444 2445/2445 2451/2451
f 2444/2444 2451/2451 2450/2450
f 2449/2449 2446/2446 2452/2452
f 2449/2449 2452/2452 2455/2455
f 2474/2474 2469/2469 2457/2457
f 2474/2474 2457/2457 2456/2456
f 2473/2473 2470/2470 2458/2458
f 2473/2473 2458/2458 2461/2461
f 2470/2470 2474/2474 2456/2456
f 2470/2470 2456/2456 2458/2458
f 2469/2469 2472/2472 2460/2460
f 2469/2469 2460/2460 2457/2457
f 2471/2471 2473/2473 2461/2461
f 2471/2471 2461/2461 2459/2459
f 2458/2458 2456/2456 2462/2462
f 2457/2457 2460/2460 2462/2462
f 2459/2459 2461/2461 2462/2462
f 2456/2456 2457/2457 2462/2462
f 2461/2461 2458/2458 2462/2462
f 2453/2453 2455/2455 2463/2463
f 2453/2453 2463/2463 2467/2467
f 2451/2451 2454/2454 2468/2468
f 2451/2451 2468/2468 2466/2466
f 2452/2452 2450/2450 2465/2465
f 2452/2452 2465/2465 2464/2464
f 2455/2455 2452/2452 2464/2464
f 2455/2455 2464/2464 2463/2463
f 2450/2450 2451/2451 2466/2466
f 2450/2450 2466/2466 2465/2465
f 2479/2479 2475/2475 2473/2473
f 2479/2479 2473/2473 2471/2471
f 2477/2477 2480/2480 2472/2472
f 2477/2477 2472/2472 2469/2469
f 2478/2478 2476/2476 2474/2474
f 2478/2478 2474/2474 2470/2470
f 2475/2475 2478/2478 2470/2470
f 2475/2475 2470/2470 2473/2473
f 2476/2476 2477/2477 2469/2469
f 2476/2476 2469/2469 2474/2474
f 2465/2465 2466/2466 2477/2477
f 2465/2465 2477/2477 2476/2476
f 2463/2463 2464/2464 2478/2478
f 2463/2463 2478/2478 2475/2475
f 2464/2464 2465/2465 2476/2476
f 2464/2464 2476/2476 2478/2478
f 2466/2466 2468/2468 2480/2480
f 2466/2466 2480/2480 2477/2477
f 2467/2467 2463/2463 2475/2475
f 2467/2467 2475/2475 2479/2479
f 2420/2420 2422/2422 2483/2483
f 2420/2420 2483/2483 2481/2481
f 2424/2424 2421/2421 2482/2482
f 2424/2424 2482/2482 2485/2485
f 2425/2425 2423/2423 2484/2484
f 2425/2425 2484/2484 2486/2486
f 2421/2421 2420/2420 2481/2481
f 2421/2421 2481/2481 2482/2482
f 2422/2422 2425/2425 2486/2486
f 2422/2422 2486/2486 2483/2483
f 2487/2487 2493/2493 2498/2498
f 2487/2487 2498/2498 2492/2492
f 2489/2489 2495/2495 2493/2493
f 2489/2489 2493/2493 2487/2487
f 2488/2488 2494/2494 2496/2496
f 2488/2488 2496/2496 2490/2490
f 2492/2492 2498/2498 2494/2494
f 2492/2492 2494/2494 2488/2488
f 2491/2491 2497/2497 2495/2495
f 2491/2491 2495/2495 2489/2489
f 2513/2513 2503/2503 2501/2501
f 2513/2513 2501/2501 2511/2511
f 2515/2515 2499/2499 2504/2504
f 2515/2515 2504/2504 2514/2514
f 2511/2511 2501/2501 2499/2499
f 2511/2511 2499/2499 2515/2515
f 2516/2516 2500/2500 2502/2502
f 2516/2516 2502/2502 2512/2512
f 2514/2514 2504/2504 2500/2500
f 2514/2514 2500/2500 2516/2516
f 2501/2501 2507/2507 2505/2505
f 2501/2501 2505/2505 2499/2499
f 2500/2500 2506/2506 2508/2508
f 2500/2500 2508/2508 2502/2502
f 2504/2504 2510/2510 2506/2506
f 2504/2504 2506/2506 2500/2500
f 2503/2503 2509/2509 2507/2507
f 2503/2503 2507/2507 2501/2501
f 2499/2499 2505/2505 2510/2510
f 2499/2499 2510/2510 2504/2504
f 2498/2498 2514/2514 2516/2516
f 2498/2498 2516/2516 2494/2494
f 2494/2494 2516/2516 2512/2512
f 2494/2494 2512/2512 2496/2496
f 2495/2495 2511/2511 2515/2515
f 2495/2495 2515/2515 2493/2493
f 2493/2493 2515/2515 2514/2514
f 2493/2493 2514/2514 2498/2498
f 2497/2497 2513/2513 2511/2511
f 2497/2497 2511/2511 2495/2495
f 2549/2549 2522/2522 2518/2518
f 2549/2549 2518/2518 2548/2548
f 2518/2518 2554/2554 2561/2561
f 2518/2518 2561/2561 2548/2548
f 2553/2553 2517/2517 2522/2522
f 2553/2553 2522/2522 2549/2549
f 2550/2550 2519/2519 2517/2517
f 2550/2550 2517/2517 2553/2553
f 2548/2548 2561/2561 2565/2565
f 2548/2548 2565/2565 2551/2551
f 2545/2545 2528/2528 2524/2524
f 2545/2545 2524/2524 2546/2546
f 2543/2543 2527/2527 2525/2525
f 2543/2543 2525/2525 2544/2544
f 2547/2547 2523/2523 2528/2528
f 2547/2547 2528/2528 2545/2545
f 2544/2544 2525/2525 2523/2523
f 2544/2544 2523/2523 2547/2547
f 2546/2546 2524/2524 2526/2526
f 2546/2546 2526/2526 2542/2542
f 2523/2523 2529/2529 2534/2534
f 2523/2523 2534/2534 2528/2528
f 2525/2525 2531/2531 2529/2529
f 2525/2525 2529/2529 2523/2523
f 2524/2524 2530/2530 2532/2532
f 2524/2524 2532/2532 2526/2526
f 2528/2528 2534/2534 2530/2530
f 2528/2528 2530/2530 2524/2524
f 2527/2527 2533/2533 2531/2531
f 2527/2527 2531/2531 2525/2525
f 2534/2534 2540/2540 2536/2536
f 2534/2534 2536/2536 2530/2530
f 2533/2533 2539/2539 2537/2537
f 2533/2533 2537/2537 2531/2531
f 2529/2529 2535/2535 2540/2540
f 2529/2529 2540/2540 2534/2534
f 2531/2531 2537/2537 2535/2535
f 2531/2531 2535/2535 2529/2529
f 2530/2530 2536/2536 2538/2538
f 2530/2530 2538/2538 2532/2532
f 2535/2535 2541/2541 2540/2540
f 2537/2537 2541/2541 2535/2535
f 2536/2536 2541/2541 2538/2538
f 2540/2540 2541/2541 2536/2536
f 2539/2539 2541/2541 2537/2537
f 2518/2518 2546/2546 2542/2542
f 2518/2518 2542/2542 2520/2520
f 2519/2519 2544/2544 2547/2547
f 2519/2519 2547/2547 2517/2517
f 2517/2517 2547/2547 2545/2545
f 2517/2517 2545/2545 2522/2522
f 2521/2521 2543/2543 2544/2544
f 2521/2521 2544/2544 2519/2519
f 2522/2522 2545/2545 2546/2546
f 2522/2522 2546/2546 2518/2518
f 2506/2506 2548/2548 2551/2551
f 2506/2506 2551/2551 2508/2508
f 2507/2507 2550/2550 2553/2553
f 2507/2507 2553/2553 2505/2505
f 2505/2505 2553/2553 2549/2549
f 2505/2505 2549/2549 2510/2510
f 2509/2509 2552/2552 2550/2550
f 2509/2509 2550/2550 2507/2507
f 2510/2510 2549/2549 2548/2548
f 2510/2510 2548/2548 2506/2506
f 2555/2555 2569/2569 2572/2572
f 2555/2555 2572/2572 2562/2562
f 2567/2567 2574/2574 2573/2573
f 2567/2567 2573/2573 2564/2564
f 2519/2519 2559/2559 2557/2557
f 2519/2519 2557/2557 2521/2521
f 2552/2552 2566/2566 2563/2563
f 2552/2552 2563/2563 2550/2550
f 2520/2520 2556/2556 2554/2554
f 2520/2520 2554/2554 2518/2518
f 2550/2550 2563/2563 2559/2559
f 2550/2550 2559/2559 2519/2519
f 2573/2573 2576/2576 2571/2571
f 2572/2572 2576/2576 2575/2575
f 2558/2558 2570/2570 2569/2569
f 2558/2558 2569/2569 2555/2555
f 2562/2562 2572/2572 2575/2575
f 2562/2562 2575/2575 2568/2568
f 2564/2564 2573/2573 2571/2571
f 2564/2564 2571/2571 2560/2560
f 2560/2560 2571/2571 2570/2570
f 2560/2560 2570/2570 2558/2558
f 2571/2571 2576/2576 2570/2570
f 2574/2574 2576/2576 2573/2573
f 2569/2569 2576/2576 2572/2572
f 2570/2570 2576/2576 2569/2569
f 2579/2579 2582/2582 2588/2588
f 2579/2579 2588/2588 2585/2585
f 2580/2580 2581/2581 2587/2587
f 2580/2580 2587/2587 2586/2586
f 2582/2582 2577/2577 2583/2583
f 2582/2582 2583/2583 2588/2588
f 2577/2577 2580/2580 2586/2586
f 2577/2577 2586/2586 2583/2583
f 2581/2581 2578/2578 2584/2584
f 2581/2581 2584/2584 2587/2587
f 2588/2588 2583/2583 2589/2589
f 2588/2588 2589/2589 2594/2594
f 2583/2583 2586/2586 2592/2592
f 2583/2583 2592/2592 2589/2589
f 2587/2587 2584/2584 2590/2590
f 2587/2587 2590/2590 2593/2593
f 2585/2585 2588/2588 2594/2594
f 2585/2585 2594/2594 2591/2591
f 2586/2586 2587/2587 2593/2593
f 2586/2586 2593/2593 2592/2592
f 2591/2591 2594/2594 2600/2600
f 2591/2591 2600/2600 2597/2597
f 2592/2592 2593/2593 2599/2599
f 2592/2592 2599/2599 2598/2598
f 2594/2594 2589/2589 2595/2595
f 2594/2594 2595/2595 2600/2600
f 2589/2589 2592/2592 2598/2598
f 2589/2589 2598/2598 2595/2595
f 2593/2593 2590/2590 2596/2596
f 2593/2593 2596/2596 2599/2599
f 2600/2600 2595/2595 2601/2601
f 2600/2600 2601/2601 2606/2606
f 2595/2595 2598/2598 2604/2604
f 2595/2595 2604/2604 2601/2601
f 2599/2599 2596/2596 2602/2602
f 2599/2599 2602/2602 2605/2605
f 2597/2597 2600/2600 2606/2606
f 2597/2597 2606/2606 2603/2603
f 2598/2598 2599/2599 2605/2605
f 2598/2598 2605/2605 2604/2604
f 2603/2603 2606/2606 2612/2612
f 2603/2603 2612/2612 2609/2609
f 2604/2604 2605/2605 2611/2611
f 2604/2604 2611/2611 2610/2610
f 2606/2606 2601/2601 2607/2607
f 2606/2606 2607/2607 2612/2612
f 2601/2601 2604/2604 2610/2610
f 2601/2601 2610/2610 2607/2607
f 2605/2605 2602/2602 2608/2608
f 2605/2605 2608/2608 2611/2611
f 2612/2612 2607/2607 2613/2613
f 2612/2612 2613/2613 2618/2618
f 2607/2607 2610/2610 2616/2616
f 2607/2607 2616/2616 2613/2613
f 2611/2611 2608/2608 2614/2614
f 2611/2611 2614/2614 2617/2617
f 2609/2609 2612/2612 2618/2618
f 2609/2609 2618/2618 2615/2615
f 2610/2610 2611/2611 2617/2617
f 2610/2610 2617/2617 2616/2616
f 2615/2615 2618/2618 2624/2624
f 2615/2615 2624/2624 2621/2621
f 2616/2616 2617/2617 2623/2623
f 2616/2616 2623/2623 2622/2622
f 2618/2618 2613/2613 2619/2619
f 2618/2618 2619/2619 2624/2624
f 2613/2613 2616/2616 2622/2622
f 2613/2613 2622/2622 2619/2619
f 2617/2617 2614/2614 2620/2620
f 2617/2617 2620/2620 2623/2623
f 2624/2624 2619/2619 2625/2625
f 2619/2619 2622/2622 2625/2625
f 2623/2623 2620/2620 2625/2625
f 2621/2621 2624/2624 2625/2625
f 2622/2622 2623/2623 2625/2625
f 2664/2664 2637/2637 2633/2633
f 2664/2664 2633/2633 2663/2663
f 2633/2633 2669/2669 2676/2676
f 2633/2633 2676/2676 2663/2663
f 2668/2668 2632/2632 2637/2637
f 2668/2668 2637/2637 2664/2664
f 2665/2665 2634/2634 2632/2632
f 2665/2665 2632/2632 2668/2668
f 2663/2663 2676/2676 2680/2680
f 2663/2663 2680/2680 2666/2666
f 2660/2660 2643/2643 2639/2639
f 2660/2660 2639/2639 2661/2661
f 2658/2658 2642/2642 2640/2640
f 2658/2658 2640/2640 2659/2659
f 2662/2662 2638/2638 2643/2643
f 2662/2662 2643/2643 2660/2660
f 2659/2659 2640/2640 2638/2638
f 2659/2659 2638/2638 2662/2662
f 2661/2661 2639/2639 2641/2641
f 2661/2661 2641/2641 2657/2657
f 2638/2638 2644/2644 2649/2649
f 2638/2638 2649/2649 2643/2643
f 2640/2640 2646/2646 2644/2644
f 2640/2640 2644/2644 2638/2638
f 2639/2639 2645/2645 2647/2647
f 2639/2639 2647/2647 2641/2641
f 2643/2643 2649/2649 2645/2645
f 2643/2643 2645/2645 2639/2639
f 2642/2642 2648/2648 2646/2646
f 2642/2642 2646/2646 2640/2640
f 2649/2649 2655/2655 2651/2651
f 2649/2649 2651/2651 2645/2645
f 2648/2648 2654/2654 2652/2652
f 2648/2648 2652/2652 2646/2646
f 2644/2644 2650/2650 2655/2655
f 2644/2644 2655/2655 2649/2649
f 2646/2646 2652/2652 2650/2650
f 2646/2646 2650/2650 2644/2644
f 2645/2645 2651/2651 2653/2653
f 2645/2645 2653/2653 2647/2647
f 2650/2650 2656/2656 2655/2655
f 2652/2652 2656/2656 2650/2650
f 2651/2651 2656/2656 2653/2653
f 2655/2655 2656/2656 2651/2651
f 2654/2654 2656/2656 2652/2652
f 2633/2633 2661/2661 2657/2657
f 2633/2633 2657/2657 2635/2635
f 2634/2634 2659/2659 2662/2662
f 2634/2634 2662/2662 2632/2632
f 2632/2632 2662/2662 2660/2660
f 2632/2632 2660/2660 2637/2637
f 2636/2636 2658/2658 2659/2659
f 2636/2636 2659/2659 2634/2634
f 2637/2637 2660/2660 2661/2661
f 2637/2637 2661/2661 2633/2633
f 2627/2627 2663/2663 2666/2666
f 2627/2627 2666/2666 2629/2629
f 2628/2628 2665/2665 2668/2668
f 2628/2628 2668/2668 2626/2626
f 2626/2626 2668/2668 2664/2664
f 2626/2626 2664/2664 2631/2631
f 2630/2630 2667/2667 2665/2665
f 2630/2630 2665/2665 2628/2628
f 2631/2631 2664/2664 2663/2663
f 2631/2631 2663/2663 2627/2627
f 2670/2670 2684/2684 2687/2687
f 2670/2670 2687/2687 2677/2677
f 2682/2682 2689/2689 2688/2688
f 2682/2682 2688/2688 2679/2679
f 2634/2634 2674/2674 2672/2672
f 2634/2634 2672/2672 2636/2636
f 2667/2667 2681/2681 2678/2678
f 2667/2667 2678/2678 2665/2665
f 2635/2635 2671/2671 2669/2669
f 2635/2635 2669/2669 2633/2633
f 2665/2665 2678/2678 2674/2674
f 2665/2665 2674/2674 2634/2634
f 2688/2688 2691/2691 2686/2686
f 2687/2687 2691/2691 2690/2690
f 2673/2673 2685/2685 2684/2684
f 2673/2673 2684/2684 2670/2670
f 2677/2677 2687/2687 2690/2690
f 2677/2677 2690/2690 2683/2683
f 2679/2679 2688/2688 2686/2686
f 2679/2679 2686/2686 2675/2675
f 2675/2675 2686/2686 2685/2685
f 2675/2675 2685/2685 2673/2673
f 2686/2686 2691/2691 2685/2685
f 2689/2689 2691/2691 2688/2688
f 2684/2684 2691/2691 2687/2687
f 2685/2685 2691/2691 2684/2684
f 2716/2716 2694/2694 2692/2692
f 2716/2716 2692/2692 2693/2693
f 2693/2693 2692/2692 2695/2695
f 2693/2693 2695/2695 2715/2715
f 2694/2694 2697/2697 2696/2696
f 2694/2694 2696/2696 2692/2692
f 2692/2692 2696/2696 2698/2698
f 2692/2692 2698/2698 2695/2695
f 2697/2697 2700/2700 2699/2699
f 2697/2697 2699/2699 2696/2696
f 2696/2696 2699/2699 2701/2701
f 2696/2696 2701/2701 2698/2698
f 2700/2700 2702/2702 2699/2699
f 2699/2699 2702/2702 2701/2701
f 2705/2705 2702/2702 2700/2700
f 2704/2704 2702/2702 2705/2705
f 2701/2701 2702/2702 2703/2703
f 2706/2706 2705/2705 2700/2700
f 2706/2706 2700/2700 2697/2697
f 2708/2708 2704/2704 2705/2705
f 2708/2708 2705/2705 2706/2706
f 2709/2709 2706/2706 2697/2697
f 2709/2709 2697/2697 2694/2694
f 2712/2712 2708/2708 2706/2706
f 2712/2712 2706/2706 2709/2709
f 2710/2710 2709/2709 2694/2694
f 2710/2710 2694/2694 2716/2716
f 2714/2714 2712/2712 2709/2709
f 2714/2714 2709/2709 2710/2710
f 2715/2715 2695/2695 2711/2711
f 2715/2715 2711/2711 2713/2713
f 2695/2695 2698/2698 2707/2707
f 2695/2695 2707/2707 2711/2711
f 2698/2698 2701/2701 2703/2703
f 2698/2698 2703/2703 2707/2707
f 2718/2718 2722/2722 2721/2721
f 2718/2718 2721/2721 2717/2717
f 2717/2717 2721/2721 2724/2724
f 2717/2717 2724/2724 2720/2720
f 2722/2722 2727/2727 2725/2725
f 2722/2722 2725/2725 2721/2721
f 2721/2721 2725/2725 2729/2729
f 2721/2721 2729/2729 2724/2724
f 2725/2725 2726/2726 2731/2731
f 2725/2725 2731/2731 2729/2729
f 2727/2727 2740/2740 2726/2726
f 2727/2727 2726/2726 2725/2725
f 2723/2723 2728/2728 2732/2732
f 2723/2723 2732/2732 2735/2735
f 2728/2728 2730/2730 2733/2733
f 2728/2728 2733/2733 2732/2732
f 2732/2732 2733/2733 2739/2739
f 2732/2732 2739/2739 2734/2734
f 2735/2735 2732/2732 2734/2734
f 2735/2735 2734/2734 2736/2736
f 2719/2719 2723/2723 2735/2735
f 2719/2719 2735/2735 2737/2737
f 2737/2737 2735/2735 2736/2736
f 2737/2737 2736/2736 2738/2738
f 2738/2738 2736/2736 2722/2722
f 2738/2738 2722/2722 2718/2718
f 2736/2736 2734/2734 2727/2727
f 2736/2736 2727/2727 2722/2722
f 2734/2734 2739/2739 2740/2740
f 2734/2734 2740/2740 2727/2727
f 2739/2739 2741/2741 2742/2742
f 2739/2739 2742/2742 2740/2740
f 2733/2733 2743/2743 2741/2741
f 2733/2733 2741/2741 2739/2739
f 2741/2741 2744/2744 2745/2745
f 2741/2741 2745/2745 2742/2742
f 2743/2743 2746/2746 2744/2744
f 2743/2743 2744/2744 2741/2741
f 2744/2744 2747/2747 2748/2748
f 2744/2744 2748/2748 2745/2745
f 2746/2746 2749/2749 2747/2747
f 2746/2746 2747/2747 2744/2744
f 2747/2747 2750/2750 2748/2748
f 2749/2749 2750/2750 2747/2747
f 2748/2748 2750/2750 2751/2751
f 2751/2751 2750/2750 2753/2753
f 2752/2752 2750/2750 2749/2749
f 2754/2754 2752/2752 2749/2749
f 2754/2754 2749/2749 2746/2746
f 2756/2756 2751/2751 2753/2753
f 2756/2756 2753/2753 2755/2755
f 2757/2757 2754/2754 2746/2746
f 2757/2757 2746/2746 2743/2743
f 2759/2759 2756/2756 2755/2755
f 2759/2759 2755/2755 2758/2758
f 2730/2730 2757/2757 2743/2743
f 2730/2730 2743/2743 2733/2733
f 2726/2726 2759/2759 2758/2758
f 2726/2726 2758/2758 2731/2731
f 2742/2742 2745/2745 2756/2756
f 2742/2742 2756/2756 2759/2759
f 2740/2740 2742/2742 2759/2759
f 2740/2740 2759/2759 2726/2726
f 2745/2745 2748/2748 2751/2751
f 2745/2745 2751/2751 2756/2756
f 2760/2760 2761/2761 2764/2764
f 2760/2760 2764/2764 2763/2763
f 2762/2762 2760/2760 2763/2763
f 2762/2762 2763/2763 2765/2765
f 2763/2763 2764/2764 2767/2767
f 2763/2763 2767/2767 2766/2766
f 2765/2765 2763/2763 2766/2766
f 2765/2765 2766/2766 2768/2768
f 2766/2766 2767/2767 2770/2770
f 2766/2766 2770/2770 2769/2769
f 2768/2768 2766/2766 2769/2769
f 2768/2768 2769/2769 2771/2771
f 2769/2769 2770/2770 2773/2773
f 2769/2769 2773/2773 2772/2772
f 2771/2771 2769/2769 2772/2772
f 2771/2771 2772/2772 2774/2774
f 2772/2772 2773/2773 2776/2776
f 2772/2772 2776/2776 2775/2775
f 2774/2774 2772/2772 2775/2775
f 2774/2774 2775/2775 2777/2777
f 2775/2775 2776/2776 2779/2779
f 2775/2775 2779/2779 2778/2778
f 2777/2777 2775/2775 2778/2778
f 2777/2777 2778/2778 2780/2780
f 2778/2778 2779/2779 2782/2782
f 2778/2778 2782/2782 2781/2781
f 2780/2780 2778/2778 2781/2781
f 2780/2780 2781/2781 2783/2783
f 2781/2781 2782/2782 2784/2784
f 2783/2783 2781/2781 2784/2784
f 2786/2786 2783/2783 2784/2784
f 2782/2782 2787/2787 2784/2784
f 2787/2787 2785/2785 2784/2784
f 2788/2788 2789/2789 2785/2785
f 2788/2788 2785/2785 2787/2787
f 2779/2779 2788/2788 2787/2787
f 2779/2779 2787/2787 2782/2782
f 2791/2791 2792/2792 2789/2789
f 2791/2791 2789/2789 2788/2788
f 2776/2776 2791/2791 2788/2788
f 2776/2776 2788/2788 2779/2779
f 2794/2794 2795/2795 2792/2792
f 2794/2794 2792/2792 2791/2791
f 2773/2773 2794/2794 2791/2791
f 2773/2773 2791/2791 2776/2776
f 2797/2797 2798/2798 2795/2795
f 2797/2797 2795/2795 2794/2794
f 2770/2770 2797/2797 2794/2794
f 2770/2770 2794/2794 2773/2773
f 2800/2800 2801/2801 2798/2798
f 2800/2800 2798/2798 2797/2797
f 2767/2767 2800/2800 2797/2797
f 2767/2767 2797/2797 2770/2770
f 2803/2803 2804/2804 2801/2801
f 2803/2803 2801/2801 2800/2800
f 2764/2764 2803/2803 2800/2800
f 2764/2764 2800/2800 2767/2767
f 2806/2806 2807/2807 2804/2804
f 2806/2806 2804/2804 2803/2803
f 2761/2761 2806/2806 2803/2803
f 2761/2761 2803/2803 2764/2764
f 2808/2808 2762/2762 2765/2765
f 2808/2808 2765/2765 2805/2805
f 2805/2805 2765/2765 2768/2768
f 2805/2805 2768/2768 2802/2802
f 2802/2802 2768/2768 2771/2771
f 2802/2802 2771/2771 2799/2799
f 2799/2799 2771/2771 2774/2774
f 2799/2799 2774/2774 2796/2796
f 2796/2796 2774/2774 2777/2777
f 2796/2796 2777/2777 2793/2793
f 2793/2793 2777/2777 2780/2780
f 2793/2793 2780/2780 2790/2790
f 2790/2790 2780/2780 2783/2783
f 2790/2790 2783/2783 2786/2786
f 2850/2850 2812/2812 2814/2814
f 2850/2850 2814/2814 2848/2848
f 2848/2848 2814/2814 2816/2816
f 2848/2848 2816/2816 2847/2847
f 2847/2847 2816/2816 2818/2818
f 2847/2847 2818/2818 2846/2846
f 2833/2833 2835/2835 2826/2826
f 2833/2833 2826/2826 2825/2825
f 2846/2846 2818/2818 2820/2820
f 2846/2846 2820/2820 2851/2851
f 2851/2851 2820/2820 2811/2811
f 2851/2851 2811/2811 2849/2849
f 2834/2834 2833/2833 2825/2825
f 2834/2834 2825/2825 2824/2824
f 2836/2836 2834/2834 2824/2824
f 2836/2836 2824/2824 2823/2823
f 2835/2835 2837/2837 2821/2821
f 2835/2835 2821/2821 2826/2826
f 2838/2838 2836/2836 2823/2823
f 2838/2838 2823/2823 2822/2822
f 2825/2825 2826/2826 2832/2832
f 2825/2825 2832/2832 2831/2831
f 2823/2823 2824/2824 2830/2830
f 2823/2823 2830/2830 2829/2829
f 2826/2826 2821/2821 2827/2827
f 2826/2826 2827/2827 2832/2832
f 2824/2824 2825/2825 2831/2831
f 2824/2824 2831/2831 2830/2830
f 2822/2822 2823/2823 2829/2829
f 2822/2822 2829/2829 2828/2828
f 2810/2810 2813/2813 2836/2836
f 2810/2810 2836/2836 2838/2838
f 2819/2819 2809/2809 2837/2837
f 2819/2819 2837/2837 2835/2835
f 2813/2813 2815/2815 2834/2834
f 2813/2813 2834/2834 2836/2836
f 2815/2815 2817/2817 2833/2833
f 2815/2815 2833/2833 2834/2834
f 2817/2817 2819/2819 2835/2835
f 2817/2817 2835/2835 2833/2833
f 2816/2816 2814/2814 2841/2841
f 2816/2816 2841/2841 2842/2842
f 2811/2811 2820/2820 2844/2844
f 2811/2811 2844/2844 2839/2839
f 2814/2814 2812/2812 2840/2840
f 2814/2814 2840/2840 2841/2841
f 2818/2818 2816/2816 2842/2842
f 2818/2818 2842/2842 2843/2843
f 2820/2820 2818/2818 2843/2843
f 2820/2820 2843/2843 2844/2844
f 2844/2844 2843/2843 2845/2845
f 2842/2842 2841/2841 2845/2845
f 2839/2839 2844/2844 2845/2845
f 2843/2843 2842/2842 2845/2845
f 2841/2841 2840/2840 2845/2845
f 2819/2819 2851/2851 2849/2849
f 2819/2819 2849/2849 2809/2809
f 2817/2817 2846/2846 2851/2851
f 2817/2817 2851/2851 2819/2819
f 2815/2815 2847/2847 2846/2846
f 2815/2815 2846/2846 2817/2817
f 2813/2813 2848/2848 2847/2847
f 2813/2813 2847/2847 2815/2815
f 2810/2810 2850/2850 2848/2848
f 2810/2810 2848/2848 2813/2813
f 2854/2854 2852/2852 2858/2858
f 2854/2854 2858/2858 2860/2860
f 2853/2853 2856/2856 2862/2862
f 2853/2853 2862/2862 2859/2859
f 2855/2855 2857/2857 2863/2863
f 2855/2855 2863/2863 2861/2861
f 2852/2852 2853/2853 2859/2859
f 2852/2852 2859/2859 2858/2858
f 2857/2857 2854/2854 2860/2860
f 2857/2857 2860/2860 2863/2863
f 2858/2858 2859/2859 2865/2865
f 2858/2858 2865/2865 2864/2864
f 2863/2863 2860/2860 2866/2866
f 2863/2863 2866/2866 2869/2869
f 2860/2860 2858/2858 2864/2864
f 2860/2860 2864/2864 2866/2866
f 2859/2859 2862/2862 2868/2868
f 2859/2859 2868/2868 2865/2865
f 2861/2861 2863/2863 2869/2869
f 2861/2861 2869/2869 2867/2867
f 2866/2866 2864/2864 2870/2870
f 2866/2866 2870/2870 2872/2872
f 2865/2865 2868/2868 2874/2874
f 2865/2865 2874/2874 2871/2871
f 2867/2867 2869/2869 2875/2875
f 2867/2867 2875/2875 2873/2873
f 2864/2864 2865/2865 2871/2871
f 2864/2864 2871/2871 2870/2870
f 2869/2869 2866/2866 2872/2872
f 2869/2869 2872/2872 2875/2875
f 2870/2870 2871/2871 2877/2877
f 2870/2870 2877/2877 2876/2876
f 2875/2875 2872/2872 2878/2878
f 2875/2875 2878/2878 2881/2881
f 2872/2872 2870/2870 2876/2876
f 2872/2872 2876/2876 2878/2878
f 2871/2871 2874/2874 2880/2880
f 2871/2871 2880/2880 2877/2877
f 2873/2873 2875/2875 2881/2881
f 2873/2873 2881/2881 2879/2879
f 2878/2878 2876/2876 2882/2882
f 2878/2878 2882/2882 2884/2884
f 2877/2877 2880/2880 2886/2886
f 2877/2877 2886/2886 2883/2883
f 2879/2879 2881/2881 2887/2887
f 2879/2879 2887/2887 2885/2885
f 2876/2876 2877/2877 2883/2883
f 2876/2876 2883/2883 2882/2882
f 2881/2881 2878/2878 2884/2884
f 2881/2881 2884/2884 2887/2887
f 2906/2906 2901/2901 2889/2889
f 2906/2906 2889/2889 2888/2888
f 2905/2905 2902/2902 2890/2890
f 2905/2905 2890/2890 2893/2893
f 2902/2902 2906/2906 2888/2888
f 2902/2902 2888/2888 2890/2890
f 2901/2901 2904/2904 2892/2892
f 2901/2901 2892/2892 2889/2889
f 2903/2903 2905/2905 2893/2893
f 2903/2903 2893/2893 2891/2891
f 2890/2890 2888/2888 2894/2894
f 2889/2889 2892/2892 2894/2894
f 2891/2891 2893/2893 2894/2894
f 2888/2888 2889/2889 2894/2894
f 2893/2893 2890/2890 2894/2894
f 2885/2885 2887/2887 2895/2895
f 2885/2885 2895/2895 2899/2899
f 2883/2883 2886/2886 2900/2900
f 2883/2883 2900/2900 2898/2898
f 2884/2884 2882/2882 2897/2897
f 2884/2884 2897/2897 2896/2896
f 2887/2887 2884/2884 2896/2896
f 2887/2887 2896/2896 2895/2895
f 2882/2882 2883/2883 2898/2898
f 2882/2882 2898/2898 2897/2897
f 2911/2911 2907/2907 2905/2905
f 2911/2911 2905/2905 2903/2903
f 2909/2909 2912/2912 2904/2904
f 2909/2909 2904/2904 2901/2901
f 2910/2910 2908/2908 2906/2906
f 2910/2910 2906/2906 2902/2902
f 2907/2907 2910/2910 2902/2902
f 2907/2907 2902/2902 2905/2905
f 2908/2908 2909/2909 2901/2901
f 2908/2908 2901/2901 2906/2906
f 2897/2897 2898/2898 2909/2909
f 2897/2897 2909/2909 2908/2908
f 2895/2895 2896/2896 2910/2910
f 2895/2895 2910/2910 2907/2907
f 2896/2896 2897/2897 2908/2908
f 2896/2896 2908/2908 2910/2910
f 2898/2898 2900/2900 2912/2912
f 2898/2898 2912/2912 2909/2909
f 2899/2899 2895/2895 2907/2907
f 2899/2899 2907/2907 2911/2911
f 2852/2852 2854/2854 2915/2915
f 2852/2852 2915/2915 2913/2913
f 2856/2856 2853/2853 2914/2914
f 2856/2856 2914/2914 2917/2917
f 2857/2857 2855/2855 2916/2916
f 2857/2857 2916/2916 2918/2918
f 2853/2853 2852/2852 2913/2913
f 2853/2853 2913/2913 2914/2914
f 2854/2854 2857/2857 2918/2918
f 2854/2854 2918/2918 2915/2915
f 2919/2919 2925/2925 2930/2930
f 2919/2919 2930/2930 2924/2924
f 2921/2921 2927/2927 2925/2925
f 2921/2921 2925/2925 2919/2919
f 2920/2920 2926/2926 2928/2928
f 2920/2920 2928/2928 2922/2922
f 2924/2924 2930/2930 2926/2926
f 2924/2924 2926/2926 2920/2920
f 2923/2923 2929/2929 2927/2927
f 2923/2923 2927/2927 2921/2921
f 2945/2945 2935/2935 2933/2933
f 2945/2945 2933/2933 2943/2943
f 2947/2947 2931/2931 2936/2936
f 2947/2947 2936/2936 2946/2946
f 2943/2943 2933/2933 2931/2931
f 2943/2943 2931/2931 2947/2947
f 2948/2948 2932/2932 2934/2934
f 2948/2948 2934/2934 2944/2944
f 2946/2946 2936/2936 2932/2932
f 2946/2946 2932/2932 2948/2948
f 2933/2933 2939/2939 2937/2937
f 2933/2933 2937/2937 2931/2931
f 2932/2932 2938/2938 2940/2940
f 2932/2932 2940/2940 2934/2934
f 2936/2936 2942/2942 2938/2938
f 2936/2936 2938/2938 2932/2932
f 2935/2935 2941/2941 2939/2939
f 2935/2935 2939/2939 2933/2933
f 2931/2931 2937/2937 2942/2942
f 2931/2931 2942/2942 2936/2936
f 2930/2930 2946/2946 2948/2948
f 2930/2930 2948/2948 2926/2926
f 2926/2926 2948/2948 2944/2944
f 2926/2926 2944/2944 2928/2928
f 2927/2927 2943/2943 2947/2947
f 2927/2927 2947/2947 2925/2925
f 2925/2925 2947/2947 2946/2946
f 2925/2925 2946/2946 2930/2930
f 2929/2929 2945/2945 2943/2943
f 2929/2929 2943/2943 2927/2927
f 2981/2981 2954/2954 2950/2950
f 2981/2981 2950/2950 2980/2980
f 2950/2950 2986/2986 2993/2993
f 2950/2950 2993/2993 2980/2980
f 2985/2985 2949/2949 2954/2954
f 2985/2985 2954/2954 2981/2981
f 2982/2982 2951/2951 2949/2949
f 2982/2982 2949/2949 2985/2985
f 2980/2980 2993/2993 2997/2997
f 2980/2980 2997/2997 2983/2983
f 2977/2977 2960/2960 2956/2956
f 2977/2977 2956/2956 2978/2978
f 2975/2975 2959/2959 2957/2957
f 2975/2975 2957/2957 2976/2976
f 2979/2979 2955/2955 2960/2960
f 2979/2979 2960/2960 2977/2977
f 2976/2976 2957/2957 2955/2955
f 2976/2976 2955/2955 2979/2979
f 2978/2978 2956/2956 2958/2958
f 2978/2978 2958/2958 2974/2974
f 2955/2955 2961/2961 2966/2966
f 2955/2955 2966/2966 2960/2960
f 2957/2957 2963/2963 2961/2961
f 2957/2957 2961/2961 2955/2955
f 2956/2956 2962/2962 2964/2964
f 2956/2956 2964/2964 2958/2958
f 2960/2960 2966/2966 2962/2962
f 2960/2960 2962/2962 2956/2956
f 2959/2959 2965/2965 2963/2963
f 2959/2959 2963/2963 2957/2957
f 2966/2966 2972/2972 2968/2968
f 2966/2966 2968/2968 2962/2962
f 2965/2965 2971/2971 2969/2969
f 2965/2965 2969/2969 2963/2963
f 2961/2961 2967/2967 2972/2972
f 2961/2961 2972/2972 2966/2966
f 2963/2963 2969/2969 2967/2967
f 2963/2963 2967/2967 2961/2961
f 2962/2962 2968/2968 2970/2970
f 2962/2962 2970/2970 2964/2964
f 2967/2967 2973/2973 2972/2972
f 2969/2969 2973/2973 2967/2967
f 2968/2968 2973/2973 2970/2970
f 2972/2972 2973/2973 2968/2968
f 2971/2971 2973/2973 2969/2969
f 2950/2950 2978/2978 2974/2974
f 2950/2950 2974/2974 2952/2952
f 2951/2951 2976/2976 2979/2979
f 2951/2951 2979/2979 2949/2949
f 2949/2949 2979/2979 2977/2977
f 2949/2949 2977/2977 2954/2954
f 2953/2953 2975/2975 2976/2976
f 2953/2953 2976/2976 2951/2951
f 2954/2954 2977/2977 2978/2978
f 2954/2954 2978/2978 2950/2950
f 2938/2938 2980/2980 2983/2983
f 2938/2938 2983/2983 2940/2940
f 2939/2939 2982/2982 2985/2985
f 2939/2939 2985/2985 2937/2937
f 2937/2937 2985/2985 2981/2981
f 2937/2937 2981/2981 2942/2942
f 2941/2941 2984/2984 2982/2982
f 2941/2941 2982/2982 2939/2939
f 2942/2942 2981/2981 2980/2980
f 2942/2942 2980/2980 2938/2938
f 2987/2987 3001/3001 3004/3004
f 2987/2987 3004/3004 2994/2994
f 2999/2999 3006/3006 3005/3005
f 2999/2999 3005/3005 2996/2996
f 2951/2951 2991/2991 2989/2989
f 2951/2951 2989/2989 2953/2953
f 2984/2984 2998/2998 2995/2995
f 2984/2984 2995/2995 2982/2982
f 2952/2952 2988/2988 2986/2986
f 2952/2952 2986/2986 2950/2950
f 2982/2982 2995/2995 2991/2991
f 2982/2982 2991/2991 2951/2951
f 3005/3005 3008/3008 3003/3003
f 3004/3004 3008/3008 3007/3007
f 2990/2990 3002/3002 3001/3001
f 2990/2990 3001/3001 2987/2987
f 2994/2994 3004/3004 3007/3007
f 2994/2994 3007/3007 3000/3000
f 2996/2996 3005/3005 3003/3003
f 2996/2996 3003/3003 2992/2992
f 2992/2992 3003/3003 3002/3002
f 2992/2992 3002/3002 2990/2990
f 3003/3003 3008/3008 3002/3002
f 3006/3006 3008/3008 3005/3005
f 3001/3001 3008/3008 3004/3004
f 3002/3002 3008/3008 3001/3001
f 3011/3011 3014/3014 3020/3020
f 3011/3011 3020/3020 3017/3017
f 3012/3012 3013/3013 3019/3019
f 3012/3012 3019/3019 3018/3018
f 3014/3014 3009/3009 3015/3015
f 3014/3014 3015/3015 3020/3020
f 3009/3009 3012/3012 3018/3018
f 3009/3009 3018/3018 3015/3015
f 3013/3013 3010/3010 3016/3016
f 3013/3013 3016/3016 3019/3019
f 3020/3020 3015/3015 3021/3021
f 3020/3020 3021/3021 3026/3026
f 3015/3015 3018/3018 3024/3024
f 3015/3015 3024/3024 3021/3021
f 3019/3019 3016/3016 3022/3022
f 3019/3019 3022/3022 3025/3025
f 3017/3017 3020/3020 3026/3026
f 3017/3017 3026/3026 3023/3023
f 3018/3018 3019/3019 3025/3025
f 3018/3018 3025/3025 3024/3024
f 3023/3023 3026/3026 3032/3032
f 3023/3023 3032/3032 3029/3029
f 3024/3024 3025/3025 3031/3031
f 3024/3024 3031/3031 3030/3030
f 3026/3026 3021/3021 3027/3027
f 3026/3026 3027/3027 3032/3032
f 3021/3021 3024/3024 3030/3030
f 3021/3021 3030/3030 3027/3027
f 3025/3025 3022/3022 3028/3028
f 3025/3025 3028/3028 3031/3031
f 3032/3032 3027/3027 3033/3033
f 3032/3032 3033/3033 3038/3038
f 3027/3027 3030/3030 3036/3036
f 3027/3027 3036/3036 3033/3033
f 3031/3031 3028/3028 3034/3034
f 3031/3031 3034/3034 3037/3037
f 3029/3029 3032/3032 3038/3038
f 3029/3029 3038/3038 3035/3035
f 3030/3030 3031/3031 3037/3037
f 3030/3030 3037/3037 3036/3036
f 3035/3035 3038/3038 3044/3044
f 3035/3035 3044/3044 3041/3041
f 3036/3036 3037/3037 3043/3043
f 3036/3036 3043/3043 3042/3042
f 3038/3038 3033/3033 3039/3039
f 3038/3038 3039/3039 3044/3044
f 3033/3033 3036/3036 3042/3042
f 3033/3033 3042/3042 3039/3039
f 3037/3037 3034/3034 3040/3040
f 3037/3037 3040/3040 3043/3043
f 3044/3044 3039/3039 3045/3045
f 3044/3044 3045/3045 3050/3050
f 3039/3039 3042/3042 3048/3048
f 3039/3039 3048/3048 3045/3045
f 3043/3043 3040/3040 3046/3046
f 3043/3043 3046/3046 3049/3049
f 3041/3041 3044/3044 3050/3050
f 3041/3041 3050/3050 3047/3047
f 3042/3042 3043/3043 3049/3049
f 3042/3042 3049/3049 3048/3048
f 3047/3047 3050/3050 3056/3056
f 3047/3047 3056/3056 3053/3053
f 3048/3048 3049/3049 3055/3055
f 3048/3048 3055/3055 3054/3054
f 3050/3050 3045/3045 3051/3051
f 3050/3050 3051/3051 3056/3056
f 3045/3045 3048/3048 3054/3054
f 3045/3045 3054/3054 3051/3051
f 3049/3049 3046/3046 3052/3052
f 3049/3049 3052/3052 3055/3055
f 3056/3056 3051/3051 3057/3057
f 3051/3051 3054/3054 3057/3057
f 3055/3055 3052/3052 3057/3057
f 3053/3053 3056/3056 3057/3057
f 3054/3054 3055/3055 3057/3057
f 3096/3096 3069/3069 3065/3065
f 3096/3096 3065/3065 3095/3095
f 3065/3065 3101/3101 3108/3108
f 3065/3065 3108/3108 3095/3095
f 3100/3100 3064/3064 3069/3069
f 3100/3100 3069/3069 3096/3096
f 3097/3097 3066/3066 3064/3064
f 3097/3097 3064/3064 3100/3100
f 3095/3095 3108/3108 3112/3112
f 3095/3095 3112/3112 3098/3098
f 3092/3092 3075/3075 3071/3071
f 3092/3092 3071/3071 3093/3093
f 3090/3090 3074/3074 3072/3072
f 3090/3090 3072/3072 3091/3091
f 3094/3094 3070/3070 3075/3075
f 3094/3094 3075/3075 3092/3092
f 3091/3091 3072/3072 3070/3070
f 3091/3091 3070/3070 3094/3094
f 3093/3093 3071/3071 3073/3073
f 3093/3093 3073/3073 3089/3089
f 3070/3070 3076/3076 3081/3081
f 3070/3070 3081/3081 3075/3075
f 3072/3072 3078/3078 3076/3076
f 3072/3072 3076/3076 3070/3070
f 3071/3071 3077/3077 3079/3079
f 3071/3071 3079/3079 3073/3073
f 3075/3075 3081/3081 3077/3077
f 3075/3075 3077/3077 3071/3071
f 3074/3074 3080/3080 3078/3078
f 3074/3074 3078/3078 3072/3072
f 3081/3081 3087/3087 3083/3083
f 3081/3081 3083/3083 3077/3077
f 3080/3080 3086/3086 3084/3084
f 3080/3080 3084/3084 3078/3078
f 3076/3076 3082/3082 3087/3087
f 3076/3076 3087/3087 3081/3081
f 3078/3078 3084/3084 3082/3082
f 3078/3078 3082/3082 3076/3076
f 3077/3077 3083/3083 3085/3085
f 3077/3077 3085/3085 3079/3079
f 3082/3082 3088/3088 3087/3087
f 3084/3084 3088/3088 3082/3082
f 3083/3083 3088/3088 3085/3085
f 3087/3087 3088/3088 3083/3083
f 3086/3086 3088/3088 3084/3084
f 3065/3065 3093/3093 3089/3089
f 3065/3065 3089/3089 3067/3067
f 3066/3066 3091/3091 3094/3094
f 3066/3066 3094/3094 3064/3064
f 3064/3064 3094/3094 3092/3092
f 3064/3064 3092/3092 3069/3069
f 3068/3068 3090/3090 3091/3091
f 3068/3068 3091/3091 3066/3066
f 3069/3069 3092/3092 3093/3093
f 3069/3069 3093/3093 3065/3065
f 3059/3059 3095/3095 3098/3098
f 3059/3059 3098/3098 3061/3061
f 3060/3060 3097/3097 3100/3100
f 3060/3060 3100/3100 3058/3058
f 3058/3058 3100/3100 3096/3096
f 3058/3058 3096/3096 3063/3063
f 3062/3062 3099/3099 3097/3097
f 3062/3062 3097/3097 3060/3060
f 3063/3063 3096/3096 3095/3095
f 3063/3063 3095/3095 3059/3059
f 3102/3102 3116/3116 3119/3119
f 3102/3102 3119/3119 3109/3109
f 3114/3114 3121/3121 3120/3120
f 3114/3114 3120/3120 3111/3111
f 3066/3066 3106/3106 3104/3104
f 3066/3066 3104/3104 3068/3068
f 3099/3099 3113/3113 3110/3110
f 3099/3099 3110/3110 3097/3097
f 3067/3067 3103/3103 3101/3101
f 3067/3067 3101/3101 3065/3065
f 3097/3097 3110/3110 3106/3106
f 3097/3097 3106/3106 3066/3066
f 3120/3120 3123/3123 3118/3118
f 3119/3119 3123/3123 3122/3122
f 3105/3105 3117/3117 3116/3116
f 3105/3105 3116/3116 3102/3102
f 3109/3109 3119/3119 3122/3122
f 3109/3109 3122/3122 3115/3115
f 3111/3111 3120/3120 3118/3118
f 3111/3111 3118/3118 3107/3107
f 3107/3107 3118/3118 3117/3117
f 3107/3107 3117/3117 3105/3105
f 3118/3118 3123/3123 3117/3117
f 3121/3121 3123/3123 3120/3120
f 3116/3116 3123/3123 3119/3119
f 3117/3117 3123/3123 3116/3116
